[0m10:49:02.152813 [debug] [MainThread]: Sending event: {'category': 'dbt', 'action': 'invocation', 'label': 'start', 'context': [<snowplow_tracker.self_describing_json.SelfDescribingJson object at 0xffff8beeb250>, <snowplow_tracker.self_describing_json.SelfDescribingJson object at 0xffff8beea250>, <snowplow_tracker.self_describing_json.SelfDescribingJson object at 0xffff8bee8f10>]}


============================== 10:49:02.154108 | cdd21247-0c2b-42e9-a882-cfd03f1aaa51 ==============================
[0m10:49:02.154108 [info ] [MainThread]: Running with dbt=1.11.0-rc1
[0m10:49:02.154458 [debug] [MainThread]: running dbt with arguments {'introspect': 'True', 'debug': 'False', 'partial_parse': 'True', 'write_json': 'True', 'empty': 'False', 'fail_fast': 'False', 'invocation_command': 'dbt run', 'version_check': 'True', 'send_anonymous_usage_stats': 'True', 'log_path': '/usr/app/dbt/dbt_valenbisi/logs', 'use_colors': 'True', 'warn_error_options': 'WarnErrorOptionsV2(error=[], warn=[], silence=[])', 'use_experimental_parser': 'False', 'log_cache_events': 'False', 'target_path': 'None', 'quiet': 'False', 'indirect_selection': 'eager', 'warn_error': 'None', 'profiles_dir': '/usr/app/dbt', 'cache_selected_only': 'False', 'log_format': 'default', 'printer_width': '80', 'no_print': 'None', 'static_parser': 'True'}
[0m10:49:02.203781 [debug] [MainThread]: Sending event: {'category': 'dbt', 'action': 'project_id', 'label': 'cdd21247-0c2b-42e9-a882-cfd03f1aaa51', 'context': [<snowplow_tracker.self_describing_json.SelfDescribingJson object at 0xffff8ce03f10>]}
[0m10:49:02.223316 [debug] [MainThread]: Sending event: {'category': 'dbt', 'action': 'adapter_info', 'label': 'cdd21247-0c2b-42e9-a882-cfd03f1aaa51', 'context': [<snowplow_tracker.self_describing_json.SelfDescribingJson object at 0xffff8ed4ac90>]}
[0m10:49:02.223627 [info ] [MainThread]: Registered adapter: postgres=1.8.2
[0m10:49:02.254023 [debug] [MainThread]: checksum: bdedcbc4566463a53095072aa091a5f5b73db413e58224228390aa7e9748abcc, vars: {}, profile: , target: , version: 1.11.0rc1
[0m10:49:02.254678 [info ] [MainThread]: Unable to do partial parsing because saved manifest not found. Starting full parse.
[0m10:49:02.254919 [debug] [MainThread]: Sending event: {'category': 'dbt', 'action': 'partial_parser', 'label': 'cdd21247-0c2b-42e9-a882-cfd03f1aaa51', 'context': [<snowplow_tracker.self_describing_json.SelfDescribingJson object at 0xffff8bf45e90>]}
[0m10:49:02.995193 [debug] [MainThread]: Sending event: {'category': 'dbt', 'action': 'load_project', 'label': 'cdd21247-0c2b-42e9-a882-cfd03f1aaa51', 'context': [<snowplow_tracker.self_describing_json.SelfDescribingJson object at 0xffff8e911f90>]}
[0m10:49:03.035386 [debug] [MainThread]: Wrote artifact WritableManifest to /usr/app/dbt/dbt_valenbisi/target/manifest.json
[0m10:49:03.036360 [debug] [MainThread]: Wrote artifact SemanticManifest to /usr/app/dbt/dbt_valenbisi/target/semantic_manifest.json
[0m10:49:03.041182 [debug] [MainThread]: Sending event: {'category': 'dbt', 'action': 'resource_counts', 'label': 'cdd21247-0c2b-42e9-a882-cfd03f1aaa51', 'context': [<snowplow_tracker.self_describing_json.SelfDescribingJson object at 0xffff8a776f50>]}
[0m10:49:03.041389 [info ] [MainThread]: Found 8 models, 4 data tests, 1 source, 737 macros
[0m10:49:03.041582 [debug] [MainThread]: Sending event: {'category': 'dbt', 'action': 'runnable_timing', 'label': 'cdd21247-0c2b-42e9-a882-cfd03f1aaa51', 'context': [<snowplow_tracker.self_describing_json.SelfDescribingJson object at 0xffff89faf2d0>]}
[0m10:49:03.042371 [info ] [MainThread]: 
[0m10:49:03.042544 [info ] [MainThread]: Concurrency: 4 threads (target='dev')
[0m10:49:03.042724 [info ] [MainThread]: 
[0m10:49:03.043110 [debug] [MainThread]: Acquiring new postgres connection 'master'
[0m10:49:03.044852 [debug] [ThreadPool]: Acquiring new postgres connection 'list_valenbisi_db'
[0m10:49:03.056566 [debug] [ThreadPool]: Using postgres connection "list_valenbisi_db"
[0m10:49:03.056797 [debug] [ThreadPool]: On list_valenbisi_db: /* {"app": "dbt", "dbt_version": "1.11.0rc1", "profile_name": "dbt_valenbisi", "target_name": "dev", "connection_name": "list_valenbisi_db"} */

    select distinct nspname from pg_namespace
  
[0m10:49:03.056993 [debug] [ThreadPool]: Opening a new connection, currently in state init
[0m10:49:03.061259 [debug] [ThreadPool]: SQL status: SELECT 4 in 0.004 seconds
[0m10:49:03.061743 [debug] [ThreadPool]: On list_valenbisi_db: Close
[0m10:49:03.062382 [debug] [ThreadPool]: Acquiring new postgres connection 'list_valenbisi_db_public'
[0m10:49:03.064620 [debug] [ThreadPool]: Using postgres connection "list_valenbisi_db_public"
[0m10:49:03.064774 [debug] [ThreadPool]: On list_valenbisi_db_public: BEGIN
[0m10:49:03.064899 [debug] [ThreadPool]: Opening a new connection, currently in state init
[0m10:49:03.067583 [debug] [ThreadPool]: SQL status: BEGIN in 0.003 seconds
[0m10:49:03.067743 [debug] [ThreadPool]: Using postgres connection "list_valenbisi_db_public"
[0m10:49:03.067895 [debug] [ThreadPool]: On list_valenbisi_db_public: /* {"app": "dbt", "dbt_version": "1.11.0rc1", "profile_name": "dbt_valenbisi", "target_name": "dev", "connection_name": "list_valenbisi_db_public"} */
select
      'valenbisi_db' as database,
      tablename as name,
      schemaname as schema,
      'table' as type
    from pg_tables
    where schemaname ilike 'public'
    union all
    select
      'valenbisi_db' as database,
      viewname as name,
      schemaname as schema,
      'view' as type
    from pg_views
    where schemaname ilike 'public'
    union all
    select
      'valenbisi_db' as database,
      matviewname as name,
      schemaname as schema,
      'materialized_view' as type
    from pg_matviews
    where schemaname ilike 'public'
  
[0m10:49:03.069351 [debug] [ThreadPool]: SQL status: SELECT 9 in 0.001 seconds
[0m10:49:03.069906 [debug] [ThreadPool]: On list_valenbisi_db_public: ROLLBACK
[0m10:49:03.070084 [debug] [ThreadPool]: On list_valenbisi_db_public: Close
[0m10:49:03.072183 [debug] [MainThread]: Using postgres connection "master"
[0m10:49:03.072311 [debug] [MainThread]: On master: BEGIN
[0m10:49:03.072422 [debug] [MainThread]: Opening a new connection, currently in state init
[0m10:49:03.075223 [debug] [MainThread]: SQL status: BEGIN in 0.003 seconds
[0m10:49:03.075370 [debug] [MainThread]: Using postgres connection "master"
[0m10:49:03.075526 [debug] [MainThread]: On master: /* {"app": "dbt", "dbt_version": "1.11.0rc1", "profile_name": "dbt_valenbisi", "target_name": "dev", "connection_name": "master"} */
with relation as (
        select
            pg_rewrite.ev_class as class,
            pg_rewrite.oid as id
        from pg_rewrite
    ),
    class as (
        select
            oid as id,
            relname as name,
            relnamespace as schema,
            relkind as kind
        from pg_class
    ),
    dependency as (
        select distinct
            pg_depend.objid as id,
            pg_depend.refobjid as ref
        from pg_depend
    ),
    schema as (
        select
            pg_namespace.oid as id,
            pg_namespace.nspname as name
        from pg_namespace
        where nspname != 'information_schema' and nspname not like 'pg\_%'
    ),
    referenced as (
        select
            relation.id AS id,
            referenced_class.name ,
            referenced_class.schema ,
            referenced_class.kind
        from relation
        join class as referenced_class on relation.class=referenced_class.id
        where referenced_class.kind in ('r', 'v', 'm')
    ),
    relationships as (
        select
            referenced.name as referenced_name,
            referenced.schema as referenced_schema_id,
            dependent_class.name as dependent_name,
            dependent_class.schema as dependent_schema_id,
            referenced.kind as kind
        from referenced
        join dependency on referenced.id=dependency.id
        join class as dependent_class on dependency.ref=dependent_class.id
        where
            (referenced.name != dependent_class.name or
             referenced.schema != dependent_class.schema)
    )

    select
        referenced_schema.name as referenced_schema,
        relationships.referenced_name as referenced_name,
        dependent_schema.name as dependent_schema,
        relationships.dependent_name as dependent_name
    from relationships
    join schema as dependent_schema on relationships.dependent_schema_id=dependent_schema.id
    join schema as referenced_schema on relationships.referenced_schema_id=referenced_schema.id
    group by referenced_schema, referenced_name, dependent_schema, dependent_name
    order by referenced_schema, referenced_name, dependent_schema, dependent_name;
[0m10:49:03.078474 [debug] [MainThread]: SQL status: SELECT 4 in 0.003 seconds
[0m10:49:03.079207 [debug] [MainThread]: Sending event: {'category': 'dbt', 'action': 'runnable_timing', 'label': 'cdd21247-0c2b-42e9-a882-cfd03f1aaa51', 'context': [<snowplow_tracker.self_describing_json.SelfDescribingJson object at 0xffff89f6dbd0>]}
[0m10:49:03.079384 [debug] [MainThread]: On master: ROLLBACK
[0m10:49:03.079544 [debug] [MainThread]: Using postgres connection "master"
[0m10:49:03.079667 [debug] [MainThread]: On master: BEGIN
[0m10:49:03.079872 [debug] [MainThread]: SQL status: BEGIN in 0.000 seconds
[0m10:49:03.079989 [debug] [MainThread]: On master: COMMIT
[0m10:49:03.080094 [debug] [MainThread]: Using postgres connection "master"
[0m10:49:03.080219 [debug] [MainThread]: On master: COMMIT
[0m10:49:03.080390 [debug] [MainThread]: SQL status: COMMIT in 0.000 seconds
[0m10:49:03.080517 [debug] [MainThread]: On master: Close
[0m10:49:03.081638 [debug] [Thread-1 (]: Began running node model.dbt_valenbisi.staging_valenbisi
[0m10:49:03.081878 [info ] [Thread-1 (]: 1 of 8 START sql view model public.staging_valenbisi ........................... [RUN]
[0m10:49:03.082248 [debug] [Thread-1 (]: Re-using an available connection from the pool (formerly list_valenbisi_db_public, now model.dbt_valenbisi.staging_valenbisi)
[0m10:49:03.082423 [debug] [Thread-1 (]: Began compiling node model.dbt_valenbisi.staging_valenbisi
[0m10:49:03.085257 [debug] [Thread-1 (]: Writing injected SQL for node "model.dbt_valenbisi.staging_valenbisi"
[0m10:49:03.086049 [debug] [Thread-1 (]: Began executing node model.dbt_valenbisi.staging_valenbisi
[0m10:49:03.097887 [debug] [Thread-1 (]: Writing runtime sql for node "model.dbt_valenbisi.staging_valenbisi"
[0m10:49:03.098870 [debug] [Thread-1 (]: Using postgres connection "model.dbt_valenbisi.staging_valenbisi"
[0m10:49:03.099036 [debug] [Thread-1 (]: On model.dbt_valenbisi.staging_valenbisi: BEGIN
[0m10:49:03.099187 [debug] [Thread-1 (]: Opening a new connection, currently in state closed
[0m10:49:03.102147 [debug] [Thread-1 (]: SQL status: BEGIN in 0.003 seconds
[0m10:49:03.102285 [debug] [Thread-1 (]: Using postgres connection "model.dbt_valenbisi.staging_valenbisi"
[0m10:49:03.102431 [debug] [Thread-1 (]: On model.dbt_valenbisi.staging_valenbisi: /* {"app": "dbt", "dbt_version": "1.11.0rc1", "profile_name": "dbt_valenbisi", "target_name": "dev", "node_id": "model.dbt_valenbisi.staging_valenbisi"} */

  create view "valenbisi_db"."public"."staging_valenbisi__dbt_tmp"
    
    
  as (
    with source as (

    select * from "valenbisi_db"."public"."valenbisi_raw"

),

renamed as (
    select
        id as id,
        station_id as numero_estacion,
        station_name as nombre_estacion,
        latitude as latitud,
        longitude as longitud,
        available_bikes as bicicletas_disponibles,
        available_slots as huecos_disponibles,
        case
            when station_status = 'T' then 'Disponible'
            when station_status = 'F' then 'No disponible'
            else 'Desconocido'
        end as estado_estacion,
        total_capacity as capacidad_total,
        cast(last_update as date) as fecha_medicion,
        cast(last_update as time) as hora_medicion,
        last_update as momento_medicion,   
        timestamp as ultima_consulta
    from source
)

select * from renamed
  );
[0m10:49:03.103979 [debug] [Thread-1 (]: SQL status: CREATE VIEW in 0.001 seconds
[0m10:49:03.106292 [debug] [Thread-1 (]: Using postgres connection "model.dbt_valenbisi.staging_valenbisi"
[0m10:49:03.106431 [debug] [Thread-1 (]: On model.dbt_valenbisi.staging_valenbisi: /* {"app": "dbt", "dbt_version": "1.11.0rc1", "profile_name": "dbt_valenbisi", "target_name": "dev", "node_id": "model.dbt_valenbisi.staging_valenbisi"} */
alter table "valenbisi_db"."public"."staging_valenbisi" rename to "staging_valenbisi__dbt_backup"
[0m10:49:03.106771 [debug] [Thread-1 (]: SQL status: ALTER TABLE in 0.000 seconds
[0m10:49:03.108506 [debug] [Thread-1 (]: Using postgres connection "model.dbt_valenbisi.staging_valenbisi"
[0m10:49:03.108630 [debug] [Thread-1 (]: On model.dbt_valenbisi.staging_valenbisi: /* {"app": "dbt", "dbt_version": "1.11.0rc1", "profile_name": "dbt_valenbisi", "target_name": "dev", "node_id": "model.dbt_valenbisi.staging_valenbisi"} */
alter table "valenbisi_db"."public"."staging_valenbisi__dbt_tmp" rename to "staging_valenbisi"
[0m10:49:03.108930 [debug] [Thread-1 (]: SQL status: ALTER TABLE in 0.000 seconds
[0m10:49:03.114501 [debug] [Thread-1 (]: On model.dbt_valenbisi.staging_valenbisi: COMMIT
[0m10:49:03.114663 [debug] [Thread-1 (]: Using postgres connection "model.dbt_valenbisi.staging_valenbisi"
[0m10:49:03.114808 [debug] [Thread-1 (]: On model.dbt_valenbisi.staging_valenbisi: COMMIT
[0m10:49:03.115450 [debug] [Thread-1 (]: SQL status: COMMIT in 0.000 seconds
[0m10:49:03.117613 [debug] [Thread-1 (]: Applying DROP to: "valenbisi_db"."public"."staging_valenbisi__dbt_backup"
[0m10:49:03.119155 [debug] [Thread-1 (]: Using postgres connection "model.dbt_valenbisi.staging_valenbisi"
[0m10:49:03.119285 [debug] [Thread-1 (]: On model.dbt_valenbisi.staging_valenbisi: /* {"app": "dbt", "dbt_version": "1.11.0rc1", "profile_name": "dbt_valenbisi", "target_name": "dev", "node_id": "model.dbt_valenbisi.staging_valenbisi"} */
drop view if exists "valenbisi_db"."public"."staging_valenbisi__dbt_backup" cascade
[0m10:49:03.121114 [debug] [Thread-1 (]: SQL status: DROP VIEW in 0.002 seconds
[0m10:49:03.121936 [debug] [Thread-1 (]: On model.dbt_valenbisi.staging_valenbisi: Close
[0m10:49:03.122543 [debug] [Thread-1 (]: Sending event: {'category': 'dbt', 'action': 'run_model', 'label': 'cdd21247-0c2b-42e9-a882-cfd03f1aaa51', 'context': [<snowplow_tracker.self_describing_json.SelfDescribingJson object at 0xffff89f40710>]}
[0m10:49:03.122816 [info ] [Thread-1 (]: 1 of 8 OK created sql view model public.staging_valenbisi ...................... [[32mCREATE VIEW[0m in 0.04s]
[0m10:49:03.123083 [debug] [Thread-1 (]: Finished running node model.dbt_valenbisi.staging_valenbisi
[0m10:49:03.123519 [debug] [Thread-3 (]: Began running node model.dbt_valenbisi.int_evolucion_temporal
[0m10:49:03.123662 [debug] [Thread-4 (]: Began running node model.dbt_valenbisi.int_last_update
[0m10:49:03.123803 [debug] [Thread-2 (]: Began running node model.dbt_valenbisi.int_ocupacion
[0m10:49:03.124012 [info ] [Thread-3 (]: 2 of 8 START sql view model public.int_evolucion_temporal ...................... [RUN]
[0m10:49:03.124265 [info ] [Thread-4 (]: 3 of 8 START sql view model public.int_last_update ............................. [RUN]
[0m10:49:03.124545 [info ] [Thread-2 (]: 4 of 8 START sql view model public.int_ocupacion ............................... [RUN]
[0m10:49:03.124831 [debug] [Thread-3 (]: Acquiring new postgres connection 'model.dbt_valenbisi.int_evolucion_temporal'
[0m10:49:03.125016 [debug] [Thread-4 (]: Acquiring new postgres connection 'model.dbt_valenbisi.int_last_update'
[0m10:49:03.125462 [debug] [Thread-4 (]: Began compiling node model.dbt_valenbisi.int_last_update
[0m10:49:03.125321 [debug] [Thread-3 (]: Began compiling node model.dbt_valenbisi.int_evolucion_temporal
[0m10:49:03.125167 [debug] [Thread-2 (]: Re-using an available connection from the pool (formerly list_valenbisi_db, now model.dbt_valenbisi.int_ocupacion)
[0m10:49:03.126615 [debug] [Thread-4 (]: Writing injected SQL for node "model.dbt_valenbisi.int_last_update"
[0m10:49:03.127763 [debug] [Thread-3 (]: Writing injected SQL for node "model.dbt_valenbisi.int_evolucion_temporal"
[0m10:49:03.127931 [debug] [Thread-2 (]: Began compiling node model.dbt_valenbisi.int_ocupacion
[0m10:49:03.129518 [debug] [Thread-2 (]: Writing injected SQL for node "model.dbt_valenbisi.int_ocupacion"
[0m10:49:03.129858 [debug] [Thread-4 (]: Began executing node model.dbt_valenbisi.int_last_update
[0m10:49:03.129996 [debug] [Thread-3 (]: Began executing node model.dbt_valenbisi.int_evolucion_temporal
[0m10:49:03.131413 [debug] [Thread-4 (]: Writing runtime sql for node "model.dbt_valenbisi.int_last_update"
[0m10:49:03.131546 [debug] [Thread-2 (]: Began executing node model.dbt_valenbisi.int_ocupacion
[0m10:49:03.132840 [debug] [Thread-3 (]: Writing runtime sql for node "model.dbt_valenbisi.int_evolucion_temporal"
[0m10:49:03.134793 [debug] [Thread-2 (]: Writing runtime sql for node "model.dbt_valenbisi.int_ocupacion"
[0m10:49:03.135285 [debug] [Thread-4 (]: Using postgres connection "model.dbt_valenbisi.int_last_update"
[0m10:49:03.135473 [debug] [Thread-4 (]: On model.dbt_valenbisi.int_last_update: BEGIN
[0m10:49:03.135653 [debug] [Thread-3 (]: Using postgres connection "model.dbt_valenbisi.int_evolucion_temporal"
[0m10:49:03.135785 [debug] [Thread-2 (]: Using postgres connection "model.dbt_valenbisi.int_ocupacion"
[0m10:49:03.135885 [debug] [Thread-4 (]: Opening a new connection, currently in state init
[0m10:49:03.136010 [debug] [Thread-3 (]: On model.dbt_valenbisi.int_evolucion_temporal: BEGIN
[0m10:49:03.136168 [debug] [Thread-2 (]: On model.dbt_valenbisi.int_ocupacion: BEGIN
[0m10:49:03.136454 [debug] [Thread-3 (]: Opening a new connection, currently in state init
[0m10:49:03.136727 [debug] [Thread-2 (]: Opening a new connection, currently in state closed
[0m10:49:03.140335 [debug] [Thread-4 (]: SQL status: BEGIN in 0.004 seconds
[0m10:49:03.140572 [debug] [Thread-4 (]: Using postgres connection "model.dbt_valenbisi.int_last_update"
[0m10:49:03.140771 [debug] [Thread-2 (]: SQL status: BEGIN in 0.004 seconds
[0m10:49:03.140919 [debug] [Thread-4 (]: On model.dbt_valenbisi.int_last_update: /* {"app": "dbt", "dbt_version": "1.11.0rc1", "profile_name": "dbt_valenbisi", "target_name": "dev", "node_id": "model.dbt_valenbisi.int_last_update"} */

  create view "valenbisi_db"."public"."int_last_update__dbt_tmp"
    
    
  as (
    with base as (
    select *
    from "valenbisi_db"."public"."staging_valenbisi"
),

last_update as (
    select distinct on (numero_estacion)
        id,
        numero_estacion,
        nombre_estacion,
        latitud,
        longitud,
        bicicletas_disponibles,
        huecos_disponibles,
        estado_estacion,
        capacidad_total,
        fecha_medicion,
        hora_medicion,
        momento_medicion,
        ultima_consulta
    from base
    order by numero_estacion, momento_medicion desc
)

select *
from last_update
  );
[0m10:49:03.141069 [debug] [Thread-3 (]: SQL status: BEGIN in 0.005 seconds
[0m10:49:03.141209 [debug] [Thread-2 (]: Using postgres connection "model.dbt_valenbisi.int_ocupacion"
[0m10:49:03.141400 [debug] [Thread-3 (]: Using postgres connection "model.dbt_valenbisi.int_evolucion_temporal"
[0m10:49:03.141594 [debug] [Thread-2 (]: On model.dbt_valenbisi.int_ocupacion: /* {"app": "dbt", "dbt_version": "1.11.0rc1", "profile_name": "dbt_valenbisi", "target_name": "dev", "node_id": "model.dbt_valenbisi.int_ocupacion"} */

  create view "valenbisi_db"."public"."int_ocupacion__dbt_tmp"
    
    
  as (
    with base as (

    -- Partimos directamente del staging
    select * 
    from "valenbisi_db"."public"."staging_valenbisi"

),

ocupacion as (

    select
        id,
        numero_estacion,
        nombre_estacion,
        bicicletas_disponibles,
        huecos_disponibles,
        estado_estacion,
        capacidad_total,
        momento_medicion,

        bicicletas_disponibles * 1.0 / capacidad_total as porcentaje_bicis_disponibles,
        huecos_disponibles * 1.0 / capacidad_total as porcentaje_huecos_disponibles,
        huecos_disponibles + bicicletas_disponibles as capacidad_real,
        capacidad_total - (huecos_disponibles + bicicletas_disponibles) as no_disponibles,
    

        
        case
            when capacidad_total = 0 then 'desconocida'  
            when bicicletas_disponibles * 1.0 / capacidad_total = 1 then 'llena'
            when bicicletas_disponibles * 1.0 / capacidad_total >= 0.75 then 'casi llena'
            when bicicletas_disponibles * 1.0 / capacidad_total >= 0.50 then 'medio llena'
            when bicicletas_disponibles * 1.0 / capacidad_total >= 0.25 then 'medio vacía'
            when bicicletas_disponibles * 1.0 / capacidad_total >= 0.01 then 'casi vacía'
            when bicicletas_disponibles * 1.0 / capacidad_total = 0 then 'vacía'
            else 'desconocida'
        end as situacion_ocupacion

    from base
)

select * from ocupacion
  );
[0m10:49:03.141805 [debug] [Thread-3 (]: On model.dbt_valenbisi.int_evolucion_temporal: /* {"app": "dbt", "dbt_version": "1.11.0rc1", "profile_name": "dbt_valenbisi", "target_name": "dev", "node_id": "model.dbt_valenbisi.int_evolucion_temporal"} */

  create view "valenbisi_db"."public"."int_evolucion_temporal__dbt_tmp"
    
    
  as (
    with base as (

    select *
    from "valenbisi_db"."public"."staging_valenbisi"

),

evolucion as (

    select
        id,
        numero_estacion,
        nombre_estacion,
        bicicletas_disponibles,
        huecos_disponibles,
        capacidad_total,
        fecha_medicion,
        hora_medicion,
        momento_medicion,

        bicicletas_disponibles 
            - lag(bicicletas_disponibles) over (
                partition by numero_estacion 
                order by momento_medicion
            ) as variacion_bicis,

        momento_medicion
            - lag(momento_medicion) over (
                partition by numero_estacion 
                order by momento_medicion
            ) as tiempo_desde_ultima_actualizacion

    from base
)

select * from evolucion
  );
[0m10:49:03.142801 [debug] [Thread-4 (]: SQL status: CREATE VIEW in 0.001 seconds
[0m10:49:03.144193 [debug] [Thread-4 (]: Using postgres connection "model.dbt_valenbisi.int_last_update"
[0m10:49:03.144587 [debug] [Thread-4 (]: On model.dbt_valenbisi.int_last_update: /* {"app": "dbt", "dbt_version": "1.11.0rc1", "profile_name": "dbt_valenbisi", "target_name": "dev", "node_id": "model.dbt_valenbisi.int_last_update"} */
alter table "valenbisi_db"."public"."int_last_update__dbt_tmp" rename to "int_last_update"
[0m10:49:03.144482 [debug] [Thread-2 (]: SQL status: CREATE VIEW in 0.002 seconds
[0m10:49:03.144316 [debug] [Thread-3 (]: SQL status: CREATE VIEW in 0.002 seconds
[0m10:49:03.145771 [debug] [Thread-2 (]: Using postgres connection "model.dbt_valenbisi.int_ocupacion"
[0m10:49:03.145902 [debug] [Thread-4 (]: SQL status: ALTER TABLE in 0.001 seconds
[0m10:49:03.147042 [debug] [Thread-3 (]: Using postgres connection "model.dbt_valenbisi.int_evolucion_temporal"
[0m10:49:03.147219 [debug] [Thread-2 (]: On model.dbt_valenbisi.int_ocupacion: /* {"app": "dbt", "dbt_version": "1.11.0rc1", "profile_name": "dbt_valenbisi", "target_name": "dev", "node_id": "model.dbt_valenbisi.int_ocupacion"} */
alter table "valenbisi_db"."public"."int_ocupacion__dbt_tmp" rename to "int_ocupacion"
[0m10:49:03.147701 [debug] [Thread-4 (]: On model.dbt_valenbisi.int_last_update: COMMIT
[0m10:49:03.148126 [debug] [Thread-4 (]: Using postgres connection "model.dbt_valenbisi.int_last_update"
[0m10:49:03.148245 [debug] [Thread-4 (]: On model.dbt_valenbisi.int_last_update: COMMIT
[0m10:49:03.147893 [debug] [Thread-3 (]: On model.dbt_valenbisi.int_evolucion_temporal: /* {"app": "dbt", "dbt_version": "1.11.0rc1", "profile_name": "dbt_valenbisi", "target_name": "dev", "node_id": "model.dbt_valenbisi.int_evolucion_temporal"} */
alter table "valenbisi_db"."public"."int_evolucion_temporal__dbt_tmp" rename to "int_evolucion_temporal"
[0m10:49:03.148340 [debug] [Thread-2 (]: SQL status: ALTER TABLE in 0.000 seconds
[0m10:49:03.148960 [debug] [Thread-2 (]: On model.dbt_valenbisi.int_ocupacion: COMMIT
[0m10:49:03.149091 [debug] [Thread-3 (]: SQL status: ALTER TABLE in 0.001 seconds
[0m10:49:03.149771 [debug] [Thread-3 (]: On model.dbt_valenbisi.int_evolucion_temporal: COMMIT
[0m10:49:03.149321 [debug] [Thread-2 (]: Using postgres connection "model.dbt_valenbisi.int_ocupacion"
[0m10:49:03.149183 [debug] [Thread-4 (]: SQL status: COMMIT in 0.001 seconds
[0m10:49:03.149914 [debug] [Thread-3 (]: Using postgres connection "model.dbt_valenbisi.int_evolucion_temporal"
[0m10:49:03.150094 [debug] [Thread-2 (]: On model.dbt_valenbisi.int_ocupacion: COMMIT
[0m10:49:03.150999 [debug] [Thread-4 (]: Applying DROP to: "valenbisi_db"."public"."int_last_update__dbt_backup"
[0m10:49:03.151526 [debug] [Thread-4 (]: Using postgres connection "model.dbt_valenbisi.int_last_update"
[0m10:49:03.151790 [debug] [Thread-4 (]: On model.dbt_valenbisi.int_last_update: /* {"app": "dbt", "dbt_version": "1.11.0rc1", "profile_name": "dbt_valenbisi", "target_name": "dev", "node_id": "model.dbt_valenbisi.int_last_update"} */
drop view if exists "valenbisi_db"."public"."int_last_update__dbt_backup" cascade
[0m10:49:03.151637 [debug] [Thread-2 (]: SQL status: COMMIT in 0.000 seconds
[0m10:49:03.151146 [debug] [Thread-3 (]: On model.dbt_valenbisi.int_evolucion_temporal: COMMIT
[0m10:49:03.152051 [debug] [Thread-4 (]: SQL status: DROP VIEW in 0.000 seconds
[0m10:49:03.152867 [debug] [Thread-2 (]: Applying DROP to: "valenbisi_db"."public"."int_ocupacion__dbt_backup"
[0m10:49:03.153419 [debug] [Thread-4 (]: On model.dbt_valenbisi.int_last_update: Close
[0m10:49:03.154007 [debug] [Thread-4 (]: Sending event: {'category': 'dbt', 'action': 'run_model', 'label': 'cdd21247-0c2b-42e9-a882-cfd03f1aaa51', 'context': [<snowplow_tracker.self_describing_json.SelfDescribingJson object at 0xffff89790d90>]}
[0m10:49:03.153758 [debug] [Thread-2 (]: Using postgres connection "model.dbt_valenbisi.int_ocupacion"
[0m10:49:03.153500 [debug] [Thread-3 (]: SQL status: COMMIT in 0.000 seconds
[0m10:49:03.155473 [debug] [Thread-3 (]: Applying DROP to: "valenbisi_db"."public"."int_evolucion_temporal__dbt_backup"
[0m10:49:03.154454 [debug] [Thread-2 (]: On model.dbt_valenbisi.int_ocupacion: /* {"app": "dbt", "dbt_version": "1.11.0rc1", "profile_name": "dbt_valenbisi", "target_name": "dev", "node_id": "model.dbt_valenbisi.int_ocupacion"} */
drop view if exists "valenbisi_db"."public"."int_ocupacion__dbt_backup" cascade
[0m10:49:03.154251 [info ] [Thread-4 (]: 3 of 8 OK created sql view model public.int_last_update ........................ [[32mCREATE VIEW[0m in 0.03s]
[0m10:49:03.156051 [debug] [Thread-4 (]: Finished running node model.dbt_valenbisi.int_last_update
[0m10:49:03.155755 [debug] [Thread-3 (]: Using postgres connection "model.dbt_valenbisi.int_evolucion_temporal"
[0m10:49:03.156159 [debug] [Thread-2 (]: SQL status: DROP VIEW in 0.000 seconds
[0m10:49:03.156382 [debug] [Thread-3 (]: On model.dbt_valenbisi.int_evolucion_temporal: /* {"app": "dbt", "dbt_version": "1.11.0rc1", "profile_name": "dbt_valenbisi", "target_name": "dev", "node_id": "model.dbt_valenbisi.int_evolucion_temporal"} */
drop view if exists "valenbisi_db"."public"."int_evolucion_temporal__dbt_backup" cascade
[0m10:49:03.156830 [debug] [Thread-2 (]: On model.dbt_valenbisi.int_ocupacion: Close
[0m10:49:03.157065 [debug] [Thread-3 (]: SQL status: DROP VIEW in 0.000 seconds
[0m10:49:03.157230 [debug] [Thread-2 (]: Sending event: {'category': 'dbt', 'action': 'run_model', 'label': 'cdd21247-0c2b-42e9-a882-cfd03f1aaa51', 'context': [<snowplow_tracker.self_describing_json.SelfDescribingJson object at 0xffff88f04dd0>]}
[0m10:49:03.157695 [debug] [Thread-3 (]: On model.dbt_valenbisi.int_evolucion_temporal: Close
[0m10:49:03.157976 [info ] [Thread-2 (]: 4 of 8 OK created sql view model public.int_ocupacion .......................... [[32mCREATE VIEW[0m in 0.03s]
[0m10:49:03.158248 [debug] [Thread-3 (]: Sending event: {'category': 'dbt', 'action': 'run_model', 'label': 'cdd21247-0c2b-42e9-a882-cfd03f1aaa51', 'context': [<snowplow_tracker.self_describing_json.SelfDescribingJson object at 0xffff88f03190>]}
[0m10:49:03.158446 [debug] [Thread-2 (]: Finished running node model.dbt_valenbisi.int_ocupacion
[0m10:49:03.158691 [info ] [Thread-3 (]: 2 of 8 OK created sql view model public.int_evolucion_temporal ................. [[32mCREATE VIEW[0m in 0.03s]
[0m10:49:03.159143 [debug] [Thread-1 (]: Began running node model.dbt_valenbisi.marts_situacion_actual
[0m10:49:03.159265 [debug] [Thread-4 (]: Began running node model.dbt_valenbisi.marts_top_llenas
[0m10:49:03.159411 [debug] [Thread-3 (]: Finished running node model.dbt_valenbisi.int_evolucion_temporal
[0m10:49:03.159530 [debug] [Thread-2 (]: Began running node model.dbt_valenbisi.marts_top_vacías
[0m10:49:03.159776 [info ] [Thread-1 (]: 5 of 8 START sql table model public.marts_situacion_actual ..................... [RUN]
[0m10:49:03.160017 [info ] [Thread-4 (]: 6 of 8 START sql table model public.marts_top_llenas ........................... [RUN]
[0m10:49:03.160919 [debug] [Thread-4 (]: Re-using an available connection from the pool (formerly model.dbt_valenbisi.int_last_update, now model.dbt_valenbisi.marts_top_llenas)
[0m10:49:03.160491 [info ] [Thread-2 (]: 7 of 8 START sql table model public.marts_top_vacías ........................... [RUN]
[0m10:49:03.160752 [debug] [Thread-1 (]: Re-using an available connection from the pool (formerly model.dbt_valenbisi.staging_valenbisi, now model.dbt_valenbisi.marts_situacion_actual)
[0m10:49:03.160310 [debug] [Thread-3 (]: Began running node model.dbt_valenbisi.marts_ocupacion_por_hora
[0m10:49:03.161058 [debug] [Thread-4 (]: Began compiling node model.dbt_valenbisi.marts_top_llenas
[0m10:49:03.161216 [debug] [Thread-2 (]: Re-using an available connection from the pool (formerly model.dbt_valenbisi.int_ocupacion, now model.dbt_valenbisi.marts_top_vacías)
[0m10:49:03.161375 [debug] [Thread-1 (]: Began compiling node model.dbt_valenbisi.marts_situacion_actual
[0m10:49:03.161561 [info ] [Thread-3 (]: 8 of 8 START sql table model public.marts_ocupacion_por_hora ................... [RUN]
[0m10:49:03.165069 [debug] [Thread-3 (]: Re-using an available connection from the pool (formerly model.dbt_valenbisi.int_evolucion_temporal, now model.dbt_valenbisi.marts_ocupacion_por_hora)
[0m10:49:03.163763 [debug] [Thread-2 (]: Began compiling node model.dbt_valenbisi.marts_top_vacías
[0m10:49:03.164899 [debug] [Thread-1 (]: Writing injected SQL for node "model.dbt_valenbisi.marts_situacion_actual"
[0m10:49:03.163587 [debug] [Thread-4 (]: Writing injected SQL for node "model.dbt_valenbisi.marts_top_llenas"
[0m10:49:03.165209 [debug] [Thread-3 (]: Began compiling node model.dbt_valenbisi.marts_ocupacion_por_hora
[0m10:49:03.166301 [debug] [Thread-2 (]: Writing injected SQL for node "model.dbt_valenbisi.marts_top_vacías"
[0m10:49:03.167807 [debug] [Thread-3 (]: Writing injected SQL for node "model.dbt_valenbisi.marts_ocupacion_por_hora"
[0m10:49:03.168244 [debug] [Thread-1 (]: Began executing node model.dbt_valenbisi.marts_situacion_actual
[0m10:49:03.168495 [debug] [Thread-4 (]: Began executing node model.dbt_valenbisi.marts_top_llenas
[0m10:49:03.176125 [debug] [Thread-1 (]: Writing runtime sql for node "model.dbt_valenbisi.marts_situacion_actual"
[0m10:49:03.176227 [debug] [Thread-2 (]: Began executing node model.dbt_valenbisi.marts_top_vacías
[0m10:49:03.177546 [debug] [Thread-4 (]: Writing runtime sql for node "model.dbt_valenbisi.marts_top_llenas"
[0m10:49:03.177669 [debug] [Thread-3 (]: Began executing node model.dbt_valenbisi.marts_ocupacion_por_hora
[0m10:49:03.179111 [debug] [Thread-2 (]: Writing runtime sql for node "model.dbt_valenbisi.marts_top_vacías"
[0m10:49:03.181198 [debug] [Thread-3 (]: Writing runtime sql for node "model.dbt_valenbisi.marts_ocupacion_por_hora"
[0m10:49:03.181360 [debug] [Thread-1 (]: Using postgres connection "model.dbt_valenbisi.marts_situacion_actual"
[0m10:49:03.181708 [debug] [Thread-4 (]: Using postgres connection "model.dbt_valenbisi.marts_top_llenas"
[0m10:49:03.181948 [debug] [Thread-1 (]: On model.dbt_valenbisi.marts_situacion_actual: BEGIN
[0m10:49:03.182060 [debug] [Thread-2 (]: Using postgres connection "model.dbt_valenbisi.marts_top_vacías"
[0m10:49:03.182254 [debug] [Thread-4 (]: On model.dbt_valenbisi.marts_top_llenas: BEGIN
[0m10:49:03.182353 [debug] [Thread-3 (]: Using postgres connection "model.dbt_valenbisi.marts_ocupacion_por_hora"
[0m10:49:03.182940 [debug] [Thread-3 (]: On model.dbt_valenbisi.marts_ocupacion_por_hora: BEGIN
[0m10:49:03.182643 [debug] [Thread-2 (]: On model.dbt_valenbisi.marts_top_vacías: BEGIN
[0m10:49:03.182785 [debug] [Thread-4 (]: Opening a new connection, currently in state closed
[0m10:49:03.182488 [debug] [Thread-1 (]: Opening a new connection, currently in state closed
[0m10:49:03.183069 [debug] [Thread-3 (]: Opening a new connection, currently in state closed
[0m10:49:03.183203 [debug] [Thread-2 (]: Opening a new connection, currently in state closed
[0m10:49:03.188305 [debug] [Thread-4 (]: SQL status: BEGIN in 0.006 seconds
[0m10:49:03.188436 [debug] [Thread-1 (]: SQL status: BEGIN in 0.006 seconds
[0m10:49:03.188546 [debug] [Thread-3 (]: SQL status: BEGIN in 0.005 seconds
[0m10:49:03.188720 [debug] [Thread-4 (]: Using postgres connection "model.dbt_valenbisi.marts_top_llenas"
[0m10:49:03.188844 [debug] [Thread-2 (]: SQL status: BEGIN in 0.006 seconds
[0m10:49:03.188994 [debug] [Thread-1 (]: Using postgres connection "model.dbt_valenbisi.marts_situacion_actual"
[0m10:49:03.189145 [debug] [Thread-3 (]: Using postgres connection "model.dbt_valenbisi.marts_ocupacion_por_hora"
[0m10:49:03.189350 [debug] [Thread-4 (]: On model.dbt_valenbisi.marts_top_llenas: /* {"app": "dbt", "dbt_version": "1.11.0rc1", "profile_name": "dbt_valenbisi", "target_name": "dev", "node_id": "model.dbt_valenbisi.marts_top_llenas"} */

  
    

  create  table "valenbisi_db"."public"."marts_top_llenas__dbt_tmp"
  
  
    as
  
  (
    with base as (
    select *
    from "valenbisi_db"."public"."int_ocupacion"
),

medias as (
    select
        numero_estacion,
        nombre_estacion,
        capacidad_total,
        avg(case when situacion_ocupacion in ('llena') then 1.0 else 0 end) as pct_llena,
        avg(case when situacion_ocupacion in ('casi llena') then 1.0 else 0 end) as pct_casi_llena,
        --Se ponderan las situaciones, no es lo mismo estar 'llena' que 'casi llena'
        --Esta ponderacion no se muestra al cliente pero es útil para ordenar
        --Hará que cuando haya estaciones con el mismo pct_llena, se muestren primero las que tengas más pct de casi llena
        --Se utiliza 0,1 porque se valora que estar llena es mucho peor, pero depende del cliente como lo valore
        avg(
            case 
                when situacion_ocupacion = 'llena' then 1.0
                when situacion_ocupacion = 'casi llena' then 0.1
                else 0
            end
        ) as ponderacion
    from base
    group by numero_estacion, nombre_estacion, capacidad_total
)

select numero_estacion, nombre_estacion, capacidad_total, pct_llena, pct_casi_llena
from medias
order by ponderacion desc
  );
  
[0m10:49:03.189563 [debug] [Thread-2 (]: Using postgres connection "model.dbt_valenbisi.marts_top_vacías"
[0m10:49:03.189803 [debug] [Thread-1 (]: On model.dbt_valenbisi.marts_situacion_actual: /* {"app": "dbt", "dbt_version": "1.11.0rc1", "profile_name": "dbt_valenbisi", "target_name": "dev", "node_id": "model.dbt_valenbisi.marts_situacion_actual"} */

  
    

  create  table "valenbisi_db"."public"."marts_situacion_actual__dbt_tmp"
  
  
    as
  
  (
    with last_update as (
    select *
    from "valenbisi_db"."public"."int_last_update"
),

ocupacion as (
    select *
    from "valenbisi_db"."public"."int_ocupacion"
),

estado_actual as (
    select distinct on (l.numero_estacion)
        l.numero_estacion,
        l.nombre_estacion,
        l.latitud,
        l.longitud,
        o.bicicletas_disponibles,
        o.huecos_disponibles,
        o.capacidad_total,
        o.capacidad_real,
        o.no_disponibles,
        o.situacion_ocupacion,
        l.momento_medicion
    from last_update l
    join ocupacion o
    on l.numero_estacion = o.numero_estacion
    and l.momento_medicion = o.momento_medicion
)

select *
from estado_actual
order by numero_estacion
  );
  
[0m10:49:03.190007 [debug] [Thread-3 (]: On model.dbt_valenbisi.marts_ocupacion_por_hora: /* {"app": "dbt", "dbt_version": "1.11.0rc1", "profile_name": "dbt_valenbisi", "target_name": "dev", "node_id": "model.dbt_valenbisi.marts_ocupacion_por_hora"} */

  
    

  create  table "valenbisi_db"."public"."marts_ocupacion_por_hora__dbt_tmp"
  
  
    as
  
  (
    with horas as (
    select
        numero_estacion,
        nombre_estacion,
        capacidad_total,
        capacidad_real,
        extract(hour from momento_medicion) as hora,
        bicicletas_disponibles,
        huecos_disponibles,
        situacion_ocupacion
    from "valenbisi_db"."public"."int_ocupacion"
),


variaciones_hora as (
    select
        numero_estacion,
        extract(hour from momento_medicion) as hora,
        avg(variacion_bicis) as avg_variacion_bicis
    from "valenbisi_db"."public"."int_evolucion_temporal"
    group by numero_estacion, extract(hour from momento_medicion)
),

metrics as (
    select
        h.numero_estacion,
        h.nombre_estacion,
        h.hora,
        count(*) as total_mediciones,
        max(h.capacidad_real) as capacidad_real,
        avg(h.bicicletas_disponibles) as avg_bicis,
        avg(h.huecos_disponibles) as avg_huecos,
        avg(case when situacion_ocupacion = 'vacía' then 1.0 else 0 end) as pct_vacia,
        avg(case when situacion_ocupacion = 'llena' then 1.0 else 0 end) as pct_llena,
        v.avg_variacion_bicis
    from horas h
    left join variaciones_hora v
    on h.numero_estacion = v.numero_estacion
    and h.hora = v.hora
    group by h.numero_estacion, h.nombre_estacion, h.hora, v.avg_variacion_bicis
)

select *
from metrics
order by numero_estacion, hora
  );
  
[0m10:49:03.190305 [debug] [Thread-2 (]: On model.dbt_valenbisi.marts_top_vacías: /* {"app": "dbt", "dbt_version": "1.11.0rc1", "profile_name": "dbt_valenbisi", "target_name": "dev", "node_id": "model.dbt_valenbisi.marts_top_vac\u00edas"} */

  
    

  create  table "valenbisi_db"."public"."marts_top_vacías__dbt_tmp"
  
  
    as
  
  (
    with base as (
    select *
    from "valenbisi_db"."public"."int_ocupacion"
),

medias as (
    select
        numero_estacion,
        nombre_estacion,
        capacidad_total,
        avg(case when situacion_ocupacion in ('vacía') then 1.0 else 0 end) as pct_vacia,
        avg(case when situacion_ocupacion in ('casi vacía') then 1.0 else 0 end) as pct_casi_vacia,
        --Se ponderan las situaciones, no es lo mismo estar 'vacía' que 'casi vacía'
        --Esta ponderacion no se muestra al cliente pero es útil para ordenar
        --Hará que cuando haya estaciones con el mismo pct_vacia, se muestren primero las que tengas más pct de casi vacía
        --Se utiliza 0,1 porque se valora que estar vacía es mucho peor, pero depende del cliente como lo valore
        avg(
            case 
                when situacion_ocupacion = 'vacía' then 1.0
                when situacion_ocupacion = 'casi vacía' then 0.1
                else 0
            end
        ) as ponderacion
    from base
    group by numero_estacion, nombre_estacion, capacidad_total
)

select numero_estacion, nombre_estacion, capacidad_total, pct_vacia, pct_casi_vacia
from medias
order by ponderacion desc
  );
  
[0m10:49:03.201231 [debug] [Thread-4 (]: SQL status: SELECT 273 in 0.011 seconds
[0m10:49:03.204379 [debug] [Thread-4 (]: Using postgres connection "model.dbt_valenbisi.marts_top_llenas"
[0m10:49:03.204519 [debug] [Thread-2 (]: SQL status: SELECT 273 in 0.014 seconds
[0m10:49:03.204704 [debug] [Thread-4 (]: On model.dbt_valenbisi.marts_top_llenas: /* {"app": "dbt", "dbt_version": "1.11.0rc1", "profile_name": "dbt_valenbisi", "target_name": "dev", "node_id": "model.dbt_valenbisi.marts_top_llenas"} */
alter table "valenbisi_db"."public"."marts_top_llenas" rename to "marts_top_llenas__dbt_backup"
[0m10:49:03.205969 [debug] [Thread-2 (]: Using postgres connection "model.dbt_valenbisi.marts_top_vacías"
[0m10:49:03.206149 [debug] [Thread-1 (]: SQL status: SELECT 273 in 0.016 seconds
[0m10:49:03.206443 [debug] [Thread-2 (]: On model.dbt_valenbisi.marts_top_vacías: /* {"app": "dbt", "dbt_version": "1.11.0rc1", "profile_name": "dbt_valenbisi", "target_name": "dev", "node_id": "model.dbt_valenbisi.marts_top_vac\u00edas"} */
alter table "valenbisi_db"."public"."marts_top_vacías" rename to "marts_top_vacías__dbt_backup"
[0m10:49:03.206578 [debug] [Thread-4 (]: SQL status: ALTER TABLE in 0.000 seconds
[0m10:49:03.207793 [debug] [Thread-1 (]: Using postgres connection "model.dbt_valenbisi.marts_situacion_actual"
[0m10:49:03.209102 [debug] [Thread-4 (]: Using postgres connection "model.dbt_valenbisi.marts_top_llenas"
[0m10:49:03.209267 [debug] [Thread-2 (]: SQL status: ALTER TABLE in 0.001 seconds
[0m10:49:03.209441 [debug] [Thread-1 (]: On model.dbt_valenbisi.marts_situacion_actual: /* {"app": "dbt", "dbt_version": "1.11.0rc1", "profile_name": "dbt_valenbisi", "target_name": "dev", "node_id": "model.dbt_valenbisi.marts_situacion_actual"} */
alter table "valenbisi_db"."public"."marts_situacion_actual" rename to "marts_situacion_actual__dbt_backup"
[0m10:49:03.209657 [debug] [Thread-4 (]: On model.dbt_valenbisi.marts_top_llenas: /* {"app": "dbt", "dbt_version": "1.11.0rc1", "profile_name": "dbt_valenbisi", "target_name": "dev", "node_id": "model.dbt_valenbisi.marts_top_llenas"} */
alter table "valenbisi_db"."public"."marts_top_llenas__dbt_tmp" rename to "marts_top_llenas"
[0m10:49:03.210795 [debug] [Thread-2 (]: Using postgres connection "model.dbt_valenbisi.marts_top_vacías"
[0m10:49:03.211180 [debug] [Thread-1 (]: SQL status: ALTER TABLE in 0.000 seconds
[0m10:49:03.211302 [debug] [Thread-2 (]: On model.dbt_valenbisi.marts_top_vacías: /* {"app": "dbt", "dbt_version": "1.11.0rc1", "profile_name": "dbt_valenbisi", "target_name": "dev", "node_id": "model.dbt_valenbisi.marts_top_vac\u00edas"} */
alter table "valenbisi_db"."public"."marts_top_vacías__dbt_tmp" rename to "marts_top_vacías"
[0m10:49:03.211414 [debug] [Thread-4 (]: SQL status: ALTER TABLE in 0.000 seconds
[0m10:49:03.212533 [debug] [Thread-1 (]: Using postgres connection "model.dbt_valenbisi.marts_situacion_actual"
[0m10:49:03.213199 [debug] [Thread-4 (]: On model.dbt_valenbisi.marts_top_llenas: COMMIT
[0m10:49:03.213329 [debug] [Thread-2 (]: SQL status: ALTER TABLE in 0.001 seconds
[0m10:49:03.213505 [debug] [Thread-1 (]: On model.dbt_valenbisi.marts_situacion_actual: /* {"app": "dbt", "dbt_version": "1.11.0rc1", "profile_name": "dbt_valenbisi", "target_name": "dev", "node_id": "model.dbt_valenbisi.marts_situacion_actual"} */
alter table "valenbisi_db"."public"."marts_situacion_actual__dbt_tmp" rename to "marts_situacion_actual"
[0m10:49:03.213731 [debug] [Thread-4 (]: Using postgres connection "model.dbt_valenbisi.marts_top_llenas"
[0m10:49:03.214216 [debug] [Thread-2 (]: On model.dbt_valenbisi.marts_top_vacías: COMMIT
[0m10:49:03.214518 [debug] [Thread-4 (]: On model.dbt_valenbisi.marts_top_llenas: COMMIT
[0m10:49:03.214643 [debug] [Thread-1 (]: SQL status: ALTER TABLE in 0.000 seconds
[0m10:49:03.214812 [debug] [Thread-2 (]: Using postgres connection "model.dbt_valenbisi.marts_top_vacías"
[0m10:49:03.215456 [debug] [Thread-1 (]: On model.dbt_valenbisi.marts_situacion_actual: COMMIT
[0m10:49:03.215586 [debug] [Thread-4 (]: SQL status: COMMIT in 0.001 seconds
[0m10:49:03.215749 [debug] [Thread-2 (]: On model.dbt_valenbisi.marts_top_vacías: COMMIT
[0m10:49:03.215959 [debug] [Thread-1 (]: Using postgres connection "model.dbt_valenbisi.marts_situacion_actual"
[0m10:49:03.216970 [debug] [Thread-4 (]: Applying DROP to: "valenbisi_db"."public"."marts_top_llenas__dbt_backup"
[0m10:49:03.217260 [debug] [Thread-1 (]: On model.dbt_valenbisi.marts_situacion_actual: COMMIT
[0m10:49:03.219105 [debug] [Thread-4 (]: Using postgres connection "model.dbt_valenbisi.marts_top_llenas"
[0m10:49:03.219343 [debug] [Thread-3 (]: SQL status: SELECT 3215 in 0.029 seconds
[0m10:49:03.219257 [debug] [Thread-2 (]: SQL status: COMMIT in 0.002 seconds
[0m10:49:03.219578 [debug] [Thread-4 (]: On model.dbt_valenbisi.marts_top_llenas: /* {"app": "dbt", "dbt_version": "1.11.0rc1", "profile_name": "dbt_valenbisi", "target_name": "dev", "node_id": "model.dbt_valenbisi.marts_top_llenas"} */
drop table if exists "valenbisi_db"."public"."marts_top_llenas__dbt_backup" cascade
[0m10:49:03.220766 [debug] [Thread-3 (]: Using postgres connection "model.dbt_valenbisi.marts_ocupacion_por_hora"
[0m10:49:03.220888 [debug] [Thread-1 (]: SQL status: COMMIT in 0.001 seconds
[0m10:49:03.221814 [debug] [Thread-2 (]: Applying DROP to: "valenbisi_db"."public"."marts_top_vacías__dbt_backup"
[0m10:49:03.223326 [debug] [Thread-2 (]: Using postgres connection "model.dbt_valenbisi.marts_top_vacías"
[0m10:49:03.222980 [debug] [Thread-1 (]: Applying DROP to: "valenbisi_db"."public"."marts_situacion_actual__dbt_backup"
[0m10:49:03.223104 [debug] [Thread-4 (]: SQL status: DROP TABLE in 0.001 seconds
[0m10:49:03.222044 [debug] [Thread-3 (]: On model.dbt_valenbisi.marts_ocupacion_por_hora: /* {"app": "dbt", "dbt_version": "1.11.0rc1", "profile_name": "dbt_valenbisi", "target_name": "dev", "node_id": "model.dbt_valenbisi.marts_ocupacion_por_hora"} */
alter table "valenbisi_db"."public"."marts_ocupacion_por_hora" rename to "marts_ocupacion_por_hora__dbt_backup"
[0m10:49:03.223464 [debug] [Thread-2 (]: On model.dbt_valenbisi.marts_top_vacías: /* {"app": "dbt", "dbt_version": "1.11.0rc1", "profile_name": "dbt_valenbisi", "target_name": "dev", "node_id": "model.dbt_valenbisi.marts_top_vac\u00edas"} */
drop table if exists "valenbisi_db"."public"."marts_top_vacías__dbt_backup" cascade
[0m10:49:03.223720 [debug] [Thread-1 (]: Using postgres connection "model.dbt_valenbisi.marts_situacion_actual"
[0m10:49:03.224182 [debug] [Thread-4 (]: On model.dbt_valenbisi.marts_top_llenas: Close
[0m10:49:03.224466 [debug] [Thread-1 (]: On model.dbt_valenbisi.marts_situacion_actual: /* {"app": "dbt", "dbt_version": "1.11.0rc1", "profile_name": "dbt_valenbisi", "target_name": "dev", "node_id": "model.dbt_valenbisi.marts_situacion_actual"} */
drop table if exists "valenbisi_db"."public"."marts_situacion_actual__dbt_backup" cascade
[0m10:49:03.224595 [debug] [Thread-3 (]: SQL status: ALTER TABLE in 0.000 seconds
[0m10:49:03.224861 [debug] [Thread-4 (]: Sending event: {'category': 'dbt', 'action': 'run_model', 'label': 'cdd21247-0c2b-42e9-a882-cfd03f1aaa51', 'context': [<snowplow_tracker.self_describing_json.SelfDescribingJson object at 0xffff88fe5610>]}
[0m10:49:03.226147 [debug] [Thread-3 (]: Using postgres connection "model.dbt_valenbisi.marts_ocupacion_por_hora"
[0m10:49:03.226246 [debug] [Thread-2 (]: SQL status: DROP TABLE in 0.002 seconds
[0m10:49:03.226344 [debug] [Thread-1 (]: SQL status: DROP TABLE in 0.001 seconds
[0m10:49:03.226633 [info ] [Thread-4 (]: 6 of 8 OK created sql table model public.marts_top_llenas ...................... [[32mSELECT 273[0m in 0.06s]
[0m10:49:03.226837 [debug] [Thread-3 (]: On model.dbt_valenbisi.marts_ocupacion_por_hora: /* {"app": "dbt", "dbt_version": "1.11.0rc1", "profile_name": "dbt_valenbisi", "target_name": "dev", "node_id": "model.dbt_valenbisi.marts_ocupacion_por_hora"} */
alter table "valenbisi_db"."public"."marts_ocupacion_por_hora__dbt_tmp" rename to "marts_ocupacion_por_hora"
[0m10:49:03.227318 [debug] [Thread-2 (]: On model.dbt_valenbisi.marts_top_vacías: Close
[0m10:49:03.227782 [debug] [Thread-1 (]: On model.dbt_valenbisi.marts_situacion_actual: Close
[0m10:49:03.228038 [debug] [Thread-4 (]: Finished running node model.dbt_valenbisi.marts_top_llenas
[0m10:49:03.228317 [debug] [Thread-2 (]: Sending event: {'category': 'dbt', 'action': 'run_model', 'label': 'cdd21247-0c2b-42e9-a882-cfd03f1aaa51', 'context': [<snowplow_tracker.self_describing_json.SelfDescribingJson object at 0xffff88f3c190>]}
[0m10:49:03.228429 [debug] [Thread-3 (]: SQL status: ALTER TABLE in 0.000 seconds
[0m10:49:03.228643 [debug] [Thread-1 (]: Sending event: {'category': 'dbt', 'action': 'run_model', 'label': 'cdd21247-0c2b-42e9-a882-cfd03f1aaa51', 'context': [<snowplow_tracker.self_describing_json.SelfDescribingJson object at 0xffff88f3e4d0>]}
[0m10:49:03.229033 [info ] [Thread-2 (]: 7 of 8 OK created sql table model public.marts_top_vacías ...................... [[32mSELECT 273[0m in 0.07s]
[0m10:49:03.230170 [debug] [Thread-2 (]: Finished running node model.dbt_valenbisi.marts_top_vacías
[0m10:49:03.229921 [info ] [Thread-1 (]: 5 of 8 OK created sql table model public.marts_situacion_actual ................ [[32mSELECT 273[0m in 0.07s]
[0m10:49:03.229622 [debug] [Thread-3 (]: On model.dbt_valenbisi.marts_ocupacion_por_hora: COMMIT
[0m10:49:03.230464 [debug] [Thread-1 (]: Finished running node model.dbt_valenbisi.marts_situacion_actual
[0m10:49:03.230611 [debug] [Thread-3 (]: Using postgres connection "model.dbt_valenbisi.marts_ocupacion_por_hora"
[0m10:49:03.230838 [debug] [Thread-3 (]: On model.dbt_valenbisi.marts_ocupacion_por_hora: COMMIT
[0m10:49:03.231150 [debug] [Thread-3 (]: SQL status: COMMIT in 0.000 seconds
[0m10:49:03.232221 [debug] [Thread-3 (]: Applying DROP to: "valenbisi_db"."public"."marts_ocupacion_por_hora__dbt_backup"
[0m10:49:03.232434 [debug] [Thread-3 (]: Using postgres connection "model.dbt_valenbisi.marts_ocupacion_por_hora"
[0m10:49:03.232549 [debug] [Thread-3 (]: On model.dbt_valenbisi.marts_ocupacion_por_hora: /* {"app": "dbt", "dbt_version": "1.11.0rc1", "profile_name": "dbt_valenbisi", "target_name": "dev", "node_id": "model.dbt_valenbisi.marts_ocupacion_por_hora"} */
drop table if exists "valenbisi_db"."public"."marts_ocupacion_por_hora__dbt_backup" cascade
[0m10:49:03.233440 [debug] [Thread-3 (]: SQL status: DROP TABLE in 0.001 seconds
[0m10:49:03.233881 [debug] [Thread-3 (]: On model.dbt_valenbisi.marts_ocupacion_por_hora: Close
[0m10:49:03.234107 [debug] [Thread-3 (]: Sending event: {'category': 'dbt', 'action': 'run_model', 'label': 'cdd21247-0c2b-42e9-a882-cfd03f1aaa51', 'context': [<snowplow_tracker.self_describing_json.SelfDescribingJson object at 0xffff88fbac90>]}
[0m10:49:03.234338 [info ] [Thread-3 (]: 8 of 8 OK created sql table model public.marts_ocupacion_por_hora .............. [[32mSELECT 3215[0m in 0.07s]
[0m10:49:03.234575 [debug] [Thread-3 (]: Finished running node model.dbt_valenbisi.marts_ocupacion_por_hora
[0m10:49:03.235184 [debug] [MainThread]: Using postgres connection "master"
[0m10:49:03.235322 [debug] [MainThread]: On master: BEGIN
[0m10:49:03.235438 [debug] [MainThread]: Opening a new connection, currently in state closed
[0m10:49:03.238350 [debug] [MainThread]: SQL status: BEGIN in 0.003 seconds
[0m10:49:03.238474 [debug] [MainThread]: On master: COMMIT
[0m10:49:03.238603 [debug] [MainThread]: Using postgres connection "master"
[0m10:49:03.238734 [debug] [MainThread]: On master: COMMIT
[0m10:49:03.238894 [debug] [MainThread]: SQL status: COMMIT in 0.000 seconds
[0m10:49:03.238999 [debug] [MainThread]: On master: Close
[0m10:49:03.239146 [debug] [MainThread]: Connection 'master' was properly closed.
[0m10:49:03.239259 [debug] [MainThread]: Connection 'model.dbt_valenbisi.marts_top_vacías' was properly closed.
[0m10:49:03.239353 [debug] [MainThread]: Connection 'model.dbt_valenbisi.marts_situacion_actual' was properly closed.
[0m10:49:03.239444 [debug] [MainThread]: Connection 'model.dbt_valenbisi.marts_ocupacion_por_hora' was properly closed.
[0m10:49:03.239531 [debug] [MainThread]: Connection 'model.dbt_valenbisi.marts_top_llenas' was properly closed.
[0m10:49:03.239682 [info ] [MainThread]: 
[0m10:49:03.239826 [info ] [MainThread]: Finished running 4 table models, 4 view models in 0 hours 0 minutes and 0.20 seconds (0.20s).
[0m10:49:03.240376 [debug] [MainThread]: Command end result
[0m10:49:03.272135 [debug] [MainThread]: Wrote artifact WritableManifest to /usr/app/dbt/dbt_valenbisi/target/manifest.json
[0m10:49:03.273237 [debug] [MainThread]: Wrote artifact SemanticManifest to /usr/app/dbt/dbt_valenbisi/target/semantic_manifest.json
[0m10:49:03.275655 [debug] [MainThread]: Wrote artifact RunExecutionResult to /usr/app/dbt/dbt_valenbisi/target/run_results.json
[0m10:49:03.275851 [info ] [MainThread]: 
[0m10:49:03.276097 [info ] [MainThread]: [32mCompleted successfully[0m
[0m10:49:03.276332 [info ] [MainThread]: 
[0m10:49:03.276531 [info ] [MainThread]: Done. PASS=8 WARN=0 ERROR=0 SKIP=0 NO-OP=0 TOTAL=8
[0m10:49:03.277050 [debug] [MainThread]: Resource report: {"command_name": "run", "command_success": true, "command_wall_clock_time": 1.1420203, "process_in_blocks": "0", "process_kernel_time": 0.063034, "process_mem_max_rss": "134160", "process_out_blocks": "4918", "process_user_time": 1.495552}
[0m10:49:03.277260 [debug] [MainThread]: Command `dbt run` succeeded at 10:49:03.277220 after 1.14 seconds
[0m10:49:03.277415 [debug] [MainThread]: Sending event: {'category': 'dbt', 'action': 'invocation', 'label': 'end', 'context': [<snowplow_tracker.self_describing_json.SelfDescribingJson object at 0xffff8bee6d90>, <snowplow_tracker.self_describing_json.SelfDescribingJson object at 0xffff8bf4f250>, <snowplow_tracker.self_describing_json.SelfDescribingJson object at 0xffff9103f690>]}
[0m10:49:03.277569 [debug] [MainThread]: Flushing usage events
[0m10:49:04.179033 [debug] [MainThread]: An error was encountered while trying to flush usage events
[0m10:54:28.494830 [debug] [MainThread]: Sending event: {'category': 'dbt', 'action': 'invocation', 'label': 'start', 'context': [<snowplow_tracker.self_describing_json.SelfDescribingJson object at 0xffff7e6ee4d0>, <snowplow_tracker.self_describing_json.SelfDescribingJson object at 0xffff7e74bb10>, <snowplow_tracker.self_describing_json.SelfDescribingJson object at 0xffff7e7498d0>]}


============================== 10:54:28.496027 | 17dcac1a-6726-42a0-9270-6031f3b76bf2 ==============================
[0m10:54:28.496027 [info ] [MainThread]: Running with dbt=1.11.0-rc1
[0m10:54:28.496331 [debug] [MainThread]: running dbt with arguments {'send_anonymous_usage_stats': 'True', 'invocation_command': 'dbt run', 'use_colors': 'True', 'indirect_selection': 'eager', 'no_print': 'None', 'log_format': 'default', 'debug': 'False', 'warn_error': 'None', 'printer_width': '80', 'version_check': 'True', 'cache_selected_only': 'False', 'profiles_dir': '/usr/app/dbt', 'write_json': 'True', 'log_cache_events': 'False', 'empty': 'False', 'quiet': 'False', 'partial_parse': 'True', 'target_path': 'None', 'introspect': 'True', 'warn_error_options': 'WarnErrorOptionsV2(error=[], warn=[], silence=[])', 'fail_fast': 'False', 'log_path': '/usr/app/dbt/dbt_valenbisi/logs', 'use_experimental_parser': 'False', 'static_parser': 'True'}
[0m10:54:28.545522 [debug] [MainThread]: Sending event: {'category': 'dbt', 'action': 'project_id', 'label': '17dcac1a-6726-42a0-9270-6031f3b76bf2', 'context': [<snowplow_tracker.self_describing_json.SelfDescribingJson object at 0xffff7e6ebe90>]}
[0m10:54:28.565220 [debug] [MainThread]: Sending event: {'category': 'dbt', 'action': 'adapter_info', 'label': '17dcac1a-6726-42a0-9270-6031f3b76bf2', 'context': [<snowplow_tracker.self_describing_json.SelfDescribingJson object at 0xffff814ecb90>]}
[0m10:54:28.565533 [info ] [MainThread]: Registered adapter: postgres=1.8.2
[0m10:54:28.595014 [debug] [MainThread]: checksum: bdedcbc4566463a53095072aa091a5f5b73db413e58224228390aa7e9748abcc, vars: {}, profile: , target: , version: 1.11.0rc1
[0m10:54:28.658837 [debug] [MainThread]: Partial parsing enabled: 0 files deleted, 0 files added, 0 files changed.
[0m10:54:28.659033 [debug] [MainThread]: Partial parsing enabled, no changes found, skipping parsing
[0m10:54:28.675946 [debug] [MainThread]: Sending event: {'category': 'dbt', 'action': 'load_project', 'label': '17dcac1a-6726-42a0-9270-6031f3b76bf2', 'context': [<snowplow_tracker.self_describing_json.SelfDescribingJson object at 0xffff7d44c6d0>]}
[0m10:54:28.714278 [debug] [MainThread]: Wrote artifact WritableManifest to /usr/app/dbt/dbt_valenbisi/target/manifest.json
[0m10:54:28.715141 [debug] [MainThread]: Wrote artifact SemanticManifest to /usr/app/dbt/dbt_valenbisi/target/semantic_manifest.json
[0m10:54:28.720153 [debug] [MainThread]: Sending event: {'category': 'dbt', 'action': 'resource_counts', 'label': '17dcac1a-6726-42a0-9270-6031f3b76bf2', 'context': [<snowplow_tracker.self_describing_json.SelfDescribingJson object at 0xffff7d3ee4d0>]}
[0m10:54:28.720404 [info ] [MainThread]: Found 8 models, 4 data tests, 1 source, 737 macros
[0m10:54:28.720589 [debug] [MainThread]: Sending event: {'category': 'dbt', 'action': 'runnable_timing', 'label': '17dcac1a-6726-42a0-9270-6031f3b76bf2', 'context': [<snowplow_tracker.self_describing_json.SelfDescribingJson object at 0xffff7e637d10>]}
[0m10:54:28.721475 [info ] [MainThread]: 
[0m10:54:28.721660 [info ] [MainThread]: Concurrency: 4 threads (target='dev')
[0m10:54:28.721834 [info ] [MainThread]: 
[0m10:54:28.722120 [debug] [MainThread]: Acquiring new postgres connection 'master'
[0m10:54:28.723843 [debug] [ThreadPool]: Acquiring new postgres connection 'list_valenbisi_db'
[0m10:54:28.757308 [debug] [ThreadPool]: Using postgres connection "list_valenbisi_db"
[0m10:54:28.757558 [debug] [ThreadPool]: On list_valenbisi_db: /* {"app": "dbt", "dbt_version": "1.11.0rc1", "profile_name": "dbt_valenbisi", "target_name": "dev", "connection_name": "list_valenbisi_db"} */

    select distinct nspname from pg_namespace
  
[0m10:54:28.757696 [debug] [ThreadPool]: Opening a new connection, currently in state init
[0m10:54:28.761709 [debug] [ThreadPool]: SQL status: SELECT 4 in 0.004 seconds
[0m10:54:28.762165 [debug] [ThreadPool]: On list_valenbisi_db: Close
[0m10:54:28.762889 [debug] [ThreadPool]: Re-using an available connection from the pool (formerly list_valenbisi_db, now list_valenbisi_db_public)
[0m10:54:28.765145 [debug] [ThreadPool]: Using postgres connection "list_valenbisi_db_public"
[0m10:54:28.765288 [debug] [ThreadPool]: On list_valenbisi_db_public: BEGIN
[0m10:54:28.765418 [debug] [ThreadPool]: Opening a new connection, currently in state closed
[0m10:54:28.768038 [debug] [ThreadPool]: SQL status: BEGIN in 0.003 seconds
[0m10:54:28.768174 [debug] [ThreadPool]: Using postgres connection "list_valenbisi_db_public"
[0m10:54:28.768302 [debug] [ThreadPool]: On list_valenbisi_db_public: /* {"app": "dbt", "dbt_version": "1.11.0rc1", "profile_name": "dbt_valenbisi", "target_name": "dev", "connection_name": "list_valenbisi_db_public"} */
select
      'valenbisi_db' as database,
      tablename as name,
      schemaname as schema,
      'table' as type
    from pg_tables
    where schemaname ilike 'public'
    union all
    select
      'valenbisi_db' as database,
      viewname as name,
      schemaname as schema,
      'view' as type
    from pg_views
    where schemaname ilike 'public'
    union all
    select
      'valenbisi_db' as database,
      matviewname as name,
      schemaname as schema,
      'materialized_view' as type
    from pg_matviews
    where schemaname ilike 'public'
  
[0m10:54:28.769791 [debug] [ThreadPool]: SQL status: SELECT 9 in 0.001 seconds
[0m10:54:28.770339 [debug] [ThreadPool]: On list_valenbisi_db_public: ROLLBACK
[0m10:54:28.770509 [debug] [ThreadPool]: On list_valenbisi_db_public: Close
[0m10:54:28.772674 [debug] [MainThread]: Using postgres connection "master"
[0m10:54:28.772817 [debug] [MainThread]: On master: BEGIN
[0m10:54:28.772933 [debug] [MainThread]: Opening a new connection, currently in state init
[0m10:54:28.775556 [debug] [MainThread]: SQL status: BEGIN in 0.003 seconds
[0m10:54:28.775692 [debug] [MainThread]: Using postgres connection "master"
[0m10:54:28.775839 [debug] [MainThread]: On master: /* {"app": "dbt", "dbt_version": "1.11.0rc1", "profile_name": "dbt_valenbisi", "target_name": "dev", "connection_name": "master"} */
with relation as (
        select
            pg_rewrite.ev_class as class,
            pg_rewrite.oid as id
        from pg_rewrite
    ),
    class as (
        select
            oid as id,
            relname as name,
            relnamespace as schema,
            relkind as kind
        from pg_class
    ),
    dependency as (
        select distinct
            pg_depend.objid as id,
            pg_depend.refobjid as ref
        from pg_depend
    ),
    schema as (
        select
            pg_namespace.oid as id,
            pg_namespace.nspname as name
        from pg_namespace
        where nspname != 'information_schema' and nspname not like 'pg\_%'
    ),
    referenced as (
        select
            relation.id AS id,
            referenced_class.name ,
            referenced_class.schema ,
            referenced_class.kind
        from relation
        join class as referenced_class on relation.class=referenced_class.id
        where referenced_class.kind in ('r', 'v', 'm')
    ),
    relationships as (
        select
            referenced.name as referenced_name,
            referenced.schema as referenced_schema_id,
            dependent_class.name as dependent_name,
            dependent_class.schema as dependent_schema_id,
            referenced.kind as kind
        from referenced
        join dependency on referenced.id=dependency.id
        join class as dependent_class on dependency.ref=dependent_class.id
        where
            (referenced.name != dependent_class.name or
             referenced.schema != dependent_class.schema)
    )

    select
        referenced_schema.name as referenced_schema,
        relationships.referenced_name as referenced_name,
        dependent_schema.name as dependent_schema,
        relationships.dependent_name as dependent_name
    from relationships
    join schema as dependent_schema on relationships.dependent_schema_id=dependent_schema.id
    join schema as referenced_schema on relationships.referenced_schema_id=referenced_schema.id
    group by referenced_schema, referenced_name, dependent_schema, dependent_name
    order by referenced_schema, referenced_name, dependent_schema, dependent_name;
[0m10:54:28.777609 [debug] [MainThread]: SQL status: SELECT 4 in 0.002 seconds
[0m10:54:28.778212 [debug] [MainThread]: Sending event: {'category': 'dbt', 'action': 'runnable_timing', 'label': '17dcac1a-6726-42a0-9270-6031f3b76bf2', 'context': [<snowplow_tracker.self_describing_json.SelfDescribingJson object at 0xffff7ec76dd0>]}
[0m10:54:28.778399 [debug] [MainThread]: On master: ROLLBACK
[0m10:54:28.778564 [debug] [MainThread]: Using postgres connection "master"
[0m10:54:28.778678 [debug] [MainThread]: On master: BEGIN
[0m10:54:28.778889 [debug] [MainThread]: SQL status: BEGIN in 0.000 seconds
[0m10:54:28.779024 [debug] [MainThread]: On master: COMMIT
[0m10:54:28.779145 [debug] [MainThread]: Using postgres connection "master"
[0m10:54:28.779255 [debug] [MainThread]: On master: COMMIT
[0m10:54:28.779444 [debug] [MainThread]: SQL status: COMMIT in 0.000 seconds
[0m10:54:28.779580 [debug] [MainThread]: On master: Close
[0m10:54:28.780750 [debug] [Thread-1 (]: Began running node model.dbt_valenbisi.staging_valenbisi
[0m10:54:28.781069 [info ] [Thread-1 (]: 1 of 8 START sql view model public.staging_valenbisi ........................... [RUN]
[0m10:54:28.781294 [debug] [Thread-1 (]: Re-using an available connection from the pool (formerly list_valenbisi_db_public, now model.dbt_valenbisi.staging_valenbisi)
[0m10:54:28.781510 [debug] [Thread-1 (]: Began compiling node model.dbt_valenbisi.staging_valenbisi
[0m10:54:28.784152 [debug] [Thread-1 (]: Writing injected SQL for node "model.dbt_valenbisi.staging_valenbisi"
[0m10:54:28.784707 [debug] [Thread-1 (]: Began executing node model.dbt_valenbisi.staging_valenbisi
[0m10:54:28.796083 [debug] [Thread-1 (]: Writing runtime sql for node "model.dbt_valenbisi.staging_valenbisi"
[0m10:54:28.796741 [debug] [Thread-1 (]: Using postgres connection "model.dbt_valenbisi.staging_valenbisi"
[0m10:54:28.796880 [debug] [Thread-1 (]: On model.dbt_valenbisi.staging_valenbisi: BEGIN
[0m10:54:28.797024 [debug] [Thread-1 (]: Opening a new connection, currently in state closed
[0m10:54:28.799995 [debug] [Thread-1 (]: SQL status: BEGIN in 0.003 seconds
[0m10:54:28.800159 [debug] [Thread-1 (]: Using postgres connection "model.dbt_valenbisi.staging_valenbisi"
[0m10:54:28.800305 [debug] [Thread-1 (]: On model.dbt_valenbisi.staging_valenbisi: /* {"app": "dbt", "dbt_version": "1.11.0rc1", "profile_name": "dbt_valenbisi", "target_name": "dev", "node_id": "model.dbt_valenbisi.staging_valenbisi"} */

  create view "valenbisi_db"."public"."staging_valenbisi__dbt_tmp"
    
    
  as (
    with source as (

    select * from "valenbisi_db"."public"."valenbisi_raw"

),

renamed as (
    select
        id as id,
        station_id as numero_estacion,
        station_name as nombre_estacion,
        latitude as latitud,
        longitude as longitud,
        available_bikes as bicicletas_disponibles,
        available_slots as huecos_disponibles,
        case
            when station_status = 'T' then 'Disponible'
            when station_status = 'F' then 'No disponible'
            else 'Desconocido'
        end as estado_estacion,
        total_capacity as capacidad_total,
        cast(last_update as date) as fecha_medicion,
        cast(last_update as time) as hora_medicion,
        last_update as momento_medicion,   
        timestamp as ultima_consulta
    from source
)

select * from renamed
  );
[0m10:54:28.801858 [debug] [Thread-1 (]: SQL status: CREATE VIEW in 0.001 seconds
[0m10:54:28.804389 [debug] [Thread-1 (]: Using postgres connection "model.dbt_valenbisi.staging_valenbisi"
[0m10:54:28.804544 [debug] [Thread-1 (]: On model.dbt_valenbisi.staging_valenbisi: /* {"app": "dbt", "dbt_version": "1.11.0rc1", "profile_name": "dbt_valenbisi", "target_name": "dev", "node_id": "model.dbt_valenbisi.staging_valenbisi"} */
alter table "valenbisi_db"."public"."staging_valenbisi" rename to "staging_valenbisi__dbt_backup"
[0m10:54:28.804904 [debug] [Thread-1 (]: SQL status: ALTER TABLE in 0.000 seconds
[0m10:54:28.806588 [debug] [Thread-1 (]: Using postgres connection "model.dbt_valenbisi.staging_valenbisi"
[0m10:54:28.806735 [debug] [Thread-1 (]: On model.dbt_valenbisi.staging_valenbisi: /* {"app": "dbt", "dbt_version": "1.11.0rc1", "profile_name": "dbt_valenbisi", "target_name": "dev", "node_id": "model.dbt_valenbisi.staging_valenbisi"} */
alter table "valenbisi_db"."public"."staging_valenbisi__dbt_tmp" rename to "staging_valenbisi"
[0m10:54:28.807019 [debug] [Thread-1 (]: SQL status: ALTER TABLE in 0.000 seconds
[0m10:54:28.812495 [debug] [Thread-1 (]: On model.dbt_valenbisi.staging_valenbisi: COMMIT
[0m10:54:28.812663 [debug] [Thread-1 (]: Using postgres connection "model.dbt_valenbisi.staging_valenbisi"
[0m10:54:28.812800 [debug] [Thread-1 (]: On model.dbt_valenbisi.staging_valenbisi: COMMIT
[0m10:54:28.813570 [debug] [Thread-1 (]: SQL status: COMMIT in 0.001 seconds
[0m10:54:28.815707 [debug] [Thread-1 (]: Applying DROP to: "valenbisi_db"."public"."staging_valenbisi__dbt_backup"
[0m10:54:28.817243 [debug] [Thread-1 (]: Using postgres connection "model.dbt_valenbisi.staging_valenbisi"
[0m10:54:28.817385 [debug] [Thread-1 (]: On model.dbt_valenbisi.staging_valenbisi: /* {"app": "dbt", "dbt_version": "1.11.0rc1", "profile_name": "dbt_valenbisi", "target_name": "dev", "node_id": "model.dbt_valenbisi.staging_valenbisi"} */
drop view if exists "valenbisi_db"."public"."staging_valenbisi__dbt_backup" cascade
[0m10:54:28.819214 [debug] [Thread-1 (]: SQL status: DROP VIEW in 0.002 seconds
[0m10:54:28.820092 [debug] [Thread-1 (]: On model.dbt_valenbisi.staging_valenbisi: Close
[0m10:54:28.820721 [debug] [Thread-1 (]: Sending event: {'category': 'dbt', 'action': 'run_model', 'label': '17dcac1a-6726-42a0-9270-6031f3b76bf2', 'context': [<snowplow_tracker.self_describing_json.SelfDescribingJson object at 0xffff7c602d50>]}
[0m10:54:28.820990 [info ] [Thread-1 (]: 1 of 8 OK created sql view model public.staging_valenbisi ...................... [[32mCREATE VIEW[0m in 0.04s]
[0m10:54:28.821266 [debug] [Thread-1 (]: Finished running node model.dbt_valenbisi.staging_valenbisi
[0m10:54:28.821756 [debug] [Thread-3 (]: Began running node model.dbt_valenbisi.int_evolucion_temporal
[0m10:54:28.821889 [debug] [Thread-4 (]: Began running node model.dbt_valenbisi.int_last_update
[0m10:54:28.822013 [debug] [Thread-2 (]: Began running node model.dbt_valenbisi.int_ocupacion
[0m10:54:28.822218 [info ] [Thread-3 (]: 2 of 8 START sql view model public.int_evolucion_temporal ...................... [RUN]
[0m10:54:28.822526 [info ] [Thread-4 (]: 3 of 8 START sql view model public.int_last_update ............................. [RUN]
[0m10:54:28.822800 [info ] [Thread-2 (]: 4 of 8 START sql view model public.int_ocupacion ............................... [RUN]
[0m10:54:28.823123 [debug] [Thread-3 (]: Acquiring new postgres connection 'model.dbt_valenbisi.int_evolucion_temporal'
[0m10:54:28.823313 [debug] [Thread-4 (]: Acquiring new postgres connection 'model.dbt_valenbisi.int_last_update'
[0m10:54:28.823855 [debug] [Thread-4 (]: Began compiling node model.dbt_valenbisi.int_last_update
[0m10:54:28.823715 [debug] [Thread-3 (]: Began compiling node model.dbt_valenbisi.int_evolucion_temporal
[0m10:54:28.823537 [debug] [Thread-2 (]: Acquiring new postgres connection 'model.dbt_valenbisi.int_ocupacion'
[0m10:54:28.826306 [debug] [Thread-2 (]: Began compiling node model.dbt_valenbisi.int_ocupacion
[0m10:54:28.826166 [debug] [Thread-3 (]: Writing injected SQL for node "model.dbt_valenbisi.int_evolucion_temporal"
[0m10:54:28.825070 [debug] [Thread-4 (]: Writing injected SQL for node "model.dbt_valenbisi.int_last_update"
[0m10:54:28.827397 [debug] [Thread-2 (]: Writing injected SQL for node "model.dbt_valenbisi.int_ocupacion"
[0m10:54:28.828067 [debug] [Thread-4 (]: Began executing node model.dbt_valenbisi.int_last_update
[0m10:54:28.828228 [debug] [Thread-3 (]: Began executing node model.dbt_valenbisi.int_evolucion_temporal
[0m10:54:28.829559 [debug] [Thread-4 (]: Writing runtime sql for node "model.dbt_valenbisi.int_last_update"
[0m10:54:28.829682 [debug] [Thread-2 (]: Began executing node model.dbt_valenbisi.int_ocupacion
[0m10:54:28.830916 [debug] [Thread-3 (]: Writing runtime sql for node "model.dbt_valenbisi.int_evolucion_temporal"
[0m10:54:28.832825 [debug] [Thread-2 (]: Writing runtime sql for node "model.dbt_valenbisi.int_ocupacion"
[0m10:54:28.833190 [debug] [Thread-4 (]: Using postgres connection "model.dbt_valenbisi.int_last_update"
[0m10:54:28.833428 [debug] [Thread-4 (]: On model.dbt_valenbisi.int_last_update: BEGIN
[0m10:54:28.833800 [debug] [Thread-4 (]: Opening a new connection, currently in state init
[0m10:54:28.833697 [debug] [Thread-2 (]: Using postgres connection "model.dbt_valenbisi.int_ocupacion"
[0m10:54:28.834077 [debug] [Thread-2 (]: On model.dbt_valenbisi.int_ocupacion: BEGIN
[0m10:54:28.834201 [debug] [Thread-2 (]: Opening a new connection, currently in state init
[0m10:54:28.833573 [debug] [Thread-3 (]: Using postgres connection "model.dbt_valenbisi.int_evolucion_temporal"
[0m10:54:28.834487 [debug] [Thread-3 (]: On model.dbt_valenbisi.int_evolucion_temporal: BEGIN
[0m10:54:28.834721 [debug] [Thread-3 (]: Opening a new connection, currently in state init
[0m10:54:28.837582 [debug] [Thread-4 (]: SQL status: BEGIN in 0.004 seconds
[0m10:54:28.837756 [debug] [Thread-4 (]: Using postgres connection "model.dbt_valenbisi.int_last_update"
[0m10:54:28.837948 [debug] [Thread-4 (]: On model.dbt_valenbisi.int_last_update: /* {"app": "dbt", "dbt_version": "1.11.0rc1", "profile_name": "dbt_valenbisi", "target_name": "dev", "node_id": "model.dbt_valenbisi.int_last_update"} */

  create view "valenbisi_db"."public"."int_last_update__dbt_tmp"
    
    
  as (
    with base as (
    select *
    from "valenbisi_db"."public"."staging_valenbisi"
),

last_update as (
    select distinct on (numero_estacion)
        id,
        numero_estacion,
        nombre_estacion,
        latitud,
        longitud,
        bicicletas_disponibles,
        huecos_disponibles,
        estado_estacion,
        capacidad_total,
        fecha_medicion,
        hora_medicion,
        momento_medicion,
        ultima_consulta
    from base
    order by numero_estacion, momento_medicion desc
)

select *
from last_update
  );
[0m10:54:28.838086 [debug] [Thread-2 (]: SQL status: BEGIN in 0.004 seconds
[0m10:54:28.838301 [debug] [Thread-2 (]: Using postgres connection "model.dbt_valenbisi.int_ocupacion"
[0m10:54:28.838450 [debug] [Thread-3 (]: SQL status: BEGIN in 0.004 seconds
[0m10:54:28.838780 [debug] [Thread-3 (]: Using postgres connection "model.dbt_valenbisi.int_evolucion_temporal"
[0m10:54:28.838922 [debug] [Thread-3 (]: On model.dbt_valenbisi.int_evolucion_temporal: /* {"app": "dbt", "dbt_version": "1.11.0rc1", "profile_name": "dbt_valenbisi", "target_name": "dev", "node_id": "model.dbt_valenbisi.int_evolucion_temporal"} */

  create view "valenbisi_db"."public"."int_evolucion_temporal__dbt_tmp"
    
    
  as (
    with base as (

    select *
    from "valenbisi_db"."public"."staging_valenbisi"

),

evolucion as (

    select
        id,
        numero_estacion,
        nombre_estacion,
        bicicletas_disponibles,
        huecos_disponibles,
        capacidad_total,
        fecha_medicion,
        hora_medicion,
        momento_medicion,

        bicicletas_disponibles 
            - lag(bicicletas_disponibles) over (
                partition by numero_estacion 
                order by momento_medicion
            ) as variacion_bicis,

        momento_medicion
            - lag(momento_medicion) over (
                partition by numero_estacion 
                order by momento_medicion
            ) as tiempo_desde_ultima_actualizacion

    from base
)

select * from evolucion
  );
[0m10:54:28.838599 [debug] [Thread-2 (]: On model.dbt_valenbisi.int_ocupacion: /* {"app": "dbt", "dbt_version": "1.11.0rc1", "profile_name": "dbt_valenbisi", "target_name": "dev", "node_id": "model.dbt_valenbisi.int_ocupacion"} */

  create view "valenbisi_db"."public"."int_ocupacion__dbt_tmp"
    
    
  as (
    with base as (

    -- Partimos directamente del staging
    select * 
    from "valenbisi_db"."public"."staging_valenbisi"

),

ocupacion as (

    select
        id,
        numero_estacion,
        nombre_estacion,
        bicicletas_disponibles,
        huecos_disponibles,
        estado_estacion,
        capacidad_total,
        momento_medicion,

        bicicletas_disponibles * 1.0 / capacidad_total as porcentaje_bicis_disponibles,
        huecos_disponibles * 1.0 / capacidad_total as porcentaje_huecos_disponibles,
        huecos_disponibles + bicicletas_disponibles as capacidad_real,
        capacidad_total - (huecos_disponibles + bicicletas_disponibles) as no_disponibles,
    

        
        case
            when capacidad_total = 0 then 'desconocida'  
            when bicicletas_disponibles * 1.0 / capacidad_total = 1 then 'llena'
            when bicicletas_disponibles * 1.0 / capacidad_total >= 0.75 then 'casi llena'
            when bicicletas_disponibles * 1.0 / capacidad_total >= 0.50 then 'medio llena'
            when bicicletas_disponibles * 1.0 / capacidad_total >= 0.25 then 'medio vacía'
            when bicicletas_disponibles * 1.0 / capacidad_total >= 0.01 then 'casi vacía'
            when bicicletas_disponibles * 1.0 / capacidad_total = 0 then 'vacía'
            else 'desconocida'
        end as situacion_ocupacion

    from base
)

select * from ocupacion
  );
[0m10:54:28.839699 [debug] [Thread-4 (]: SQL status: CREATE VIEW in 0.001 seconds
[0m10:54:28.841051 [debug] [Thread-4 (]: Using postgres connection "model.dbt_valenbisi.int_last_update"
[0m10:54:28.841215 [debug] [Thread-3 (]: SQL status: CREATE VIEW in 0.002 seconds
[0m10:54:28.841359 [debug] [Thread-2 (]: SQL status: CREATE VIEW in 0.002 seconds
[0m10:54:28.841538 [debug] [Thread-4 (]: On model.dbt_valenbisi.int_last_update: /* {"app": "dbt", "dbt_version": "1.11.0rc1", "profile_name": "dbt_valenbisi", "target_name": "dev", "node_id": "model.dbt_valenbisi.int_last_update"} */
alter table "valenbisi_db"."public"."int_last_update__dbt_tmp" rename to "int_last_update"
[0m10:54:28.842663 [debug] [Thread-3 (]: Using postgres connection "model.dbt_valenbisi.int_evolucion_temporal"
[0m10:54:28.844001 [debug] [Thread-3 (]: On model.dbt_valenbisi.int_evolucion_temporal: /* {"app": "dbt", "dbt_version": "1.11.0rc1", "profile_name": "dbt_valenbisi", "target_name": "dev", "node_id": "model.dbt_valenbisi.int_evolucion_temporal"} */
alter table "valenbisi_db"."public"."int_evolucion_temporal__dbt_tmp" rename to "int_evolucion_temporal"
[0m10:54:28.843761 [debug] [Thread-2 (]: Using postgres connection "model.dbt_valenbisi.int_ocupacion"
[0m10:54:28.844141 [debug] [Thread-4 (]: SQL status: ALTER TABLE in 0.000 seconds
[0m10:54:28.844293 [debug] [Thread-2 (]: On model.dbt_valenbisi.int_ocupacion: /* {"app": "dbt", "dbt_version": "1.11.0rc1", "profile_name": "dbt_valenbisi", "target_name": "dev", "node_id": "model.dbt_valenbisi.int_ocupacion"} */
alter table "valenbisi_db"."public"."int_ocupacion__dbt_tmp" rename to "int_ocupacion"
[0m10:54:28.844430 [debug] [Thread-3 (]: SQL status: ALTER TABLE in 0.000 seconds
[0m10:54:28.844924 [debug] [Thread-4 (]: On model.dbt_valenbisi.int_last_update: COMMIT
[0m10:54:28.845474 [debug] [Thread-3 (]: On model.dbt_valenbisi.int_evolucion_temporal: COMMIT
[0m10:54:28.845892 [debug] [Thread-3 (]: Using postgres connection "model.dbt_valenbisi.int_evolucion_temporal"
[0m10:54:28.845737 [debug] [Thread-4 (]: Using postgres connection "model.dbt_valenbisi.int_last_update"
[0m10:54:28.845572 [debug] [Thread-2 (]: SQL status: ALTER TABLE in 0.000 seconds
[0m10:54:28.846587 [debug] [Thread-2 (]: On model.dbt_valenbisi.int_ocupacion: COMMIT
[0m10:54:28.846175 [debug] [Thread-4 (]: On model.dbt_valenbisi.int_last_update: COMMIT
[0m10:54:28.846017 [debug] [Thread-3 (]: On model.dbt_valenbisi.int_evolucion_temporal: COMMIT
[0m10:54:28.846721 [debug] [Thread-2 (]: Using postgres connection "model.dbt_valenbisi.int_ocupacion"
[0m10:54:28.847017 [debug] [Thread-2 (]: On model.dbt_valenbisi.int_ocupacion: COMMIT
[0m10:54:28.847156 [debug] [Thread-4 (]: SQL status: COMMIT in 0.000 seconds
[0m10:54:28.847287 [debug] [Thread-3 (]: SQL status: COMMIT in 0.000 seconds
[0m10:54:28.848195 [debug] [Thread-4 (]: Applying DROP to: "valenbisi_db"."public"."int_last_update__dbt_backup"
[0m10:54:28.848312 [debug] [Thread-2 (]: SQL status: COMMIT in 0.001 seconds
[0m10:54:28.849164 [debug] [Thread-3 (]: Applying DROP to: "valenbisi_db"."public"."int_evolucion_temporal__dbt_backup"
[0m10:54:28.849436 [debug] [Thread-4 (]: Using postgres connection "model.dbt_valenbisi.int_last_update"
[0m10:54:28.850376 [debug] [Thread-2 (]: Applying DROP to: "valenbisi_db"."public"."int_ocupacion__dbt_backup"
[0m10:54:28.850989 [debug] [Thread-2 (]: Using postgres connection "model.dbt_valenbisi.int_ocupacion"
[0m10:54:28.850757 [debug] [Thread-4 (]: On model.dbt_valenbisi.int_last_update: /* {"app": "dbt", "dbt_version": "1.11.0rc1", "profile_name": "dbt_valenbisi", "target_name": "dev", "node_id": "model.dbt_valenbisi.int_last_update"} */
drop view if exists "valenbisi_db"."public"."int_last_update__dbt_backup" cascade
[0m10:54:28.850596 [debug] [Thread-3 (]: Using postgres connection "model.dbt_valenbisi.int_evolucion_temporal"
[0m10:54:28.851311 [debug] [Thread-3 (]: On model.dbt_valenbisi.int_evolucion_temporal: /* {"app": "dbt", "dbt_version": "1.11.0rc1", "profile_name": "dbt_valenbisi", "target_name": "dev", "node_id": "model.dbt_valenbisi.int_evolucion_temporal"} */
drop view if exists "valenbisi_db"."public"."int_evolucion_temporal__dbt_backup" cascade
[0m10:54:28.851118 [debug] [Thread-2 (]: On model.dbt_valenbisi.int_ocupacion: /* {"app": "dbt", "dbt_version": "1.11.0rc1", "profile_name": "dbt_valenbisi", "target_name": "dev", "node_id": "model.dbt_valenbisi.int_ocupacion"} */
drop view if exists "valenbisi_db"."public"."int_ocupacion__dbt_backup" cascade
[0m10:54:28.851415 [debug] [Thread-4 (]: SQL status: DROP VIEW in 0.000 seconds
[0m10:54:28.851614 [debug] [Thread-3 (]: SQL status: DROP VIEW in 0.000 seconds
[0m10:54:28.851772 [debug] [Thread-2 (]: SQL status: DROP VIEW in 0.000 seconds
[0m10:54:28.852190 [debug] [Thread-4 (]: On model.dbt_valenbisi.int_last_update: Close
[0m10:54:28.852646 [debug] [Thread-3 (]: On model.dbt_valenbisi.int_evolucion_temporal: Close
[0m10:54:28.853571 [debug] [Thread-3 (]: Sending event: {'category': 'dbt', 'action': 'run_model', 'label': '17dcac1a-6726-42a0-9270-6031f3b76bf2', 'context': [<snowplow_tracker.self_describing_json.SelfDescribingJson object at 0xffff7c55c350>]}
[0m10:54:28.853363 [debug] [Thread-4 (]: Sending event: {'category': 'dbt', 'action': 'run_model', 'label': '17dcac1a-6726-42a0-9270-6031f3b76bf2', 'context': [<snowplow_tracker.self_describing_json.SelfDescribingJson object at 0xffff7c6c45d0>]}
[0m10:54:28.853078 [debug] [Thread-2 (]: On model.dbt_valenbisi.int_ocupacion: Close
[0m10:54:28.854463 [debug] [Thread-2 (]: Sending event: {'category': 'dbt', 'action': 'run_model', 'label': '17dcac1a-6726-42a0-9270-6031f3b76bf2', 'context': [<snowplow_tracker.self_describing_json.SelfDescribingJson object at 0xffff7c55e450>]}
[0m10:54:28.854139 [info ] [Thread-4 (]: 3 of 8 OK created sql view model public.int_last_update ........................ [[32mCREATE VIEW[0m in 0.03s]
[0m10:54:28.853834 [info ] [Thread-3 (]: 2 of 8 OK created sql view model public.int_evolucion_temporal ................. [[32mCREATE VIEW[0m in 0.03s]
[0m10:54:28.855197 [debug] [Thread-3 (]: Finished running node model.dbt_valenbisi.int_evolucion_temporal
[0m10:54:28.854985 [debug] [Thread-4 (]: Finished running node model.dbt_valenbisi.int_last_update
[0m10:54:28.854670 [info ] [Thread-2 (]: 4 of 8 OK created sql view model public.int_ocupacion .......................... [[32mCREATE VIEW[0m in 0.03s]
[0m10:54:28.855574 [debug] [Thread-2 (]: Finished running node model.dbt_valenbisi.int_ocupacion
[0m10:54:28.855932 [debug] [Thread-1 (]: Began running node model.dbt_valenbisi.marts_ocupacion_por_hora
[0m10:54:28.856046 [debug] [Thread-3 (]: Began running node model.dbt_valenbisi.marts_situacion_actual
[0m10:54:28.856164 [debug] [Thread-4 (]: Began running node model.dbt_valenbisi.marts_top_llenas
[0m10:54:28.856285 [debug] [Thread-2 (]: Began running node model.dbt_valenbisi.marts_top_vacías
[0m10:54:28.856454 [info ] [Thread-1 (]: 5 of 8 START sql table model public.marts_ocupacion_por_hora ................... [RUN]
[0m10:54:28.856711 [info ] [Thread-3 (]: 6 of 8 START sql table model public.marts_situacion_actual ..................... [RUN]
[0m10:54:28.856964 [info ] [Thread-4 (]: 7 of 8 START sql table model public.marts_top_llenas ........................... [RUN]
[0m10:54:28.857201 [info ] [Thread-2 (]: 8 of 8 START sql table model public.marts_top_vacías ........................... [RUN]
[0m10:54:28.857444 [debug] [Thread-1 (]: Re-using an available connection from the pool (formerly model.dbt_valenbisi.staging_valenbisi, now model.dbt_valenbisi.marts_ocupacion_por_hora)
[0m10:54:28.857606 [debug] [Thread-3 (]: Re-using an available connection from the pool (formerly model.dbt_valenbisi.int_evolucion_temporal, now model.dbt_valenbisi.marts_situacion_actual)
[0m10:54:28.857774 [debug] [Thread-4 (]: Re-using an available connection from the pool (formerly model.dbt_valenbisi.int_last_update, now model.dbt_valenbisi.marts_top_llenas)
[0m10:54:28.857918 [debug] [Thread-2 (]: Re-using an available connection from the pool (formerly model.dbt_valenbisi.int_ocupacion, now model.dbt_valenbisi.marts_top_vacías)
[0m10:54:28.858075 [debug] [Thread-1 (]: Began compiling node model.dbt_valenbisi.marts_ocupacion_por_hora
[0m10:54:28.858210 [debug] [Thread-3 (]: Began compiling node model.dbt_valenbisi.marts_situacion_actual
[0m10:54:28.858363 [debug] [Thread-4 (]: Began compiling node model.dbt_valenbisi.marts_top_llenas
[0m10:54:28.858510 [debug] [Thread-2 (]: Began compiling node model.dbt_valenbisi.marts_top_vacías
[0m10:54:28.860593 [debug] [Thread-1 (]: Writing injected SQL for node "model.dbt_valenbisi.marts_ocupacion_por_hora"
[0m10:54:28.861693 [debug] [Thread-3 (]: Writing injected SQL for node "model.dbt_valenbisi.marts_situacion_actual"
[0m10:54:28.862795 [debug] [Thread-4 (]: Writing injected SQL for node "model.dbt_valenbisi.marts_top_llenas"
[0m10:54:28.863807 [debug] [Thread-2 (]: Writing injected SQL for node "model.dbt_valenbisi.marts_top_vacías"
[0m10:54:28.864829 [debug] [Thread-3 (]: Began executing node model.dbt_valenbisi.marts_situacion_actual
[0m10:54:28.864955 [debug] [Thread-4 (]: Began executing node model.dbt_valenbisi.marts_top_llenas
[0m10:54:28.865080 [debug] [Thread-1 (]: Began executing node model.dbt_valenbisi.marts_ocupacion_por_hora
[0m10:54:28.872411 [debug] [Thread-3 (]: Writing runtime sql for node "model.dbt_valenbisi.marts_situacion_actual"
[0m10:54:28.872560 [debug] [Thread-2 (]: Began executing node model.dbt_valenbisi.marts_top_vacías
[0m10:54:28.873863 [debug] [Thread-4 (]: Writing runtime sql for node "model.dbt_valenbisi.marts_top_llenas"
[0m10:54:28.875052 [debug] [Thread-1 (]: Writing runtime sql for node "model.dbt_valenbisi.marts_ocupacion_por_hora"
[0m10:54:28.876908 [debug] [Thread-2 (]: Writing runtime sql for node "model.dbt_valenbisi.marts_top_vacías"
[0m10:54:28.877651 [debug] [Thread-3 (]: Using postgres connection "model.dbt_valenbisi.marts_situacion_actual"
[0m10:54:28.877848 [debug] [Thread-4 (]: Using postgres connection "model.dbt_valenbisi.marts_top_llenas"
[0m10:54:28.877972 [debug] [Thread-3 (]: On model.dbt_valenbisi.marts_situacion_actual: BEGIN
[0m10:54:28.878588 [debug] [Thread-3 (]: Opening a new connection, currently in state closed
[0m10:54:28.878308 [debug] [Thread-2 (]: Using postgres connection "model.dbt_valenbisi.marts_top_vacías"
[0m10:54:28.878424 [debug] [Thread-4 (]: On model.dbt_valenbisi.marts_top_llenas: BEGIN
[0m10:54:28.878208 [debug] [Thread-1 (]: Using postgres connection "model.dbt_valenbisi.marts_ocupacion_por_hora"
[0m10:54:28.878887 [debug] [Thread-2 (]: On model.dbt_valenbisi.marts_top_vacías: BEGIN
[0m10:54:28.879047 [debug] [Thread-4 (]: Opening a new connection, currently in state closed
[0m10:54:28.879209 [debug] [Thread-1 (]: On model.dbt_valenbisi.marts_ocupacion_por_hora: BEGIN
[0m10:54:28.879365 [debug] [Thread-2 (]: Opening a new connection, currently in state closed
[0m10:54:28.879647 [debug] [Thread-1 (]: Opening a new connection, currently in state closed
[0m10:54:28.882187 [debug] [Thread-3 (]: SQL status: BEGIN in 0.004 seconds
[0m10:54:28.882426 [debug] [Thread-4 (]: SQL status: BEGIN in 0.003 seconds
[0m10:54:28.884061 [debug] [Thread-3 (]: Using postgres connection "model.dbt_valenbisi.marts_situacion_actual"
[0m10:54:28.884245 [debug] [Thread-4 (]: Using postgres connection "model.dbt_valenbisi.marts_top_llenas"
[0m10:54:28.884423 [debug] [Thread-3 (]: On model.dbt_valenbisi.marts_situacion_actual: /* {"app": "dbt", "dbt_version": "1.11.0rc1", "profile_name": "dbt_valenbisi", "target_name": "dev", "node_id": "model.dbt_valenbisi.marts_situacion_actual"} */

  
    

  create  table "valenbisi_db"."public"."marts_situacion_actual__dbt_tmp"
  
  
    as
  
  (
    with last_update as (
    select *
    from "valenbisi_db"."public"."int_last_update"
),

ocupacion as (
    select *
    from "valenbisi_db"."public"."int_ocupacion"
),

estado_actual as (
    select distinct on (l.numero_estacion)
        l.numero_estacion,
        l.nombre_estacion,
        l.latitud,
        l.longitud,
        o.bicicletas_disponibles,
        o.huecos_disponibles,
        o.capacidad_total,
        o.capacidad_real,
        o.no_disponibles,
        o.situacion_ocupacion,
        l.momento_medicion
    from last_update l
    join ocupacion o
    on l.numero_estacion = o.numero_estacion
    and l.momento_medicion = o.momento_medicion
)

select *
from estado_actual
order by numero_estacion
  );
  
[0m10:54:28.884645 [debug] [Thread-4 (]: On model.dbt_valenbisi.marts_top_llenas: /* {"app": "dbt", "dbt_version": "1.11.0rc1", "profile_name": "dbt_valenbisi", "target_name": "dev", "node_id": "model.dbt_valenbisi.marts_top_llenas"} */

  
    

  create  table "valenbisi_db"."public"."marts_top_llenas__dbt_tmp"
  
  
    as
  
  (
    with base as (
    select *
    from "valenbisi_db"."public"."int_ocupacion"
),

medias as (
    select
        numero_estacion,
        nombre_estacion,
        capacidad_total,
        avg(case when situacion_ocupacion in ('llena') then 1.0 else 0 end) as pct_llena,
        avg(case when situacion_ocupacion in ('casi llena') then 1.0 else 0 end) as pct_casi_llena,
        --Se ponderan las situaciones, no es lo mismo estar 'llena' que 'casi llena'
        --Esta ponderacion no se muestra al cliente pero es útil para ordenar
        --Hará que cuando haya estaciones con el mismo pct_llena, se muestren primero las que tengas más pct de casi llena
        --Se utiliza 0,1 porque se valora que estar llena es mucho peor, pero depende del cliente como lo valore
        avg(
            case 
                when situacion_ocupacion = 'llena' then 1.0
                when situacion_ocupacion = 'casi llena' then 0.1
                else 0
            end
        ) as ponderacion
    from base
    group by numero_estacion, nombre_estacion, capacidad_total
)

select numero_estacion, nombre_estacion, capacidad_total, pct_llena, pct_casi_llena
from medias
order by ponderacion desc
  );
  
[0m10:54:28.884788 [debug] [Thread-2 (]: SQL status: BEGIN in 0.005 seconds
[0m10:54:28.885010 [debug] [Thread-1 (]: SQL status: BEGIN in 0.005 seconds
[0m10:54:28.885178 [debug] [Thread-2 (]: Using postgres connection "model.dbt_valenbisi.marts_top_vacías"
[0m10:54:28.885378 [debug] [Thread-1 (]: Using postgres connection "model.dbt_valenbisi.marts_ocupacion_por_hora"
[0m10:54:28.885562 [debug] [Thread-2 (]: On model.dbt_valenbisi.marts_top_vacías: /* {"app": "dbt", "dbt_version": "1.11.0rc1", "profile_name": "dbt_valenbisi", "target_name": "dev", "node_id": "model.dbt_valenbisi.marts_top_vac\u00edas"} */

  
    

  create  table "valenbisi_db"."public"."marts_top_vacías__dbt_tmp"
  
  
    as
  
  (
    with base as (
    select *
    from "valenbisi_db"."public"."int_ocupacion"
),

medias as (
    select
        numero_estacion,
        nombre_estacion,
        capacidad_total,
        avg(case when situacion_ocupacion in ('vacía') then 1.0 else 0 end) as pct_vacia,
        avg(case when situacion_ocupacion in ('casi vacía') then 1.0 else 0 end) as pct_casi_vacia,
        --Se ponderan las situaciones, no es lo mismo estar 'vacía' que 'casi vacía'
        --Esta ponderacion no se muestra al cliente pero es útil para ordenar
        --Hará que cuando haya estaciones con el mismo pct_vacia, se muestren primero las que tengas más pct de casi vacía
        --Se utiliza 0,1 porque se valora que estar vacía es mucho peor, pero depende del cliente como lo valore
        avg(
            case 
                when situacion_ocupacion = 'vacía' then 1.0
                when situacion_ocupacion = 'casi vacía' then 0.1
                else 0
            end
        ) as ponderacion
    from base
    group by numero_estacion, nombre_estacion, capacidad_total
)

select numero_estacion, nombre_estacion, capacidad_total, pct_vacia, pct_casi_vacia
from medias
order by ponderacion desc
  );
  
[0m10:54:28.885789 [debug] [Thread-1 (]: On model.dbt_valenbisi.marts_ocupacion_por_hora: /* {"app": "dbt", "dbt_version": "1.11.0rc1", "profile_name": "dbt_valenbisi", "target_name": "dev", "node_id": "model.dbt_valenbisi.marts_ocupacion_por_hora"} */

  
    

  create  table "valenbisi_db"."public"."marts_ocupacion_por_hora__dbt_tmp"
  
  
    as
  
  (
    with horas as (
    select
        numero_estacion,
        nombre_estacion,
        capacidad_total,
        capacidad_real,
        extract(hour from momento_medicion) as hora,
        bicicletas_disponibles,
        huecos_disponibles,
        situacion_ocupacion
    from "valenbisi_db"."public"."int_ocupacion"
),


variaciones_hora as (
    select
        numero_estacion,
        extract(hour from momento_medicion) as hora,
        avg(variacion_bicis) as avg_variacion_bicis
    from "valenbisi_db"."public"."int_evolucion_temporal"
    group by numero_estacion, extract(hour from momento_medicion)
),

metrics as (
    select
        h.numero_estacion,
        h.nombre_estacion,
        h.hora,
        count(*) as total_mediciones,
        max(h.capacidad_real) as capacidad_real,
        avg(h.bicicletas_disponibles) as avg_bicis,
        avg(h.huecos_disponibles) as avg_huecos,
        avg(case when situacion_ocupacion = 'vacía' then 1.0 else 0 end) as pct_vacia,
        avg(case when situacion_ocupacion = 'llena' then 1.0 else 0 end) as pct_llena,
        v.avg_variacion_bicis
    from horas h
    left join variaciones_hora v
    on h.numero_estacion = v.numero_estacion
    and h.hora = v.hora
    group by h.numero_estacion, h.nombre_estacion, h.hora, v.avg_variacion_bicis
)

select *
from metrics
order by numero_estacion, hora
  );
  
[0m10:54:28.895963 [debug] [Thread-4 (]: SQL status: SELECT 273 in 0.011 seconds
[0m10:54:28.898995 [debug] [Thread-4 (]: Using postgres connection "model.dbt_valenbisi.marts_top_llenas"
[0m10:54:28.899259 [debug] [Thread-4 (]: On model.dbt_valenbisi.marts_top_llenas: /* {"app": "dbt", "dbt_version": "1.11.0rc1", "profile_name": "dbt_valenbisi", "target_name": "dev", "node_id": "model.dbt_valenbisi.marts_top_llenas"} */
alter table "valenbisi_db"."public"."marts_top_llenas" rename to "marts_top_llenas__dbt_backup"
[0m10:54:28.899116 [debug] [Thread-2 (]: SQL status: SELECT 273 in 0.013 seconds
[0m10:54:28.900697 [debug] [Thread-2 (]: Using postgres connection "model.dbt_valenbisi.marts_top_vacías"
[0m10:54:28.900814 [debug] [Thread-4 (]: SQL status: ALTER TABLE in 0.001 seconds
[0m10:54:28.900918 [debug] [Thread-3 (]: SQL status: SELECT 273 in 0.016 seconds
[0m10:54:28.901077 [debug] [Thread-2 (]: On model.dbt_valenbisi.marts_top_vacías: /* {"app": "dbt", "dbt_version": "1.11.0rc1", "profile_name": "dbt_valenbisi", "target_name": "dev", "node_id": "model.dbt_valenbisi.marts_top_vac\u00edas"} */
alter table "valenbisi_db"."public"."marts_top_vacías" rename to "marts_top_vacías__dbt_backup"
[0m10:54:28.902186 [debug] [Thread-4 (]: Using postgres connection "model.dbt_valenbisi.marts_top_llenas"
[0m10:54:28.903303 [debug] [Thread-3 (]: Using postgres connection "model.dbt_valenbisi.marts_situacion_actual"
[0m10:54:28.903558 [debug] [Thread-4 (]: On model.dbt_valenbisi.marts_top_llenas: /* {"app": "dbt", "dbt_version": "1.11.0rc1", "profile_name": "dbt_valenbisi", "target_name": "dev", "node_id": "model.dbt_valenbisi.marts_top_llenas"} */
alter table "valenbisi_db"."public"."marts_top_llenas__dbt_tmp" rename to "marts_top_llenas"
[0m10:54:28.903721 [debug] [Thread-2 (]: SQL status: ALTER TABLE in 0.000 seconds
[0m10:54:28.905058 [debug] [Thread-2 (]: Using postgres connection "model.dbt_valenbisi.marts_top_vacías"
[0m10:54:28.905306 [debug] [Thread-2 (]: On model.dbt_valenbisi.marts_top_vacías: /* {"app": "dbt", "dbt_version": "1.11.0rc1", "profile_name": "dbt_valenbisi", "target_name": "dev", "node_id": "model.dbt_valenbisi.marts_top_vac\u00edas"} */
alter table "valenbisi_db"."public"."marts_top_vacías__dbt_tmp" rename to "marts_top_vacías"
[0m10:54:28.905174 [debug] [Thread-4 (]: SQL status: ALTER TABLE in 0.001 seconds
[0m10:54:28.903850 [debug] [Thread-3 (]: On model.dbt_valenbisi.marts_situacion_actual: /* {"app": "dbt", "dbt_version": "1.11.0rc1", "profile_name": "dbt_valenbisi", "target_name": "dev", "node_id": "model.dbt_valenbisi.marts_situacion_actual"} */
alter table "valenbisi_db"."public"."marts_situacion_actual" rename to "marts_situacion_actual__dbt_backup"
[0m10:54:28.905863 [debug] [Thread-4 (]: On model.dbt_valenbisi.marts_top_llenas: COMMIT
[0m10:54:28.905988 [debug] [Thread-2 (]: SQL status: ALTER TABLE in 0.001 seconds
[0m10:54:28.906201 [debug] [Thread-4 (]: Using postgres connection "model.dbt_valenbisi.marts_top_llenas"
[0m10:54:28.906317 [debug] [Thread-3 (]: SQL status: ALTER TABLE in 0.000 seconds
[0m10:54:28.906756 [debug] [Thread-2 (]: On model.dbt_valenbisi.marts_top_vacías: COMMIT
[0m10:54:28.906926 [debug] [Thread-4 (]: On model.dbt_valenbisi.marts_top_llenas: COMMIT
[0m10:54:28.908012 [debug] [Thread-3 (]: Using postgres connection "model.dbt_valenbisi.marts_situacion_actual"
[0m10:54:28.908480 [debug] [Thread-3 (]: On model.dbt_valenbisi.marts_situacion_actual: /* {"app": "dbt", "dbt_version": "1.11.0rc1", "profile_name": "dbt_valenbisi", "target_name": "dev", "node_id": "model.dbt_valenbisi.marts_situacion_actual"} */
alter table "valenbisi_db"."public"."marts_situacion_actual__dbt_tmp" rename to "marts_situacion_actual"
[0m10:54:28.908189 [debug] [Thread-2 (]: Using postgres connection "model.dbt_valenbisi.marts_top_vacías"
[0m10:54:28.908916 [debug] [Thread-2 (]: On model.dbt_valenbisi.marts_top_vacías: COMMIT
[0m10:54:28.908816 [debug] [Thread-3 (]: SQL status: ALTER TABLE in 0.000 seconds
[0m10:54:28.909025 [debug] [Thread-4 (]: SQL status: COMMIT in 0.001 seconds
[0m10:54:28.909601 [debug] [Thread-3 (]: On model.dbt_valenbisi.marts_situacion_actual: COMMIT
[0m10:54:28.910814 [debug] [Thread-3 (]: Using postgres connection "model.dbt_valenbisi.marts_situacion_actual"
[0m10:54:28.910629 [debug] [Thread-4 (]: Applying DROP to: "valenbisi_db"."public"."marts_top_llenas__dbt_backup"
[0m10:54:28.909706 [debug] [Thread-2 (]: SQL status: COMMIT in 0.001 seconds
[0m10:54:28.910973 [debug] [Thread-3 (]: On model.dbt_valenbisi.marts_situacion_actual: COMMIT
[0m10:54:28.912743 [debug] [Thread-4 (]: Using postgres connection "model.dbt_valenbisi.marts_top_llenas"
[0m10:54:28.913647 [debug] [Thread-2 (]: Applying DROP to: "valenbisi_db"."public"."marts_top_vacías__dbt_backup"
[0m10:54:28.913771 [debug] [Thread-1 (]: SQL status: SELECT 3215 in 0.028 seconds
[0m10:54:28.913993 [debug] [Thread-4 (]: On model.dbt_valenbisi.marts_top_llenas: /* {"app": "dbt", "dbt_version": "1.11.0rc1", "profile_name": "dbt_valenbisi", "target_name": "dev", "node_id": "model.dbt_valenbisi.marts_top_llenas"} */
drop table if exists "valenbisi_db"."public"."marts_top_llenas__dbt_backup" cascade
[0m10:54:28.914307 [debug] [Thread-2 (]: Using postgres connection "model.dbt_valenbisi.marts_top_vacías"
[0m10:54:28.915815 [debug] [Thread-2 (]: On model.dbt_valenbisi.marts_top_vacías: /* {"app": "dbt", "dbt_version": "1.11.0rc1", "profile_name": "dbt_valenbisi", "target_name": "dev", "node_id": "model.dbt_valenbisi.marts_top_vac\u00edas"} */
drop table if exists "valenbisi_db"."public"."marts_top_vacías__dbt_backup" cascade
[0m10:54:28.915588 [debug] [Thread-1 (]: Using postgres connection "model.dbt_valenbisi.marts_ocupacion_por_hora"
[0m10:54:28.914425 [debug] [Thread-3 (]: SQL status: COMMIT in 0.001 seconds
[0m10:54:28.916052 [debug] [Thread-1 (]: On model.dbt_valenbisi.marts_ocupacion_por_hora: /* {"app": "dbt", "dbt_version": "1.11.0rc1", "profile_name": "dbt_valenbisi", "target_name": "dev", "node_id": "model.dbt_valenbisi.marts_ocupacion_por_hora"} */
alter table "valenbisi_db"."public"."marts_ocupacion_por_hora" rename to "marts_ocupacion_por_hora__dbt_backup"
[0m10:54:28.917031 [debug] [Thread-3 (]: Applying DROP to: "valenbisi_db"."public"."marts_situacion_actual__dbt_backup"
[0m10:54:28.917160 [debug] [Thread-4 (]: SQL status: DROP TABLE in 0.001 seconds
[0m10:54:28.917264 [debug] [Thread-2 (]: SQL status: DROP TABLE in 0.001 seconds
[0m10:54:28.917572 [debug] [Thread-3 (]: Using postgres connection "model.dbt_valenbisi.marts_situacion_actual"
[0m10:54:28.917686 [debug] [Thread-1 (]: SQL status: ALTER TABLE in 0.000 seconds
[0m10:54:28.918115 [debug] [Thread-4 (]: On model.dbt_valenbisi.marts_top_llenas: Close
[0m10:54:28.918576 [debug] [Thread-2 (]: On model.dbt_valenbisi.marts_top_vacías: Close
[0m10:54:28.918718 [debug] [Thread-3 (]: On model.dbt_valenbisi.marts_situacion_actual: /* {"app": "dbt", "dbt_version": "1.11.0rc1", "profile_name": "dbt_valenbisi", "target_name": "dev", "node_id": "model.dbt_valenbisi.marts_situacion_actual"} */
drop table if exists "valenbisi_db"."public"."marts_situacion_actual__dbt_backup" cascade
[0m10:54:28.919804 [debug] [Thread-1 (]: Using postgres connection "model.dbt_valenbisi.marts_ocupacion_por_hora"
[0m10:54:28.920100 [debug] [Thread-4 (]: Sending event: {'category': 'dbt', 'action': 'run_model', 'label': '17dcac1a-6726-42a0-9270-6031f3b76bf2', 'context': [<snowplow_tracker.self_describing_json.SelfDescribingJson object at 0xffff7c55c7d0>]}
[0m10:54:28.920330 [debug] [Thread-2 (]: Sending event: {'category': 'dbt', 'action': 'run_model', 'label': '17dcac1a-6726-42a0-9270-6031f3b76bf2', 'context': [<snowplow_tracker.self_describing_json.SelfDescribingJson object at 0xffff7c5a9ad0>]}
[0m10:54:28.920587 [debug] [Thread-1 (]: On model.dbt_valenbisi.marts_ocupacion_por_hora: /* {"app": "dbt", "dbt_version": "1.11.0rc1", "profile_name": "dbt_valenbisi", "target_name": "dev", "node_id": "model.dbt_valenbisi.marts_ocupacion_por_hora"} */
alter table "valenbisi_db"."public"."marts_ocupacion_por_hora__dbt_tmp" rename to "marts_ocupacion_por_hora"
[0m10:54:28.920908 [info ] [Thread-4 (]: 7 of 8 OK created sql table model public.marts_top_llenas ...................... [[32mSELECT 273[0m in 0.06s]
[0m10:54:28.921259 [info ] [Thread-2 (]: 8 of 8 OK created sql table model public.marts_top_vacías ...................... [[32mSELECT 273[0m in 0.06s]
[0m10:54:28.922097 [debug] [Thread-2 (]: Finished running node model.dbt_valenbisi.marts_top_vacías
[0m10:54:28.921809 [debug] [Thread-4 (]: Finished running node model.dbt_valenbisi.marts_top_llenas
[0m10:54:28.921926 [debug] [Thread-1 (]: SQL status: ALTER TABLE in 0.000 seconds
[0m10:54:28.921561 [debug] [Thread-3 (]: SQL status: DROP TABLE in 0.001 seconds
[0m10:54:28.922808 [debug] [Thread-1 (]: On model.dbt_valenbisi.marts_ocupacion_por_hora: COMMIT
[0m10:54:28.923232 [debug] [Thread-3 (]: On model.dbt_valenbisi.marts_situacion_actual: Close
[0m10:54:28.923403 [debug] [Thread-1 (]: Using postgres connection "model.dbt_valenbisi.marts_ocupacion_por_hora"
[0m10:54:28.923612 [debug] [Thread-3 (]: Sending event: {'category': 'dbt', 'action': 'run_model', 'label': '17dcac1a-6726-42a0-9270-6031f3b76bf2', 'context': [<snowplow_tracker.self_describing_json.SelfDescribingJson object at 0xffff7e74ac50>]}
[0m10:54:28.923764 [debug] [Thread-1 (]: On model.dbt_valenbisi.marts_ocupacion_por_hora: COMMIT
[0m10:54:28.923985 [info ] [Thread-3 (]: 6 of 8 OK created sql table model public.marts_situacion_actual ................ [[32mSELECT 273[0m in 0.07s]
[0m10:54:28.924432 [debug] [Thread-3 (]: Finished running node model.dbt_valenbisi.marts_situacion_actual
[0m10:54:28.924542 [debug] [Thread-1 (]: SQL status: COMMIT in 0.000 seconds
[0m10:54:28.925629 [debug] [Thread-1 (]: Applying DROP to: "valenbisi_db"."public"."marts_ocupacion_por_hora__dbt_backup"
[0m10:54:28.925875 [debug] [Thread-1 (]: Using postgres connection "model.dbt_valenbisi.marts_ocupacion_por_hora"
[0m10:54:28.926033 [debug] [Thread-1 (]: On model.dbt_valenbisi.marts_ocupacion_por_hora: /* {"app": "dbt", "dbt_version": "1.11.0rc1", "profile_name": "dbt_valenbisi", "target_name": "dev", "node_id": "model.dbt_valenbisi.marts_ocupacion_por_hora"} */
drop table if exists "valenbisi_db"."public"."marts_ocupacion_por_hora__dbt_backup" cascade
[0m10:54:28.926985 [debug] [Thread-1 (]: SQL status: DROP TABLE in 0.001 seconds
[0m10:54:28.927416 [debug] [Thread-1 (]: On model.dbt_valenbisi.marts_ocupacion_por_hora: Close
[0m10:54:28.927640 [debug] [Thread-1 (]: Sending event: {'category': 'dbt', 'action': 'run_model', 'label': '17dcac1a-6726-42a0-9270-6031f3b76bf2', 'context': [<snowplow_tracker.self_describing_json.SelfDescribingJson object at 0xffff7c5a9c10>]}
[0m10:54:28.927901 [info ] [Thread-1 (]: 5 of 8 OK created sql table model public.marts_ocupacion_por_hora .............. [[32mSELECT 3215[0m in 0.07s]
[0m10:54:28.928253 [debug] [Thread-1 (]: Finished running node model.dbt_valenbisi.marts_ocupacion_por_hora
[0m10:54:28.928907 [debug] [MainThread]: Using postgres connection "master"
[0m10:54:28.929046 [debug] [MainThread]: On master: BEGIN
[0m10:54:28.929162 [debug] [MainThread]: Opening a new connection, currently in state closed
[0m10:54:28.932147 [debug] [MainThread]: SQL status: BEGIN in 0.003 seconds
[0m10:54:28.932276 [debug] [MainThread]: On master: COMMIT
[0m10:54:28.932392 [debug] [MainThread]: Using postgres connection "master"
[0m10:54:28.932510 [debug] [MainThread]: On master: COMMIT
[0m10:54:28.932662 [debug] [MainThread]: SQL status: COMMIT in 0.000 seconds
[0m10:54:28.932781 [debug] [MainThread]: On master: Close
[0m10:54:28.932952 [debug] [MainThread]: Connection 'master' was properly closed.
[0m10:54:28.933058 [debug] [MainThread]: Connection 'model.dbt_valenbisi.marts_ocupacion_por_hora' was properly closed.
[0m10:54:28.933170 [debug] [MainThread]: Connection 'model.dbt_valenbisi.marts_situacion_actual' was properly closed.
[0m10:54:28.933258 [debug] [MainThread]: Connection 'model.dbt_valenbisi.marts_top_llenas' was properly closed.
[0m10:54:28.933353 [debug] [MainThread]: Connection 'model.dbt_valenbisi.marts_top_vacías' was properly closed.
[0m10:54:28.933513 [info ] [MainThread]: 
[0m10:54:28.933676 [info ] [MainThread]: Finished running 4 table models, 4 view models in 0 hours 0 minutes and 0.21 seconds (0.21s).
[0m10:54:28.934234 [debug] [MainThread]: Command end result
[0m10:54:28.951099 [debug] [MainThread]: Wrote artifact WritableManifest to /usr/app/dbt/dbt_valenbisi/target/manifest.json
[0m10:54:28.952009 [debug] [MainThread]: Wrote artifact SemanticManifest to /usr/app/dbt/dbt_valenbisi/target/semantic_manifest.json
[0m10:54:28.954479 [debug] [MainThread]: Wrote artifact RunExecutionResult to /usr/app/dbt/dbt_valenbisi/target/run_results.json
[0m10:54:28.954621 [info ] [MainThread]: 
[0m10:54:28.954798 [info ] [MainThread]: [32mCompleted successfully[0m
[0m10:54:28.954996 [info ] [MainThread]: 
[0m10:54:28.955159 [info ] [MainThread]: Done. PASS=8 WARN=0 ERROR=0 SKIP=0 NO-OP=0 TOTAL=8
[0m10:54:28.955575 [debug] [MainThread]: Resource report: {"command_name": "run", "command_success": true, "command_wall_clock_time": 0.47830138, "process_in_blocks": "0", "process_kernel_time": 0.083308, "process_mem_max_rss": "128788", "process_out_blocks": "3349", "process_user_time": 0.835066}
[0m10:54:28.955750 [debug] [MainThread]: Command `dbt run` succeeded at 10:54:28.955720 after 0.48 seconds
[0m10:54:28.955896 [debug] [MainThread]: Sending event: {'category': 'dbt', 'action': 'invocation', 'label': 'end', 'context': [<snowplow_tracker.self_describing_json.SelfDescribingJson object at 0xffff83809650>, <snowplow_tracker.self_describing_json.SelfDescribingJson object at 0xffff804a4d90>, <snowplow_tracker.self_describing_json.SelfDescribingJson object at 0xffff8383f690>]}
[0m10:54:28.956050 [debug] [MainThread]: Flushing usage events
[0m10:54:29.662504 [debug] [MainThread]: An error was encountered while trying to flush usage events
