[0m11:20:56.992732 [debug] [MainThread]: Sending event: {'category': 'dbt', 'action': 'invocation', 'label': 'start', 'context': [<snowplow_tracker.self_describing_json.SelfDescribingJson object at 0x000001C8EE210590>, <snowplow_tracker.self_describing_json.SelfDescribingJson object at 0x000001C8EEAB0690>, <snowplow_tracker.self_describing_json.SelfDescribingJson object at 0x000001C8F018FED0>]}


============================== 11:20:56.998917 | 056a11ac-eaaf-4916-851a-852b99e51173 ==============================
[0m11:20:56.998917 [info ] [MainThread]: Running with dbt=1.10.15
[0m11:20:57.000073 [debug] [MainThread]: running dbt with arguments {'invocation_command': 'dbt debug', 'write_json': 'True', 'log_format': 'default', 'cache_selected_only': 'False', 'profiles_dir': 'C:\\Users\\Admin\\.dbt', 'warn_error': 'None', 'log_path': 'C:\\Users\\Admin\\Documents\\GitHub\\EDEM_MDA2526\\alumnos\\mdab\\SAUL_MARTINEZ\\DBT\\entregable_dbt\\logs', 'fail_fast': 'False', 'indirect_selection': 'eager', 'send_anonymous_usage_stats': 'True', 'partial_parse': 'True', 'warn_error_options': 'WarnErrorOptionsV2(error=[], warn=[], silence=[])', 'static_parser': 'True', 'use_experimental_parser': 'False', 'version_check': 'True', 'introspect': 'True', 'quiet': 'False', 'empty': 'None', 'log_cache_events': 'False', 'debug': 'False', 'no_print': 'None', 'use_colors': 'True', 'printer_width': '80', 'target_path': 'None'}
[0m11:20:57.048096 [info ] [MainThread]: dbt version: 1.10.15
[0m11:20:57.049007 [info ] [MainThread]: python version: 3.13.9
[0m11:20:57.049894 [info ] [MainThread]: python path: C:\Users\Admin\AppData\Local\Microsoft\WindowsApps\PythonSoftwareFoundation.Python.3.13_qbz5n2kfra8p0\python.exe
[0m11:20:57.050569 [info ] [MainThread]: os info: Windows-11-10.0.26100-SP0
[0m11:20:57.212881 [info ] [MainThread]: Using profiles dir at C:\Users\Admin\.dbt
[0m11:20:57.213809 [info ] [MainThread]: Using profiles.yml file at C:\Users\Admin\.dbt\profiles.yml
[0m11:20:57.214684 [info ] [MainThread]: Using dbt_project.yml file at C:\Users\Admin\Documents\GitHub\EDEM_MDA2526\alumnos\mdab\SAUL_MARTINEZ\DBT\entregable_dbt\dbt_project.yml
[0m11:20:57.270938 [info ] [MainThread]: adapter type: duckdb
[0m11:20:57.271802 [info ] [MainThread]: adapter version: 1.10.0
[0m11:20:57.426832 [info ] [MainThread]: Configuration:
[0m11:20:57.427796 [info ] [MainThread]:   profiles.yml file [[32mOK found and valid[0m]
[0m11:20:57.428695 [info ] [MainThread]:   dbt_project.yml file [[32mOK found and valid[0m]
[0m11:20:57.429384 [info ] [MainThread]: Required dependencies:
[0m11:20:57.430166 [debug] [MainThread]: Executing "git --help"
[0m11:20:57.483240 [debug] [MainThread]: STDOUT: "b"usage: git [-v | --version] [-h | --help] [-C <path>] [-c <name>=<value>]\n           [--exec-path[=<path>]] [--html-path] [--man-path] [--info-path]\n           [-p | --paginate | -P | --no-pager] [--no-replace-objects] [--no-lazy-fetch]\n           [--no-optional-locks] [--no-advice] [--bare] [--git-dir=<path>]\n           [--work-tree=<path>] [--namespace=<name>] [--config-env=<name>=<envvar>]\n           <command> [<args>]\n\nThese are common Git commands used in various situations:\n\nstart a working area (see also: git help tutorial)\n   clone      Clone a repository into a new directory\n   init       Create an empty Git repository or reinitialize an existing one\n\nwork on the current change (see also: git help everyday)\n   add        Add file contents to the index\n   mv         Move or rename a file, a directory, or a symlink\n   restore    Restore working tree files\n   rm         Remove files from the working tree and from the index\n\nexamine the history and state (see also: git help revisions)\n   bisect     Use binary search to find the commit that introduced a bug\n   diff       Show changes between commits, commit and working tree, etc\n   grep       Print lines matching a pattern\n   log        Show commit logs\n   show       Show various types of objects\n   status     Show the working tree status\n\ngrow, mark and tweak your common history\n   backfill   Download missing objects in a partial clone\n   branch     List, create, or delete branches\n   commit     Record changes to the repository\n   merge      Join two or more development histories together\n   rebase     Reapply commits on top of another base tip\n   reset      Reset current HEAD to the specified state\n   switch     Switch branches\n   tag        Create, list, delete or verify a tag object signed with GPG\n\ncollaborate (see also: git help workflows)\n   fetch      Download objects and refs from another repository\n   pull       Fetch from and integrate with another repository or a local branch\n   push       Update remote refs along with associated objects\n\n'git help -a' and 'git help -g' list available subcommands and some\nconcept guides. See 'git help <command>' or 'git help <concept>'\nto read about a specific subcommand or concept.\nSee 'git help git' for an overview of the system.\n""
[0m11:20:57.484080 [debug] [MainThread]: STDERR: "b''"
[0m11:20:57.484530 [info ] [MainThread]:  - git [[32mOK found[0m]

[0m11:20:57.485297 [info ] [MainThread]: Connection:
[0m11:20:57.486173 [info ] [MainThread]:   database: dev
[0m11:20:57.486973 [info ] [MainThread]:   schema: main
[0m11:20:57.487740 [info ] [MainThread]:   path: dev.duckdb
[0m11:20:57.488504 [info ] [MainThread]:   config_options: None
[0m11:20:57.489515 [info ] [MainThread]:   extensions: None
[0m11:20:57.491059 [info ] [MainThread]:   settings: {}
[0m11:20:57.491800 [info ] [MainThread]:   external_root: .
[0m11:20:57.492493 [info ] [MainThread]:   use_credential_provider: None
[0m11:20:57.493247 [info ] [MainThread]:   attach: None
[0m11:20:57.493986 [info ] [MainThread]:   filesystems: None
[0m11:20:57.494662 [info ] [MainThread]:   remote: None
[0m11:20:57.495373 [info ] [MainThread]:   plugins: None
[0m11:20:57.496093 [info ] [MainThread]:   disable_transactions: False
[0m11:20:57.497089 [info ] [MainThread]: Registered adapter: duckdb=1.10.0
[0m11:20:58.171829 [debug] [MainThread]: Acquiring new duckdb connection 'debug'
[0m11:21:01.900233 [debug] [MainThread]: Using duckdb connection "debug"
[0m11:21:01.900811 [debug] [MainThread]: On debug: select 1 as id
[0m11:21:01.901247 [debug] [MainThread]: Opening a new connection, currently in state init
[0m11:21:01.952566 [debug] [MainThread]: SQL status: OK in 0.051 seconds
[0m11:21:01.954002 [debug] [MainThread]: On debug: Close
[0m11:21:01.954495 [info ] [MainThread]:   Connection test: [[32mOK connection ok[0m]

[0m11:21:01.955372 [info ] [MainThread]: [32mAll checks passed![0m
[0m11:21:01.956808 [debug] [MainThread]: Command `dbt debug` succeeded at 11:21:01.956645 after 5.17 seconds
[0m11:21:01.957326 [debug] [MainThread]: Connection 'debug' was properly closed.
[0m11:21:01.957786 [debug] [MainThread]: Sending event: {'category': 'dbt', 'action': 'invocation', 'label': 'end', 'context': [<snowplow_tracker.self_describing_json.SelfDescribingJson object at 0x000001C8F07F03E0>, <snowplow_tracker.self_describing_json.SelfDescribingJson object at 0x000001C8F04F5EB0>, <snowplow_tracker.self_describing_json.SelfDescribingJson object at 0x000001C8F025A030>]}
[0m11:21:01.958442 [debug] [MainThread]: Flushing usage events
[0m11:21:02.915489 [debug] [MainThread]: An error was encountered while trying to flush usage events
[0m11:32:07.675617 [debug] [MainThread]: Sending event: {'category': 'dbt', 'action': 'invocation', 'label': 'start', 'context': [<snowplow_tracker.self_describing_json.SelfDescribingJson object at 0x000001EDD48A0590>, <snowplow_tracker.self_describing_json.SelfDescribingJson object at 0x000001EDD6140690>, <snowplow_tracker.self_describing_json.SelfDescribingJson object at 0x000001EDD678FED0>]}


============================== 11:32:07.681678 | 408e0164-0c76-41e8-9c9a-16b05796d35f ==============================
[0m11:32:07.681678 [info ] [MainThread]: Running with dbt=1.10.15
[0m11:32:07.682779 [debug] [MainThread]: running dbt with arguments {'use_colors': 'True', 'cache_selected_only': 'False', 'log_format': 'default', 'no_print': 'None', 'write_json': 'True', 'warn_error': 'None', 'log_path': 'C:\\Users\\Admin\\Documents\\GitHub\\EDEM_MDA2526\\alumnos\\mdab\\SAUL_MARTINEZ\\DBT\\entregable_dbt\\logs', 'fail_fast': 'False', 'static_parser': 'True', 'send_anonymous_usage_stats': 'True', 'partial_parse': 'True', 'warn_error_options': 'WarnErrorOptionsV2(error=[], warn=[], silence=[])', 'indirect_selection': 'eager', 'version_check': 'True', 'use_experimental_parser': 'False', 'introspect': 'True', 'quiet': 'False', 'empty': 'None', 'log_cache_events': 'False', 'debug': 'False', 'profiles_dir': 'C:\\Users\\Admin\\.dbt', 'invocation_command': 'dbt seed', 'printer_width': '80', 'target_path': 'None'}
[0m11:32:08.143443 [debug] [MainThread]: Sending event: {'category': 'dbt', 'action': 'project_id', 'label': '408e0164-0c76-41e8-9c9a-16b05796d35f', 'context': [<snowplow_tracker.self_describing_json.SelfDescribingJson object at 0x000001EDD4ACCC30>]}
[0m11:32:08.233439 [debug] [MainThread]: Sending event: {'category': 'dbt', 'action': 'adapter_info', 'label': '408e0164-0c76-41e8-9c9a-16b05796d35f', 'context': [<snowplow_tracker.self_describing_json.SelfDescribingJson object at 0x000001EDD662FDF0>]}
[0m11:32:08.236965 [info ] [MainThread]: Registered adapter: duckdb=1.10.0
[0m11:32:08.731942 [debug] [MainThread]: checksum: 14a228079bd6df63ba81633f9a3cf44ecfaa31056ac397c602753ec895dbf885, vars: {}, profile: , target: , version: 1.10.15
[0m11:32:08.733476 [info ] [MainThread]: Unable to do partial parsing because saved manifest not found. Starting full parse.
[0m11:32:08.734260 [debug] [MainThread]: Sending event: {'category': 'dbt', 'action': 'partial_parser', 'label': '408e0164-0c76-41e8-9c9a-16b05796d35f', 'context': [<snowplow_tracker.self_describing_json.SelfDescribingJson object at 0x000001EDD686B450>]}
[0m11:32:08.765603 [error] [MainThread]: Encountered an error:
'utf-8' codec can't decode byte 0xf3 in position 1311: invalid continuation byte
[0m11:32:08.825298 [error] [MainThread]: Traceback (most recent call last):
  File "C:\Users\Admin\AppData\Local\Packages\PythonSoftwareFoundation.Python.3.13_qbz5n2kfra8p0\LocalCache\local-packages\Python313\site-packages\dbt\cli\requires.py", line 178, in wrapper
    result, success = func(*args, **kwargs)
                      ~~~~^^^^^^^^^^^^^^^^^
  File "C:\Users\Admin\AppData\Local\Packages\PythonSoftwareFoundation.Python.3.13_qbz5n2kfra8p0\LocalCache\local-packages\Python313\site-packages\dbt\cli\requires.py", line 128, in wrapper
    return func(*args, **kwargs)
  File "C:\Users\Admin\AppData\Local\Packages\PythonSoftwareFoundation.Python.3.13_qbz5n2kfra8p0\LocalCache\local-packages\Python313\site-packages\dbt\cli\requires.py", line 272, in wrapper
    return func(*args, **kwargs)
  File "C:\Users\Admin\AppData\Local\Packages\PythonSoftwareFoundation.Python.3.13_qbz5n2kfra8p0\LocalCache\local-packages\Python313\site-packages\dbt\cli\requires.py", line 303, in wrapper
    return func(*args, **kwargs)
  File "C:\Users\Admin\AppData\Local\Packages\PythonSoftwareFoundation.Python.3.13_qbz5n2kfra8p0\LocalCache\local-packages\Python313\site-packages\dbt\cli\requires.py", line 373, in wrapper
    return func(*args, **kwargs)
  File "C:\Users\Admin\AppData\Local\Packages\PythonSoftwareFoundation.Python.3.13_qbz5n2kfra8p0\LocalCache\local-packages\Python313\site-packages\dbt\cli\requires.py", line 350, in wrapper
    return func(*args, **kwargs)
  File "C:\Users\Admin\AppData\Local\Packages\PythonSoftwareFoundation.Python.3.13_qbz5n2kfra8p0\LocalCache\local-packages\Python313\site-packages\dbt\cli\requires.py", line 389, in wrapper
    setup_manifest(ctx, write=write, write_perf_info=write_perf_info)
    ~~~~~~~~~~~~~~^^^^^^^^^^^^^^^^^^^^^^^^^^^^^^^^^^^^^^^^^^^^^^^^^^^
  File "C:\Users\Admin\AppData\Local\Packages\PythonSoftwareFoundation.Python.3.13_qbz5n2kfra8p0\LocalCache\local-packages\Python313\site-packages\dbt\cli\requires.py", line 416, in setup_manifest
    ctx.obj["manifest"] = parse_manifest(
                          ~~~~~~~~~~~~~~^
        runtime_config,
        ^^^^^^^^^^^^^^^
    ...<3 lines>...
        active_integrations,
        ^^^^^^^^^^^^^^^^^^^^
    )
    ^
  File "C:\Users\Admin\AppData\Local\Packages\PythonSoftwareFoundation.Python.3.13_qbz5n2kfra8p0\LocalCache\local-packages\Python313\site-packages\dbt\parser\manifest.py", line 2123, in parse_manifest
    manifest = ManifestLoader.get_full_manifest(
        runtime_config,
        write_perf_info=write_perf_info,
    )
  File "C:\Users\Admin\AppData\Local\Packages\PythonSoftwareFoundation.Python.3.13_qbz5n2kfra8p0\LocalCache\local-packages\Python313\site-packages\dbt\parser\manifest.py", line 320, in get_full_manifest
    manifest = loader.load()
  File "C:\Users\Admin\AppData\Local\Packages\PythonSoftwareFoundation.Python.3.13_qbz5n2kfra8p0\LocalCache\local-packages\Python313\site-packages\dbt\parser\manifest.py", line 367, in load
    file_reader.read_files()
    ~~~~~~~~~~~~~~~~~~~~~~^^
  File "C:\Users\Admin\AppData\Local\Packages\PythonSoftwareFoundation.Python.3.13_qbz5n2kfra8p0\LocalCache\local-packages\Python313\site-packages\dbt\parser\read_files.py", line 212, in read_files
    self.read_files_for_project(project, file_types)
    ~~~~~~~~~~~~~~~~~~~~~~~~~~~^^^^^^^^^^^^^^^^^^^^^
  File "C:\Users\Admin\AppData\Local\Packages\PythonSoftwareFoundation.Python.3.13_qbz5n2kfra8p0\LocalCache\local-packages\Python313\site-packages\dbt\parser\read_files.py", line 219, in read_files_for_project
    project_files[file_type_info["parser"]] = read_files_for_parser(
                                              ~~~~~~~~~~~~~~~~~~~~~^
        project,
        ^^^^^^^^
    ...<4 lines>...
        dbt_ignore_spec,
        ^^^^^^^^^^^^^^^^
    )
    ^
  File "C:\Users\Admin\AppData\Local\Packages\PythonSoftwareFoundation.Python.3.13_qbz5n2kfra8p0\LocalCache\local-packages\Python313\site-packages\dbt\parser\read_files.py", line 167, in read_files_for_parser
    source_files = get_source_files(
        project, dirs, extension, parse_ft, saved_files, ignore_spec
    )
  File "C:\Users\Admin\AppData\Local\Packages\PythonSoftwareFoundation.Python.3.13_qbz5n2kfra8p0\LocalCache\local-packages\Python313\site-packages\dbt\parser\read_files.py", line 148, in get_source_files
    fb_list.append(load_seed_source_file(fp, project.project_name))
                   ~~~~~~~~~~~~~~~~~~~~~^^^^^^^^^^^^^^^^^^^^^^^^^^
  File "C:\Users\Admin\AppData\Local\Packages\PythonSoftwareFoundation.Python.3.13_qbz5n2kfra8p0\LocalCache\local-packages\Python313\site-packages\dbt\parser\read_files.py", line 130, in load_seed_source_file
    file_contents = load_file_contents(match.absolute_path, strip=True)
  File "C:\Users\Admin\AppData\Local\Packages\PythonSoftwareFoundation.Python.3.13_qbz5n2kfra8p0\LocalCache\local-packages\Python313\site-packages\dbt_common\record.py", line 538, in record_replay_wrapper
    return func_to_record(*call_args, **kwargs)
  File "C:\Users\Admin\AppData\Local\Packages\PythonSoftwareFoundation.Python.3.13_qbz5n2kfra8p0\LocalCache\local-packages\Python313\site-packages\dbt_common\clients\system.py", line 183, in load_file_contents
    to_return = handle.read().decode("utf-8")
UnicodeDecodeError: 'utf-8' codec can't decode byte 0xf3 in position 1311: invalid continuation byte

[0m11:32:08.828821 [debug] [MainThread]: Command `dbt seed` failed at 11:32:08.828563 after 1.31 seconds
[0m11:32:08.829497 [debug] [MainThread]: Sending event: {'category': 'dbt', 'action': 'invocation', 'label': 'end', 'context': [<snowplow_tracker.self_describing_json.SelfDescribingJson object at 0x000001EDD6B2B4D0>, <snowplow_tracker.self_describing_json.SelfDescribingJson object at 0x000001EDD6B2B5C0>, <snowplow_tracker.self_describing_json.SelfDescribingJson object at 0x000001EDD6693E70>]}
[0m11:32:08.830099 [debug] [MainThread]: Flushing usage events
[0m11:32:09.667921 [debug] [MainThread]: An error was encountered while trying to flush usage events
[0m11:32:58.368168 [debug] [MainThread]: Sending event: {'category': 'dbt', 'action': 'invocation', 'label': 'start', 'context': [<snowplow_tracker.self_describing_json.SelfDescribingJson object at 0x0000022B935B0590>, <snowplow_tracker.self_describing_json.SelfDescribingJson object at 0x0000022B93E50690>, <snowplow_tracker.self_describing_json.SelfDescribingJson object at 0x0000022B9558FED0>]}


============================== 11:32:58.374200 | ca1d38bc-1d63-4e84-9d5f-8ef97ab9f29e ==============================
[0m11:32:58.374200 [info ] [MainThread]: Running with dbt=1.10.15
[0m11:32:58.375385 [debug] [MainThread]: running dbt with arguments {'invocation_command': 'dbt seed', 'target_path': 'None', 'profiles_dir': 'C:\\Users\\Admin\\.dbt', 'printer_width': '80', 'no_print': 'None', 'warn_error': 'None', 'log_path': 'C:\\Users\\Admin\\Documents\\GitHub\\EDEM_MDA2526\\alumnos\\mdab\\SAUL_MARTINEZ\\DBT\\entregable_dbt\\logs', 'fail_fast': 'False', 'static_parser': 'True', 'send_anonymous_usage_stats': 'True', 'partial_parse': 'True', 'warn_error_options': 'WarnErrorOptionsV2(error=[], warn=[], silence=[])', 'indirect_selection': 'eager', 'use_experimental_parser': 'False', 'version_check': 'True', 'quiet': 'False', 'introspect': 'True', 'empty': 'None', 'log_cache_events': 'False', 'debug': 'False', 'log_format': 'default', 'use_colors': 'True', 'cache_selected_only': 'False', 'write_json': 'True'}
[0m11:32:58.696059 [debug] [MainThread]: Sending event: {'category': 'dbt', 'action': 'project_id', 'label': 'ca1d38bc-1d63-4e84-9d5f-8ef97ab9f29e', 'context': [<snowplow_tracker.self_describing_json.SelfDescribingJson object at 0x0000022B937DCC30>]}
[0m11:32:58.782179 [debug] [MainThread]: Sending event: {'category': 'dbt', 'action': 'adapter_info', 'label': 'ca1d38bc-1d63-4e84-9d5f-8ef97ab9f29e', 'context': [<snowplow_tracker.self_describing_json.SelfDescribingJson object at 0x0000022B9542FDF0>]}
[0m11:32:58.785463 [info ] [MainThread]: Registered adapter: duckdb=1.10.0
[0m11:32:59.197885 [debug] [MainThread]: checksum: 14a228079bd6df63ba81633f9a3cf44ecfaa31056ac397c602753ec895dbf885, vars: {}, profile: , target: , version: 1.10.15
[0m11:32:59.199336 [info ] [MainThread]: Unable to do partial parsing because saved manifest not found. Starting full parse.
[0m11:32:59.200074 [debug] [MainThread]: Sending event: {'category': 'dbt', 'action': 'partial_parser', 'label': 'ca1d38bc-1d63-4e84-9d5f-8ef97ab9f29e', 'context': [<snowplow_tracker.self_describing_json.SelfDescribingJson object at 0x0000022B9566B450>]}
[0m11:32:59.203993 [error] [MainThread]: Encountered an error:
'utf-8' codec can't decode byte 0xf3 in position 1311: invalid continuation byte
[0m11:32:59.208692 [error] [MainThread]: Traceback (most recent call last):
  File "C:\Users\Admin\AppData\Local\Packages\PythonSoftwareFoundation.Python.3.13_qbz5n2kfra8p0\LocalCache\local-packages\Python313\site-packages\dbt\cli\requires.py", line 178, in wrapper
    result, success = func(*args, **kwargs)
                      ~~~~^^^^^^^^^^^^^^^^^
  File "C:\Users\Admin\AppData\Local\Packages\PythonSoftwareFoundation.Python.3.13_qbz5n2kfra8p0\LocalCache\local-packages\Python313\site-packages\dbt\cli\requires.py", line 128, in wrapper
    return func(*args, **kwargs)
  File "C:\Users\Admin\AppData\Local\Packages\PythonSoftwareFoundation.Python.3.13_qbz5n2kfra8p0\LocalCache\local-packages\Python313\site-packages\dbt\cli\requires.py", line 272, in wrapper
    return func(*args, **kwargs)
  File "C:\Users\Admin\AppData\Local\Packages\PythonSoftwareFoundation.Python.3.13_qbz5n2kfra8p0\LocalCache\local-packages\Python313\site-packages\dbt\cli\requires.py", line 303, in wrapper
    return func(*args, **kwargs)
  File "C:\Users\Admin\AppData\Local\Packages\PythonSoftwareFoundation.Python.3.13_qbz5n2kfra8p0\LocalCache\local-packages\Python313\site-packages\dbt\cli\requires.py", line 373, in wrapper
    return func(*args, **kwargs)
  File "C:\Users\Admin\AppData\Local\Packages\PythonSoftwareFoundation.Python.3.13_qbz5n2kfra8p0\LocalCache\local-packages\Python313\site-packages\dbt\cli\requires.py", line 350, in wrapper
    return func(*args, **kwargs)
  File "C:\Users\Admin\AppData\Local\Packages\PythonSoftwareFoundation.Python.3.13_qbz5n2kfra8p0\LocalCache\local-packages\Python313\site-packages\dbt\cli\requires.py", line 389, in wrapper
    setup_manifest(ctx, write=write, write_perf_info=write_perf_info)
    ~~~~~~~~~~~~~~^^^^^^^^^^^^^^^^^^^^^^^^^^^^^^^^^^^^^^^^^^^^^^^^^^^
  File "C:\Users\Admin\AppData\Local\Packages\PythonSoftwareFoundation.Python.3.13_qbz5n2kfra8p0\LocalCache\local-packages\Python313\site-packages\dbt\cli\requires.py", line 416, in setup_manifest
    ctx.obj["manifest"] = parse_manifest(
                          ~~~~~~~~~~~~~~^
        runtime_config,
        ^^^^^^^^^^^^^^^
    ...<3 lines>...
        active_integrations,
        ^^^^^^^^^^^^^^^^^^^^
    )
    ^
  File "C:\Users\Admin\AppData\Local\Packages\PythonSoftwareFoundation.Python.3.13_qbz5n2kfra8p0\LocalCache\local-packages\Python313\site-packages\dbt\parser\manifest.py", line 2123, in parse_manifest
    manifest = ManifestLoader.get_full_manifest(
        runtime_config,
        write_perf_info=write_perf_info,
    )
  File "C:\Users\Admin\AppData\Local\Packages\PythonSoftwareFoundation.Python.3.13_qbz5n2kfra8p0\LocalCache\local-packages\Python313\site-packages\dbt\parser\manifest.py", line 320, in get_full_manifest
    manifest = loader.load()
  File "C:\Users\Admin\AppData\Local\Packages\PythonSoftwareFoundation.Python.3.13_qbz5n2kfra8p0\LocalCache\local-packages\Python313\site-packages\dbt\parser\manifest.py", line 367, in load
    file_reader.read_files()
    ~~~~~~~~~~~~~~~~~~~~~~^^
  File "C:\Users\Admin\AppData\Local\Packages\PythonSoftwareFoundation.Python.3.13_qbz5n2kfra8p0\LocalCache\local-packages\Python313\site-packages\dbt\parser\read_files.py", line 212, in read_files
    self.read_files_for_project(project, file_types)
    ~~~~~~~~~~~~~~~~~~~~~~~~~~~^^^^^^^^^^^^^^^^^^^^^
  File "C:\Users\Admin\AppData\Local\Packages\PythonSoftwareFoundation.Python.3.13_qbz5n2kfra8p0\LocalCache\local-packages\Python313\site-packages\dbt\parser\read_files.py", line 219, in read_files_for_project
    project_files[file_type_info["parser"]] = read_files_for_parser(
                                              ~~~~~~~~~~~~~~~~~~~~~^
        project,
        ^^^^^^^^
    ...<4 lines>...
        dbt_ignore_spec,
        ^^^^^^^^^^^^^^^^
    )
    ^
  File "C:\Users\Admin\AppData\Local\Packages\PythonSoftwareFoundation.Python.3.13_qbz5n2kfra8p0\LocalCache\local-packages\Python313\site-packages\dbt\parser\read_files.py", line 167, in read_files_for_parser
    source_files = get_source_files(
        project, dirs, extension, parse_ft, saved_files, ignore_spec
    )
  File "C:\Users\Admin\AppData\Local\Packages\PythonSoftwareFoundation.Python.3.13_qbz5n2kfra8p0\LocalCache\local-packages\Python313\site-packages\dbt\parser\read_files.py", line 148, in get_source_files
    fb_list.append(load_seed_source_file(fp, project.project_name))
                   ~~~~~~~~~~~~~~~~~~~~~^^^^^^^^^^^^^^^^^^^^^^^^^^
  File "C:\Users\Admin\AppData\Local\Packages\PythonSoftwareFoundation.Python.3.13_qbz5n2kfra8p0\LocalCache\local-packages\Python313\site-packages\dbt\parser\read_files.py", line 130, in load_seed_source_file
    file_contents = load_file_contents(match.absolute_path, strip=True)
  File "C:\Users\Admin\AppData\Local\Packages\PythonSoftwareFoundation.Python.3.13_qbz5n2kfra8p0\LocalCache\local-packages\Python313\site-packages\dbt_common\record.py", line 538, in record_replay_wrapper
    return func_to_record(*call_args, **kwargs)
  File "C:\Users\Admin\AppData\Local\Packages\PythonSoftwareFoundation.Python.3.13_qbz5n2kfra8p0\LocalCache\local-packages\Python313\site-packages\dbt_common\clients\system.py", line 183, in load_file_contents
    to_return = handle.read().decode("utf-8")
UnicodeDecodeError: 'utf-8' codec can't decode byte 0xf3 in position 1311: invalid continuation byte

[0m11:32:59.212276 [debug] [MainThread]: Command `dbt seed` failed at 11:32:59.211882 after 0.99 seconds
[0m11:32:59.213052 [debug] [MainThread]: Sending event: {'category': 'dbt', 'action': 'invocation', 'label': 'end', 'context': [<snowplow_tracker.self_describing_json.SelfDescribingJson object at 0x0000022B9592B4D0>, <snowplow_tracker.self_describing_json.SelfDescribingJson object at 0x0000022B9592B5C0>, <snowplow_tracker.self_describing_json.SelfDescribingJson object at 0x0000022B95493E70>]}
[0m11:32:59.213583 [debug] [MainThread]: Flushing usage events
[0m11:33:00.255159 [debug] [MainThread]: An error was encountered while trying to flush usage events
[0m11:33:14.337662 [debug] [MainThread]: Sending event: {'category': 'dbt', 'action': 'invocation', 'label': 'start', 'context': [<snowplow_tracker.self_describing_json.SelfDescribingJson object at 0x0000013A3F6A0590>, <snowplow_tracker.self_describing_json.SelfDescribingJson object at 0x0000013A3FF40690>, <snowplow_tracker.self_describing_json.SelfDescribingJson object at 0x0000013A4158FED0>]}


============================== 11:33:14.344146 | e6adaa5d-291a-401c-addf-e610aa125793 ==============================
[0m11:33:14.344146 [info ] [MainThread]: Running with dbt=1.10.15
[0m11:33:14.345589 [debug] [MainThread]: running dbt with arguments {'profiles_dir': 'C:\\Users\\Admin\\.dbt', 'no_print': 'None', 'target_path': 'None', 'invocation_command': 'dbt seed', 'printer_width': '80', 'warn_error': 'None', 'static_parser': 'True', 'fail_fast': 'False', 'log_path': 'C:\\Users\\Admin\\Documents\\GitHub\\EDEM_MDA2526\\alumnos\\mdab\\SAUL_MARTINEZ\\DBT\\entregable_dbt\\logs', 'send_anonymous_usage_stats': 'True', 'indirect_selection': 'eager', 'warn_error_options': 'WarnErrorOptionsV2(error=[], warn=[], silence=[])', 'partial_parse': 'True', 'use_experimental_parser': 'False', 'version_check': 'True', 'quiet': 'False', 'introspect': 'True', 'empty': 'None', 'log_cache_events': 'False', 'debug': 'False', 'log_format': 'default', 'use_colors': 'True', 'cache_selected_only': 'False', 'write_json': 'True'}
[0m11:33:14.682963 [debug] [MainThread]: Sending event: {'category': 'dbt', 'action': 'project_id', 'label': 'e6adaa5d-291a-401c-addf-e610aa125793', 'context': [<snowplow_tracker.self_describing_json.SelfDescribingJson object at 0x0000013A3F8CCC30>]}
[0m11:33:14.781543 [debug] [MainThread]: Sending event: {'category': 'dbt', 'action': 'adapter_info', 'label': 'e6adaa5d-291a-401c-addf-e610aa125793', 'context': [<snowplow_tracker.self_describing_json.SelfDescribingJson object at 0x0000013A4142FDF0>]}
[0m11:33:14.786306 [info ] [MainThread]: Registered adapter: duckdb=1.10.0
[0m11:33:15.238832 [debug] [MainThread]: checksum: 14a228079bd6df63ba81633f9a3cf44ecfaa31056ac397c602753ec895dbf885, vars: {}, profile: , target: , version: 1.10.15
[0m11:33:15.240392 [info ] [MainThread]: Unable to do partial parsing because saved manifest not found. Starting full parse.
[0m11:33:15.241207 [debug] [MainThread]: Sending event: {'category': 'dbt', 'action': 'partial_parser', 'label': 'e6adaa5d-291a-401c-addf-e610aa125793', 'context': [<snowplow_tracker.self_describing_json.SelfDescribingJson object at 0x0000013A4166F450>]}
[0m11:33:15.245477 [error] [MainThread]: Encountered an error:
'utf-8' codec can't decode byte 0xf3 in position 1311: invalid continuation byte
[0m11:33:15.252748 [error] [MainThread]: Traceback (most recent call last):
  File "C:\Users\Admin\AppData\Local\Packages\PythonSoftwareFoundation.Python.3.13_qbz5n2kfra8p0\LocalCache\local-packages\Python313\site-packages\dbt\cli\requires.py", line 178, in wrapper
    result, success = func(*args, **kwargs)
                      ~~~~^^^^^^^^^^^^^^^^^
  File "C:\Users\Admin\AppData\Local\Packages\PythonSoftwareFoundation.Python.3.13_qbz5n2kfra8p0\LocalCache\local-packages\Python313\site-packages\dbt\cli\requires.py", line 128, in wrapper
    return func(*args, **kwargs)
  File "C:\Users\Admin\AppData\Local\Packages\PythonSoftwareFoundation.Python.3.13_qbz5n2kfra8p0\LocalCache\local-packages\Python313\site-packages\dbt\cli\requires.py", line 272, in wrapper
    return func(*args, **kwargs)
  File "C:\Users\Admin\AppData\Local\Packages\PythonSoftwareFoundation.Python.3.13_qbz5n2kfra8p0\LocalCache\local-packages\Python313\site-packages\dbt\cli\requires.py", line 303, in wrapper
    return func(*args, **kwargs)
  File "C:\Users\Admin\AppData\Local\Packages\PythonSoftwareFoundation.Python.3.13_qbz5n2kfra8p0\LocalCache\local-packages\Python313\site-packages\dbt\cli\requires.py", line 373, in wrapper
    return func(*args, **kwargs)
  File "C:\Users\Admin\AppData\Local\Packages\PythonSoftwareFoundation.Python.3.13_qbz5n2kfra8p0\LocalCache\local-packages\Python313\site-packages\dbt\cli\requires.py", line 350, in wrapper
    return func(*args, **kwargs)
  File "C:\Users\Admin\AppData\Local\Packages\PythonSoftwareFoundation.Python.3.13_qbz5n2kfra8p0\LocalCache\local-packages\Python313\site-packages\dbt\cli\requires.py", line 389, in wrapper
    setup_manifest(ctx, write=write, write_perf_info=write_perf_info)
    ~~~~~~~~~~~~~~^^^^^^^^^^^^^^^^^^^^^^^^^^^^^^^^^^^^^^^^^^^^^^^^^^^
  File "C:\Users\Admin\AppData\Local\Packages\PythonSoftwareFoundation.Python.3.13_qbz5n2kfra8p0\LocalCache\local-packages\Python313\site-packages\dbt\cli\requires.py", line 416, in setup_manifest
    ctx.obj["manifest"] = parse_manifest(
                          ~~~~~~~~~~~~~~^
        runtime_config,
        ^^^^^^^^^^^^^^^
    ...<3 lines>...
        active_integrations,
        ^^^^^^^^^^^^^^^^^^^^
    )
    ^
  File "C:\Users\Admin\AppData\Local\Packages\PythonSoftwareFoundation.Python.3.13_qbz5n2kfra8p0\LocalCache\local-packages\Python313\site-packages\dbt\parser\manifest.py", line 2123, in parse_manifest
    manifest = ManifestLoader.get_full_manifest(
        runtime_config,
        write_perf_info=write_perf_info,
    )
  File "C:\Users\Admin\AppData\Local\Packages\PythonSoftwareFoundation.Python.3.13_qbz5n2kfra8p0\LocalCache\local-packages\Python313\site-packages\dbt\parser\manifest.py", line 320, in get_full_manifest
    manifest = loader.load()
  File "C:\Users\Admin\AppData\Local\Packages\PythonSoftwareFoundation.Python.3.13_qbz5n2kfra8p0\LocalCache\local-packages\Python313\site-packages\dbt\parser\manifest.py", line 367, in load
    file_reader.read_files()
    ~~~~~~~~~~~~~~~~~~~~~~^^
  File "C:\Users\Admin\AppData\Local\Packages\PythonSoftwareFoundation.Python.3.13_qbz5n2kfra8p0\LocalCache\local-packages\Python313\site-packages\dbt\parser\read_files.py", line 212, in read_files
    self.read_files_for_project(project, file_types)
    ~~~~~~~~~~~~~~~~~~~~~~~~~~~^^^^^^^^^^^^^^^^^^^^^
  File "C:\Users\Admin\AppData\Local\Packages\PythonSoftwareFoundation.Python.3.13_qbz5n2kfra8p0\LocalCache\local-packages\Python313\site-packages\dbt\parser\read_files.py", line 219, in read_files_for_project
    project_files[file_type_info["parser"]] = read_files_for_parser(
                                              ~~~~~~~~~~~~~~~~~~~~~^
        project,
        ^^^^^^^^
    ...<4 lines>...
        dbt_ignore_spec,
        ^^^^^^^^^^^^^^^^
    )
    ^
  File "C:\Users\Admin\AppData\Local\Packages\PythonSoftwareFoundation.Python.3.13_qbz5n2kfra8p0\LocalCache\local-packages\Python313\site-packages\dbt\parser\read_files.py", line 167, in read_files_for_parser
    source_files = get_source_files(
        project, dirs, extension, parse_ft, saved_files, ignore_spec
    )
  File "C:\Users\Admin\AppData\Local\Packages\PythonSoftwareFoundation.Python.3.13_qbz5n2kfra8p0\LocalCache\local-packages\Python313\site-packages\dbt\parser\read_files.py", line 148, in get_source_files
    fb_list.append(load_seed_source_file(fp, project.project_name))
                   ~~~~~~~~~~~~~~~~~~~~~^^^^^^^^^^^^^^^^^^^^^^^^^^
  File "C:\Users\Admin\AppData\Local\Packages\PythonSoftwareFoundation.Python.3.13_qbz5n2kfra8p0\LocalCache\local-packages\Python313\site-packages\dbt\parser\read_files.py", line 130, in load_seed_source_file
    file_contents = load_file_contents(match.absolute_path, strip=True)
  File "C:\Users\Admin\AppData\Local\Packages\PythonSoftwareFoundation.Python.3.13_qbz5n2kfra8p0\LocalCache\local-packages\Python313\site-packages\dbt_common\record.py", line 538, in record_replay_wrapper
    return func_to_record(*call_args, **kwargs)
  File "C:\Users\Admin\AppData\Local\Packages\PythonSoftwareFoundation.Python.3.13_qbz5n2kfra8p0\LocalCache\local-packages\Python313\site-packages\dbt_common\clients\system.py", line 183, in load_file_contents
    to_return = handle.read().decode("utf-8")
UnicodeDecodeError: 'utf-8' codec can't decode byte 0xf3 in position 1311: invalid continuation byte

[0m11:33:15.256728 [debug] [MainThread]: Command `dbt seed` failed at 11:33:15.256501 after 1.09 seconds
[0m11:33:15.257501 [debug] [MainThread]: Sending event: {'category': 'dbt', 'action': 'invocation', 'label': 'end', 'context': [<snowplow_tracker.self_describing_json.SelfDescribingJson object at 0x0000013A4192B4D0>, <snowplow_tracker.self_describing_json.SelfDescribingJson object at 0x0000013A4192B5C0>, <snowplow_tracker.self_describing_json.SelfDescribingJson object at 0x0000013A41497E70>]}
[0m11:33:15.258095 [debug] [MainThread]: Flushing usage events
[0m11:33:16.327455 [debug] [MainThread]: An error was encountered while trying to flush usage events
[0m11:37:02.176068 [debug] [MainThread]: Sending event: {'category': 'dbt', 'action': 'invocation', 'label': 'start', 'context': [<snowplow_tracker.self_describing_json.SelfDescribingJson object at 0x00000177120A0590>, <snowplow_tracker.self_describing_json.SelfDescribingJson object at 0x0000017712940690>, <snowplow_tracker.self_describing_json.SelfDescribingJson object at 0x0000017712F8FED0>]}


============================== 11:37:02.183149 | c228ead3-707d-441e-a58b-6880e5e68db7 ==============================
[0m11:37:02.183149 [info ] [MainThread]: Running with dbt=1.10.15
[0m11:37:02.184182 [debug] [MainThread]: running dbt with arguments {'write_json': 'True', 'no_print': 'None', 'cache_selected_only': 'False', 'invocation_command': 'dbt seed', 'log_format': 'default', 'warn_error': 'None', 'indirect_selection': 'eager', 'partial_parse': 'True', 'log_path': 'C:\\Users\\Admin\\Documents\\GitHub\\EDEM_MDA2526\\alumnos\\mdab\\SAUL_MARTINEZ\\DBT\\entregable_dbt\\logs', 'send_anonymous_usage_stats': 'True', 'fail_fast': 'False', 'warn_error_options': 'WarnErrorOptionsV2(error=[], warn=[], silence=[])', 'static_parser': 'True', 'version_check': 'True', 'use_experimental_parser': 'False', 'quiet': 'False', 'introspect': 'True', 'empty': 'None', 'log_cache_events': 'False', 'debug': 'False', 'profiles_dir': 'C:\\Users\\Admin\\.dbt', 'use_colors': 'True', 'printer_width': '80', 'target_path': 'None'}
[0m11:37:02.509891 [debug] [MainThread]: Sending event: {'category': 'dbt', 'action': 'project_id', 'label': 'c228ead3-707d-441e-a58b-6880e5e68db7', 'context': [<snowplow_tracker.self_describing_json.SelfDescribingJson object at 0x00000177122CCC30>]}
[0m11:37:02.598186 [debug] [MainThread]: Sending event: {'category': 'dbt', 'action': 'adapter_info', 'label': 'c228ead3-707d-441e-a58b-6880e5e68db7', 'context': [<snowplow_tracker.self_describing_json.SelfDescribingJson object at 0x0000017712E2FDF0>]}
[0m11:37:02.601549 [info ] [MainThread]: Registered adapter: duckdb=1.10.0
[0m11:37:03.001796 [debug] [MainThread]: checksum: 14a228079bd6df63ba81633f9a3cf44ecfaa31056ac397c602753ec895dbf885, vars: {}, profile: , target: , version: 1.10.15
[0m11:37:03.003339 [info ] [MainThread]: Unable to do partial parsing because saved manifest not found. Starting full parse.
[0m11:37:03.004198 [debug] [MainThread]: Sending event: {'category': 'dbt', 'action': 'partial_parser', 'label': 'c228ead3-707d-441e-a58b-6880e5e68db7', 'context': [<snowplow_tracker.self_describing_json.SelfDescribingJson object at 0x000001771406F450>]}
[0m11:37:06.550244 [debug] [MainThread]: Sending event: {'category': 'dbt', 'action': 'load_project', 'label': 'c228ead3-707d-441e-a58b-6880e5e68db7', 'context': [<snowplow_tracker.self_describing_json.SelfDescribingJson object at 0x00000177144F3E30>]}
[0m11:37:06.664289 [debug] [MainThread]: Wrote artifact WritableManifest to C:\Users\Admin\Documents\GitHub\EDEM_MDA2526\alumnos\mdab\SAUL_MARTINEZ\DBT\entregable_dbt\target\manifest.json
[0m11:37:06.707651 [debug] [MainThread]: Wrote artifact SemanticManifest to C:\Users\Admin\Documents\GitHub\EDEM_MDA2526\alumnos\mdab\SAUL_MARTINEZ\DBT\entregable_dbt\target\semantic_manifest.json
[0m11:37:06.836503 [debug] [MainThread]: Sending event: {'category': 'dbt', 'action': 'resource_counts', 'label': 'c228ead3-707d-441e-a58b-6880e5e68db7', 'context': [<snowplow_tracker.self_describing_json.SelfDescribingJson object at 0x000001771493C4B0>]}
[0m11:37:06.837309 [info ] [MainThread]: Found 2 models, 8 seeds, 4 data tests, 458 macros
[0m11:37:06.838025 [debug] [MainThread]: Sending event: {'category': 'dbt', 'action': 'runnable_timing', 'label': 'c228ead3-707d-441e-a58b-6880e5e68db7', 'context': [<snowplow_tracker.self_describing_json.SelfDescribingJson object at 0x0000017714547EE0>]}
[0m11:37:06.841726 [info ] [MainThread]: 
[0m11:37:06.842527 [info ] [MainThread]: Concurrency: 1 threads (target='dev')
[0m11:37:06.843256 [info ] [MainThread]: 
[0m11:37:06.844700 [debug] [MainThread]: Acquiring new duckdb connection 'master'
[0m11:37:06.853855 [debug] [ThreadPool]: Acquiring new duckdb connection 'list_dev'
[0m11:37:06.971658 [debug] [ThreadPool]: Using duckdb connection "list_dev"
[0m11:37:06.972241 [debug] [ThreadPool]: On list_dev: /* {"app": "dbt", "dbt_version": "1.10.15", "profile_name": "entregable_dbt", "target_name": "dev", "connection_name": "list_dev"} */

    
    select schema_name
    from system.information_schema.schemata
    
    where lower(catalog_name) = '"dev"'
    
  
  
[0m11:37:06.972665 [debug] [ThreadPool]: Opening a new connection, currently in state init
[0m11:37:07.057381 [debug] [ThreadPool]: SQL status: OK in 0.085 seconds
[0m11:37:07.059530 [debug] [ThreadPool]: On list_dev: Close
[0m11:37:07.060569 [debug] [ThreadPool]: Re-using an available connection from the pool (formerly list_dev, now create_dev_main)
[0m11:37:07.061216 [debug] [ThreadPool]: Creating schema "database: "dev"
schema: "main"
"
[0m11:37:07.069860 [debug] [ThreadPool]: Using duckdb connection "create_dev_main"
[0m11:37:07.070431 [debug] [ThreadPool]: On create_dev_main: /* {"app": "dbt", "dbt_version": "1.10.15", "profile_name": "entregable_dbt", "target_name": "dev", "connection_name": "create_dev_main"} */

    
        select type from duckdb_databases()
        where lower(database_name)='dev'
        and type='sqlite'
    
  
[0m11:37:07.070868 [debug] [ThreadPool]: Opening a new connection, currently in state closed
[0m11:37:07.072713 [debug] [ThreadPool]: SQL status: OK in 0.002 seconds
[0m11:37:07.074315 [debug] [ThreadPool]: Using duckdb connection "create_dev_main"
[0m11:37:07.074746 [debug] [ThreadPool]: On create_dev_main: BEGIN
[0m11:37:07.075494 [debug] [ThreadPool]: SQL status: OK in 0.000 seconds
[0m11:37:07.075928 [debug] [ThreadPool]: Using duckdb connection "create_dev_main"
[0m11:37:07.076337 [debug] [ThreadPool]: On create_dev_main: /* {"app": "dbt", "dbt_version": "1.10.15", "profile_name": "entregable_dbt", "target_name": "dev", "connection_name": "create_dev_main"} */

    
    
        create schema if not exists "dev"."main"
    
[0m11:37:07.077914 [debug] [ThreadPool]: SQL status: OK in 0.001 seconds
[0m11:37:07.079225 [debug] [ThreadPool]: On create_dev_main: COMMIT
[0m11:37:07.079691 [debug] [ThreadPool]: Using duckdb connection "create_dev_main"
[0m11:37:07.080086 [debug] [ThreadPool]: On create_dev_main: COMMIT
[0m11:37:07.080793 [debug] [ThreadPool]: SQL status: OK in 0.000 seconds
[0m11:37:07.081231 [debug] [ThreadPool]: On create_dev_main: Close
[0m11:37:07.084220 [debug] [ThreadPool]: Acquiring new duckdb connection 'list_dev_main'
[0m11:37:07.091153 [debug] [ThreadPool]: Using duckdb connection "list_dev_main"
[0m11:37:07.091619 [debug] [ThreadPool]: On list_dev_main: BEGIN
[0m11:37:07.092015 [debug] [ThreadPool]: Opening a new connection, currently in state init
[0m11:37:07.092840 [debug] [ThreadPool]: SQL status: OK in 0.001 seconds
[0m11:37:07.093270 [debug] [ThreadPool]: Using duckdb connection "list_dev_main"
[0m11:37:07.093757 [debug] [ThreadPool]: On list_dev_main: /* {"app": "dbt", "dbt_version": "1.10.15", "profile_name": "entregable_dbt", "target_name": "dev", "connection_name": "list_dev_main"} */
select
      'dev' as database,
      table_name as name,
      table_schema as schema,
      CASE table_type
        WHEN 'BASE TABLE' THEN 'table'
        WHEN 'VIEW' THEN 'view'
        WHEN 'LOCAL TEMPORARY' THEN 'table'
        END as type
    from system.information_schema.tables
    where lower(table_schema) = 'main'
    and lower(table_catalog) = 'dev'
  
[0m11:37:07.130559 [debug] [ThreadPool]: SQL status: OK in 0.036 seconds
[0m11:37:07.133072 [debug] [ThreadPool]: On list_dev_main: ROLLBACK
[0m11:37:07.154928 [debug] [ThreadPool]: Failed to rollback 'list_dev_main'
[0m11:37:07.155534 [debug] [ThreadPool]: On list_dev_main: Close
[0m11:37:07.157036 [debug] [MainThread]: Sending event: {'category': 'dbt', 'action': 'runnable_timing', 'label': 'c228ead3-707d-441e-a58b-6880e5e68db7', 'context': [<snowplow_tracker.self_describing_json.SelfDescribingJson object at 0x000001771465BE90>]}
[0m11:37:07.157699 [debug] [MainThread]: Using duckdb connection "master"
[0m11:37:07.158133 [debug] [MainThread]: On master: BEGIN
[0m11:37:07.158540 [debug] [MainThread]: Opening a new connection, currently in state init
[0m11:37:07.159805 [debug] [MainThread]: SQL status: OK in 0.001 seconds
[0m11:37:07.160513 [debug] [MainThread]: On master: COMMIT
[0m11:37:07.161254 [debug] [MainThread]: Using duckdb connection "master"
[0m11:37:07.161949 [debug] [MainThread]: On master: COMMIT
[0m11:37:07.163051 [debug] [MainThread]: SQL status: OK in 0.000 seconds
[0m11:37:07.163823 [debug] [MainThread]: On master: Close
[0m11:37:07.229805 [debug] [Thread-1 (]: Began running node seed.entregable_dbt.circuits
[0m11:37:07.230650 [info ] [Thread-1 (]: 1 of 8 START seed file main.circuits ........................................... [RUN]
[0m11:37:07.231729 [debug] [Thread-1 (]: Acquiring new duckdb connection 'seed.entregable_dbt.circuits'
[0m11:37:07.232261 [debug] [Thread-1 (]: Began compiling node seed.entregable_dbt.circuits
[0m11:37:07.232779 [debug] [Thread-1 (]: Began executing node seed.entregable_dbt.circuits
[0m11:37:07.278821 [debug] [Thread-1 (]: Using duckdb connection "seed.entregable_dbt.circuits"
[0m11:37:07.279475 [debug] [Thread-1 (]: On seed.entregable_dbt.circuits: BEGIN
[0m11:37:07.279952 [debug] [Thread-1 (]: Opening a new connection, currently in state init
[0m11:37:07.281337 [debug] [Thread-1 (]: SQL status: OK in 0.001 seconds
[0m11:37:07.281845 [debug] [Thread-1 (]: Using duckdb connection "seed.entregable_dbt.circuits"
[0m11:37:07.282341 [debug] [Thread-1 (]: On seed.entregable_dbt.circuits: /* {"app": "dbt", "dbt_version": "1.10.15", "profile_name": "entregable_dbt", "target_name": "dev", "node_id": "seed.entregable_dbt.circuits"} */

    create table "dev"."main"."circuits" ("circuit_id" text,"name" text,"lat" float8,"long" float8,"locality" text,"country" text,"Wikipedia_url " text)
  
[0m11:37:07.286465 [debug] [Thread-1 (]: SQL status: OK in 0.003 seconds
[0m11:37:07.303096 [debug] [Thread-1 (]: Using duckdb connection "seed.entregable_dbt.circuits"
[0m11:37:07.303716 [debug] [Thread-1 (]: On seed.entregable_dbt.circuits: 
          COPY "dev"."main"."circuits" FROM 'C:\Users\Admin\Documents\GitHub\EDEM_MDA2526\alumnos\mdab\SAUL_MARTINEZ\DBT\entregable_dbt\seeds\circuits.csv' (FORMAT CSV, HEADER TRUE, DELIMITER ',')
        ...
[0m11:37:07.325653 [debug] [Thread-1 (]: SQL status: OK in 0.021 seconds
[0m11:37:07.334345 [debug] [Thread-1 (]: Writing runtime SQL for node "seed.entregable_dbt.circuits"
[0m11:37:07.355885 [debug] [Thread-1 (]: On seed.entregable_dbt.circuits: COMMIT
[0m11:37:07.356519 [debug] [Thread-1 (]: Using duckdb connection "seed.entregable_dbt.circuits"
[0m11:37:07.357010 [debug] [Thread-1 (]: On seed.entregable_dbt.circuits: COMMIT
[0m11:37:07.361847 [debug] [Thread-1 (]: SQL status: OK in 0.004 seconds
[0m11:37:07.364658 [debug] [Thread-1 (]: On seed.entregable_dbt.circuits: Close
[0m11:37:07.378440 [debug] [Thread-1 (]: Sending event: {'category': 'dbt', 'action': 'run_model', 'label': 'c228ead3-707d-441e-a58b-6880e5e68db7', 'context': [<snowplow_tracker.self_describing_json.SelfDescribingJson object at 0x0000017714CFC100>]}
[0m11:37:07.379292 [info ] [Thread-1 (]: 1 of 8 OK loaded seed file main.circuits ....................................... [[32mINSERT 76[0m in 0.13s]
[0m11:37:07.380625 [debug] [Thread-1 (]: Finished running node seed.entregable_dbt.circuits
[0m11:37:07.381269 [debug] [Thread-1 (]: Began running node seed.entregable_dbt.constructor_standings
[0m11:37:07.382194 [info ] [Thread-1 (]: 2 of 8 START seed file main.constructor_standings .............................. [RUN]
[0m11:37:07.383207 [debug] [Thread-1 (]: Re-using an available connection from the pool (formerly seed.entregable_dbt.circuits, now seed.entregable_dbt.constructor_standings)
[0m11:37:07.383821 [debug] [Thread-1 (]: Began compiling node seed.entregable_dbt.constructor_standings
[0m11:37:07.384334 [debug] [Thread-1 (]: Began executing node seed.entregable_dbt.constructor_standings
[0m11:37:07.436303 [debug] [Thread-1 (]: Using duckdb connection "seed.entregable_dbt.constructor_standings"
[0m11:37:07.436971 [debug] [Thread-1 (]: On seed.entregable_dbt.constructor_standings: BEGIN
[0m11:37:07.437452 [debug] [Thread-1 (]: Opening a new connection, currently in state closed
[0m11:37:07.438675 [debug] [Thread-1 (]: SQL status: OK in 0.001 seconds
[0m11:37:07.439508 [debug] [Thread-1 (]: Using duckdb connection "seed.entregable_dbt.constructor_standings"
[0m11:37:07.440226 [debug] [Thread-1 (]: On seed.entregable_dbt.constructor_standings: /* {"app": "dbt", "dbt_version": "1.10.15", "profile_name": "entregable_dbt", "target_name": "dev", "node_id": "seed.entregable_dbt.constructor_standings"} */

    create table "dev"."main"."constructor_standings" ("season" integer,"round" integer,"constructor_id" text,"position" integer,"points" float8,"wins" integer)
  
[0m11:37:07.441502 [debug] [Thread-1 (]: SQL status: OK in 0.001 seconds
[0m11:37:07.443180 [debug] [Thread-1 (]: Using duckdb connection "seed.entregable_dbt.constructor_standings"
[0m11:37:07.443713 [debug] [Thread-1 (]: On seed.entregable_dbt.constructor_standings: 
          COPY "dev"."main"."constructor_standings" FROM 'C:\Users\Admin\Documents\GitHub\EDEM_MDA2526\alumnos\mdab\SAUL_MARTINEZ\DBT\entregable_dbt\seeds\constructor_standings.csv' (FORMAT CSV, HEADER TRUE, DELIMITER ',')
        ...
[0m11:37:07.458442 [debug] [Thread-1 (]: SQL status: OK in 0.014 seconds
[0m11:37:07.459507 [debug] [Thread-1 (]: Writing runtime SQL for node "seed.entregable_dbt.constructor_standings"
[0m11:37:07.462612 [debug] [Thread-1 (]: On seed.entregable_dbt.constructor_standings: COMMIT
[0m11:37:07.463162 [debug] [Thread-1 (]: Using duckdb connection "seed.entregable_dbt.constructor_standings"
[0m11:37:07.463653 [debug] [Thread-1 (]: On seed.entregable_dbt.constructor_standings: COMMIT
[0m11:37:07.468720 [debug] [Thread-1 (]: SQL status: OK in 0.004 seconds
[0m11:37:07.469976 [debug] [Thread-1 (]: On seed.entregable_dbt.constructor_standings: Close
[0m11:37:07.470868 [debug] [Thread-1 (]: Sending event: {'category': 'dbt', 'action': 'run_model', 'label': 'c228ead3-707d-441e-a58b-6880e5e68db7', 'context': [<snowplow_tracker.self_describing_json.SelfDescribingJson object at 0x0000017714D640F0>]}
[0m11:37:07.471700 [info ] [Thread-1 (]: 2 of 8 OK loaded seed file main.constructor_standings .......................... [[32mINSERT 1061[0m in 0.09s]
[0m11:37:07.472979 [debug] [Thread-1 (]: Finished running node seed.entregable_dbt.constructor_standings
[0m11:37:07.473583 [debug] [Thread-1 (]: Began running node seed.entregable_dbt.constructors
[0m11:37:07.474438 [info ] [Thread-1 (]: 3 of 8 START seed file main.constructors ....................................... [RUN]
[0m11:37:07.475426 [debug] [Thread-1 (]: Re-using an available connection from the pool (formerly seed.entregable_dbt.constructor_standings, now seed.entregable_dbt.constructors)
[0m11:37:07.476007 [debug] [Thread-1 (]: Began compiling node seed.entregable_dbt.constructors
[0m11:37:07.476504 [debug] [Thread-1 (]: Began executing node seed.entregable_dbt.constructors
[0m11:37:07.481965 [debug] [Thread-1 (]: Using duckdb connection "seed.entregable_dbt.constructors"
[0m11:37:07.482476 [debug] [Thread-1 (]: On seed.entregable_dbt.constructors: BEGIN
[0m11:37:07.482955 [debug] [Thread-1 (]: Opening a new connection, currently in state closed
[0m11:37:07.483956 [debug] [Thread-1 (]: SQL status: OK in 0.001 seconds
[0m11:37:07.484459 [debug] [Thread-1 (]: Using duckdb connection "seed.entregable_dbt.constructors"
[0m11:37:07.484969 [debug] [Thread-1 (]: On seed.entregable_dbt.constructors: /* {"app": "dbt", "dbt_version": "1.10.15", "profile_name": "entregable_dbt", "target_name": "dev", "node_id": "seed.entregable_dbt.constructors"} */

    create table "dev"."main"."constructors" ("constructor_id" text,"name" text,"nationality" text)
  
[0m11:37:07.486381 [debug] [Thread-1 (]: SQL status: OK in 0.001 seconds
[0m11:37:07.488374 [debug] [Thread-1 (]: Using duckdb connection "seed.entregable_dbt.constructors"
[0m11:37:07.488930 [debug] [Thread-1 (]: On seed.entregable_dbt.constructors: 
          COPY "dev"."main"."constructors" FROM 'C:\Users\Admin\Documents\GitHub\EDEM_MDA2526\alumnos\mdab\SAUL_MARTINEZ\DBT\entregable_dbt\seeds\constructors.csv' (FORMAT CSV, HEADER TRUE, DELIMITER ',')
        ...
[0m11:37:07.493927 [debug] [Thread-1 (]: SQL status: OK in 0.004 seconds
[0m11:37:07.495035 [debug] [Thread-1 (]: Writing runtime SQL for node "seed.entregable_dbt.constructors"
[0m11:37:07.498246 [debug] [Thread-1 (]: On seed.entregable_dbt.constructors: COMMIT
[0m11:37:07.498787 [debug] [Thread-1 (]: Using duckdb connection "seed.entregable_dbt.constructors"
[0m11:37:07.499277 [debug] [Thread-1 (]: On seed.entregable_dbt.constructors: COMMIT
[0m11:37:07.504930 [debug] [Thread-1 (]: SQL status: OK in 0.005 seconds
[0m11:37:07.506318 [debug] [Thread-1 (]: On seed.entregable_dbt.constructors: Close
[0m11:37:07.507060 [debug] [Thread-1 (]: Sending event: {'category': 'dbt', 'action': 'run_model', 'label': 'c228ead3-707d-441e-a58b-6880e5e68db7', 'context': [<snowplow_tracker.self_describing_json.SelfDescribingJson object at 0x0000017714E66C50>]}
[0m11:37:07.507785 [info ] [Thread-1 (]: 3 of 8 OK loaded seed file main.constructors ................................... [[32mINSERT 168[0m in 0.03s]
[0m11:37:07.509013 [debug] [Thread-1 (]: Finished running node seed.entregable_dbt.constructors
[0m11:37:07.509717 [debug] [Thread-1 (]: Began running node seed.entregable_dbt.driver_standings
[0m11:37:07.510652 [info ] [Thread-1 (]: 4 of 8 START seed file main.driver_standings ................................... [RUN]
[0m11:37:07.511608 [debug] [Thread-1 (]: Re-using an available connection from the pool (formerly seed.entregable_dbt.constructors, now seed.entregable_dbt.driver_standings)
[0m11:37:07.512184 [debug] [Thread-1 (]: Began compiling node seed.entregable_dbt.driver_standings
[0m11:37:07.512757 [debug] [Thread-1 (]: Began executing node seed.entregable_dbt.driver_standings
[0m11:37:07.654378 [debug] [Thread-1 (]: Using duckdb connection "seed.entregable_dbt.driver_standings"
[0m11:37:07.655053 [debug] [Thread-1 (]: On seed.entregable_dbt.driver_standings: BEGIN
[0m11:37:07.655531 [debug] [Thread-1 (]: Opening a new connection, currently in state closed
[0m11:37:07.656530 [debug] [Thread-1 (]: SQL status: OK in 0.001 seconds
[0m11:37:07.657070 [debug] [Thread-1 (]: Using duckdb connection "seed.entregable_dbt.driver_standings"
[0m11:37:07.657559 [debug] [Thread-1 (]: On seed.entregable_dbt.driver_standings: /* {"app": "dbt", "dbt_version": "1.10.15", "profile_name": "entregable_dbt", "target_name": "dev", "node_id": "seed.entregable_dbt.driver_standings"} */

    create table "dev"."main"."driver_standings" ("season" integer,"round" integer,"driver_id" text,"position" integer,"points" float8,"wins" integer)
  
[0m11:37:07.658691 [debug] [Thread-1 (]: SQL status: OK in 0.001 seconds
[0m11:37:07.660296 [debug] [Thread-1 (]: Using duckdb connection "seed.entregable_dbt.driver_standings"
[0m11:37:07.660800 [debug] [Thread-1 (]: On seed.entregable_dbt.driver_standings: 
          COPY "dev"."main"."driver_standings" FROM 'C:\Users\Admin\Documents\GitHub\EDEM_MDA2526\alumnos\mdab\SAUL_MARTINEZ\DBT\entregable_dbt\seeds\driver_standings.csv' (FORMAT CSV, HEADER TRUE, DELIMITER ',')
        ...
[0m11:37:07.678318 [debug] [Thread-1 (]: SQL status: OK in 0.017 seconds
[0m11:37:07.679430 [debug] [Thread-1 (]: Writing runtime SQL for node "seed.entregable_dbt.driver_standings"
[0m11:37:07.682655 [debug] [Thread-1 (]: On seed.entregable_dbt.driver_standings: COMMIT
[0m11:37:07.683188 [debug] [Thread-1 (]: Using duckdb connection "seed.entregable_dbt.driver_standings"
[0m11:37:07.683677 [debug] [Thread-1 (]: On seed.entregable_dbt.driver_standings: COMMIT
[0m11:37:07.687434 [debug] [Thread-1 (]: SQL status: OK in 0.003 seconds
[0m11:37:07.688826 [debug] [Thread-1 (]: On seed.entregable_dbt.driver_standings: Close
[0m11:37:07.689692 [debug] [Thread-1 (]: Sending event: {'category': 'dbt', 'action': 'run_model', 'label': 'c228ead3-707d-441e-a58b-6880e5e68db7', 'context': [<snowplow_tracker.self_describing_json.SelfDescribingJson object at 0x00000177147BE5F0>]}
[0m11:37:07.690452 [info ] [Thread-1 (]: 4 of 8 OK loaded seed file main.driver_standings ............................... [[32mINSERT 3131[0m in 0.18s]
[0m11:37:07.691606 [debug] [Thread-1 (]: Finished running node seed.entregable_dbt.driver_standings
[0m11:37:07.692216 [debug] [Thread-1 (]: Began running node seed.entregable_dbt.drivers
[0m11:37:07.693105 [info ] [Thread-1 (]: 5 of 8 START seed file main.drivers ............................................ [RUN]
[0m11:37:07.694085 [debug] [Thread-1 (]: Re-using an available connection from the pool (formerly seed.entregable_dbt.driver_standings, now seed.entregable_dbt.drivers)
[0m11:37:07.694986 [debug] [Thread-1 (]: Began compiling node seed.entregable_dbt.drivers
[0m11:37:07.695870 [debug] [Thread-1 (]: Began executing node seed.entregable_dbt.drivers
[0m11:37:07.721075 [debug] [Thread-1 (]: Using duckdb connection "seed.entregable_dbt.drivers"
[0m11:37:07.721887 [debug] [Thread-1 (]: On seed.entregable_dbt.drivers: BEGIN
[0m11:37:07.722405 [debug] [Thread-1 (]: Opening a new connection, currently in state closed
[0m11:37:07.723582 [debug] [Thread-1 (]: SQL status: OK in 0.001 seconds
[0m11:37:07.724114 [debug] [Thread-1 (]: Using duckdb connection "seed.entregable_dbt.drivers"
[0m11:37:07.724624 [debug] [Thread-1 (]: On seed.entregable_dbt.drivers: /* {"app": "dbt", "dbt_version": "1.10.15", "profile_name": "entregable_dbt", "target_name": "dev", "node_id": "seed.entregable_dbt.drivers"} */

    create table "dev"."main"."drivers" ("driver_id" text,"givenName" text,"familyName" text,"nationality" text,"dob" date)
  
[0m11:37:07.725725 [debug] [Thread-1 (]: SQL status: OK in 0.001 seconds
[0m11:37:07.727426 [debug] [Thread-1 (]: Using duckdb connection "seed.entregable_dbt.drivers"
[0m11:37:07.728074 [debug] [Thread-1 (]: On seed.entregable_dbt.drivers: 
          COPY "dev"."main"."drivers" FROM 'C:\Users\Admin\Documents\GitHub\EDEM_MDA2526\alumnos\mdab\SAUL_MARTINEZ\DBT\entregable_dbt\seeds\drivers.csv' (FORMAT CSV, HEADER TRUE, DELIMITER ',')
        ...
[0m11:37:07.799732 [debug] [Thread-1 (]: SQL status: OK in 0.071 seconds
[0m11:37:07.800850 [debug] [Thread-1 (]: Writing runtime SQL for node "seed.entregable_dbt.drivers"
[0m11:37:07.804808 [debug] [Thread-1 (]: On seed.entregable_dbt.drivers: COMMIT
[0m11:37:07.805513 [debug] [Thread-1 (]: Using duckdb connection "seed.entregable_dbt.drivers"
[0m11:37:07.806018 [debug] [Thread-1 (]: On seed.entregable_dbt.drivers: COMMIT
[0m11:37:07.809849 [debug] [Thread-1 (]: SQL status: OK in 0.003 seconds
[0m11:37:07.811633 [debug] [Thread-1 (]: On seed.entregable_dbt.drivers: Close
[0m11:37:07.812341 [debug] [Thread-1 (]: Sending event: {'category': 'dbt', 'action': 'run_model', 'label': 'c228ead3-707d-441e-a58b-6880e5e68db7', 'context': [<snowplow_tracker.self_describing_json.SelfDescribingJson object at 0x0000017714E53470>]}
[0m11:37:07.813054 [info ] [Thread-1 (]: 5 of 8 OK loaded seed file main.drivers ........................................ [[32mINSERT 616[0m in 0.12s]
[0m11:37:07.814285 [debug] [Thread-1 (]: Finished running node seed.entregable_dbt.drivers
[0m11:37:07.814857 [debug] [Thread-1 (]: Began running node seed.entregable_dbt.qualifying
[0m11:37:07.815538 [info ] [Thread-1 (]: 6 of 8 START seed file main.qualifying ......................................... [RUN]
[0m11:37:07.816440 [debug] [Thread-1 (]: Re-using an available connection from the pool (formerly seed.entregable_dbt.drivers, now seed.entregable_dbt.qualifying)
[0m11:37:07.816992 [debug] [Thread-1 (]: Began compiling node seed.entregable_dbt.qualifying
[0m11:37:07.817477 [debug] [Thread-1 (]: Began executing node seed.entregable_dbt.qualifying
[0m11:37:07.898179 [debug] [Thread-1 (]: Using duckdb connection "seed.entregable_dbt.qualifying"
[0m11:37:07.898855 [debug] [Thread-1 (]: On seed.entregable_dbt.qualifying: BEGIN
[0m11:37:07.899327 [debug] [Thread-1 (]: Opening a new connection, currently in state closed
[0m11:37:07.900330 [debug] [Thread-1 (]: SQL status: OK in 0.001 seconds
[0m11:37:07.900851 [debug] [Thread-1 (]: Using duckdb connection "seed.entregable_dbt.qualifying"
[0m11:37:07.901332 [debug] [Thread-1 (]: On seed.entregable_dbt.qualifying: /* {"app": "dbt", "dbt_version": "1.10.15", "profile_name": "entregable_dbt", "target_name": "dev", "node_id": "seed.entregable_dbt.qualifying"} */

    create table "dev"."main"."qualifying" ("race_id" integer,"driver_id" text,"constructor_id" text,"position" integer,"q1" text,"q2" text,"q3" text)
  
[0m11:37:07.902367 [debug] [Thread-1 (]: SQL status: OK in 0.001 seconds
[0m11:37:07.904321 [debug] [Thread-1 (]: Using duckdb connection "seed.entregable_dbt.qualifying"
[0m11:37:07.905124 [debug] [Thread-1 (]: On seed.entregable_dbt.qualifying: 
          COPY "dev"."main"."qualifying" FROM 'C:\Users\Admin\Documents\GitHub\EDEM_MDA2526\alumnos\mdab\SAUL_MARTINEZ\DBT\entregable_dbt\seeds\qualifying.csv' (FORMAT CSV, HEADER TRUE, DELIMITER ',')
        ...
[0m11:37:07.919842 [debug] [Thread-1 (]: SQL status: OK in 0.014 seconds
[0m11:37:07.921260 [debug] [Thread-1 (]: Writing runtime SQL for node "seed.entregable_dbt.qualifying"
[0m11:37:07.924749 [debug] [Thread-1 (]: On seed.entregable_dbt.qualifying: COMMIT
[0m11:37:07.925312 [debug] [Thread-1 (]: Using duckdb connection "seed.entregable_dbt.qualifying"
[0m11:37:07.925777 [debug] [Thread-1 (]: On seed.entregable_dbt.qualifying: COMMIT
[0m11:37:07.970852 [debug] [Thread-1 (]: SQL status: OK in 0.044 seconds
[0m11:37:07.972378 [debug] [Thread-1 (]: On seed.entregable_dbt.qualifying: Close
[0m11:37:07.973118 [debug] [Thread-1 (]: Sending event: {'category': 'dbt', 'action': 'run_model', 'label': 'c228ead3-707d-441e-a58b-6880e5e68db7', 'context': [<snowplow_tracker.self_describing_json.SelfDescribingJson object at 0x0000017714E53470>]}
[0m11:37:07.973853 [info ] [Thread-1 (]: 6 of 8 OK loaded seed file main.qualifying ..................................... [[32mINSERT 3017[0m in 0.16s]
[0m11:37:07.975186 [debug] [Thread-1 (]: Finished running node seed.entregable_dbt.qualifying
[0m11:37:07.975788 [debug] [Thread-1 (]: Began running node seed.entregable_dbt.races
[0m11:37:07.976521 [info ] [Thread-1 (]: 7 of 8 START seed file main.races .............................................. [RUN]
[0m11:37:07.977415 [debug] [Thread-1 (]: Re-using an available connection from the pool (formerly seed.entregable_dbt.qualifying, now seed.entregable_dbt.races)
[0m11:37:07.977997 [debug] [Thread-1 (]: Began compiling node seed.entregable_dbt.races
[0m11:37:07.978475 [debug] [Thread-1 (]: Began executing node seed.entregable_dbt.races
[0m11:37:08.104921 [debug] [Thread-1 (]: Using duckdb connection "seed.entregable_dbt.races"
[0m11:37:08.105663 [debug] [Thread-1 (]: On seed.entregable_dbt.races: BEGIN
[0m11:37:08.106193 [debug] [Thread-1 (]: Opening a new connection, currently in state closed
[0m11:37:08.107385 [debug] [Thread-1 (]: SQL status: OK in 0.001 seconds
[0m11:37:08.107909 [debug] [Thread-1 (]: Using duckdb connection "seed.entregable_dbt.races"
[0m11:37:08.108402 [debug] [Thread-1 (]: On seed.entregable_dbt.races: /* {"app": "dbt", "dbt_version": "1.10.15", "profile_name": "entregable_dbt", "target_name": "dev", "node_id": "seed.entregable_dbt.races"} */

    create table "dev"."main"."races" ("race_id" integer,"season" integer,"round" integer,"race_name" text,"date" date,"time" text,"circuit_id" text)
  
[0m11:37:08.109419 [debug] [Thread-1 (]: SQL status: OK in 0.001 seconds
[0m11:37:08.111157 [debug] [Thread-1 (]: Using duckdb connection "seed.entregable_dbt.races"
[0m11:37:08.111679 [debug] [Thread-1 (]: On seed.entregable_dbt.races: 
          COPY "dev"."main"."races" FROM 'C:\Users\Admin\Documents\GitHub\EDEM_MDA2526\alumnos\mdab\SAUL_MARTINEZ\DBT\entregable_dbt\seeds\races.csv' (FORMAT CSV, HEADER TRUE, DELIMITER ',')
        ...
[0m11:37:08.214855 [debug] [Thread-1 (]: SQL status: OK in 0.103 seconds
[0m11:37:08.215967 [debug] [Thread-1 (]: Writing runtime SQL for node "seed.entregable_dbt.races"
[0m11:37:08.219017 [debug] [Thread-1 (]: On seed.entregable_dbt.races: COMMIT
[0m11:37:08.219598 [debug] [Thread-1 (]: Using duckdb connection "seed.entregable_dbt.races"
[0m11:37:08.220129 [debug] [Thread-1 (]: On seed.entregable_dbt.races: COMMIT
[0m11:37:08.263419 [debug] [Thread-1 (]: SQL status: OK in 0.043 seconds
[0m11:37:08.264549 [debug] [Thread-1 (]: On seed.entregable_dbt.races: Close
[0m11:37:08.265272 [debug] [Thread-1 (]: Sending event: {'category': 'dbt', 'action': 'run_model', 'label': 'c228ead3-707d-441e-a58b-6880e5e68db7', 'context': [<snowplow_tracker.self_describing_json.SelfDescribingJson object at 0x0000017714E53470>]}
[0m11:37:08.265972 [info ] [Thread-1 (]: 7 of 8 OK loaded seed file main.races .......................................... [[32mINSERT 1149[0m in 0.29s]
[0m11:37:08.267607 [debug] [Thread-1 (]: Finished running node seed.entregable_dbt.races
[0m11:37:08.268323 [debug] [Thread-1 (]: Began running node seed.entregable_dbt.results
[0m11:37:08.269215 [info ] [Thread-1 (]: 8 of 8 START seed file main.results ............................................ [RUN]
[0m11:37:08.270261 [debug] [Thread-1 (]: Re-using an available connection from the pool (formerly seed.entregable_dbt.races, now seed.entregable_dbt.results)
[0m11:37:08.270861 [debug] [Thread-1 (]: Began compiling node seed.entregable_dbt.results
[0m11:37:08.271359 [debug] [Thread-1 (]: Began executing node seed.entregable_dbt.results
[0m11:37:08.632197 [debug] [Thread-1 (]: Using duckdb connection "seed.entregable_dbt.results"
[0m11:37:08.632874 [debug] [Thread-1 (]: On seed.entregable_dbt.results: BEGIN
[0m11:37:08.633343 [debug] [Thread-1 (]: Opening a new connection, currently in state closed
[0m11:37:08.634540 [debug] [Thread-1 (]: SQL status: OK in 0.001 seconds
[0m11:37:08.635223 [debug] [Thread-1 (]: Using duckdb connection "seed.entregable_dbt.results"
[0m11:37:08.636203 [debug] [Thread-1 (]: On seed.entregable_dbt.results: /* {"app": "dbt", "dbt_version": "1.10.15", "profile_name": "entregable_dbt", "target_name": "dev", "node_id": "seed.entregable_dbt.results"} */

    create table "dev"."main"."results" ("race_id" integer,"driver_id" text,"constructor_id" text,"grid" integer,"position" text,"position_order" integer,"points" float8,"laps" integer,"status" text)
  
[0m11:37:08.637942 [debug] [Thread-1 (]: SQL status: OK in 0.001 seconds
[0m11:37:08.639765 [debug] [Thread-1 (]: Using duckdb connection "seed.entregable_dbt.results"
[0m11:37:08.640287 [debug] [Thread-1 (]: On seed.entregable_dbt.results: 
          COPY "dev"."main"."results" FROM 'C:\Users\Admin\Documents\GitHub\EDEM_MDA2526\alumnos\mdab\SAUL_MARTINEZ\DBT\entregable_dbt\seeds\results.csv' (FORMAT CSV, HEADER TRUE, DELIMITER ',')
        ...
[0m11:37:08.676083 [debug] [Thread-1 (]: SQL status: OK in 0.035 seconds
[0m11:37:08.677192 [debug] [Thread-1 (]: Writing runtime SQL for node "seed.entregable_dbt.results"
[0m11:37:08.721515 [debug] [Thread-1 (]: On seed.entregable_dbt.results: COMMIT
[0m11:37:08.722191 [debug] [Thread-1 (]: Using duckdb connection "seed.entregable_dbt.results"
[0m11:37:08.722675 [debug] [Thread-1 (]: On seed.entregable_dbt.results: COMMIT
[0m11:37:08.728644 [debug] [Thread-1 (]: SQL status: OK in 0.005 seconds
[0m11:37:08.729882 [debug] [Thread-1 (]: On seed.entregable_dbt.results: Close
[0m11:37:08.730609 [debug] [Thread-1 (]: Sending event: {'category': 'dbt', 'action': 'run_model', 'label': 'c228ead3-707d-441e-a58b-6880e5e68db7', 'context': [<snowplow_tracker.self_describing_json.SelfDescribingJson object at 0x0000017714E53470>]}
[0m11:37:08.731313 [info ] [Thread-1 (]: 8 of 8 OK loaded seed file main.results ........................................ [[32mINSERT 7600[0m in 0.46s]
[0m11:37:08.732668 [debug] [Thread-1 (]: Finished running node seed.entregable_dbt.results
[0m11:37:08.734672 [debug] [MainThread]: Using duckdb connection "master"
[0m11:37:08.735119 [debug] [MainThread]: On master: BEGIN
[0m11:37:08.735526 [debug] [MainThread]: Opening a new connection, currently in state closed
[0m11:37:08.736702 [debug] [MainThread]: SQL status: OK in 0.001 seconds
[0m11:37:08.737451 [debug] [MainThread]: On master: COMMIT
[0m11:37:08.737983 [debug] [MainThread]: Using duckdb connection "master"
[0m11:37:08.738433 [debug] [MainThread]: On master: COMMIT
[0m11:37:08.739212 [debug] [MainThread]: SQL status: OK in 0.000 seconds
[0m11:37:08.739651 [debug] [MainThread]: On master: Close
[0m11:37:08.740214 [debug] [MainThread]: Connection 'master' was properly closed.
[0m11:37:08.740599 [debug] [MainThread]: Connection 'create_dev_main' was properly closed.
[0m11:37:08.740971 [debug] [MainThread]: Connection 'list_dev_main' was properly closed.
[0m11:37:08.741313 [debug] [MainThread]: Connection 'seed.entregable_dbt.results' was properly closed.
[0m11:37:08.741758 [info ] [MainThread]: 
[0m11:37:08.742615 [info ] [MainThread]: Finished running 8 seeds in 0 hours 0 minutes and 1.90 seconds (1.90s).
[0m11:37:08.746433 [debug] [MainThread]: Command end result
[0m11:37:08.781505 [debug] [MainThread]: Wrote artifact WritableManifest to C:\Users\Admin\Documents\GitHub\EDEM_MDA2526\alumnos\mdab\SAUL_MARTINEZ\DBT\entregable_dbt\target\manifest.json
[0m11:37:08.785022 [debug] [MainThread]: Wrote artifact SemanticManifest to C:\Users\Admin\Documents\GitHub\EDEM_MDA2526\alumnos\mdab\SAUL_MARTINEZ\DBT\entregable_dbt\target\semantic_manifest.json
[0m11:37:08.795429 [debug] [MainThread]: Wrote artifact RunExecutionResult to C:\Users\Admin\Documents\GitHub\EDEM_MDA2526\alumnos\mdab\SAUL_MARTINEZ\DBT\entregable_dbt\target\run_results.json
[0m11:37:08.796177 [info ] [MainThread]: 
[0m11:37:08.797104 [info ] [MainThread]: [32mCompleted successfully[0m
[0m11:37:08.797882 [info ] [MainThread]: 
[0m11:37:08.798685 [info ] [MainThread]: Done. PASS=8 WARN=0 ERROR=0 SKIP=0 NO-OP=0 TOTAL=8
[0m11:37:08.800057 [debug] [MainThread]: Command `dbt seed` succeeded at 11:37:08.799902 after 6.79 seconds
[0m11:37:08.800598 [debug] [MainThread]: Sending event: {'category': 'dbt', 'action': 'invocation', 'label': 'end', 'context': [<snowplow_tracker.self_describing_json.SelfDescribingJson object at 0x0000017714E535F0>, <snowplow_tracker.self_describing_json.SelfDescribingJson object at 0x0000017711F13050>, <snowplow_tracker.self_describing_json.SelfDescribingJson object at 0x0000017714D12870>]}
[0m11:37:08.801121 [debug] [MainThread]: Flushing usage events
[0m11:37:09.909787 [debug] [MainThread]: An error was encountered while trying to flush usage events
[0m12:51:44.557120 [debug] [MainThread]: Sending event: {'category': 'dbt', 'action': 'invocation', 'label': 'start', 'context': [<snowplow_tracker.self_describing_json.SelfDescribingJson object at 0x000001F8E50C0590>, <snowplow_tracker.self_describing_json.SelfDescribingJson object at 0x000001F8E5960690>, <snowplow_tracker.self_describing_json.SelfDescribingJson object at 0x000001F8E708FED0>]}


============================== 12:51:44.564861 | 71fe04dc-b2a8-4b59-9d34-b48297dd9475 ==============================
[0m12:51:44.564861 [info ] [MainThread]: Running with dbt=1.10.15
[0m12:51:44.566104 [debug] [MainThread]: running dbt with arguments {'printer_width': '80', 'no_print': 'None', 'write_json': 'True', 'profiles_dir': 'C:\\Users\\Admin\\.dbt', 'invocation_command': 'dbt run', 'warn_error': 'None', 'log_path': 'C:\\Users\\Admin\\Documents\\GitHub\\EDEM_MDA2526\\alumnos\\mdab\\SAUL_MARTINEZ\\DBT\\entregable_dbt\\logs', 'fail_fast': 'False', 'indirect_selection': 'eager', 'send_anonymous_usage_stats': 'True', 'static_parser': 'True', 'warn_error_options': 'WarnErrorOptionsV2(error=[], warn=[], silence=[])', 'partial_parse': 'True', 'version_check': 'True', 'use_experimental_parser': 'False', 'quiet': 'False', 'introspect': 'True', 'empty': 'False', 'log_cache_events': 'False', 'debug': 'False', 'log_format': 'default', 'use_colors': 'True', 'cache_selected_only': 'False', 'target_path': 'None'}
[0m12:51:44.903593 [debug] [MainThread]: Sending event: {'category': 'dbt', 'action': 'project_id', 'label': '71fe04dc-b2a8-4b59-9d34-b48297dd9475', 'context': [<snowplow_tracker.self_describing_json.SelfDescribingJson object at 0x000001F8E52ECC30>]}
[0m12:51:44.990178 [debug] [MainThread]: Sending event: {'category': 'dbt', 'action': 'adapter_info', 'label': '71fe04dc-b2a8-4b59-9d34-b48297dd9475', 'context': [<snowplow_tracker.self_describing_json.SelfDescribingJson object at 0x000001F8E5E4FBD0>]}
[0m12:51:44.993459 [info ] [MainThread]: Registered adapter: duckdb=1.10.0
[0m12:51:45.399556 [debug] [MainThread]: checksum: 14a228079bd6df63ba81633f9a3cf44ecfaa31056ac397c602753ec895dbf885, vars: {}, profile: , target: , version: 1.10.15
[0m12:51:45.555810 [info ] [MainThread]: Unable to do partial parsing because a project config has changed
[0m12:51:45.556981 [debug] [MainThread]: Sending event: {'category': 'dbt', 'action': 'partial_parser', 'label': '71fe04dc-b2a8-4b59-9d34-b48297dd9475', 'context': [<snowplow_tracker.self_describing_json.SelfDescribingJson object at 0x000001F8E7509F50>]}
[0m12:51:47.358643 [warn ] [MainThread]: [[33mWARNING[0m]: Configuration paths exist in your dbt_project.yml file which do not apply to any resources.
There are 2 unused configuration paths:
- models.entregable_dbt.intermediate
- models.entregable_dbt.marts
[0m12:51:47.365864 [debug] [MainThread]: Sending event: {'category': 'dbt', 'action': 'load_project', 'label': '71fe04dc-b2a8-4b59-9d34-b48297dd9475', 'context': [<snowplow_tracker.self_describing_json.SelfDescribingJson object at 0x000001F8E7695A90>]}
[0m12:51:47.467437 [debug] [MainThread]: Wrote artifact WritableManifest to C:\Users\Admin\Documents\GitHub\EDEM_MDA2526\alumnos\mdab\SAUL_MARTINEZ\DBT\entregable_dbt\target\manifest.json
[0m12:51:47.470813 [debug] [MainThread]: Wrote artifact SemanticManifest to C:\Users\Admin\Documents\GitHub\EDEM_MDA2526\alumnos\mdab\SAUL_MARTINEZ\DBT\entregable_dbt\target\semantic_manifest.json
[0m12:51:47.502007 [debug] [MainThread]: Sending event: {'category': 'dbt', 'action': 'resource_counts', 'label': '71fe04dc-b2a8-4b59-9d34-b48297dd9475', 'context': [<snowplow_tracker.self_describing_json.SelfDescribingJson object at 0x000001F8E766F4D0>]}
[0m12:51:47.502729 [info ] [MainThread]: Found 8 models, 8 seeds, 458 macros
[0m12:51:47.503540 [debug] [MainThread]: Sending event: {'category': 'dbt', 'action': 'runnable_timing', 'label': '71fe04dc-b2a8-4b59-9d34-b48297dd9475', 'context': [<snowplow_tracker.self_describing_json.SelfDescribingJson object at 0x000001F8E76FB2B0>]}
[0m12:51:47.506605 [info ] [MainThread]: 
[0m12:51:47.507292 [info ] [MainThread]: Concurrency: 1 threads (target='dev')
[0m12:51:47.508062 [info ] [MainThread]: 
[0m12:51:47.509221 [debug] [MainThread]: Acquiring new duckdb connection 'master'
[0m12:51:47.517067 [debug] [ThreadPool]: Acquiring new duckdb connection 'list_dev'
[0m12:51:47.633404 [debug] [ThreadPool]: Using duckdb connection "list_dev"
[0m12:51:47.633970 [debug] [ThreadPool]: On list_dev: /* {"app": "dbt", "dbt_version": "1.10.15", "profile_name": "entregable_dbt", "target_name": "dev", "connection_name": "list_dev"} */

    
    select schema_name
    from system.information_schema.schemata
    
    where lower(catalog_name) = '"dev"'
    
  
  
[0m12:51:47.634406 [debug] [ThreadPool]: Opening a new connection, currently in state init
[0m12:51:47.700843 [debug] [ThreadPool]: SQL status: OK in 0.066 seconds
[0m12:51:47.702699 [debug] [ThreadPool]: On list_dev: Close
[0m12:51:47.703696 [debug] [ThreadPool]: Re-using an available connection from the pool (formerly list_dev, now create_dev_main)
[0m12:51:47.704334 [debug] [ThreadPool]: Creating schema "database: "dev"
schema: "main"
"
[0m12:51:47.712730 [debug] [ThreadPool]: Using duckdb connection "create_dev_main"
[0m12:51:47.713202 [debug] [ThreadPool]: On create_dev_main: /* {"app": "dbt", "dbt_version": "1.10.15", "profile_name": "entregable_dbt", "target_name": "dev", "connection_name": "create_dev_main"} */

    
        select type from duckdb_databases()
        where lower(database_name)='dev'
        and type='sqlite'
    
  
[0m12:51:47.713633 [debug] [ThreadPool]: Opening a new connection, currently in state closed
[0m12:51:47.715012 [debug] [ThreadPool]: SQL status: OK in 0.001 seconds
[0m12:51:47.716608 [debug] [ThreadPool]: Using duckdb connection "create_dev_main"
[0m12:51:47.717029 [debug] [ThreadPool]: On create_dev_main: BEGIN
[0m12:51:47.717813 [debug] [ThreadPool]: SQL status: OK in 0.000 seconds
[0m12:51:47.718583 [debug] [ThreadPool]: Using duckdb connection "create_dev_main"
[0m12:51:47.719121 [debug] [ThreadPool]: On create_dev_main: /* {"app": "dbt", "dbt_version": "1.10.15", "profile_name": "entregable_dbt", "target_name": "dev", "connection_name": "create_dev_main"} */

    
    
        create schema if not exists "dev"."main"
    
[0m12:51:47.719967 [debug] [ThreadPool]: SQL status: OK in 0.000 seconds
[0m12:51:47.721040 [debug] [ThreadPool]: On create_dev_main: COMMIT
[0m12:51:47.721488 [debug] [ThreadPool]: Using duckdb connection "create_dev_main"
[0m12:51:47.721889 [debug] [ThreadPool]: On create_dev_main: COMMIT
[0m12:51:47.722639 [debug] [ThreadPool]: SQL status: OK in 0.000 seconds
[0m12:51:47.723199 [debug] [ThreadPool]: On create_dev_main: Close
[0m12:51:47.727161 [debug] [ThreadPool]: Acquiring new duckdb connection 'list_dev_main'
[0m12:51:47.734485 [debug] [ThreadPool]: Using duckdb connection "list_dev_main"
[0m12:51:47.734942 [debug] [ThreadPool]: On list_dev_main: BEGIN
[0m12:51:47.735331 [debug] [ThreadPool]: Opening a new connection, currently in state init
[0m12:51:47.736166 [debug] [ThreadPool]: SQL status: OK in 0.001 seconds
[0m12:51:47.736600 [debug] [ThreadPool]: Using duckdb connection "list_dev_main"
[0m12:51:47.737011 [debug] [ThreadPool]: On list_dev_main: /* {"app": "dbt", "dbt_version": "1.10.15", "profile_name": "entregable_dbt", "target_name": "dev", "connection_name": "list_dev_main"} */
select
      'dev' as database,
      table_name as name,
      table_schema as schema,
      CASE table_type
        WHEN 'BASE TABLE' THEN 'table'
        WHEN 'VIEW' THEN 'view'
        WHEN 'LOCAL TEMPORARY' THEN 'table'
        END as type
    from system.information_schema.tables
    where lower(table_schema) = 'main'
    and lower(table_catalog) = 'dev'
  
[0m12:51:47.757760 [debug] [ThreadPool]: SQL status: OK in 0.020 seconds
[0m12:51:47.759602 [debug] [ThreadPool]: On list_dev_main: ROLLBACK
[0m12:51:47.761362 [debug] [ThreadPool]: Failed to rollback 'list_dev_main'
[0m12:51:47.761935 [debug] [ThreadPool]: On list_dev_main: Close
[0m12:51:47.765003 [debug] [MainThread]: Sending event: {'category': 'dbt', 'action': 'runnable_timing', 'label': '71fe04dc-b2a8-4b59-9d34-b48297dd9475', 'context': [<snowplow_tracker.self_describing_json.SelfDescribingJson object at 0x000001F8E78C5D90>]}
[0m12:51:47.765673 [debug] [MainThread]: Using duckdb connection "master"
[0m12:51:47.766136 [debug] [MainThread]: On master: BEGIN
[0m12:51:47.766519 [debug] [MainThread]: Opening a new connection, currently in state init
[0m12:51:47.767300 [debug] [MainThread]: SQL status: OK in 0.001 seconds
[0m12:51:47.767722 [debug] [MainThread]: On master: COMMIT
[0m12:51:47.768148 [debug] [MainThread]: Using duckdb connection "master"
[0m12:51:47.768544 [debug] [MainThread]: On master: COMMIT
[0m12:51:47.769267 [debug] [MainThread]: SQL status: OK in 0.000 seconds
[0m12:51:47.769689 [debug] [MainThread]: On master: Close
[0m12:51:47.775000 [debug] [Thread-1 (]: Began running node model.entregable_dbt.stg_circuits
[0m12:51:47.775719 [info ] [Thread-1 (]: 1 of 8 START sql view model main.stg_circuits .................................. [RUN]
[0m12:51:47.776784 [debug] [Thread-1 (]: Acquiring new duckdb connection 'model.entregable_dbt.stg_circuits'
[0m12:51:47.777337 [debug] [Thread-1 (]: Began compiling node model.entregable_dbt.stg_circuits
[0m12:51:47.786549 [debug] [Thread-1 (]: Writing injected SQL for node "model.entregable_dbt.stg_circuits"
[0m12:51:47.789938 [debug] [Thread-1 (]: Began executing node model.entregable_dbt.stg_circuits
[0m12:51:47.839115 [debug] [Thread-1 (]: Writing runtime sql for node "model.entregable_dbt.stg_circuits"
[0m12:51:47.881705 [debug] [Thread-1 (]: Using duckdb connection "model.entregable_dbt.stg_circuits"
[0m12:51:47.882460 [debug] [Thread-1 (]: On model.entregable_dbt.stg_circuits: BEGIN
[0m12:51:47.882963 [debug] [Thread-1 (]: Opening a new connection, currently in state init
[0m12:51:47.884377 [debug] [Thread-1 (]: SQL status: OK in 0.001 seconds
[0m12:51:47.884921 [debug] [Thread-1 (]: Using duckdb connection "model.entregable_dbt.stg_circuits"
[0m12:51:47.885448 [debug] [Thread-1 (]: On model.entregable_dbt.stg_circuits: /* {"app": "dbt", "dbt_version": "1.10.15", "profile_name": "entregable_dbt", "target_name": "dev", "node_id": "model.entregable_dbt.stg_circuits"} */

  
  create view "dev"."main"."stg_circuits__dbt_tmp" as (
    with source as (
    select * from "dev"."main"."circuits"
),

renamed as (
    select
        circuit_id,
        name as circuit_name,
        -- Convertir lat/long a float por si acaso
        cast(lat as double) as latitude,
        cast(long as double) as longitude,
        locality as city,
        country,
        "Wikipedia_url" as wikipedia_url -- Quitamos mayúsculas
    from source
)

select * from renamed
  );

[0m12:51:47.899202 [debug] [Thread-1 (]: DuckDB adapter: Error running SQL: /* {"app": "dbt", "dbt_version": "1.10.15", "profile_name": "entregable_dbt", "target_name": "dev", "node_id": "model.entregable_dbt.stg_circuits"} */

  
  create view "dev"."main"."stg_circuits__dbt_tmp" as (
    with source as (
    select * from "dev"."main"."circuits"
),

renamed as (
    select
        circuit_id,
        name as circuit_name,
        -- Convertir lat/long a float por si acaso
        cast(lat as double) as latitude,
        cast(long as double) as longitude,
        locality as city,
        country,
        "Wikipedia_url" as wikipedia_url -- Quitamos mayúsculas
    from source
)

select * from renamed
  );

[0m12:51:47.900019 [debug] [Thread-1 (]: DuckDB adapter: Rolling back transaction.
[0m12:51:47.900818 [debug] [Thread-1 (]: On model.entregable_dbt.stg_circuits: ROLLBACK
[0m12:51:48.054670 [debug] [Thread-1 (]: Failed to rollback 'model.entregable_dbt.stg_circuits'
[0m12:51:48.055356 [debug] [Thread-1 (]: On model.entregable_dbt.stg_circuits: Close
[0m12:51:48.061762 [debug] [Thread-1 (]: Runtime Error in model stg_circuits (models\staging\stg_circuits.sql)
  Binder Error: Column "Wikipedia_url" referenced that exists in the SELECT clause - but this column cannot be referenced before it is defined
[0m12:51:48.064286 [debug] [Thread-1 (]: Sending event: {'category': 'dbt', 'action': 'run_model', 'label': '71fe04dc-b2a8-4b59-9d34-b48297dd9475', 'context': [<snowplow_tracker.self_describing_json.SelfDescribingJson object at 0x000001F8E7B70B50>]}
[0m12:51:48.065328 [error] [Thread-1 (]: 1 of 8 ERROR creating sql view model main.stg_circuits ......................... [[31mERROR[0m in 0.29s]
[0m12:51:48.066686 [debug] [Thread-1 (]: Finished running node model.entregable_dbt.stg_circuits
[0m12:51:48.067413 [debug] [Thread-1 (]: Began running node model.entregable_dbt.stg_constructor_standings
[0m12:51:48.068285 [debug] [Thread-4 (]: Marking all children of 'model.entregable_dbt.stg_circuits' to be skipped because of status 'error'.  Reason: Runtime Error in model stg_circuits (models\staging\stg_circuits.sql)
  Binder Error: Column "Wikipedia_url" referenced that exists in the SELECT clause - but this column cannot be referenced before it is defined.
[0m12:51:48.069110 [info ] [Thread-1 (]: 2 of 8 START sql view model main.stg_constructor_standings ..................... [RUN]
[0m12:51:48.071065 [debug] [Thread-1 (]: Re-using an available connection from the pool (formerly model.entregable_dbt.stg_circuits, now model.entregable_dbt.stg_constructor_standings)
[0m12:51:48.071596 [debug] [Thread-1 (]: Began compiling node model.entregable_dbt.stg_constructor_standings
[0m12:51:48.074840 [debug] [Thread-1 (]: Writing injected SQL for node "model.entregable_dbt.stg_constructor_standings"
[0m12:51:48.076269 [debug] [Thread-1 (]: Began executing node model.entregable_dbt.stg_constructor_standings
[0m12:51:48.081017 [debug] [Thread-1 (]: Writing runtime sql for node "model.entregable_dbt.stg_constructor_standings"
[0m12:51:48.082746 [debug] [Thread-1 (]: Using duckdb connection "model.entregable_dbt.stg_constructor_standings"
[0m12:51:48.083262 [debug] [Thread-1 (]: On model.entregable_dbt.stg_constructor_standings: BEGIN
[0m12:51:48.083787 [debug] [Thread-1 (]: Opening a new connection, currently in state closed
[0m12:51:48.084948 [debug] [Thread-1 (]: SQL status: OK in 0.001 seconds
[0m12:51:48.085615 [debug] [Thread-1 (]: Using duckdb connection "model.entregable_dbt.stg_constructor_standings"
[0m12:51:48.086193 [debug] [Thread-1 (]: On model.entregable_dbt.stg_constructor_standings: /* {"app": "dbt", "dbt_version": "1.10.15", "profile_name": "entregable_dbt", "target_name": "dev", "node_id": "model.entregable_dbt.stg_constructor_standings"} */

  
  create view "dev"."main"."stg_constructor_standings__dbt_tmp" as (
    with source as (
    select * from "dev"."main"."constructor_standings"
),

renamed as (
    select
        constructor_id,
        cast(season as integer) as season,
        cast(round as integer) as round,
        cast(position as integer) as position,
        cast(points as double) as points,
        cast(wins as integer) as wins
    from source
)

select * from renamed
  );

[0m12:51:48.088099 [debug] [Thread-1 (]: SQL status: OK in 0.001 seconds
[0m12:51:48.096675 [debug] [Thread-1 (]: Using duckdb connection "model.entregable_dbt.stg_constructor_standings"
[0m12:51:48.097266 [debug] [Thread-1 (]: On model.entregable_dbt.stg_constructor_standings: /* {"app": "dbt", "dbt_version": "1.10.15", "profile_name": "entregable_dbt", "target_name": "dev", "node_id": "model.entregable_dbt.stg_constructor_standings"} */
alter view "dev"."main"."stg_constructor_standings__dbt_tmp" rename to "stg_constructor_standings"
[0m12:51:48.098622 [debug] [Thread-1 (]: SQL status: OK in 0.001 seconds
[0m12:51:48.113227 [debug] [Thread-1 (]: On model.entregable_dbt.stg_constructor_standings: COMMIT
[0m12:51:48.113860 [debug] [Thread-1 (]: Using duckdb connection "model.entregable_dbt.stg_constructor_standings"
[0m12:51:48.114331 [debug] [Thread-1 (]: On model.entregable_dbt.stg_constructor_standings: COMMIT
[0m12:51:48.118601 [debug] [Thread-1 (]: SQL status: OK in 0.004 seconds
[0m12:51:48.126910 [debug] [Thread-1 (]: Using duckdb connection "model.entregable_dbt.stg_constructor_standings"
[0m12:51:48.127473 [debug] [Thread-1 (]: On model.entregable_dbt.stg_constructor_standings: /* {"app": "dbt", "dbt_version": "1.10.15", "profile_name": "entregable_dbt", "target_name": "dev", "node_id": "model.entregable_dbt.stg_constructor_standings"} */

      drop view if exists "dev"."main"."stg_constructor_standings__dbt_backup" cascade
    
[0m12:51:48.128478 [debug] [Thread-1 (]: SQL status: OK in 0.000 seconds
[0m12:51:48.132165 [debug] [Thread-1 (]: On model.entregable_dbt.stg_constructor_standings: Close
[0m12:51:48.133131 [debug] [Thread-1 (]: Sending event: {'category': 'dbt', 'action': 'run_model', 'label': '71fe04dc-b2a8-4b59-9d34-b48297dd9475', 'context': [<snowplow_tracker.self_describing_json.SelfDescribingJson object at 0x000001F8E75F31B0>]}
[0m12:51:48.134295 [info ] [Thread-1 (]: 2 of 8 OK created sql view model main.stg_constructor_standings ................ [[32mOK[0m in 0.06s]
[0m12:51:48.135606 [debug] [Thread-1 (]: Finished running node model.entregable_dbt.stg_constructor_standings
[0m12:51:48.136207 [debug] [Thread-1 (]: Began running node model.entregable_dbt.stg_constructors
[0m12:51:48.137082 [info ] [Thread-1 (]: 3 of 8 START sql view model main.stg_constructors .............................. [RUN]
[0m12:51:48.138187 [debug] [Thread-1 (]: Re-using an available connection from the pool (formerly model.entregable_dbt.stg_constructor_standings, now model.entregable_dbt.stg_constructors)
[0m12:51:48.138841 [debug] [Thread-1 (]: Began compiling node model.entregable_dbt.stg_constructors
[0m12:51:48.141931 [debug] [Thread-1 (]: Writing injected SQL for node "model.entregable_dbt.stg_constructors"
[0m12:51:48.143877 [debug] [Thread-1 (]: Began executing node model.entregable_dbt.stg_constructors
[0m12:51:48.147985 [debug] [Thread-1 (]: Writing runtime sql for node "model.entregable_dbt.stg_constructors"
[0m12:51:48.150046 [debug] [Thread-1 (]: Using duckdb connection "model.entregable_dbt.stg_constructors"
[0m12:51:48.150794 [debug] [Thread-1 (]: On model.entregable_dbt.stg_constructors: BEGIN
[0m12:51:48.151307 [debug] [Thread-1 (]: Opening a new connection, currently in state closed
[0m12:51:48.152458 [debug] [Thread-1 (]: SQL status: OK in 0.001 seconds
[0m12:51:48.153157 [debug] [Thread-1 (]: Using duckdb connection "model.entregable_dbt.stg_constructors"
[0m12:51:48.153710 [debug] [Thread-1 (]: On model.entregable_dbt.stg_constructors: /* {"app": "dbt", "dbt_version": "1.10.15", "profile_name": "entregable_dbt", "target_name": "dev", "node_id": "model.entregable_dbt.stg_constructors"} */

  
  create view "dev"."main"."stg_constructors__dbt_tmp" as (
    with source as (
    select * from "dev"."main"."constructors"
),

renamed as (
    select
        constructor_id,
        name as constructor_name,
        nationality as constructor_nationality
    from source
)

select * from renamed
  );

[0m12:51:48.155212 [debug] [Thread-1 (]: SQL status: OK in 0.001 seconds
[0m12:51:48.159485 [debug] [Thread-1 (]: Using duckdb connection "model.entregable_dbt.stg_constructors"
[0m12:51:48.160008 [debug] [Thread-1 (]: On model.entregable_dbt.stg_constructors: /* {"app": "dbt", "dbt_version": "1.10.15", "profile_name": "entregable_dbt", "target_name": "dev", "node_id": "model.entregable_dbt.stg_constructors"} */
alter view "dev"."main"."stg_constructors__dbt_tmp" rename to "stg_constructors"
[0m12:51:48.160984 [debug] [Thread-1 (]: SQL status: OK in 0.000 seconds
[0m12:51:48.162808 [debug] [Thread-1 (]: On model.entregable_dbt.stg_constructors: COMMIT
[0m12:51:48.163323 [debug] [Thread-1 (]: Using duckdb connection "model.entregable_dbt.stg_constructors"
[0m12:51:48.163802 [debug] [Thread-1 (]: On model.entregable_dbt.stg_constructors: COMMIT
[0m12:51:48.166668 [debug] [Thread-1 (]: SQL status: OK in 0.002 seconds
[0m12:51:48.170005 [debug] [Thread-1 (]: Using duckdb connection "model.entregable_dbt.stg_constructors"
[0m12:51:48.170534 [debug] [Thread-1 (]: On model.entregable_dbt.stg_constructors: /* {"app": "dbt", "dbt_version": "1.10.15", "profile_name": "entregable_dbt", "target_name": "dev", "node_id": "model.entregable_dbt.stg_constructors"} */

      drop view if exists "dev"."main"."stg_constructors__dbt_backup" cascade
    
[0m12:51:48.171518 [debug] [Thread-1 (]: SQL status: OK in 0.000 seconds
[0m12:51:48.173225 [debug] [Thread-1 (]: On model.entregable_dbt.stg_constructors: Close
[0m12:51:48.173954 [debug] [Thread-1 (]: Sending event: {'category': 'dbt', 'action': 'run_model', 'label': '71fe04dc-b2a8-4b59-9d34-b48297dd9475', 'context': [<snowplow_tracker.self_describing_json.SelfDescribingJson object at 0x000001F8E7AE51D0>]}
[0m12:51:48.174786 [info ] [Thread-1 (]: 3 of 8 OK created sql view model main.stg_constructors ......................... [[32mOK[0m in 0.04s]
[0m12:51:48.176011 [debug] [Thread-1 (]: Finished running node model.entregable_dbt.stg_constructors
[0m12:51:48.176572 [debug] [Thread-1 (]: Began running node model.entregable_dbt.stg_driver_standings
[0m12:51:48.177215 [info ] [Thread-1 (]: 4 of 8 START sql view model main.stg_driver_standings .......................... [RUN]
[0m12:51:48.178134 [debug] [Thread-1 (]: Re-using an available connection from the pool (formerly model.entregable_dbt.stg_constructors, now model.entregable_dbt.stg_driver_standings)
[0m12:51:48.178659 [debug] [Thread-1 (]: Began compiling node model.entregable_dbt.stg_driver_standings
[0m12:51:48.182067 [debug] [Thread-1 (]: Writing injected SQL for node "model.entregable_dbt.stg_driver_standings"
[0m12:51:48.184206 [debug] [Thread-1 (]: Began executing node model.entregable_dbt.stg_driver_standings
[0m12:51:48.188851 [debug] [Thread-1 (]: Writing runtime sql for node "model.entregable_dbt.stg_driver_standings"
[0m12:51:48.190238 [debug] [Thread-1 (]: Using duckdb connection "model.entregable_dbt.stg_driver_standings"
[0m12:51:48.190856 [debug] [Thread-1 (]: On model.entregable_dbt.stg_driver_standings: BEGIN
[0m12:51:48.191338 [debug] [Thread-1 (]: Opening a new connection, currently in state closed
[0m12:51:48.192482 [debug] [Thread-1 (]: SQL status: OK in 0.001 seconds
[0m12:51:48.192986 [debug] [Thread-1 (]: Using duckdb connection "model.entregable_dbt.stg_driver_standings"
[0m12:51:48.193503 [debug] [Thread-1 (]: On model.entregable_dbt.stg_driver_standings: /* {"app": "dbt", "dbt_version": "1.10.15", "profile_name": "entregable_dbt", "target_name": "dev", "node_id": "model.entregable_dbt.stg_driver_standings"} */

  
  create view "dev"."main"."stg_driver_standings__dbt_tmp" as (
    with source as (
    select * from "dev"."main"."driver_standings"
),

renamed as (
    select
        driver_id,
        cast(season as integer) as season,
        cast(round as integer) as round,
        cast(position as integer) as position,
        cast(points as double) as points,
        cast(wins as integer) as wins
    from source
)

select * from renamed
  );

[0m12:51:48.195282 [debug] [Thread-1 (]: SQL status: OK in 0.001 seconds
[0m12:51:48.199268 [debug] [Thread-1 (]: Using duckdb connection "model.entregable_dbt.stg_driver_standings"
[0m12:51:48.200164 [debug] [Thread-1 (]: On model.entregable_dbt.stg_driver_standings: /* {"app": "dbt", "dbt_version": "1.10.15", "profile_name": "entregable_dbt", "target_name": "dev", "node_id": "model.entregable_dbt.stg_driver_standings"} */
alter view "dev"."main"."stg_driver_standings__dbt_tmp" rename to "stg_driver_standings"
[0m12:51:48.201769 [debug] [Thread-1 (]: SQL status: OK in 0.001 seconds
[0m12:51:48.203826 [debug] [Thread-1 (]: On model.entregable_dbt.stg_driver_standings: COMMIT
[0m12:51:48.204370 [debug] [Thread-1 (]: Using duckdb connection "model.entregable_dbt.stg_driver_standings"
[0m12:51:48.204858 [debug] [Thread-1 (]: On model.entregable_dbt.stg_driver_standings: COMMIT
[0m12:51:48.207402 [debug] [Thread-1 (]: SQL status: OK in 0.002 seconds
[0m12:51:48.210594 [debug] [Thread-1 (]: Using duckdb connection "model.entregable_dbt.stg_driver_standings"
[0m12:51:48.211118 [debug] [Thread-1 (]: On model.entregable_dbt.stg_driver_standings: /* {"app": "dbt", "dbt_version": "1.10.15", "profile_name": "entregable_dbt", "target_name": "dev", "node_id": "model.entregable_dbt.stg_driver_standings"} */

      drop view if exists "dev"."main"."stg_driver_standings__dbt_backup" cascade
    
[0m12:51:48.211999 [debug] [Thread-1 (]: SQL status: OK in 0.000 seconds
[0m12:51:48.213592 [debug] [Thread-1 (]: On model.entregable_dbt.stg_driver_standings: Close
[0m12:51:48.214282 [debug] [Thread-1 (]: Sending event: {'category': 'dbt', 'action': 'run_model', 'label': '71fe04dc-b2a8-4b59-9d34-b48297dd9475', 'context': [<snowplow_tracker.self_describing_json.SelfDescribingJson object at 0x000001F8E7CA67B0>]}
[0m12:51:48.215133 [info ] [Thread-1 (]: 4 of 8 OK created sql view model main.stg_driver_standings ..................... [[32mOK[0m in 0.04s]
[0m12:51:48.216578 [debug] [Thread-1 (]: Finished running node model.entregable_dbt.stg_driver_standings
[0m12:51:48.217517 [debug] [Thread-1 (]: Began running node model.entregable_dbt.stg_drivers
[0m12:51:48.218307 [info ] [Thread-1 (]: 5 of 8 START sql view model main.stg_drivers ................................... [RUN]
[0m12:51:48.219290 [debug] [Thread-1 (]: Re-using an available connection from the pool (formerly model.entregable_dbt.stg_driver_standings, now model.entregable_dbt.stg_drivers)
[0m12:51:48.219892 [debug] [Thread-1 (]: Began compiling node model.entregable_dbt.stg_drivers
[0m12:51:48.223091 [debug] [Thread-1 (]: Writing injected SQL for node "model.entregable_dbt.stg_drivers"
[0m12:51:48.224510 [debug] [Thread-1 (]: Began executing node model.entregable_dbt.stg_drivers
[0m12:51:48.229728 [debug] [Thread-1 (]: Writing runtime sql for node "model.entregable_dbt.stg_drivers"
[0m12:51:48.231217 [debug] [Thread-1 (]: Using duckdb connection "model.entregable_dbt.stg_drivers"
[0m12:51:48.231993 [debug] [Thread-1 (]: On model.entregable_dbt.stg_drivers: BEGIN
[0m12:51:48.232631 [debug] [Thread-1 (]: Opening a new connection, currently in state closed
[0m12:51:48.233998 [debug] [Thread-1 (]: SQL status: OK in 0.001 seconds
[0m12:51:48.234664 [debug] [Thread-1 (]: Using duckdb connection "model.entregable_dbt.stg_drivers"
[0m12:51:48.235418 [debug] [Thread-1 (]: On model.entregable_dbt.stg_drivers: /* {"app": "dbt", "dbt_version": "1.10.15", "profile_name": "entregable_dbt", "target_name": "dev", "node_id": "model.entregable_dbt.stg_drivers"} */

  
  create view "dev"."main"."stg_drivers__dbt_tmp" as (
    with source as (
    select * from "dev"."main"."drivers"
),

renamed as (
    select
        driver_id,
        "givenName" as first_name,
        "familyName" as last_name,
        nationality as driver_nationality,
        -- Convertir texto a fecha real
        cast(dob as date) as date_of_birth
    from source
)

select * from renamed
  );

[0m12:51:48.236892 [debug] [Thread-1 (]: SQL status: OK in 0.001 seconds
[0m12:51:48.240497 [debug] [Thread-1 (]: Using duckdb connection "model.entregable_dbt.stg_drivers"
[0m12:51:48.241079 [debug] [Thread-1 (]: On model.entregable_dbt.stg_drivers: /* {"app": "dbt", "dbt_version": "1.10.15", "profile_name": "entregable_dbt", "target_name": "dev", "node_id": "model.entregable_dbt.stg_drivers"} */
alter view "dev"."main"."stg_drivers__dbt_tmp" rename to "stg_drivers"
[0m12:51:48.242669 [debug] [Thread-1 (]: SQL status: OK in 0.001 seconds
[0m12:51:48.244684 [debug] [Thread-1 (]: On model.entregable_dbt.stg_drivers: COMMIT
[0m12:51:48.245212 [debug] [Thread-1 (]: Using duckdb connection "model.entregable_dbt.stg_drivers"
[0m12:51:48.245689 [debug] [Thread-1 (]: On model.entregable_dbt.stg_drivers: COMMIT
[0m12:51:48.248383 [debug] [Thread-1 (]: SQL status: OK in 0.002 seconds
[0m12:51:48.251704 [debug] [Thread-1 (]: Using duckdb connection "model.entregable_dbt.stg_drivers"
[0m12:51:48.252347 [debug] [Thread-1 (]: On model.entregable_dbt.stg_drivers: /* {"app": "dbt", "dbt_version": "1.10.15", "profile_name": "entregable_dbt", "target_name": "dev", "node_id": "model.entregable_dbt.stg_drivers"} */

      drop view if exists "dev"."main"."stg_drivers__dbt_backup" cascade
    
[0m12:51:48.253421 [debug] [Thread-1 (]: SQL status: OK in 0.000 seconds
[0m12:51:48.255160 [debug] [Thread-1 (]: On model.entregable_dbt.stg_drivers: Close
[0m12:51:48.255852 [debug] [Thread-1 (]: Sending event: {'category': 'dbt', 'action': 'run_model', 'label': '71fe04dc-b2a8-4b59-9d34-b48297dd9475', 'context': [<snowplow_tracker.self_describing_json.SelfDescribingJson object at 0x000001F8E7C99130>]}
[0m12:51:48.256752 [info ] [Thread-1 (]: 5 of 8 OK created sql view model main.stg_drivers .............................. [[32mOK[0m in 0.04s]
[0m12:51:48.258101 [debug] [Thread-1 (]: Finished running node model.entregable_dbt.stg_drivers
[0m12:51:48.258816 [debug] [Thread-1 (]: Began running node model.entregable_dbt.stg_qualifying
[0m12:51:48.259464 [info ] [Thread-1 (]: 6 of 8 START sql view model main.stg_qualifying ................................ [RUN]
[0m12:51:48.260484 [debug] [Thread-1 (]: Re-using an available connection from the pool (formerly model.entregable_dbt.stg_drivers, now model.entregable_dbt.stg_qualifying)
[0m12:51:48.261036 [debug] [Thread-1 (]: Began compiling node model.entregable_dbt.stg_qualifying
[0m12:51:48.264612 [debug] [Thread-1 (]: Writing injected SQL for node "model.entregable_dbt.stg_qualifying"
[0m12:51:48.266711 [debug] [Thread-1 (]: Began executing node model.entregable_dbt.stg_qualifying
[0m12:51:48.271152 [debug] [Thread-1 (]: Writing runtime sql for node "model.entregable_dbt.stg_qualifying"
[0m12:51:48.272756 [debug] [Thread-1 (]: Using duckdb connection "model.entregable_dbt.stg_qualifying"
[0m12:51:48.273595 [debug] [Thread-1 (]: On model.entregable_dbt.stg_qualifying: BEGIN
[0m12:51:48.274184 [debug] [Thread-1 (]: Opening a new connection, currently in state closed
[0m12:51:48.275214 [debug] [Thread-1 (]: SQL status: OK in 0.001 seconds
[0m12:51:48.275696 [debug] [Thread-1 (]: Using duckdb connection "model.entregable_dbt.stg_qualifying"
[0m12:51:48.276218 [debug] [Thread-1 (]: On model.entregable_dbt.stg_qualifying: /* {"app": "dbt", "dbt_version": "1.10.15", "profile_name": "entregable_dbt", "target_name": "dev", "node_id": "model.entregable_dbt.stg_qualifying"} */

  
  create view "dev"."main"."stg_qualifying__dbt_tmp" as (
    with source as (
    select * from "dev"."main"."qualifying"
),

renamed as (
    select
        race_id,
        driver_id,
        constructor_id,
        cast(position as integer) as qualifying_position,
        q1 as q1_time,
        q2 as q2_time,
        q3 as q3_time
    from source
)

select * from renamed
  );

[0m12:51:48.277685 [debug] [Thread-1 (]: SQL status: OK in 0.001 seconds
[0m12:51:48.281420 [debug] [Thread-1 (]: Using duckdb connection "model.entregable_dbt.stg_qualifying"
[0m12:51:48.282007 [debug] [Thread-1 (]: On model.entregable_dbt.stg_qualifying: /* {"app": "dbt", "dbt_version": "1.10.15", "profile_name": "entregable_dbt", "target_name": "dev", "node_id": "model.entregable_dbt.stg_qualifying"} */
alter view "dev"."main"."stg_qualifying__dbt_tmp" rename to "stg_qualifying"
[0m12:51:48.283291 [debug] [Thread-1 (]: SQL status: OK in 0.001 seconds
[0m12:51:48.285771 [debug] [Thread-1 (]: On model.entregable_dbt.stg_qualifying: COMMIT
[0m12:51:48.286317 [debug] [Thread-1 (]: Using duckdb connection "model.entregable_dbt.stg_qualifying"
[0m12:51:48.286780 [debug] [Thread-1 (]: On model.entregable_dbt.stg_qualifying: COMMIT
[0m12:51:48.289338 [debug] [Thread-1 (]: SQL status: OK in 0.002 seconds
[0m12:51:48.292084 [debug] [Thread-1 (]: Using duckdb connection "model.entregable_dbt.stg_qualifying"
[0m12:51:48.292584 [debug] [Thread-1 (]: On model.entregable_dbt.stg_qualifying: /* {"app": "dbt", "dbt_version": "1.10.15", "profile_name": "entregable_dbt", "target_name": "dev", "node_id": "model.entregable_dbt.stg_qualifying"} */

      drop view if exists "dev"."main"."stg_qualifying__dbt_backup" cascade
    
[0m12:51:48.293579 [debug] [Thread-1 (]: SQL status: OK in 0.000 seconds
[0m12:51:48.295503 [debug] [Thread-1 (]: On model.entregable_dbt.stg_qualifying: Close
[0m12:51:48.296230 [debug] [Thread-1 (]: Sending event: {'category': 'dbt', 'action': 'run_model', 'label': '71fe04dc-b2a8-4b59-9d34-b48297dd9475', 'context': [<snowplow_tracker.self_describing_json.SelfDescribingJson object at 0x000001F8E7C98E90>]}
[0m12:51:48.297051 [info ] [Thread-1 (]: 6 of 8 OK created sql view model main.stg_qualifying ........................... [[32mOK[0m in 0.04s]
[0m12:51:48.298383 [debug] [Thread-1 (]: Finished running node model.entregable_dbt.stg_qualifying
[0m12:51:48.299281 [debug] [Thread-1 (]: Began running node model.entregable_dbt.stg_races
[0m12:51:48.300514 [info ] [Thread-1 (]: 7 of 8 START sql view model main.stg_races ..................................... [RUN]
[0m12:51:48.301544 [debug] [Thread-1 (]: Re-using an available connection from the pool (formerly model.entregable_dbt.stg_qualifying, now model.entregable_dbt.stg_races)
[0m12:51:48.302076 [debug] [Thread-1 (]: Began compiling node model.entregable_dbt.stg_races
[0m12:51:48.305651 [debug] [Thread-1 (]: Writing injected SQL for node "model.entregable_dbt.stg_races"
[0m12:51:48.307317 [debug] [Thread-1 (]: Began executing node model.entregable_dbt.stg_races
[0m12:51:48.312221 [debug] [Thread-1 (]: Writing runtime sql for node "model.entregable_dbt.stg_races"
[0m12:51:48.313656 [debug] [Thread-1 (]: Using duckdb connection "model.entregable_dbt.stg_races"
[0m12:51:48.314344 [debug] [Thread-1 (]: On model.entregable_dbt.stg_races: BEGIN
[0m12:51:48.315044 [debug] [Thread-1 (]: Opening a new connection, currently in state closed
[0m12:51:48.316292 [debug] [Thread-1 (]: SQL status: OK in 0.001 seconds
[0m12:51:48.317148 [debug] [Thread-1 (]: Using duckdb connection "model.entregable_dbt.stg_races"
[0m12:51:48.317824 [debug] [Thread-1 (]: On model.entregable_dbt.stg_races: /* {"app": "dbt", "dbt_version": "1.10.15", "profile_name": "entregable_dbt", "target_name": "dev", "node_id": "model.entregable_dbt.stg_races"} */

  
  create view "dev"."main"."stg_races__dbt_tmp" as (
    with source as (
    select * from "dev"."main"."races"
),

renamed as (
    select
        race_id,
        cast(season as integer) as season,
        cast(round as integer) as round,
        race_name,
        circuit_id,
        cast(date as date) as race_date,
        -- A veces la hora viene nula o con formatos raros, lo dejamos como texto o intentamos time
        time as race_time, 
        circuit_id
    from source
)

select * from renamed
  );

[0m12:51:48.319637 [debug] [Thread-1 (]: SQL status: OK in 0.001 seconds
[0m12:51:48.323310 [debug] [Thread-1 (]: Using duckdb connection "model.entregable_dbt.stg_races"
[0m12:51:48.323809 [debug] [Thread-1 (]: On model.entregable_dbt.stg_races: /* {"app": "dbt", "dbt_version": "1.10.15", "profile_name": "entregable_dbt", "target_name": "dev", "node_id": "model.entregable_dbt.stg_races"} */
alter view "dev"."main"."stg_races__dbt_tmp" rename to "stg_races"
[0m12:51:48.324833 [debug] [Thread-1 (]: SQL status: OK in 0.001 seconds
[0m12:51:48.326557 [debug] [Thread-1 (]: On model.entregable_dbt.stg_races: COMMIT
[0m12:51:48.327069 [debug] [Thread-1 (]: Using duckdb connection "model.entregable_dbt.stg_races"
[0m12:51:48.327540 [debug] [Thread-1 (]: On model.entregable_dbt.stg_races: COMMIT
[0m12:51:48.329928 [debug] [Thread-1 (]: SQL status: OK in 0.002 seconds
[0m12:51:48.333643 [debug] [Thread-1 (]: Using duckdb connection "model.entregable_dbt.stg_races"
[0m12:51:48.334445 [debug] [Thread-1 (]: On model.entregable_dbt.stg_races: /* {"app": "dbt", "dbt_version": "1.10.15", "profile_name": "entregable_dbt", "target_name": "dev", "node_id": "model.entregable_dbt.stg_races"} */

      drop view if exists "dev"."main"."stg_races__dbt_backup" cascade
    
[0m12:51:48.335549 [debug] [Thread-1 (]: SQL status: OK in 0.001 seconds
[0m12:51:48.337369 [debug] [Thread-1 (]: On model.entregable_dbt.stg_races: Close
[0m12:51:48.338082 [debug] [Thread-1 (]: Sending event: {'category': 'dbt', 'action': 'run_model', 'label': '71fe04dc-b2a8-4b59-9d34-b48297dd9475', 'context': [<snowplow_tracker.self_describing_json.SelfDescribingJson object at 0x000001F8E7C99EB0>]}
[0m12:51:48.338901 [info ] [Thread-1 (]: 7 of 8 OK created sql view model main.stg_races ................................ [[32mOK[0m in 0.04s]
[0m12:51:48.340262 [debug] [Thread-1 (]: Finished running node model.entregable_dbt.stg_races
[0m12:51:48.341007 [debug] [Thread-1 (]: Began running node model.entregable_dbt.stg_results
[0m12:51:48.341952 [info ] [Thread-1 (]: 8 of 8 START sql view model main.stg_results ................................... [RUN]
[0m12:51:48.342860 [debug] [Thread-1 (]: Re-using an available connection from the pool (formerly model.entregable_dbt.stg_races, now model.entregable_dbt.stg_results)
[0m12:51:48.343375 [debug] [Thread-1 (]: Began compiling node model.entregable_dbt.stg_results
[0m12:51:48.346457 [debug] [Thread-1 (]: Writing injected SQL for node "model.entregable_dbt.stg_results"
[0m12:51:48.348147 [debug] [Thread-1 (]: Began executing node model.entregable_dbt.stg_results
[0m12:51:48.353406 [debug] [Thread-1 (]: Writing runtime sql for node "model.entregable_dbt.stg_results"
[0m12:51:48.355036 [debug] [Thread-1 (]: Using duckdb connection "model.entregable_dbt.stg_results"
[0m12:51:48.355556 [debug] [Thread-1 (]: On model.entregable_dbt.stg_results: BEGIN
[0m12:51:48.356060 [debug] [Thread-1 (]: Opening a new connection, currently in state closed
[0m12:51:48.357279 [debug] [Thread-1 (]: SQL status: OK in 0.001 seconds
[0m12:51:48.357822 [debug] [Thread-1 (]: Using duckdb connection "model.entregable_dbt.stg_results"
[0m12:51:48.358386 [debug] [Thread-1 (]: On model.entregable_dbt.stg_results: /* {"app": "dbt", "dbt_version": "1.10.15", "profile_name": "entregable_dbt", "target_name": "dev", "node_id": "model.entregable_dbt.stg_results"} */

  
  create view "dev"."main"."stg_results__dbt_tmp" as (
    with source as (
    select * from "dev"."main"."results"
),

renamed as (
    select
        race_id,
        driver_id,
        constructor_id,
        cast(grid as integer) as grid_position,
        -- position puede contener textos como 'R', lo dejamos tal cual o usamos position_order
        position as position_text,
        cast(position_order as integer) as position_order,
        cast(points as double) as points,
        cast(laps as integer) as laps,
        status
    from source
)

select * from renamed
  );

[0m12:51:48.359989 [debug] [Thread-1 (]: SQL status: OK in 0.001 seconds
[0m12:51:48.363818 [debug] [Thread-1 (]: Using duckdb connection "model.entregable_dbt.stg_results"
[0m12:51:48.364860 [debug] [Thread-1 (]: On model.entregable_dbt.stg_results: /* {"app": "dbt", "dbt_version": "1.10.15", "profile_name": "entregable_dbt", "target_name": "dev", "node_id": "model.entregable_dbt.stg_results"} */
alter view "dev"."main"."stg_results__dbt_tmp" rename to "stg_results"
[0m12:51:48.366750 [debug] [Thread-1 (]: SQL status: OK in 0.001 seconds
[0m12:51:48.369011 [debug] [Thread-1 (]: On model.entregable_dbt.stg_results: COMMIT
[0m12:51:48.369539 [debug] [Thread-1 (]: Using duckdb connection "model.entregable_dbt.stg_results"
[0m12:51:48.370030 [debug] [Thread-1 (]: On model.entregable_dbt.stg_results: COMMIT
[0m12:51:48.372775 [debug] [Thread-1 (]: SQL status: OK in 0.002 seconds
[0m12:51:48.375691 [debug] [Thread-1 (]: Using duckdb connection "model.entregable_dbt.stg_results"
[0m12:51:48.376196 [debug] [Thread-1 (]: On model.entregable_dbt.stg_results: /* {"app": "dbt", "dbt_version": "1.10.15", "profile_name": "entregable_dbt", "target_name": "dev", "node_id": "model.entregable_dbt.stg_results"} */

      drop view if exists "dev"."main"."stg_results__dbt_backup" cascade
    
[0m12:51:48.377334 [debug] [Thread-1 (]: SQL status: OK in 0.001 seconds
[0m12:51:48.379895 [debug] [Thread-1 (]: On model.entregable_dbt.stg_results: Close
[0m12:51:48.380967 [debug] [Thread-1 (]: Sending event: {'category': 'dbt', 'action': 'run_model', 'label': '71fe04dc-b2a8-4b59-9d34-b48297dd9475', 'context': [<snowplow_tracker.self_describing_json.SelfDescribingJson object at 0x000001F8E7C9A690>]}
[0m12:51:48.382348 [info ] [Thread-1 (]: 8 of 8 OK created sql view model main.stg_results .............................. [[32mOK[0m in 0.04s]
[0m12:51:48.383729 [debug] [Thread-1 (]: Finished running node model.entregable_dbt.stg_results
[0m12:51:48.385753 [debug] [MainThread]: Using duckdb connection "master"
[0m12:51:48.386234 [debug] [MainThread]: On master: BEGIN
[0m12:51:48.386634 [debug] [MainThread]: Opening a new connection, currently in state closed
[0m12:51:48.387528 [debug] [MainThread]: SQL status: OK in 0.001 seconds
[0m12:51:48.387974 [debug] [MainThread]: On master: COMMIT
[0m12:51:48.388406 [debug] [MainThread]: Using duckdb connection "master"
[0m12:51:48.388804 [debug] [MainThread]: On master: COMMIT
[0m12:51:48.389602 [debug] [MainThread]: SQL status: OK in 0.000 seconds
[0m12:51:48.390189 [debug] [MainThread]: On master: Close
[0m12:51:48.391134 [debug] [MainThread]: Connection 'master' was properly closed.
[0m12:51:48.391560 [debug] [MainThread]: Connection 'create_dev_main' was properly closed.
[0m12:51:48.391924 [debug] [MainThread]: Connection 'list_dev_main' was properly closed.
[0m12:51:48.392266 [debug] [MainThread]: Connection 'model.entregable_dbt.stg_results' was properly closed.
[0m12:51:48.392747 [info ] [MainThread]: 
[0m12:51:48.393609 [info ] [MainThread]: Finished running 8 view models in 0 hours 0 minutes and 0.88 seconds (0.88s).
[0m12:51:48.396687 [debug] [MainThread]: Command end result
[0m12:51:48.432843 [debug] [MainThread]: Wrote artifact WritableManifest to C:\Users\Admin\Documents\GitHub\EDEM_MDA2526\alumnos\mdab\SAUL_MARTINEZ\DBT\entregable_dbt\target\manifest.json
[0m12:51:48.436669 [debug] [MainThread]: Wrote artifact SemanticManifest to C:\Users\Admin\Documents\GitHub\EDEM_MDA2526\alumnos\mdab\SAUL_MARTINEZ\DBT\entregable_dbt\target\semantic_manifest.json
[0m12:51:48.445494 [debug] [MainThread]: Wrote artifact RunExecutionResult to C:\Users\Admin\Documents\GitHub\EDEM_MDA2526\alumnos\mdab\SAUL_MARTINEZ\DBT\entregable_dbt\target\run_results.json
[0m12:51:48.446076 [info ] [MainThread]: 
[0m12:51:48.447004 [info ] [MainThread]: [31mCompleted with 1 error, 0 partial successes, and 0 warnings:[0m
[0m12:51:48.447954 [info ] [MainThread]: 
[0m12:51:48.448847 [error] [MainThread]: [31mFailure in model stg_circuits (models\staging\stg_circuits.sql)[0m
[0m12:51:48.449652 [error] [MainThread]:   Runtime Error in model stg_circuits (models\staging\stg_circuits.sql)
  Binder Error: Column "Wikipedia_url" referenced that exists in the SELECT clause - but this column cannot be referenced before it is defined
[0m12:51:48.450436 [info ] [MainThread]: 
[0m12:51:48.451375 [info ] [MainThread]:   compiled code at target\compiled\entregable_dbt\models\staging\stg_circuits.sql
[0m12:51:48.452275 [info ] [MainThread]: 
[0m12:51:48.453135 [info ] [MainThread]: Done. PASS=7 WARN=0 ERROR=1 SKIP=0 NO-OP=0 TOTAL=8
[0m12:51:48.454448 [debug] [MainThread]: Command `dbt run` failed at 12:51:48.454293 after 4.09 seconds
[0m12:51:48.454995 [debug] [MainThread]: Sending event: {'category': 'dbt', 'action': 'invocation', 'label': 'end', 'context': [<snowplow_tracker.self_describing_json.SelfDescribingJson object at 0x000001F8E7C7B710>, <snowplow_tracker.self_describing_json.SelfDescribingJson object at 0x000001F8E4F33E90>, <snowplow_tracker.self_describing_json.SelfDescribingJson object at 0x000001F8E7B96C30>]}
[0m12:51:48.455525 [debug] [MainThread]: Flushing usage events
[0m12:51:49.639488 [debug] [MainThread]: An error was encountered while trying to flush usage events
[0m12:55:58.599914 [debug] [MainThread]: Sending event: {'category': 'dbt', 'action': 'invocation', 'label': 'start', 'context': [<snowplow_tracker.self_describing_json.SelfDescribingJson object at 0x000001D25B2D0590>, <snowplow_tracker.self_describing_json.SelfDescribingJson object at 0x000001D25BB70690>, <snowplow_tracker.self_describing_json.SelfDescribingJson object at 0x000001D25D28FED0>]}


============================== 12:55:58.606337 | 45a1fb46-4113-42d9-9ebb-c5bf57731d9f ==============================
[0m12:55:58.606337 [info ] [MainThread]: Running with dbt=1.10.15
[0m12:55:58.607501 [debug] [MainThread]: running dbt with arguments {'profiles_dir': 'C:\\Users\\Admin\\.dbt', 'use_colors': 'True', 'target_path': 'None', 'no_print': 'None', 'printer_width': '80', 'warn_error': 'None', 'log_path': 'C:\\Users\\Admin\\Documents\\GitHub\\EDEM_MDA2526\\alumnos\\mdab\\SAUL_MARTINEZ\\DBT\\entregable_dbt\\logs', 'partial_parse': 'True', 'indirect_selection': 'eager', 'send_anonymous_usage_stats': 'True', 'static_parser': 'True', 'warn_error_options': 'WarnErrorOptionsV2(error=[], warn=[], silence=[])', 'fail_fast': 'False', 'version_check': 'True', 'use_experimental_parser': 'False', 'introspect': 'True', 'quiet': 'False', 'empty': 'False', 'log_cache_events': 'False', 'debug': 'False', 'log_format': 'default', 'invocation_command': 'dbt run', 'cache_selected_only': 'False', 'write_json': 'True'}
[0m12:55:58.927349 [debug] [MainThread]: Sending event: {'category': 'dbt', 'action': 'project_id', 'label': '45a1fb46-4113-42d9-9ebb-c5bf57731d9f', 'context': [<snowplow_tracker.self_describing_json.SelfDescribingJson object at 0x000001D25B4FCC30>]}
[0m12:55:59.015975 [debug] [MainThread]: Sending event: {'category': 'dbt', 'action': 'adapter_info', 'label': '45a1fb46-4113-42d9-9ebb-c5bf57731d9f', 'context': [<snowplow_tracker.self_describing_json.SelfDescribingJson object at 0x000001D25D12FBD0>]}
[0m12:55:59.019407 [info ] [MainThread]: Registered adapter: duckdb=1.10.0
[0m12:55:59.437398 [debug] [MainThread]: checksum: 14a228079bd6df63ba81633f9a3cf44ecfaa31056ac397c602753ec895dbf885, vars: {}, profile: , target: , version: 1.10.15
[0m12:55:59.637054 [debug] [MainThread]: Partial parsing enabled: 0 files deleted, 0 files added, 1 files changed.
[0m12:55:59.637924 [debug] [MainThread]: Partial parsing: updated file: entregable_dbt://models\staging\stg_circuits.sql
[0m12:55:59.970565 [warn ] [MainThread]: [[33mWARNING[0m]: Configuration paths exist in your dbt_project.yml file which do not apply to any resources.
There are 2 unused configuration paths:
- models.entregable_dbt.intermediate
- models.entregable_dbt.marts
[0m12:55:59.977518 [debug] [MainThread]: Sending event: {'category': 'dbt', 'action': 'load_project', 'label': '45a1fb46-4113-42d9-9ebb-c5bf57731d9f', 'context': [<snowplow_tracker.self_describing_json.SelfDescribingJson object at 0x000001D25D70B150>]}
[0m12:56:00.079929 [debug] [MainThread]: Wrote artifact WritableManifest to C:\Users\Admin\Documents\GitHub\EDEM_MDA2526\alumnos\mdab\SAUL_MARTINEZ\DBT\entregable_dbt\target\manifest.json
[0m12:56:00.083469 [debug] [MainThread]: Wrote artifact SemanticManifest to C:\Users\Admin\Documents\GitHub\EDEM_MDA2526\alumnos\mdab\SAUL_MARTINEZ\DBT\entregable_dbt\target\semantic_manifest.json
[0m12:56:00.111258 [debug] [MainThread]: Sending event: {'category': 'dbt', 'action': 'resource_counts', 'label': '45a1fb46-4113-42d9-9ebb-c5bf57731d9f', 'context': [<snowplow_tracker.self_describing_json.SelfDescribingJson object at 0x000001D25D7AA7B0>]}
[0m12:56:00.111953 [info ] [MainThread]: Found 8 models, 8 seeds, 458 macros
[0m12:56:00.112745 [debug] [MainThread]: Sending event: {'category': 'dbt', 'action': 'runnable_timing', 'label': '45a1fb46-4113-42d9-9ebb-c5bf57731d9f', 'context': [<snowplow_tracker.self_describing_json.SelfDescribingJson object at 0x000001D25D9E34D0>]}
[0m12:56:00.115688 [info ] [MainThread]: 
[0m12:56:00.116621 [info ] [MainThread]: Concurrency: 1 threads (target='dev')
[0m12:56:00.117543 [info ] [MainThread]: 
[0m12:56:00.118517 [debug] [MainThread]: Acquiring new duckdb connection 'master'
[0m12:56:00.126030 [debug] [ThreadPool]: Acquiring new duckdb connection 'list_dev'
[0m12:56:00.314619 [debug] [ThreadPool]: Using duckdb connection "list_dev"
[0m12:56:00.315200 [debug] [ThreadPool]: On list_dev: /* {"app": "dbt", "dbt_version": "1.10.15", "profile_name": "entregable_dbt", "target_name": "dev", "connection_name": "list_dev"} */

    
    select schema_name
    from system.information_schema.schemata
    
    where lower(catalog_name) = '"dev"'
    
  
  
[0m12:56:00.315627 [debug] [ThreadPool]: Opening a new connection, currently in state init
[0m12:56:00.356641 [debug] [ThreadPool]: SQL status: OK in 0.041 seconds
[0m12:56:00.358502 [debug] [ThreadPool]: On list_dev: Close
[0m12:56:00.359562 [debug] [ThreadPool]: Re-using an available connection from the pool (formerly list_dev, now create_dev_main)
[0m12:56:00.360217 [debug] [ThreadPool]: Creating schema "database: "dev"
schema: "main"
"
[0m12:56:00.368596 [debug] [ThreadPool]: Using duckdb connection "create_dev_main"
[0m12:56:00.369066 [debug] [ThreadPool]: On create_dev_main: /* {"app": "dbt", "dbt_version": "1.10.15", "profile_name": "entregable_dbt", "target_name": "dev", "connection_name": "create_dev_main"} */

    
        select type from duckdb_databases()
        where lower(database_name)='dev'
        and type='sqlite'
    
  
[0m12:56:00.369493 [debug] [ThreadPool]: Opening a new connection, currently in state closed
[0m12:56:00.370788 [debug] [ThreadPool]: SQL status: OK in 0.001 seconds
[0m12:56:00.372364 [debug] [ThreadPool]: Using duckdb connection "create_dev_main"
[0m12:56:00.372802 [debug] [ThreadPool]: On create_dev_main: BEGIN
[0m12:56:00.373575 [debug] [ThreadPool]: SQL status: OK in 0.000 seconds
[0m12:56:00.374246 [debug] [ThreadPool]: Using duckdb connection "create_dev_main"
[0m12:56:00.374934 [debug] [ThreadPool]: On create_dev_main: /* {"app": "dbt", "dbt_version": "1.10.15", "profile_name": "entregable_dbt", "target_name": "dev", "connection_name": "create_dev_main"} */

    
    
        create schema if not exists "dev"."main"
    
[0m12:56:00.375783 [debug] [ThreadPool]: SQL status: OK in 0.000 seconds
[0m12:56:00.376872 [debug] [ThreadPool]: On create_dev_main: COMMIT
[0m12:56:00.377324 [debug] [ThreadPool]: Using duckdb connection "create_dev_main"
[0m12:56:00.377728 [debug] [ThreadPool]: On create_dev_main: COMMIT
[0m12:56:00.378420 [debug] [ThreadPool]: SQL status: OK in 0.000 seconds
[0m12:56:00.378860 [debug] [ThreadPool]: On create_dev_main: Close
[0m12:56:00.394165 [debug] [ThreadPool]: Acquiring new duckdb connection 'list_dev_main'
[0m12:56:00.407712 [debug] [ThreadPool]: Using duckdb connection "list_dev_main"
[0m12:56:00.408541 [debug] [ThreadPool]: On list_dev_main: BEGIN
[0m12:56:00.409120 [debug] [ThreadPool]: Opening a new connection, currently in state init
[0m12:56:00.410362 [debug] [ThreadPool]: SQL status: OK in 0.001 seconds
[0m12:56:00.410996 [debug] [ThreadPool]: Using duckdb connection "list_dev_main"
[0m12:56:00.411445 [debug] [ThreadPool]: On list_dev_main: /* {"app": "dbt", "dbt_version": "1.10.15", "profile_name": "entregable_dbt", "target_name": "dev", "connection_name": "list_dev_main"} */
select
      'dev' as database,
      table_name as name,
      table_schema as schema,
      CASE table_type
        WHEN 'BASE TABLE' THEN 'table'
        WHEN 'VIEW' THEN 'view'
        WHEN 'LOCAL TEMPORARY' THEN 'table'
        END as type
    from system.information_schema.tables
    where lower(table_schema) = 'main'
    and lower(table_catalog) = 'dev'
  
[0m12:56:00.436711 [debug] [ThreadPool]: SQL status: OK in 0.025 seconds
[0m12:56:00.438837 [debug] [ThreadPool]: On list_dev_main: ROLLBACK
[0m12:56:00.440343 [debug] [ThreadPool]: Failed to rollback 'list_dev_main'
[0m12:56:00.440808 [debug] [ThreadPool]: On list_dev_main: Close
[0m12:56:00.445228 [debug] [MainThread]: Sending event: {'category': 'dbt', 'action': 'runnable_timing', 'label': '45a1fb46-4113-42d9-9ebb-c5bf57731d9f', 'context': [<snowplow_tracker.self_describing_json.SelfDescribingJson object at 0x000001D25DCD9230>]}
[0m12:56:00.445877 [debug] [MainThread]: Using duckdb connection "master"
[0m12:56:00.446338 [debug] [MainThread]: On master: BEGIN
[0m12:56:00.446741 [debug] [MainThread]: Opening a new connection, currently in state init
[0m12:56:00.447550 [debug] [MainThread]: SQL status: OK in 0.001 seconds
[0m12:56:00.448019 [debug] [MainThread]: On master: COMMIT
[0m12:56:00.448466 [debug] [MainThread]: Using duckdb connection "master"
[0m12:56:00.448876 [debug] [MainThread]: On master: COMMIT
[0m12:56:00.449576 [debug] [MainThread]: SQL status: OK in 0.000 seconds
[0m12:56:00.450063 [debug] [MainThread]: On master: Close
[0m12:56:00.455190 [debug] [Thread-1 (]: Began running node model.entregable_dbt.stg_circuits
[0m12:56:00.455894 [info ] [Thread-1 (]: 1 of 8 START sql view model main.stg_circuits .................................. [RUN]
[0m12:56:00.456903 [debug] [Thread-1 (]: Acquiring new duckdb connection 'model.entregable_dbt.stg_circuits'
[0m12:56:00.457462 [debug] [Thread-1 (]: Began compiling node model.entregable_dbt.stg_circuits
[0m12:56:00.467247 [debug] [Thread-1 (]: Writing injected SQL for node "model.entregable_dbt.stg_circuits"
[0m12:56:00.468474 [debug] [Thread-1 (]: Began executing node model.entregable_dbt.stg_circuits
[0m12:56:00.511789 [debug] [Thread-1 (]: Writing runtime sql for node "model.entregable_dbt.stg_circuits"
[0m12:56:00.513170 [debug] [Thread-1 (]: Using duckdb connection "model.entregable_dbt.stg_circuits"
[0m12:56:00.513741 [debug] [Thread-1 (]: On model.entregable_dbt.stg_circuits: BEGIN
[0m12:56:00.514272 [debug] [Thread-1 (]: Opening a new connection, currently in state init
[0m12:56:00.515493 [debug] [Thread-1 (]: SQL status: OK in 0.001 seconds
[0m12:56:00.516026 [debug] [Thread-1 (]: Using duckdb connection "model.entregable_dbt.stg_circuits"
[0m12:56:00.516550 [debug] [Thread-1 (]: On model.entregable_dbt.stg_circuits: /* {"app": "dbt", "dbt_version": "1.10.15", "profile_name": "entregable_dbt", "target_name": "dev", "node_id": "model.entregable_dbt.stg_circuits"} */

  
  create view "dev"."main"."stg_circuits__dbt_tmp" as (
    with source as (
    select * from "dev"."main"."circuits"
),

renamed as (
    select
        circuit_id,
        name as circuit_name,
        cast(lat as double) as latitude,
        cast(long as double) as longitude,
        locality as city,
        country,
        "Wikipedia_url " as wikipedia_url -- ¡Fíjate en el espacio antes de cerrar las comillas!
    from source
)

select * from renamed
  );

[0m12:56:00.518169 [debug] [Thread-1 (]: SQL status: OK in 0.001 seconds
[0m12:56:00.526380 [debug] [Thread-1 (]: Using duckdb connection "model.entregable_dbt.stg_circuits"
[0m12:56:00.526951 [debug] [Thread-1 (]: On model.entregable_dbt.stg_circuits: /* {"app": "dbt", "dbt_version": "1.10.15", "profile_name": "entregable_dbt", "target_name": "dev", "node_id": "model.entregable_dbt.stg_circuits"} */
alter view "dev"."main"."stg_circuits__dbt_tmp" rename to "stg_circuits"
[0m12:56:00.528062 [debug] [Thread-1 (]: SQL status: OK in 0.001 seconds
[0m12:56:00.541852 [debug] [Thread-1 (]: On model.entregable_dbt.stg_circuits: COMMIT
[0m12:56:00.542416 [debug] [Thread-1 (]: Using duckdb connection "model.entregable_dbt.stg_circuits"
[0m12:56:00.542883 [debug] [Thread-1 (]: On model.entregable_dbt.stg_circuits: COMMIT
[0m12:56:00.585964 [debug] [Thread-1 (]: SQL status: OK in 0.042 seconds
[0m12:56:00.594900 [debug] [Thread-1 (]: Using duckdb connection "model.entregable_dbt.stg_circuits"
[0m12:56:00.595441 [debug] [Thread-1 (]: On model.entregable_dbt.stg_circuits: /* {"app": "dbt", "dbt_version": "1.10.15", "profile_name": "entregable_dbt", "target_name": "dev", "node_id": "model.entregable_dbt.stg_circuits"} */

      drop view if exists "dev"."main"."stg_circuits__dbt_backup" cascade
    
[0m12:56:00.596452 [debug] [Thread-1 (]: SQL status: OK in 0.000 seconds
[0m12:56:00.599513 [debug] [Thread-1 (]: On model.entregable_dbt.stg_circuits: Close
[0m12:56:00.602042 [debug] [Thread-1 (]: Sending event: {'category': 'dbt', 'action': 'run_model', 'label': '45a1fb46-4113-42d9-9ebb-c5bf57731d9f', 'context': [<snowplow_tracker.self_describing_json.SelfDescribingJson object at 0x000001D25DA57110>]}
[0m12:56:00.602934 [info ] [Thread-1 (]: 1 of 8 OK created sql view model main.stg_circuits ............................. [[32mOK[0m in 0.14s]
[0m12:56:00.604208 [debug] [Thread-1 (]: Finished running node model.entregable_dbt.stg_circuits
[0m12:56:00.604819 [debug] [Thread-1 (]: Began running node model.entregable_dbt.stg_constructor_standings
[0m12:56:00.605628 [info ] [Thread-1 (]: 2 of 8 START sql view model main.stg_constructor_standings ..................... [RUN]
[0m12:56:00.606681 [debug] [Thread-1 (]: Re-using an available connection from the pool (formerly model.entregable_dbt.stg_circuits, now model.entregable_dbt.stg_constructor_standings)
[0m12:56:00.607288 [debug] [Thread-1 (]: Began compiling node model.entregable_dbt.stg_constructor_standings
[0m12:56:00.610276 [debug] [Thread-1 (]: Writing injected SQL for node "model.entregable_dbt.stg_constructor_standings"
[0m12:56:00.611421 [debug] [Thread-1 (]: Began executing node model.entregable_dbt.stg_constructor_standings
[0m12:56:00.616990 [debug] [Thread-1 (]: Writing runtime sql for node "model.entregable_dbt.stg_constructor_standings"
[0m12:56:00.618625 [debug] [Thread-1 (]: Using duckdb connection "model.entregable_dbt.stg_constructor_standings"
[0m12:56:00.619415 [debug] [Thread-1 (]: On model.entregable_dbt.stg_constructor_standings: BEGIN
[0m12:56:00.619959 [debug] [Thread-1 (]: Opening a new connection, currently in state closed
[0m12:56:00.620963 [debug] [Thread-1 (]: SQL status: OK in 0.001 seconds
[0m12:56:00.621465 [debug] [Thread-1 (]: Using duckdb connection "model.entregable_dbt.stg_constructor_standings"
[0m12:56:00.622057 [debug] [Thread-1 (]: On model.entregable_dbt.stg_constructor_standings: /* {"app": "dbt", "dbt_version": "1.10.15", "profile_name": "entregable_dbt", "target_name": "dev", "node_id": "model.entregable_dbt.stg_constructor_standings"} */

  
  create view "dev"."main"."stg_constructor_standings__dbt_tmp" as (
    with source as (
    select * from "dev"."main"."constructor_standings"
),

renamed as (
    select
        constructor_id,
        cast(season as integer) as season,
        cast(round as integer) as round,
        cast(position as integer) as position,
        cast(points as double) as points,
        cast(wins as integer) as wins
    from source
)

select * from renamed
  );

[0m12:56:00.623966 [debug] [Thread-1 (]: SQL status: OK in 0.001 seconds
[0m12:56:00.627920 [debug] [Thread-1 (]: Using duckdb connection "model.entregable_dbt.stg_constructor_standings"
[0m12:56:00.628430 [debug] [Thread-1 (]: On model.entregable_dbt.stg_constructor_standings: /* {"app": "dbt", "dbt_version": "1.10.15", "profile_name": "entregable_dbt", "target_name": "dev", "node_id": "model.entregable_dbt.stg_constructor_standings"} */
alter view "dev"."main"."stg_constructor_standings" rename to "stg_constructor_standings__dbt_backup"
[0m12:56:00.629510 [debug] [Thread-1 (]: SQL status: OK in 0.000 seconds
[0m12:56:00.632958 [debug] [Thread-1 (]: Using duckdb connection "model.entregable_dbt.stg_constructor_standings"
[0m12:56:00.633518 [debug] [Thread-1 (]: On model.entregable_dbt.stg_constructor_standings: /* {"app": "dbt", "dbt_version": "1.10.15", "profile_name": "entregable_dbt", "target_name": "dev", "node_id": "model.entregable_dbt.stg_constructor_standings"} */
alter view "dev"."main"."stg_constructor_standings__dbt_tmp" rename to "stg_constructor_standings"
[0m12:56:00.634774 [debug] [Thread-1 (]: SQL status: OK in 0.001 seconds
[0m12:56:00.640136 [debug] [Thread-1 (]: On model.entregable_dbt.stg_constructor_standings: COMMIT
[0m12:56:00.640848 [debug] [Thread-1 (]: Using duckdb connection "model.entregable_dbt.stg_constructor_standings"
[0m12:56:00.641425 [debug] [Thread-1 (]: On model.entregable_dbt.stg_constructor_standings: COMMIT
[0m12:56:00.644807 [debug] [Thread-1 (]: SQL status: OK in 0.003 seconds
[0m12:56:00.648751 [debug] [Thread-1 (]: Using duckdb connection "model.entregable_dbt.stg_constructor_standings"
[0m12:56:00.649605 [debug] [Thread-1 (]: On model.entregable_dbt.stg_constructor_standings: /* {"app": "dbt", "dbt_version": "1.10.15", "profile_name": "entregable_dbt", "target_name": "dev", "node_id": "model.entregable_dbt.stg_constructor_standings"} */

      drop view if exists "dev"."main"."stg_constructor_standings__dbt_backup" cascade
    
[0m12:56:00.652243 [debug] [Thread-1 (]: SQL status: OK in 0.002 seconds
[0m12:56:00.654512 [debug] [Thread-1 (]: On model.entregable_dbt.stg_constructor_standings: Close
[0m12:56:00.655274 [debug] [Thread-1 (]: Sending event: {'category': 'dbt', 'action': 'run_model', 'label': '45a1fb46-4113-42d9-9ebb-c5bf57731d9f', 'context': [<snowplow_tracker.self_describing_json.SelfDescribingJson object at 0x000001D25DD5C470>]}
[0m12:56:00.656094 [info ] [Thread-1 (]: 2 of 8 OK created sql view model main.stg_constructor_standings ................ [[32mOK[0m in 0.05s]
[0m12:56:00.657318 [debug] [Thread-1 (]: Finished running node model.entregable_dbt.stg_constructor_standings
[0m12:56:00.657898 [debug] [Thread-1 (]: Began running node model.entregable_dbt.stg_constructors
[0m12:56:00.658797 [info ] [Thread-1 (]: 3 of 8 START sql view model main.stg_constructors .............................. [RUN]
[0m12:56:00.659780 [debug] [Thread-1 (]: Re-using an available connection from the pool (formerly model.entregable_dbt.stg_constructor_standings, now model.entregable_dbt.stg_constructors)
[0m12:56:00.660388 [debug] [Thread-1 (]: Began compiling node model.entregable_dbt.stg_constructors
[0m12:56:00.663822 [debug] [Thread-1 (]: Writing injected SQL for node "model.entregable_dbt.stg_constructors"
[0m12:56:00.665628 [debug] [Thread-1 (]: Began executing node model.entregable_dbt.stg_constructors
[0m12:56:00.672371 [debug] [Thread-1 (]: Writing runtime sql for node "model.entregable_dbt.stg_constructors"
[0m12:56:00.673959 [debug] [Thread-1 (]: Using duckdb connection "model.entregable_dbt.stg_constructors"
[0m12:56:00.674748 [debug] [Thread-1 (]: On model.entregable_dbt.stg_constructors: BEGIN
[0m12:56:00.675275 [debug] [Thread-1 (]: Opening a new connection, currently in state closed
[0m12:56:00.676412 [debug] [Thread-1 (]: SQL status: OK in 0.001 seconds
[0m12:56:00.676936 [debug] [Thread-1 (]: Using duckdb connection "model.entregable_dbt.stg_constructors"
[0m12:56:00.677448 [debug] [Thread-1 (]: On model.entregable_dbt.stg_constructors: /* {"app": "dbt", "dbt_version": "1.10.15", "profile_name": "entregable_dbt", "target_name": "dev", "node_id": "model.entregable_dbt.stg_constructors"} */

  
  create view "dev"."main"."stg_constructors__dbt_tmp" as (
    with source as (
    select * from "dev"."main"."constructors"
),

renamed as (
    select
        constructor_id,
        name as constructor_name,
        nationality as constructor_nationality
    from source
)

select * from renamed
  );

[0m12:56:00.678713 [debug] [Thread-1 (]: SQL status: OK in 0.001 seconds
[0m12:56:00.682471 [debug] [Thread-1 (]: Using duckdb connection "model.entregable_dbt.stg_constructors"
[0m12:56:00.682977 [debug] [Thread-1 (]: On model.entregable_dbt.stg_constructors: /* {"app": "dbt", "dbt_version": "1.10.15", "profile_name": "entregable_dbt", "target_name": "dev", "node_id": "model.entregable_dbt.stg_constructors"} */
alter view "dev"."main"."stg_constructors" rename to "stg_constructors__dbt_backup"
[0m12:56:00.684018 [debug] [Thread-1 (]: SQL status: OK in 0.000 seconds
[0m12:56:00.687945 [debug] [Thread-1 (]: Using duckdb connection "model.entregable_dbt.stg_constructors"
[0m12:56:00.688534 [debug] [Thread-1 (]: On model.entregable_dbt.stg_constructors: /* {"app": "dbt", "dbt_version": "1.10.15", "profile_name": "entregable_dbt", "target_name": "dev", "node_id": "model.entregable_dbt.stg_constructors"} */
alter view "dev"."main"."stg_constructors__dbt_tmp" rename to "stg_constructors"
[0m12:56:00.689651 [debug] [Thread-1 (]: SQL status: OK in 0.001 seconds
[0m12:56:00.691611 [debug] [Thread-1 (]: On model.entregable_dbt.stg_constructors: COMMIT
[0m12:56:00.692126 [debug] [Thread-1 (]: Using duckdb connection "model.entregable_dbt.stg_constructors"
[0m12:56:00.692593 [debug] [Thread-1 (]: On model.entregable_dbt.stg_constructors: COMMIT
[0m12:56:00.695451 [debug] [Thread-1 (]: SQL status: OK in 0.002 seconds
[0m12:56:00.698704 [debug] [Thread-1 (]: Using duckdb connection "model.entregable_dbt.stg_constructors"
[0m12:56:00.699225 [debug] [Thread-1 (]: On model.entregable_dbt.stg_constructors: /* {"app": "dbt", "dbt_version": "1.10.15", "profile_name": "entregable_dbt", "target_name": "dev", "node_id": "model.entregable_dbt.stg_constructors"} */

      drop view if exists "dev"."main"."stg_constructors__dbt_backup" cascade
    
[0m12:56:00.701590 [debug] [Thread-1 (]: SQL status: OK in 0.002 seconds
[0m12:56:00.704052 [debug] [Thread-1 (]: On model.entregable_dbt.stg_constructors: Close
[0m12:56:00.704856 [debug] [Thread-1 (]: Sending event: {'category': 'dbt', 'action': 'run_model', 'label': '45a1fb46-4113-42d9-9ebb-c5bf57731d9f', 'context': [<snowplow_tracker.self_describing_json.SelfDescribingJson object at 0x000001D25D7B6CB0>]}
[0m12:56:00.705696 [info ] [Thread-1 (]: 3 of 8 OK created sql view model main.stg_constructors ......................... [[32mOK[0m in 0.05s]
[0m12:56:00.706937 [debug] [Thread-1 (]: Finished running node model.entregable_dbt.stg_constructors
[0m12:56:00.707612 [debug] [Thread-1 (]: Began running node model.entregable_dbt.stg_driver_standings
[0m12:56:00.708350 [info ] [Thread-1 (]: 4 of 8 START sql view model main.stg_driver_standings .......................... [RUN]
[0m12:56:00.709377 [debug] [Thread-1 (]: Re-using an available connection from the pool (formerly model.entregable_dbt.stg_constructors, now model.entregable_dbt.stg_driver_standings)
[0m12:56:00.709915 [debug] [Thread-1 (]: Began compiling node model.entregable_dbt.stg_driver_standings
[0m12:56:00.713079 [debug] [Thread-1 (]: Writing injected SQL for node "model.entregable_dbt.stg_driver_standings"
[0m12:56:00.714273 [debug] [Thread-1 (]: Began executing node model.entregable_dbt.stg_driver_standings
[0m12:56:00.719452 [debug] [Thread-1 (]: Writing runtime sql for node "model.entregable_dbt.stg_driver_standings"
[0m12:56:00.720930 [debug] [Thread-1 (]: Using duckdb connection "model.entregable_dbt.stg_driver_standings"
[0m12:56:00.721480 [debug] [Thread-1 (]: On model.entregable_dbt.stg_driver_standings: BEGIN
[0m12:56:00.721972 [debug] [Thread-1 (]: Opening a new connection, currently in state closed
[0m12:56:00.723046 [debug] [Thread-1 (]: SQL status: OK in 0.001 seconds
[0m12:56:00.723541 [debug] [Thread-1 (]: Using duckdb connection "model.entregable_dbt.stg_driver_standings"
[0m12:56:00.724058 [debug] [Thread-1 (]: On model.entregable_dbt.stg_driver_standings: /* {"app": "dbt", "dbt_version": "1.10.15", "profile_name": "entregable_dbt", "target_name": "dev", "node_id": "model.entregable_dbt.stg_driver_standings"} */

  
  create view "dev"."main"."stg_driver_standings__dbt_tmp" as (
    with source as (
    select * from "dev"."main"."driver_standings"
),

renamed as (
    select
        driver_id,
        cast(season as integer) as season,
        cast(round as integer) as round,
        cast(position as integer) as position,
        cast(points as double) as points,
        cast(wins as integer) as wins
    from source
)

select * from renamed
  );

[0m12:56:00.725465 [debug] [Thread-1 (]: SQL status: OK in 0.001 seconds
[0m12:56:00.729920 [debug] [Thread-1 (]: Using duckdb connection "model.entregable_dbt.stg_driver_standings"
[0m12:56:00.730499 [debug] [Thread-1 (]: On model.entregable_dbt.stg_driver_standings: /* {"app": "dbt", "dbt_version": "1.10.15", "profile_name": "entregable_dbt", "target_name": "dev", "node_id": "model.entregable_dbt.stg_driver_standings"} */
alter view "dev"."main"."stg_driver_standings" rename to "stg_driver_standings__dbt_backup"
[0m12:56:00.731560 [debug] [Thread-1 (]: SQL status: OK in 0.001 seconds
[0m12:56:00.734967 [debug] [Thread-1 (]: Using duckdb connection "model.entregable_dbt.stg_driver_standings"
[0m12:56:00.735558 [debug] [Thread-1 (]: On model.entregable_dbt.stg_driver_standings: /* {"app": "dbt", "dbt_version": "1.10.15", "profile_name": "entregable_dbt", "target_name": "dev", "node_id": "model.entregable_dbt.stg_driver_standings"} */
alter view "dev"."main"."stg_driver_standings__dbt_tmp" rename to "stg_driver_standings"
[0m12:56:00.736800 [debug] [Thread-1 (]: SQL status: OK in 0.001 seconds
[0m12:56:00.738913 [debug] [Thread-1 (]: On model.entregable_dbt.stg_driver_standings: COMMIT
[0m12:56:00.739416 [debug] [Thread-1 (]: Using duckdb connection "model.entregable_dbt.stg_driver_standings"
[0m12:56:00.739883 [debug] [Thread-1 (]: On model.entregable_dbt.stg_driver_standings: COMMIT
[0m12:56:00.742394 [debug] [Thread-1 (]: SQL status: OK in 0.002 seconds
[0m12:56:00.745749 [debug] [Thread-1 (]: Using duckdb connection "model.entregable_dbt.stg_driver_standings"
[0m12:56:00.746270 [debug] [Thread-1 (]: On model.entregable_dbt.stg_driver_standings: /* {"app": "dbt", "dbt_version": "1.10.15", "profile_name": "entregable_dbt", "target_name": "dev", "node_id": "model.entregable_dbt.stg_driver_standings"} */

      drop view if exists "dev"."main"."stg_driver_standings__dbt_backup" cascade
    
[0m12:56:00.748642 [debug] [Thread-1 (]: SQL status: OK in 0.002 seconds
[0m12:56:00.750605 [debug] [Thread-1 (]: On model.entregable_dbt.stg_driver_standings: Close
[0m12:56:00.751323 [debug] [Thread-1 (]: Sending event: {'category': 'dbt', 'action': 'run_model', 'label': '45a1fb46-4113-42d9-9ebb-c5bf57731d9f', 'context': [<snowplow_tracker.self_describing_json.SelfDescribingJson object at 0x000001D25DD12450>]}
[0m12:56:00.752344 [info ] [Thread-1 (]: 4 of 8 OK created sql view model main.stg_driver_standings ..................... [[32mOK[0m in 0.04s]
[0m12:56:00.753585 [debug] [Thread-1 (]: Finished running node model.entregable_dbt.stg_driver_standings
[0m12:56:00.754372 [debug] [Thread-1 (]: Began running node model.entregable_dbt.stg_drivers
[0m12:56:00.755226 [info ] [Thread-1 (]: 5 of 8 START sql view model main.stg_drivers ................................... [RUN]
[0m12:56:00.756201 [debug] [Thread-1 (]: Re-using an available connection from the pool (formerly model.entregable_dbt.stg_driver_standings, now model.entregable_dbt.stg_drivers)
[0m12:56:00.756771 [debug] [Thread-1 (]: Began compiling node model.entregable_dbt.stg_drivers
[0m12:56:00.759950 [debug] [Thread-1 (]: Writing injected SQL for node "model.entregable_dbt.stg_drivers"
[0m12:56:00.761182 [debug] [Thread-1 (]: Began executing node model.entregable_dbt.stg_drivers
[0m12:56:00.765568 [debug] [Thread-1 (]: Writing runtime sql for node "model.entregable_dbt.stg_drivers"
[0m12:56:00.766717 [debug] [Thread-1 (]: Using duckdb connection "model.entregable_dbt.stg_drivers"
[0m12:56:00.767400 [debug] [Thread-1 (]: On model.entregable_dbt.stg_drivers: BEGIN
[0m12:56:00.768140 [debug] [Thread-1 (]: Opening a new connection, currently in state closed
[0m12:56:00.769761 [debug] [Thread-1 (]: SQL status: OK in 0.002 seconds
[0m12:56:00.770424 [debug] [Thread-1 (]: Using duckdb connection "model.entregable_dbt.stg_drivers"
[0m12:56:00.770974 [debug] [Thread-1 (]: On model.entregable_dbt.stg_drivers: /* {"app": "dbt", "dbt_version": "1.10.15", "profile_name": "entregable_dbt", "target_name": "dev", "node_id": "model.entregable_dbt.stg_drivers"} */

  
  create view "dev"."main"."stg_drivers__dbt_tmp" as (
    with source as (
    select * from "dev"."main"."drivers"
),

renamed as (
    select
        driver_id,
        "givenName" as first_name,
        "familyName" as last_name,
        nationality as driver_nationality,
        -- Convertir texto a fecha real
        cast(dob as date) as date_of_birth
    from source
)

select * from renamed
  );

[0m12:56:00.772414 [debug] [Thread-1 (]: SQL status: OK in 0.001 seconds
[0m12:56:00.776564 [debug] [Thread-1 (]: Using duckdb connection "model.entregable_dbt.stg_drivers"
[0m12:56:00.777243 [debug] [Thread-1 (]: On model.entregable_dbt.stg_drivers: /* {"app": "dbt", "dbt_version": "1.10.15", "profile_name": "entregable_dbt", "target_name": "dev", "node_id": "model.entregable_dbt.stg_drivers"} */
alter view "dev"."main"."stg_drivers" rename to "stg_drivers__dbt_backup"
[0m12:56:00.778383 [debug] [Thread-1 (]: SQL status: OK in 0.001 seconds
[0m12:56:00.781584 [debug] [Thread-1 (]: Using duckdb connection "model.entregable_dbt.stg_drivers"
[0m12:56:00.782133 [debug] [Thread-1 (]: On model.entregable_dbt.stg_drivers: /* {"app": "dbt", "dbt_version": "1.10.15", "profile_name": "entregable_dbt", "target_name": "dev", "node_id": "model.entregable_dbt.stg_drivers"} */
alter view "dev"."main"."stg_drivers__dbt_tmp" rename to "stg_drivers"
[0m12:56:00.783116 [debug] [Thread-1 (]: SQL status: OK in 0.000 seconds
[0m12:56:00.785177 [debug] [Thread-1 (]: On model.entregable_dbt.stg_drivers: COMMIT
[0m12:56:00.786043 [debug] [Thread-1 (]: Using duckdb connection "model.entregable_dbt.stg_drivers"
[0m12:56:00.786588 [debug] [Thread-1 (]: On model.entregable_dbt.stg_drivers: COMMIT
[0m12:56:00.789407 [debug] [Thread-1 (]: SQL status: OK in 0.002 seconds
[0m12:56:00.796325 [debug] [Thread-1 (]: Using duckdb connection "model.entregable_dbt.stg_drivers"
[0m12:56:00.797125 [debug] [Thread-1 (]: On model.entregable_dbt.stg_drivers: /* {"app": "dbt", "dbt_version": "1.10.15", "profile_name": "entregable_dbt", "target_name": "dev", "node_id": "model.entregable_dbt.stg_drivers"} */

      drop view if exists "dev"."main"."stg_drivers__dbt_backup" cascade
    
[0m12:56:00.800041 [debug] [Thread-1 (]: SQL status: OK in 0.002 seconds
[0m12:56:00.801898 [debug] [Thread-1 (]: On model.entregable_dbt.stg_drivers: Close
[0m12:56:00.802820 [debug] [Thread-1 (]: Sending event: {'category': 'dbt', 'action': 'run_model', 'label': '45a1fb46-4113-42d9-9ebb-c5bf57731d9f', 'context': [<snowplow_tracker.self_describing_json.SelfDescribingJson object at 0x000001D25DE0A0B0>]}
[0m12:56:00.803864 [info ] [Thread-1 (]: 5 of 8 OK created sql view model main.stg_drivers .............................. [[32mOK[0m in 0.05s]
[0m12:56:00.805333 [debug] [Thread-1 (]: Finished running node model.entregable_dbt.stg_drivers
[0m12:56:00.805972 [debug] [Thread-1 (]: Began running node model.entregable_dbt.stg_qualifying
[0m12:56:00.806859 [info ] [Thread-1 (]: 6 of 8 START sql view model main.stg_qualifying ................................ [RUN]
[0m12:56:00.808131 [debug] [Thread-1 (]: Re-using an available connection from the pool (formerly model.entregable_dbt.stg_drivers, now model.entregable_dbt.stg_qualifying)
[0m12:56:00.808815 [debug] [Thread-1 (]: Began compiling node model.entregable_dbt.stg_qualifying
[0m12:56:00.811957 [debug] [Thread-1 (]: Writing injected SQL for node "model.entregable_dbt.stg_qualifying"
[0m12:56:00.813188 [debug] [Thread-1 (]: Began executing node model.entregable_dbt.stg_qualifying
[0m12:56:00.817969 [debug] [Thread-1 (]: Writing runtime sql for node "model.entregable_dbt.stg_qualifying"
[0m12:56:00.819512 [debug] [Thread-1 (]: Using duckdb connection "model.entregable_dbt.stg_qualifying"
[0m12:56:00.820337 [debug] [Thread-1 (]: On model.entregable_dbt.stg_qualifying: BEGIN
[0m12:56:00.820926 [debug] [Thread-1 (]: Opening a new connection, currently in state closed
[0m12:56:00.822112 [debug] [Thread-1 (]: SQL status: OK in 0.001 seconds
[0m12:56:00.822646 [debug] [Thread-1 (]: Using duckdb connection "model.entregable_dbt.stg_qualifying"
[0m12:56:00.823182 [debug] [Thread-1 (]: On model.entregable_dbt.stg_qualifying: /* {"app": "dbt", "dbt_version": "1.10.15", "profile_name": "entregable_dbt", "target_name": "dev", "node_id": "model.entregable_dbt.stg_qualifying"} */

  
  create view "dev"."main"."stg_qualifying__dbt_tmp" as (
    with source as (
    select * from "dev"."main"."qualifying"
),

renamed as (
    select
        race_id,
        driver_id,
        constructor_id,
        cast(position as integer) as qualifying_position,
        q1 as q1_time,
        q2 as q2_time,
        q3 as q3_time
    from source
)

select * from renamed
  );

[0m12:56:00.824747 [debug] [Thread-1 (]: SQL status: OK in 0.001 seconds
[0m12:56:00.828589 [debug] [Thread-1 (]: Using duckdb connection "model.entregable_dbt.stg_qualifying"
[0m12:56:00.829129 [debug] [Thread-1 (]: On model.entregable_dbt.stg_qualifying: /* {"app": "dbt", "dbt_version": "1.10.15", "profile_name": "entregable_dbt", "target_name": "dev", "node_id": "model.entregable_dbt.stg_qualifying"} */
alter view "dev"."main"."stg_qualifying" rename to "stg_qualifying__dbt_backup"
[0m12:56:00.830091 [debug] [Thread-1 (]: SQL status: OK in 0.000 seconds
[0m12:56:00.833281 [debug] [Thread-1 (]: Using duckdb connection "model.entregable_dbt.stg_qualifying"
[0m12:56:00.833802 [debug] [Thread-1 (]: On model.entregable_dbt.stg_qualifying: /* {"app": "dbt", "dbt_version": "1.10.15", "profile_name": "entregable_dbt", "target_name": "dev", "node_id": "model.entregable_dbt.stg_qualifying"} */
alter view "dev"."main"."stg_qualifying__dbt_tmp" rename to "stg_qualifying"
[0m12:56:00.834945 [debug] [Thread-1 (]: SQL status: OK in 0.001 seconds
[0m12:56:00.838210 [debug] [Thread-1 (]: On model.entregable_dbt.stg_qualifying: COMMIT
[0m12:56:00.838892 [debug] [Thread-1 (]: Using duckdb connection "model.entregable_dbt.stg_qualifying"
[0m12:56:00.839367 [debug] [Thread-1 (]: On model.entregable_dbt.stg_qualifying: COMMIT
[0m12:56:00.842210 [debug] [Thread-1 (]: SQL status: OK in 0.002 seconds
[0m12:56:00.845772 [debug] [Thread-1 (]: Using duckdb connection "model.entregable_dbt.stg_qualifying"
[0m12:56:00.846324 [debug] [Thread-1 (]: On model.entregable_dbt.stg_qualifying: /* {"app": "dbt", "dbt_version": "1.10.15", "profile_name": "entregable_dbt", "target_name": "dev", "node_id": "model.entregable_dbt.stg_qualifying"} */

      drop view if exists "dev"."main"."stg_qualifying__dbt_backup" cascade
    
[0m12:56:00.848909 [debug] [Thread-1 (]: SQL status: OK in 0.002 seconds
[0m12:56:00.850752 [debug] [Thread-1 (]: On model.entregable_dbt.stg_qualifying: Close
[0m12:56:00.851814 [debug] [Thread-1 (]: Sending event: {'category': 'dbt', 'action': 'run_model', 'label': '45a1fb46-4113-42d9-9ebb-c5bf57731d9f', 'context': [<snowplow_tracker.self_describing_json.SelfDescribingJson object at 0x000001D25DD27950>]}
[0m12:56:00.852722 [info ] [Thread-1 (]: 6 of 8 OK created sql view model main.stg_qualifying ........................... [[32mOK[0m in 0.04s]
[0m12:56:00.854022 [debug] [Thread-1 (]: Finished running node model.entregable_dbt.stg_qualifying
[0m12:56:00.854643 [debug] [Thread-1 (]: Began running node model.entregable_dbt.stg_races
[0m12:56:00.855442 [info ] [Thread-1 (]: 7 of 8 START sql view model main.stg_races ..................................... [RUN]
[0m12:56:00.856340 [debug] [Thread-1 (]: Re-using an available connection from the pool (formerly model.entregable_dbt.stg_qualifying, now model.entregable_dbt.stg_races)
[0m12:56:00.856913 [debug] [Thread-1 (]: Began compiling node model.entregable_dbt.stg_races
[0m12:56:00.860069 [debug] [Thread-1 (]: Writing injected SQL for node "model.entregable_dbt.stg_races"
[0m12:56:00.861285 [debug] [Thread-1 (]: Began executing node model.entregable_dbt.stg_races
[0m12:56:00.865199 [debug] [Thread-1 (]: Writing runtime sql for node "model.entregable_dbt.stg_races"
[0m12:56:00.866468 [debug] [Thread-1 (]: Using duckdb connection "model.entregable_dbt.stg_races"
[0m12:56:00.867400 [debug] [Thread-1 (]: On model.entregable_dbt.stg_races: BEGIN
[0m12:56:00.868152 [debug] [Thread-1 (]: Opening a new connection, currently in state closed
[0m12:56:00.869433 [debug] [Thread-1 (]: SQL status: OK in 0.001 seconds
[0m12:56:00.870038 [debug] [Thread-1 (]: Using duckdb connection "model.entregable_dbt.stg_races"
[0m12:56:00.870618 [debug] [Thread-1 (]: On model.entregable_dbt.stg_races: /* {"app": "dbt", "dbt_version": "1.10.15", "profile_name": "entregable_dbt", "target_name": "dev", "node_id": "model.entregable_dbt.stg_races"} */

  
  create view "dev"."main"."stg_races__dbt_tmp" as (
    with source as (
    select * from "dev"."main"."races"
),

renamed as (
    select
        race_id,
        cast(season as integer) as season,
        cast(round as integer) as round,
        race_name,
        circuit_id,
        cast(date as date) as race_date,
        -- A veces la hora viene nula o con formatos raros, lo dejamos como texto o intentamos time
        time as race_time, 
        circuit_id
    from source
)

select * from renamed
  );

[0m12:56:00.872155 [debug] [Thread-1 (]: SQL status: OK in 0.001 seconds
[0m12:56:00.876633 [debug] [Thread-1 (]: Using duckdb connection "model.entregable_dbt.stg_races"
[0m12:56:00.877144 [debug] [Thread-1 (]: On model.entregable_dbt.stg_races: /* {"app": "dbt", "dbt_version": "1.10.15", "profile_name": "entregable_dbt", "target_name": "dev", "node_id": "model.entregable_dbt.stg_races"} */
alter view "dev"."main"."stg_races" rename to "stg_races__dbt_backup"
[0m12:56:00.878142 [debug] [Thread-1 (]: SQL status: OK in 0.000 seconds
[0m12:56:00.881306 [debug] [Thread-1 (]: Using duckdb connection "model.entregable_dbt.stg_races"
[0m12:56:00.881804 [debug] [Thread-1 (]: On model.entregable_dbt.stg_races: /* {"app": "dbt", "dbt_version": "1.10.15", "profile_name": "entregable_dbt", "target_name": "dev", "node_id": "model.entregable_dbt.stg_races"} */
alter view "dev"."main"."stg_races__dbt_tmp" rename to "stg_races"
[0m12:56:00.882988 [debug] [Thread-1 (]: SQL status: OK in 0.001 seconds
[0m12:56:00.885118 [debug] [Thread-1 (]: On model.entregable_dbt.stg_races: COMMIT
[0m12:56:00.885674 [debug] [Thread-1 (]: Using duckdb connection "model.entregable_dbt.stg_races"
[0m12:56:00.886388 [debug] [Thread-1 (]: On model.entregable_dbt.stg_races: COMMIT
[0m12:56:00.889145 [debug] [Thread-1 (]: SQL status: OK in 0.002 seconds
[0m12:56:00.892642 [debug] [Thread-1 (]: Using duckdb connection "model.entregable_dbt.stg_races"
[0m12:56:00.893156 [debug] [Thread-1 (]: On model.entregable_dbt.stg_races: /* {"app": "dbt", "dbt_version": "1.10.15", "profile_name": "entregable_dbt", "target_name": "dev", "node_id": "model.entregable_dbt.stg_races"} */

      drop view if exists "dev"."main"."stg_races__dbt_backup" cascade
    
[0m12:56:00.895488 [debug] [Thread-1 (]: SQL status: OK in 0.002 seconds
[0m12:56:00.897187 [debug] [Thread-1 (]: On model.entregable_dbt.stg_races: Close
[0m12:56:00.897887 [debug] [Thread-1 (]: Sending event: {'category': 'dbt', 'action': 'run_model', 'label': '45a1fb46-4113-42d9-9ebb-c5bf57731d9f', 'context': [<snowplow_tracker.self_describing_json.SelfDescribingJson object at 0x000001D25D414950>]}
[0m12:56:00.898859 [info ] [Thread-1 (]: 7 of 8 OK created sql view model main.stg_races ................................ [[32mOK[0m in 0.04s]
[0m12:56:00.900152 [debug] [Thread-1 (]: Finished running node model.entregable_dbt.stg_races
[0m12:56:00.901009 [debug] [Thread-1 (]: Began running node model.entregable_dbt.stg_results
[0m12:56:00.902171 [info ] [Thread-1 (]: 8 of 8 START sql view model main.stg_results ................................... [RUN]
[0m12:56:00.903193 [debug] [Thread-1 (]: Re-using an available connection from the pool (formerly model.entregable_dbt.stg_races, now model.entregable_dbt.stg_results)
[0m12:56:00.903731 [debug] [Thread-1 (]: Began compiling node model.entregable_dbt.stg_results
[0m12:56:00.906915 [debug] [Thread-1 (]: Writing injected SQL for node "model.entregable_dbt.stg_results"
[0m12:56:00.908235 [debug] [Thread-1 (]: Began executing node model.entregable_dbt.stg_results
[0m12:56:00.912675 [debug] [Thread-1 (]: Writing runtime sql for node "model.entregable_dbt.stg_results"
[0m12:56:00.913966 [debug] [Thread-1 (]: Using duckdb connection "model.entregable_dbt.stg_results"
[0m12:56:00.914751 [debug] [Thread-1 (]: On model.entregable_dbt.stg_results: BEGIN
[0m12:56:00.915464 [debug] [Thread-1 (]: Opening a new connection, currently in state closed
[0m12:56:00.916480 [debug] [Thread-1 (]: SQL status: OK in 0.001 seconds
[0m12:56:00.917137 [debug] [Thread-1 (]: Using duckdb connection "model.entregable_dbt.stg_results"
[0m12:56:00.917894 [debug] [Thread-1 (]: On model.entregable_dbt.stg_results: /* {"app": "dbt", "dbt_version": "1.10.15", "profile_name": "entregable_dbt", "target_name": "dev", "node_id": "model.entregable_dbt.stg_results"} */

  
  create view "dev"."main"."stg_results__dbt_tmp" as (
    with source as (
    select * from "dev"."main"."results"
),

renamed as (
    select
        race_id,
        driver_id,
        constructor_id,
        cast(grid as integer) as grid_position,
        -- position puede contener textos como 'R', lo dejamos tal cual o usamos position_order
        position as position_text,
        cast(position_order as integer) as position_order,
        cast(points as double) as points,
        cast(laps as integer) as laps,
        status
    from source
)

select * from renamed
  );

[0m12:56:00.919919 [debug] [Thread-1 (]: SQL status: OK in 0.001 seconds
[0m12:56:00.924416 [debug] [Thread-1 (]: Using duckdb connection "model.entregable_dbt.stg_results"
[0m12:56:00.924969 [debug] [Thread-1 (]: On model.entregable_dbt.stg_results: /* {"app": "dbt", "dbt_version": "1.10.15", "profile_name": "entregable_dbt", "target_name": "dev", "node_id": "model.entregable_dbt.stg_results"} */
alter view "dev"."main"."stg_results" rename to "stg_results__dbt_backup"
[0m12:56:00.926061 [debug] [Thread-1 (]: SQL status: OK in 0.001 seconds
[0m12:56:00.929287 [debug] [Thread-1 (]: Using duckdb connection "model.entregable_dbt.stg_results"
[0m12:56:00.929992 [debug] [Thread-1 (]: On model.entregable_dbt.stg_results: /* {"app": "dbt", "dbt_version": "1.10.15", "profile_name": "entregable_dbt", "target_name": "dev", "node_id": "model.entregable_dbt.stg_results"} */
alter view "dev"."main"."stg_results__dbt_tmp" rename to "stg_results"
[0m12:56:00.930982 [debug] [Thread-1 (]: SQL status: OK in 0.000 seconds
[0m12:56:00.932912 [debug] [Thread-1 (]: On model.entregable_dbt.stg_results: COMMIT
[0m12:56:00.933413 [debug] [Thread-1 (]: Using duckdb connection "model.entregable_dbt.stg_results"
[0m12:56:00.933930 [debug] [Thread-1 (]: On model.entregable_dbt.stg_results: COMMIT
[0m12:56:00.936845 [debug] [Thread-1 (]: SQL status: OK in 0.002 seconds
[0m12:56:00.939668 [debug] [Thread-1 (]: Using duckdb connection "model.entregable_dbt.stg_results"
[0m12:56:00.940171 [debug] [Thread-1 (]: On model.entregable_dbt.stg_results: /* {"app": "dbt", "dbt_version": "1.10.15", "profile_name": "entregable_dbt", "target_name": "dev", "node_id": "model.entregable_dbt.stg_results"} */

      drop view if exists "dev"."main"."stg_results__dbt_backup" cascade
    
[0m12:56:00.942372 [debug] [Thread-1 (]: SQL status: OK in 0.002 seconds
[0m12:56:00.944078 [debug] [Thread-1 (]: On model.entregable_dbt.stg_results: Close
[0m12:56:00.944795 [debug] [Thread-1 (]: Sending event: {'category': 'dbt', 'action': 'run_model', 'label': '45a1fb46-4113-42d9-9ebb-c5bf57731d9f', 'context': [<snowplow_tracker.self_describing_json.SelfDescribingJson object at 0x000001D25DD27AD0>]}
[0m12:56:00.945724 [info ] [Thread-1 (]: 8 of 8 OK created sql view model main.stg_results .............................. [[32mOK[0m in 0.04s]
[0m12:56:00.946946 [debug] [Thread-1 (]: Finished running node model.entregable_dbt.stg_results
[0m12:56:00.948969 [debug] [MainThread]: Using duckdb connection "master"
[0m12:56:00.949488 [debug] [MainThread]: On master: BEGIN
[0m12:56:00.949894 [debug] [MainThread]: Opening a new connection, currently in state closed
[0m12:56:00.950783 [debug] [MainThread]: SQL status: OK in 0.001 seconds
[0m12:56:00.951237 [debug] [MainThread]: On master: COMMIT
[0m12:56:00.951767 [debug] [MainThread]: Using duckdb connection "master"
[0m12:56:00.952164 [debug] [MainThread]: On master: COMMIT
[0m12:56:00.952943 [debug] [MainThread]: SQL status: OK in 0.000 seconds
[0m12:56:00.953409 [debug] [MainThread]: On master: Close
[0m12:56:00.953957 [debug] [MainThread]: Connection 'master' was properly closed.
[0m12:56:00.954347 [debug] [MainThread]: Connection 'create_dev_main' was properly closed.
[0m12:56:00.954712 [debug] [MainThread]: Connection 'list_dev_main' was properly closed.
[0m12:56:00.955071 [debug] [MainThread]: Connection 'model.entregable_dbt.stg_results' was properly closed.
[0m12:56:00.955585 [info ] [MainThread]: 
[0m12:56:00.956424 [info ] [MainThread]: Finished running 8 view models in 0 hours 0 minutes and 0.84 seconds (0.84s).
[0m12:56:00.960103 [debug] [MainThread]: Command end result
[0m12:56:00.993320 [debug] [MainThread]: Wrote artifact WritableManifest to C:\Users\Admin\Documents\GitHub\EDEM_MDA2526\alumnos\mdab\SAUL_MARTINEZ\DBT\entregable_dbt\target\manifest.json
[0m12:56:00.996773 [debug] [MainThread]: Wrote artifact SemanticManifest to C:\Users\Admin\Documents\GitHub\EDEM_MDA2526\alumnos\mdab\SAUL_MARTINEZ\DBT\entregable_dbt\target\semantic_manifest.json
[0m12:56:01.005843 [debug] [MainThread]: Wrote artifact RunExecutionResult to C:\Users\Admin\Documents\GitHub\EDEM_MDA2526\alumnos\mdab\SAUL_MARTINEZ\DBT\entregable_dbt\target\run_results.json
[0m12:56:01.006385 [info ] [MainThread]: 
[0m12:56:01.007261 [info ] [MainThread]: [32mCompleted successfully[0m
[0m12:56:01.008063 [info ] [MainThread]: 
[0m12:56:01.008974 [info ] [MainThread]: Done. PASS=8 WARN=0 ERROR=0 SKIP=0 NO-OP=0 TOTAL=8
[0m12:56:01.010307 [debug] [MainThread]: Command `dbt run` succeeded at 12:56:01.010149 after 2.57 seconds
[0m12:56:01.010861 [debug] [MainThread]: Sending event: {'category': 'dbt', 'action': 'invocation', 'label': 'end', 'context': [<snowplow_tracker.self_describing_json.SelfDescribingJson object at 0x000001D25D29BFB0>, <snowplow_tracker.self_describing_json.SelfDescribingJson object at 0x000001D25BB43410>, <snowplow_tracker.self_describing_json.SelfDescribingJson object at 0x000001D25DE2FCB0>]}
[0m12:56:01.011376 [debug] [MainThread]: Flushing usage events
[0m12:56:02.164441 [debug] [MainThread]: An error was encountered while trying to flush usage events
[0m13:04:11.458026 [debug] [MainThread]: Sending event: {'category': 'dbt', 'action': 'invocation', 'label': 'start', 'context': [<snowplow_tracker.self_describing_json.SelfDescribingJson object at 0x00000290E13C0590>, <snowplow_tracker.self_describing_json.SelfDescribingJson object at 0x00000290E1C60690>, <snowplow_tracker.self_describing_json.SelfDescribingJson object at 0x00000290E338FED0>]}


============================== 13:04:11.463972 | ed5c39d5-8f6f-4562-a2ee-1b55acc128f1 ==============================
[0m13:04:11.463972 [info ] [MainThread]: Running with dbt=1.10.15
[0m13:04:11.465375 [debug] [MainThread]: running dbt with arguments {'target_path': 'None', 'log_format': 'default', 'profiles_dir': 'C:\\Users\\Admin\\.dbt', 'invocation_command': 'dbt run', 'cache_selected_only': 'False', 'warn_error': 'None', 'indirect_selection': 'eager', 'fail_fast': 'False', 'partial_parse': 'True', 'send_anonymous_usage_stats': 'True', 'log_path': 'C:\\Users\\Admin\\Documents\\GitHub\\EDEM_MDA2526\\alumnos\\mdab\\SAUL_MARTINEZ\\DBT\\entregable_dbt\\logs', 'warn_error_options': 'WarnErrorOptionsV2(error=[], warn=[], silence=[])', 'static_parser': 'True', 'version_check': 'True', 'use_experimental_parser': 'False', 'introspect': 'True', 'quiet': 'False', 'empty': 'False', 'log_cache_events': 'False', 'debug': 'False', 'no_print': 'None', 'use_colors': 'True', 'printer_width': '80', 'write_json': 'True'}
[0m13:04:11.785435 [debug] [MainThread]: Sending event: {'category': 'dbt', 'action': 'project_id', 'label': 'ed5c39d5-8f6f-4562-a2ee-1b55acc128f1', 'context': [<snowplow_tracker.self_describing_json.SelfDescribingJson object at 0x00000290E15ECC30>]}
[0m13:04:11.873074 [debug] [MainThread]: Sending event: {'category': 'dbt', 'action': 'adapter_info', 'label': 'ed5c39d5-8f6f-4562-a2ee-1b55acc128f1', 'context': [<snowplow_tracker.self_describing_json.SelfDescribingJson object at 0x00000290E322FBD0>]}
[0m13:04:11.876501 [info ] [MainThread]: Registered adapter: duckdb=1.10.0
[0m13:04:12.305142 [debug] [MainThread]: checksum: 14a228079bd6df63ba81633f9a3cf44ecfaa31056ac397c602753ec895dbf885, vars: {}, profile: , target: , version: 1.10.15
[0m13:04:12.567734 [debug] [MainThread]: Partial parsing enabled: 0 files deleted, 3 files added, 0 files changed.
[0m13:04:12.568663 [debug] [MainThread]: Partial parsing: added file: entregable_dbt://models\marts\fct_results.sql
[0m13:04:12.569376 [debug] [MainThread]: Partial parsing: added file: entregable_dbt://models\intermediate\int_races_circuits.sql
[0m13:04:12.570125 [debug] [MainThread]: Partial parsing: added file: entregable_dbt://models\intermediate\int_result_enriched.sql
[0m13:04:12.854998 [error] [MainThread]: Encountered an error:
Compilation Error
  Model 'model.entregable_dbt.fct_results' (models\marts\fct_results.sql) depends on a node named 'int_results_enriched' which was not found
[0m13:04:12.857152 [debug] [MainThread]: Command `dbt run` failed at 13:04:12.856934 after 1.57 seconds
[0m13:04:12.857742 [debug] [MainThread]: Sending event: {'category': 'dbt', 'action': 'invocation', 'label': 'end', 'context': [<snowplow_tracker.self_describing_json.SelfDescribingJson object at 0x00000290E380A850>, <snowplow_tracker.self_describing_json.SelfDescribingJson object at 0x00000290E380AB50>, <snowplow_tracker.self_describing_json.SelfDescribingJson object at 0x00000290E3A049B0>]}
[0m13:04:12.858297 [debug] [MainThread]: Flushing usage events
[0m13:04:13.902144 [debug] [MainThread]: An error was encountered while trying to flush usage events
[0m13:05:36.413575 [debug] [MainThread]: Sending event: {'category': 'dbt', 'action': 'invocation', 'label': 'start', 'context': [<snowplow_tracker.self_describing_json.SelfDescribingJson object at 0x000001F4CCC00590>, <snowplow_tracker.self_describing_json.SelfDescribingJson object at 0x000001F4CE540690>, <snowplow_tracker.self_describing_json.SelfDescribingJson object at 0x000001F4CEB8FED0>]}


============================== 13:05:36.419413 | 1360d345-5525-4fbd-b7b2-0cd1b3b63214 ==============================
[0m13:05:36.419413 [info ] [MainThread]: Running with dbt=1.10.15
[0m13:05:36.420510 [debug] [MainThread]: running dbt with arguments {'use_colors': 'True', 'printer_width': '80', 'log_format': 'default', 'profiles_dir': 'C:\\Users\\Admin\\.dbt', 'write_json': 'True', 'warn_error': 'None', 'log_path': 'C:\\Users\\Admin\\Documents\\GitHub\\EDEM_MDA2526\\alumnos\\mdab\\SAUL_MARTINEZ\\DBT\\entregable_dbt\\logs', 'partial_parse': 'True', 'indirect_selection': 'eager', 'send_anonymous_usage_stats': 'True', 'static_parser': 'True', 'warn_error_options': 'WarnErrorOptionsV2(error=[], warn=[], silence=[])', 'fail_fast': 'False', 'use_experimental_parser': 'False', 'version_check': 'True', 'introspect': 'True', 'quiet': 'False', 'empty': 'False', 'log_cache_events': 'False', 'debug': 'False', 'no_print': 'None', 'invocation_command': 'dbt run --select tag:intermediate', 'cache_selected_only': 'False', 'target_path': 'None'}
[0m13:05:36.750979 [debug] [MainThread]: Sending event: {'category': 'dbt', 'action': 'project_id', 'label': '1360d345-5525-4fbd-b7b2-0cd1b3b63214', 'context': [<snowplow_tracker.self_describing_json.SelfDescribingJson object at 0x000001F4CCE20C30>]}
[0m13:05:36.838464 [debug] [MainThread]: Sending event: {'category': 'dbt', 'action': 'adapter_info', 'label': '1360d345-5525-4fbd-b7b2-0cd1b3b63214', 'context': [<snowplow_tracker.self_describing_json.SelfDescribingJson object at 0x000001F4CEA2FBD0>]}
[0m13:05:36.841796 [info ] [MainThread]: Registered adapter: duckdb=1.10.0
[0m13:05:37.268562 [debug] [MainThread]: checksum: 14a228079bd6df63ba81633f9a3cf44ecfaa31056ac397c602753ec895dbf885, vars: {}, profile: , target: , version: 1.10.15
[0m13:05:37.434729 [debug] [MainThread]: Partial parsing enabled: 0 files deleted, 3 files added, 0 files changed.
[0m13:05:37.435524 [debug] [MainThread]: Partial parsing: added file: entregable_dbt://models\intermediate\int_result_enriched.sql
[0m13:05:37.436009 [debug] [MainThread]: Partial parsing: added file: entregable_dbt://models\marts\fct_results.sql
[0m13:05:37.436473 [debug] [MainThread]: Partial parsing: added file: entregable_dbt://models\intermediate\int_races_circuits.sql
[0m13:05:37.712098 [error] [MainThread]: Encountered an error:
Compilation Error
  Model 'model.entregable_dbt.fct_results' (models\marts\fct_results.sql) depends on a node named 'int_results_enriched' which was not found
[0m13:05:37.713808 [debug] [MainThread]: Command `dbt run` failed at 13:05:37.713602 after 1.46 seconds
[0m13:05:37.714321 [debug] [MainThread]: Sending event: {'category': 'dbt', 'action': 'invocation', 'label': 'end', 'context': [<snowplow_tracker.self_describing_json.SelfDescribingJson object at 0x000001F4D0008350>, <snowplow_tracker.self_describing_json.SelfDescribingJson object at 0x000001F4D000AB50>, <snowplow_tracker.self_describing_json.SelfDescribingJson object at 0x000001F4D0200B90>]}
[0m13:05:37.714872 [debug] [MainThread]: Flushing usage events
[0m13:05:38.590365 [debug] [MainThread]: An error was encountered while trying to flush usage events
[0m13:06:07.577190 [debug] [MainThread]: Sending event: {'category': 'dbt', 'action': 'invocation', 'label': 'start', 'context': [<snowplow_tracker.self_describing_json.SelfDescribingJson object at 0x000001A2F05A0590>, <snowplow_tracker.self_describing_json.SelfDescribingJson object at 0x000001A2F0E40690>, <snowplow_tracker.self_describing_json.SelfDescribingJson object at 0x000001A2F248FED0>]}


============================== 13:06:07.583369 | bcab2e80-6cf8-46dc-95c4-95e231277021 ==============================
[0m13:06:07.583369 [info ] [MainThread]: Running with dbt=1.10.15
[0m13:06:07.584361 [debug] [MainThread]: running dbt with arguments {'target_path': 'None', 'printer_width': '80', 'use_colors': 'True', 'no_print': 'None', 'log_format': 'default', 'warn_error': 'None', 'indirect_selection': 'eager', 'fail_fast': 'False', 'log_path': 'C:\\Users\\Admin\\Documents\\GitHub\\EDEM_MDA2526\\alumnos\\mdab\\SAUL_MARTINEZ\\DBT\\entregable_dbt\\logs', 'send_anonymous_usage_stats': 'True', 'partial_parse': 'True', 'warn_error_options': 'WarnErrorOptionsV2(error=[], warn=[], silence=[])', 'static_parser': 'True', 'use_experimental_parser': 'False', 'version_check': 'True', 'quiet': 'False', 'introspect': 'True', 'empty': 'False', 'log_cache_events': 'False', 'debug': 'False', 'profiles_dir': 'C:\\Users\\Admin\\.dbt', 'invocation_command': 'dbt run', 'cache_selected_only': 'False', 'write_json': 'True'}
[0m13:06:07.906424 [debug] [MainThread]: Sending event: {'category': 'dbt', 'action': 'project_id', 'label': 'bcab2e80-6cf8-46dc-95c4-95e231277021', 'context': [<snowplow_tracker.self_describing_json.SelfDescribingJson object at 0x000001A2F07C0C30>]}
[0m13:06:08.000210 [debug] [MainThread]: Sending event: {'category': 'dbt', 'action': 'adapter_info', 'label': 'bcab2e80-6cf8-46dc-95c4-95e231277021', 'context': [<snowplow_tracker.self_describing_json.SelfDescribingJson object at 0x000001A2F232FBD0>]}
[0m13:06:08.003783 [info ] [MainThread]: Registered adapter: duckdb=1.10.0
[0m13:06:08.425250 [debug] [MainThread]: checksum: 14a228079bd6df63ba81633f9a3cf44ecfaa31056ac397c602753ec895dbf885, vars: {}, profile: , target: , version: 1.10.15
[0m13:06:08.593092 [debug] [MainThread]: Partial parsing enabled: 0 files deleted, 3 files added, 0 files changed.
[0m13:06:08.593889 [debug] [MainThread]: Partial parsing: added file: entregable_dbt://models\intermediate\int_races_circuits.sql
[0m13:06:08.594368 [debug] [MainThread]: Partial parsing: added file: entregable_dbt://models\marts\fct_results.sql
[0m13:06:08.594812 [debug] [MainThread]: Partial parsing: added file: entregable_dbt://models\intermediate\int_results_enriched.sql
[0m13:06:08.940819 [debug] [MainThread]: Sending event: {'category': 'dbt', 'action': 'load_project', 'label': 'bcab2e80-6cf8-46dc-95c4-95e231277021', 'context': [<snowplow_tracker.self_describing_json.SelfDescribingJson object at 0x000001A2F290B450>]}
[0m13:06:09.031137 [debug] [MainThread]: Wrote artifact WritableManifest to C:\Users\Admin\Documents\GitHub\EDEM_MDA2526\alumnos\mdab\SAUL_MARTINEZ\DBT\entregable_dbt\target\manifest.json
[0m13:06:09.035153 [debug] [MainThread]: Wrote artifact SemanticManifest to C:\Users\Admin\Documents\GitHub\EDEM_MDA2526\alumnos\mdab\SAUL_MARTINEZ\DBT\entregable_dbt\target\semantic_manifest.json
[0m13:06:09.066828 [debug] [MainThread]: Sending event: {'category': 'dbt', 'action': 'resource_counts', 'label': 'bcab2e80-6cf8-46dc-95c4-95e231277021', 'context': [<snowplow_tracker.self_describing_json.SelfDescribingJson object at 0x000001A2F29AD310>]}
[0m13:06:09.067574 [info ] [MainThread]: Found 11 models, 8 seeds, 458 macros
[0m13:06:09.068381 [debug] [MainThread]: Sending event: {'category': 'dbt', 'action': 'runnable_timing', 'label': 'bcab2e80-6cf8-46dc-95c4-95e231277021', 'context': [<snowplow_tracker.self_describing_json.SelfDescribingJson object at 0x000001A2F2B93770>]}
[0m13:06:09.071498 [info ] [MainThread]: 
[0m13:06:09.072216 [info ] [MainThread]: Concurrency: 1 threads (target='dev')
[0m13:06:09.072962 [info ] [MainThread]: 
[0m13:06:09.074104 [debug] [MainThread]: Acquiring new duckdb connection 'master'
[0m13:06:09.082518 [debug] [ThreadPool]: Acquiring new duckdb connection 'list_dev'
[0m13:06:09.270138 [debug] [ThreadPool]: Using duckdb connection "list_dev"
[0m13:06:09.270709 [debug] [ThreadPool]: On list_dev: /* {"app": "dbt", "dbt_version": "1.10.15", "profile_name": "entregable_dbt", "target_name": "dev", "connection_name": "list_dev"} */

    
    select schema_name
    from system.information_schema.schemata
    
    where lower(catalog_name) = '"dev"'
    
  
  
[0m13:06:09.271162 [debug] [ThreadPool]: Opening a new connection, currently in state init
[0m13:06:09.316610 [debug] [ThreadPool]: SQL status: OK in 0.045 seconds
[0m13:06:09.318764 [debug] [ThreadPool]: On list_dev: Close
[0m13:06:09.319862 [debug] [ThreadPool]: Re-using an available connection from the pool (formerly list_dev, now create_dev_main)
[0m13:06:09.320774 [debug] [ThreadPool]: Creating schema "database: "dev"
schema: "main"
"
[0m13:06:09.328996 [debug] [ThreadPool]: Using duckdb connection "create_dev_main"
[0m13:06:09.329458 [debug] [ThreadPool]: On create_dev_main: /* {"app": "dbt", "dbt_version": "1.10.15", "profile_name": "entregable_dbt", "target_name": "dev", "connection_name": "create_dev_main"} */

    
        select type from duckdb_databases()
        where lower(database_name)='dev'
        and type='sqlite'
    
  
[0m13:06:09.329879 [debug] [ThreadPool]: Opening a new connection, currently in state closed
[0m13:06:09.331245 [debug] [ThreadPool]: SQL status: OK in 0.001 seconds
[0m13:06:09.332817 [debug] [ThreadPool]: Using duckdb connection "create_dev_main"
[0m13:06:09.333242 [debug] [ThreadPool]: On create_dev_main: BEGIN
[0m13:06:09.333977 [debug] [ThreadPool]: SQL status: OK in 0.000 seconds
[0m13:06:09.334397 [debug] [ThreadPool]: Using duckdb connection "create_dev_main"
[0m13:06:09.334818 [debug] [ThreadPool]: On create_dev_main: /* {"app": "dbt", "dbt_version": "1.10.15", "profile_name": "entregable_dbt", "target_name": "dev", "connection_name": "create_dev_main"} */

    
    
        create schema if not exists "dev"."main"
    
[0m13:06:09.335632 [debug] [ThreadPool]: SQL status: OK in 0.000 seconds
[0m13:06:09.336765 [debug] [ThreadPool]: On create_dev_main: COMMIT
[0m13:06:09.337195 [debug] [ThreadPool]: Using duckdb connection "create_dev_main"
[0m13:06:09.337583 [debug] [ThreadPool]: On create_dev_main: COMMIT
[0m13:06:09.338269 [debug] [ThreadPool]: SQL status: OK in 0.000 seconds
[0m13:06:09.338713 [debug] [ThreadPool]: On create_dev_main: Close
[0m13:06:09.342110 [debug] [ThreadPool]: Acquiring new duckdb connection 'list_dev_main'
[0m13:06:09.349477 [debug] [ThreadPool]: Using duckdb connection "list_dev_main"
[0m13:06:09.349928 [debug] [ThreadPool]: On list_dev_main: BEGIN
[0m13:06:09.350326 [debug] [ThreadPool]: Opening a new connection, currently in state init
[0m13:06:09.351138 [debug] [ThreadPool]: SQL status: OK in 0.001 seconds
[0m13:06:09.351561 [debug] [ThreadPool]: Using duckdb connection "list_dev_main"
[0m13:06:09.351968 [debug] [ThreadPool]: On list_dev_main: /* {"app": "dbt", "dbt_version": "1.10.15", "profile_name": "entregable_dbt", "target_name": "dev", "connection_name": "list_dev_main"} */
select
      'dev' as database,
      table_name as name,
      table_schema as schema,
      CASE table_type
        WHEN 'BASE TABLE' THEN 'table'
        WHEN 'VIEW' THEN 'view'
        WHEN 'LOCAL TEMPORARY' THEN 'table'
        END as type
    from system.information_schema.tables
    where lower(table_schema) = 'main'
    and lower(table_catalog) = 'dev'
  
[0m13:06:09.373083 [debug] [ThreadPool]: SQL status: OK in 0.021 seconds
[0m13:06:09.375452 [debug] [ThreadPool]: On list_dev_main: ROLLBACK
[0m13:06:09.377078 [debug] [ThreadPool]: Failed to rollback 'list_dev_main'
[0m13:06:09.377514 [debug] [ThreadPool]: On list_dev_main: Close
[0m13:06:09.381462 [debug] [MainThread]: Sending event: {'category': 'dbt', 'action': 'runnable_timing', 'label': 'bcab2e80-6cf8-46dc-95c4-95e231277021', 'context': [<snowplow_tracker.self_describing_json.SelfDescribingJson object at 0x000001A2F2EDCEF0>]}
[0m13:06:09.382076 [debug] [MainThread]: Using duckdb connection "master"
[0m13:06:09.382506 [debug] [MainThread]: On master: BEGIN
[0m13:06:09.382888 [debug] [MainThread]: Opening a new connection, currently in state init
[0m13:06:09.383683 [debug] [MainThread]: SQL status: OK in 0.001 seconds
[0m13:06:09.384108 [debug] [MainThread]: On master: COMMIT
[0m13:06:09.384520 [debug] [MainThread]: Using duckdb connection "master"
[0m13:06:09.384904 [debug] [MainThread]: On master: COMMIT
[0m13:06:09.385592 [debug] [MainThread]: SQL status: OK in 0.000 seconds
[0m13:06:09.386011 [debug] [MainThread]: On master: Close
[0m13:06:09.390975 [debug] [Thread-1 (]: Began running node model.entregable_dbt.stg_circuits
[0m13:06:09.391878 [info ] [Thread-1 (]: 1 of 11 START sql view model main.stg_circuits ................................. [RUN]
[0m13:06:09.392883 [debug] [Thread-1 (]: Acquiring new duckdb connection 'model.entregable_dbt.stg_circuits'
[0m13:06:09.393414 [debug] [Thread-1 (]: Began compiling node model.entregable_dbt.stg_circuits
[0m13:06:09.402406 [debug] [Thread-1 (]: Writing injected SQL for node "model.entregable_dbt.stg_circuits"
[0m13:06:09.403773 [debug] [Thread-1 (]: Began executing node model.entregable_dbt.stg_circuits
[0m13:06:09.451224 [debug] [Thread-1 (]: Writing runtime sql for node "model.entregable_dbt.stg_circuits"
[0m13:06:09.452795 [debug] [Thread-1 (]: Using duckdb connection "model.entregable_dbt.stg_circuits"
[0m13:06:09.453348 [debug] [Thread-1 (]: On model.entregable_dbt.stg_circuits: BEGIN
[0m13:06:09.453852 [debug] [Thread-1 (]: Opening a new connection, currently in state init
[0m13:06:09.455118 [debug] [Thread-1 (]: SQL status: OK in 0.001 seconds
[0m13:06:09.455634 [debug] [Thread-1 (]: Using duckdb connection "model.entregable_dbt.stg_circuits"
[0m13:06:09.456167 [debug] [Thread-1 (]: On model.entregable_dbt.stg_circuits: /* {"app": "dbt", "dbt_version": "1.10.15", "profile_name": "entregable_dbt", "target_name": "dev", "node_id": "model.entregable_dbt.stg_circuits"} */

  
  create view "dev"."main"."stg_circuits__dbt_tmp" as (
    with source as (
    select * from "dev"."main"."circuits"
),

renamed as (
    select
        circuit_id,
        name as circuit_name,
        cast(lat as double) as latitude,
        cast(long as double) as longitude,
        locality as city,
        country,
        "Wikipedia_url " as wikipedia_url -- ¡Fíjate en el espacio antes de cerrar las comillas!
    from source
)

select * from renamed
  );

[0m13:06:09.457665 [debug] [Thread-1 (]: SQL status: OK in 0.001 seconds
[0m13:06:09.465764 [debug] [Thread-1 (]: Using duckdb connection "model.entregable_dbt.stg_circuits"
[0m13:06:09.466313 [debug] [Thread-1 (]: On model.entregable_dbt.stg_circuits: /* {"app": "dbt", "dbt_version": "1.10.15", "profile_name": "entregable_dbt", "target_name": "dev", "node_id": "model.entregable_dbt.stg_circuits"} */
alter view "dev"."main"."stg_circuits" rename to "stg_circuits__dbt_backup"
[0m13:06:09.467385 [debug] [Thread-1 (]: SQL status: OK in 0.001 seconds
[0m13:06:09.471214 [debug] [Thread-1 (]: Using duckdb connection "model.entregable_dbt.stg_circuits"
[0m13:06:09.471726 [debug] [Thread-1 (]: On model.entregable_dbt.stg_circuits: /* {"app": "dbt", "dbt_version": "1.10.15", "profile_name": "entregable_dbt", "target_name": "dev", "node_id": "model.entregable_dbt.stg_circuits"} */
alter view "dev"."main"."stg_circuits__dbt_tmp" rename to "stg_circuits"
[0m13:06:09.472720 [debug] [Thread-1 (]: SQL status: OK in 0.000 seconds
[0m13:06:09.489449 [debug] [Thread-1 (]: On model.entregable_dbt.stg_circuits: COMMIT
[0m13:06:09.490014 [debug] [Thread-1 (]: Using duckdb connection "model.entregable_dbt.stg_circuits"
[0m13:06:09.490480 [debug] [Thread-1 (]: On model.entregable_dbt.stg_circuits: COMMIT
[0m13:06:09.533668 [debug] [Thread-1 (]: SQL status: OK in 0.042 seconds
[0m13:06:09.542108 [debug] [Thread-1 (]: Using duckdb connection "model.entregable_dbt.stg_circuits"
[0m13:06:09.542632 [debug] [Thread-1 (]: On model.entregable_dbt.stg_circuits: /* {"app": "dbt", "dbt_version": "1.10.15", "profile_name": "entregable_dbt", "target_name": "dev", "node_id": "model.entregable_dbt.stg_circuits"} */

      drop view if exists "dev"."main"."stg_circuits__dbt_backup" cascade
    
[0m13:06:09.544988 [debug] [Thread-1 (]: SQL status: OK in 0.002 seconds
[0m13:06:09.548105 [debug] [Thread-1 (]: On model.entregable_dbt.stg_circuits: Close
[0m13:06:09.550701 [debug] [Thread-1 (]: Sending event: {'category': 'dbt', 'action': 'run_model', 'label': 'bcab2e80-6cf8-46dc-95c4-95e231277021', 'context': [<snowplow_tracker.self_describing_json.SelfDescribingJson object at 0x000001A2F2C731D0>]}
[0m13:06:09.551557 [info ] [Thread-1 (]: 1 of 11 OK created sql view model main.stg_circuits ............................ [[32mOK[0m in 0.16s]
[0m13:06:09.552873 [debug] [Thread-1 (]: Finished running node model.entregable_dbt.stg_circuits
[0m13:06:09.553617 [debug] [Thread-1 (]: Began running node model.entregable_dbt.stg_constructor_standings
[0m13:06:09.554544 [info ] [Thread-1 (]: 2 of 11 START sql view model main.stg_constructor_standings .................... [RUN]
[0m13:06:09.555535 [debug] [Thread-1 (]: Re-using an available connection from the pool (formerly model.entregable_dbt.stg_circuits, now model.entregable_dbt.stg_constructor_standings)
[0m13:06:09.556146 [debug] [Thread-1 (]: Began compiling node model.entregable_dbt.stg_constructor_standings
[0m13:06:09.559589 [debug] [Thread-1 (]: Writing injected SQL for node "model.entregable_dbt.stg_constructor_standings"
[0m13:06:09.560742 [debug] [Thread-1 (]: Began executing node model.entregable_dbt.stg_constructor_standings
[0m13:06:09.564789 [debug] [Thread-1 (]: Writing runtime sql for node "model.entregable_dbt.stg_constructor_standings"
[0m13:06:09.566785 [debug] [Thread-1 (]: Using duckdb connection "model.entregable_dbt.stg_constructor_standings"
[0m13:06:09.567570 [debug] [Thread-1 (]: On model.entregable_dbt.stg_constructor_standings: BEGIN
[0m13:06:09.568084 [debug] [Thread-1 (]: Opening a new connection, currently in state closed
[0m13:06:09.569164 [debug] [Thread-1 (]: SQL status: OK in 0.001 seconds
[0m13:06:09.569656 [debug] [Thread-1 (]: Using duckdb connection "model.entregable_dbt.stg_constructor_standings"
[0m13:06:09.570173 [debug] [Thread-1 (]: On model.entregable_dbt.stg_constructor_standings: /* {"app": "dbt", "dbt_version": "1.10.15", "profile_name": "entregable_dbt", "target_name": "dev", "node_id": "model.entregable_dbt.stg_constructor_standings"} */

  
  create view "dev"."main"."stg_constructor_standings__dbt_tmp" as (
    with source as (
    select * from "dev"."main"."constructor_standings"
),

renamed as (
    select
        constructor_id,
        cast(season as integer) as season,
        cast(round as integer) as round,
        cast(position as integer) as position,
        cast(points as double) as points,
        cast(wins as integer) as wins
    from source
)

select * from renamed
  );

[0m13:06:09.571630 [debug] [Thread-1 (]: SQL status: OK in 0.001 seconds
[0m13:06:09.575862 [debug] [Thread-1 (]: Using duckdb connection "model.entregable_dbt.stg_constructor_standings"
[0m13:06:09.576373 [debug] [Thread-1 (]: On model.entregable_dbt.stg_constructor_standings: /* {"app": "dbt", "dbt_version": "1.10.15", "profile_name": "entregable_dbt", "target_name": "dev", "node_id": "model.entregable_dbt.stg_constructor_standings"} */
alter view "dev"."main"."stg_constructor_standings" rename to "stg_constructor_standings__dbt_backup"
[0m13:06:09.577349 [debug] [Thread-1 (]: SQL status: OK in 0.000 seconds
[0m13:06:09.581537 [debug] [Thread-1 (]: Using duckdb connection "model.entregable_dbt.stg_constructor_standings"
[0m13:06:09.582149 [debug] [Thread-1 (]: On model.entregable_dbt.stg_constructor_standings: /* {"app": "dbt", "dbt_version": "1.10.15", "profile_name": "entregable_dbt", "target_name": "dev", "node_id": "model.entregable_dbt.stg_constructor_standings"} */
alter view "dev"."main"."stg_constructor_standings__dbt_tmp" rename to "stg_constructor_standings"
[0m13:06:09.583214 [debug] [Thread-1 (]: SQL status: OK in 0.001 seconds
[0m13:06:09.586033 [debug] [Thread-1 (]: On model.entregable_dbt.stg_constructor_standings: COMMIT
[0m13:06:09.586673 [debug] [Thread-1 (]: Using duckdb connection "model.entregable_dbt.stg_constructor_standings"
[0m13:06:09.587165 [debug] [Thread-1 (]: On model.entregable_dbt.stg_constructor_standings: COMMIT
[0m13:06:09.589870 [debug] [Thread-1 (]: SQL status: OK in 0.002 seconds
[0m13:06:09.592735 [debug] [Thread-1 (]: Using duckdb connection "model.entregable_dbt.stg_constructor_standings"
[0m13:06:09.593242 [debug] [Thread-1 (]: On model.entregable_dbt.stg_constructor_standings: /* {"app": "dbt", "dbt_version": "1.10.15", "profile_name": "entregable_dbt", "target_name": "dev", "node_id": "model.entregable_dbt.stg_constructor_standings"} */

      drop view if exists "dev"."main"."stg_constructor_standings__dbt_backup" cascade
    
[0m13:06:09.595679 [debug] [Thread-1 (]: SQL status: OK in 0.002 seconds
[0m13:06:09.597729 [debug] [Thread-1 (]: On model.entregable_dbt.stg_constructor_standings: Close
[0m13:06:09.598592 [debug] [Thread-1 (]: Sending event: {'category': 'dbt', 'action': 'run_model', 'label': 'bcab2e80-6cf8-46dc-95c4-95e231277021', 'context': [<snowplow_tracker.self_describing_json.SelfDescribingJson object at 0x000001A2F2F545D0>]}
[0m13:06:09.599431 [info ] [Thread-1 (]: 2 of 11 OK created sql view model main.stg_constructor_standings ............... [[32mOK[0m in 0.04s]
[0m13:06:09.600708 [debug] [Thread-1 (]: Finished running node model.entregable_dbt.stg_constructor_standings
[0m13:06:09.601424 [debug] [Thread-1 (]: Began running node model.entregable_dbt.stg_constructors
[0m13:06:09.602617 [info ] [Thread-1 (]: 3 of 11 START sql view model main.stg_constructors ............................. [RUN]
[0m13:06:09.603637 [debug] [Thread-1 (]: Re-using an available connection from the pool (formerly model.entregable_dbt.stg_constructor_standings, now model.entregable_dbt.stg_constructors)
[0m13:06:09.604217 [debug] [Thread-1 (]: Began compiling node model.entregable_dbt.stg_constructors
[0m13:06:09.607816 [debug] [Thread-1 (]: Writing injected SQL for node "model.entregable_dbt.stg_constructors"
[0m13:06:09.609023 [debug] [Thread-1 (]: Began executing node model.entregable_dbt.stg_constructors
[0m13:06:09.613793 [debug] [Thread-1 (]: Writing runtime sql for node "model.entregable_dbt.stg_constructors"
[0m13:06:09.615661 [debug] [Thread-1 (]: Using duckdb connection "model.entregable_dbt.stg_constructors"
[0m13:06:09.616235 [debug] [Thread-1 (]: On model.entregable_dbt.stg_constructors: BEGIN
[0m13:06:09.616811 [debug] [Thread-1 (]: Opening a new connection, currently in state closed
[0m13:06:09.618052 [debug] [Thread-1 (]: SQL status: OK in 0.001 seconds
[0m13:06:09.618562 [debug] [Thread-1 (]: Using duckdb connection "model.entregable_dbt.stg_constructors"
[0m13:06:09.619044 [debug] [Thread-1 (]: On model.entregable_dbt.stg_constructors: /* {"app": "dbt", "dbt_version": "1.10.15", "profile_name": "entregable_dbt", "target_name": "dev", "node_id": "model.entregable_dbt.stg_constructors"} */

  
  create view "dev"."main"."stg_constructors__dbt_tmp" as (
    with source as (
    select * from "dev"."main"."constructors"
),

renamed as (
    select
        constructor_id,
        name as constructor_name,
        nationality as constructor_nationality
    from source
)

select * from renamed
  );

[0m13:06:09.620505 [debug] [Thread-1 (]: SQL status: OK in 0.001 seconds
[0m13:06:09.625757 [debug] [Thread-1 (]: Using duckdb connection "model.entregable_dbt.stg_constructors"
[0m13:06:09.626307 [debug] [Thread-1 (]: On model.entregable_dbt.stg_constructors: /* {"app": "dbt", "dbt_version": "1.10.15", "profile_name": "entregable_dbt", "target_name": "dev", "node_id": "model.entregable_dbt.stg_constructors"} */
alter view "dev"."main"."stg_constructors" rename to "stg_constructors__dbt_backup"
[0m13:06:09.627401 [debug] [Thread-1 (]: SQL status: OK in 0.001 seconds
[0m13:06:09.631411 [debug] [Thread-1 (]: Using duckdb connection "model.entregable_dbt.stg_constructors"
[0m13:06:09.631973 [debug] [Thread-1 (]: On model.entregable_dbt.stg_constructors: /* {"app": "dbt", "dbt_version": "1.10.15", "profile_name": "entregable_dbt", "target_name": "dev", "node_id": "model.entregable_dbt.stg_constructors"} */
alter view "dev"."main"."stg_constructors__dbt_tmp" rename to "stg_constructors"
[0m13:06:09.633216 [debug] [Thread-1 (]: SQL status: OK in 0.001 seconds
[0m13:06:09.635645 [debug] [Thread-1 (]: On model.entregable_dbt.stg_constructors: COMMIT
[0m13:06:09.636195 [debug] [Thread-1 (]: Using duckdb connection "model.entregable_dbt.stg_constructors"
[0m13:06:09.636667 [debug] [Thread-1 (]: On model.entregable_dbt.stg_constructors: COMMIT
[0m13:06:09.639445 [debug] [Thread-1 (]: SQL status: OK in 0.002 seconds
[0m13:06:09.642200 [debug] [Thread-1 (]: Using duckdb connection "model.entregable_dbt.stg_constructors"
[0m13:06:09.642698 [debug] [Thread-1 (]: On model.entregable_dbt.stg_constructors: /* {"app": "dbt", "dbt_version": "1.10.15", "profile_name": "entregable_dbt", "target_name": "dev", "node_id": "model.entregable_dbt.stg_constructors"} */

      drop view if exists "dev"."main"."stg_constructors__dbt_backup" cascade
    
[0m13:06:09.645222 [debug] [Thread-1 (]: SQL status: OK in 0.002 seconds
[0m13:06:09.647768 [debug] [Thread-1 (]: On model.entregable_dbt.stg_constructors: Close
[0m13:06:09.648536 [debug] [Thread-1 (]: Sending event: {'category': 'dbt', 'action': 'run_model', 'label': 'bcab2e80-6cf8-46dc-95c4-95e231277021', 'context': [<snowplow_tracker.self_describing_json.SelfDescribingJson object at 0x000001A2F249DA90>]}
[0m13:06:09.649396 [info ] [Thread-1 (]: 3 of 11 OK created sql view model main.stg_constructors ........................ [[32mOK[0m in 0.04s]
[0m13:06:09.650622 [debug] [Thread-1 (]: Finished running node model.entregable_dbt.stg_constructors
[0m13:06:09.651208 [debug] [Thread-1 (]: Began running node model.entregable_dbt.stg_driver_standings
[0m13:06:09.651860 [info ] [Thread-1 (]: 4 of 11 START sql view model main.stg_driver_standings ......................... [RUN]
[0m13:06:09.652736 [debug] [Thread-1 (]: Re-using an available connection from the pool (formerly model.entregable_dbt.stg_constructors, now model.entregable_dbt.stg_driver_standings)
[0m13:06:09.653233 [debug] [Thread-1 (]: Began compiling node model.entregable_dbt.stg_driver_standings
[0m13:06:09.656386 [debug] [Thread-1 (]: Writing injected SQL for node "model.entregable_dbt.stg_driver_standings"
[0m13:06:09.657620 [debug] [Thread-1 (]: Began executing node model.entregable_dbt.stg_driver_standings
[0m13:06:09.662758 [debug] [Thread-1 (]: Writing runtime sql for node "model.entregable_dbt.stg_driver_standings"
[0m13:06:09.664281 [debug] [Thread-1 (]: Using duckdb connection "model.entregable_dbt.stg_driver_standings"
[0m13:06:09.664897 [debug] [Thread-1 (]: On model.entregable_dbt.stg_driver_standings: BEGIN
[0m13:06:09.665421 [debug] [Thread-1 (]: Opening a new connection, currently in state closed
[0m13:06:09.666429 [debug] [Thread-1 (]: SQL status: OK in 0.001 seconds
[0m13:06:09.667035 [debug] [Thread-1 (]: Using duckdb connection "model.entregable_dbt.stg_driver_standings"
[0m13:06:09.667772 [debug] [Thread-1 (]: On model.entregable_dbt.stg_driver_standings: /* {"app": "dbt", "dbt_version": "1.10.15", "profile_name": "entregable_dbt", "target_name": "dev", "node_id": "model.entregable_dbt.stg_driver_standings"} */

  
  create view "dev"."main"."stg_driver_standings__dbt_tmp" as (
    with source as (
    select * from "dev"."main"."driver_standings"
),

renamed as (
    select
        driver_id,
        cast(season as integer) as season,
        cast(round as integer) as round,
        cast(position as integer) as position,
        cast(points as double) as points,
        cast(wins as integer) as wins
    from source
)

select * from renamed
  );

[0m13:06:09.669965 [debug] [Thread-1 (]: SQL status: OK in 0.001 seconds
[0m13:06:09.673663 [debug] [Thread-1 (]: Using duckdb connection "model.entregable_dbt.stg_driver_standings"
[0m13:06:09.674192 [debug] [Thread-1 (]: On model.entregable_dbt.stg_driver_standings: /* {"app": "dbt", "dbt_version": "1.10.15", "profile_name": "entregable_dbt", "target_name": "dev", "node_id": "model.entregable_dbt.stg_driver_standings"} */
alter view "dev"."main"."stg_driver_standings" rename to "stg_driver_standings__dbt_backup"
[0m13:06:09.675193 [debug] [Thread-1 (]: SQL status: OK in 0.000 seconds
[0m13:06:09.678947 [debug] [Thread-1 (]: Using duckdb connection "model.entregable_dbt.stg_driver_standings"
[0m13:06:09.679517 [debug] [Thread-1 (]: On model.entregable_dbt.stg_driver_standings: /* {"app": "dbt", "dbt_version": "1.10.15", "profile_name": "entregable_dbt", "target_name": "dev", "node_id": "model.entregable_dbt.stg_driver_standings"} */
alter view "dev"."main"."stg_driver_standings__dbt_tmp" rename to "stg_driver_standings"
[0m13:06:09.680812 [debug] [Thread-1 (]: SQL status: OK in 0.001 seconds
[0m13:06:09.683157 [debug] [Thread-1 (]: On model.entregable_dbt.stg_driver_standings: COMMIT
[0m13:06:09.683681 [debug] [Thread-1 (]: Using duckdb connection "model.entregable_dbt.stg_driver_standings"
[0m13:06:09.684149 [debug] [Thread-1 (]: On model.entregable_dbt.stg_driver_standings: COMMIT
[0m13:06:09.687122 [debug] [Thread-1 (]: SQL status: OK in 0.002 seconds
[0m13:06:09.689978 [debug] [Thread-1 (]: Using duckdb connection "model.entregable_dbt.stg_driver_standings"
[0m13:06:09.690494 [debug] [Thread-1 (]: On model.entregable_dbt.stg_driver_standings: /* {"app": "dbt", "dbt_version": "1.10.15", "profile_name": "entregable_dbt", "target_name": "dev", "node_id": "model.entregable_dbt.stg_driver_standings"} */

      drop view if exists "dev"."main"."stg_driver_standings__dbt_backup" cascade
    
[0m13:06:09.692859 [debug] [Thread-1 (]: SQL status: OK in 0.002 seconds
[0m13:06:09.694621 [debug] [Thread-1 (]: On model.entregable_dbt.stg_driver_standings: Close
[0m13:06:09.695620 [debug] [Thread-1 (]: Sending event: {'category': 'dbt', 'action': 'run_model', 'label': 'bcab2e80-6cf8-46dc-95c4-95e231277021', 'context': [<snowplow_tracker.self_describing_json.SelfDescribingJson object at 0x000001A2F2F159D0>]}
[0m13:06:09.696731 [info ] [Thread-1 (]: 4 of 11 OK created sql view model main.stg_driver_standings .................... [[32mOK[0m in 0.04s]
[0m13:06:09.698099 [debug] [Thread-1 (]: Finished running node model.entregable_dbt.stg_driver_standings
[0m13:06:09.698674 [debug] [Thread-1 (]: Began running node model.entregable_dbt.stg_drivers
[0m13:06:09.699494 [info ] [Thread-1 (]: 5 of 11 START sql view model main.stg_drivers .................................. [RUN]
[0m13:06:09.700795 [debug] [Thread-1 (]: Re-using an available connection from the pool (formerly model.entregable_dbt.stg_driver_standings, now model.entregable_dbt.stg_drivers)
[0m13:06:09.701419 [debug] [Thread-1 (]: Began compiling node model.entregable_dbt.stg_drivers
[0m13:06:09.704531 [debug] [Thread-1 (]: Writing injected SQL for node "model.entregable_dbt.stg_drivers"
[0m13:06:09.705694 [debug] [Thread-1 (]: Began executing node model.entregable_dbt.stg_drivers
[0m13:06:09.710518 [debug] [Thread-1 (]: Writing runtime sql for node "model.entregable_dbt.stg_drivers"
[0m13:06:09.711893 [debug] [Thread-1 (]: Using duckdb connection "model.entregable_dbt.stg_drivers"
[0m13:06:09.712709 [debug] [Thread-1 (]: On model.entregable_dbt.stg_drivers: BEGIN
[0m13:06:09.713295 [debug] [Thread-1 (]: Opening a new connection, currently in state closed
[0m13:06:09.714630 [debug] [Thread-1 (]: SQL status: OK in 0.001 seconds
[0m13:06:09.715425 [debug] [Thread-1 (]: Using duckdb connection "model.entregable_dbt.stg_drivers"
[0m13:06:09.715933 [debug] [Thread-1 (]: On model.entregable_dbt.stg_drivers: /* {"app": "dbt", "dbt_version": "1.10.15", "profile_name": "entregable_dbt", "target_name": "dev", "node_id": "model.entregable_dbt.stg_drivers"} */

  
  create view "dev"."main"."stg_drivers__dbt_tmp" as (
    with source as (
    select * from "dev"."main"."drivers"
),

renamed as (
    select
        driver_id,
        "givenName" as first_name,
        "familyName" as last_name,
        nationality as driver_nationality,
        -- Convertir texto a fecha real
        cast(dob as date) as date_of_birth
    from source
)

select * from renamed
  );

[0m13:06:09.717471 [debug] [Thread-1 (]: SQL status: OK in 0.001 seconds
[0m13:06:09.721229 [debug] [Thread-1 (]: Using duckdb connection "model.entregable_dbt.stg_drivers"
[0m13:06:09.721738 [debug] [Thread-1 (]: On model.entregable_dbt.stg_drivers: /* {"app": "dbt", "dbt_version": "1.10.15", "profile_name": "entregable_dbt", "target_name": "dev", "node_id": "model.entregable_dbt.stg_drivers"} */
alter view "dev"."main"."stg_drivers" rename to "stg_drivers__dbt_backup"
[0m13:06:09.722856 [debug] [Thread-1 (]: SQL status: OK in 0.001 seconds
[0m13:06:09.730181 [debug] [Thread-1 (]: Using duckdb connection "model.entregable_dbt.stg_drivers"
[0m13:06:09.730871 [debug] [Thread-1 (]: On model.entregable_dbt.stg_drivers: /* {"app": "dbt", "dbt_version": "1.10.15", "profile_name": "entregable_dbt", "target_name": "dev", "node_id": "model.entregable_dbt.stg_drivers"} */
alter view "dev"."main"."stg_drivers__dbt_tmp" rename to "stg_drivers"
[0m13:06:09.732614 [debug] [Thread-1 (]: SQL status: OK in 0.001 seconds
[0m13:06:09.734763 [debug] [Thread-1 (]: On model.entregable_dbt.stg_drivers: COMMIT
[0m13:06:09.735276 [debug] [Thread-1 (]: Using duckdb connection "model.entregable_dbt.stg_drivers"
[0m13:06:09.735736 [debug] [Thread-1 (]: On model.entregable_dbt.stg_drivers: COMMIT
[0m13:06:09.738414 [debug] [Thread-1 (]: SQL status: OK in 0.002 seconds
[0m13:06:09.741593 [debug] [Thread-1 (]: Using duckdb connection "model.entregable_dbt.stg_drivers"
[0m13:06:09.742108 [debug] [Thread-1 (]: On model.entregable_dbt.stg_drivers: /* {"app": "dbt", "dbt_version": "1.10.15", "profile_name": "entregable_dbt", "target_name": "dev", "node_id": "model.entregable_dbt.stg_drivers"} */

      drop view if exists "dev"."main"."stg_drivers__dbt_backup" cascade
    
[0m13:06:09.744535 [debug] [Thread-1 (]: SQL status: OK in 0.002 seconds
[0m13:06:09.746859 [debug] [Thread-1 (]: On model.entregable_dbt.stg_drivers: Close
[0m13:06:09.747858 [debug] [Thread-1 (]: Sending event: {'category': 'dbt', 'action': 'run_model', 'label': 'bcab2e80-6cf8-46dc-95c4-95e231277021', 'context': [<snowplow_tracker.self_describing_json.SelfDescribingJson object at 0x000001A2F4019C50>]}
[0m13:06:09.748785 [info ] [Thread-1 (]: 5 of 11 OK created sql view model main.stg_drivers ............................. [[32mOK[0m in 0.05s]
[0m13:06:09.750070 [debug] [Thread-1 (]: Finished running node model.entregable_dbt.stg_drivers
[0m13:06:09.750672 [debug] [Thread-1 (]: Began running node model.entregable_dbt.stg_qualifying
[0m13:06:09.751391 [info ] [Thread-1 (]: 6 of 11 START sql view model main.stg_qualifying ............................... [RUN]
[0m13:06:09.752338 [debug] [Thread-1 (]: Re-using an available connection from the pool (formerly model.entregable_dbt.stg_drivers, now model.entregable_dbt.stg_qualifying)
[0m13:06:09.752870 [debug] [Thread-1 (]: Began compiling node model.entregable_dbt.stg_qualifying
[0m13:06:09.755935 [debug] [Thread-1 (]: Writing injected SQL for node "model.entregable_dbt.stg_qualifying"
[0m13:06:09.757095 [debug] [Thread-1 (]: Began executing node model.entregable_dbt.stg_qualifying
[0m13:06:09.761745 [debug] [Thread-1 (]: Writing runtime sql for node "model.entregable_dbt.stg_qualifying"
[0m13:06:09.763586 [debug] [Thread-1 (]: Using duckdb connection "model.entregable_dbt.stg_qualifying"
[0m13:06:09.764324 [debug] [Thread-1 (]: On model.entregable_dbt.stg_qualifying: BEGIN
[0m13:06:09.764811 [debug] [Thread-1 (]: Opening a new connection, currently in state closed
[0m13:06:09.766045 [debug] [Thread-1 (]: SQL status: OK in 0.001 seconds
[0m13:06:09.766713 [debug] [Thread-1 (]: Using duckdb connection "model.entregable_dbt.stg_qualifying"
[0m13:06:09.767283 [debug] [Thread-1 (]: On model.entregable_dbt.stg_qualifying: /* {"app": "dbt", "dbt_version": "1.10.15", "profile_name": "entregable_dbt", "target_name": "dev", "node_id": "model.entregable_dbt.stg_qualifying"} */

  
  create view "dev"."main"."stg_qualifying__dbt_tmp" as (
    with source as (
    select * from "dev"."main"."qualifying"
),

renamed as (
    select
        race_id,
        driver_id,
        constructor_id,
        cast(position as integer) as qualifying_position,
        q1 as q1_time,
        q2 as q2_time,
        q3 as q3_time
    from source
)

select * from renamed
  );

[0m13:06:09.768822 [debug] [Thread-1 (]: SQL status: OK in 0.001 seconds
[0m13:06:09.772737 [debug] [Thread-1 (]: Using duckdb connection "model.entregable_dbt.stg_qualifying"
[0m13:06:09.773258 [debug] [Thread-1 (]: On model.entregable_dbt.stg_qualifying: /* {"app": "dbt", "dbt_version": "1.10.15", "profile_name": "entregable_dbt", "target_name": "dev", "node_id": "model.entregable_dbt.stg_qualifying"} */
alter view "dev"."main"."stg_qualifying" rename to "stg_qualifying__dbt_backup"
[0m13:06:09.774216 [debug] [Thread-1 (]: SQL status: OK in 0.000 seconds
[0m13:06:09.777762 [debug] [Thread-1 (]: Using duckdb connection "model.entregable_dbt.stg_qualifying"
[0m13:06:09.778269 [debug] [Thread-1 (]: On model.entregable_dbt.stg_qualifying: /* {"app": "dbt", "dbt_version": "1.10.15", "profile_name": "entregable_dbt", "target_name": "dev", "node_id": "model.entregable_dbt.stg_qualifying"} */
alter view "dev"."main"."stg_qualifying__dbt_tmp" rename to "stg_qualifying"
[0m13:06:09.779867 [debug] [Thread-1 (]: SQL status: OK in 0.001 seconds
[0m13:06:09.782591 [debug] [Thread-1 (]: On model.entregable_dbt.stg_qualifying: COMMIT
[0m13:06:09.783133 [debug] [Thread-1 (]: Using duckdb connection "model.entregable_dbt.stg_qualifying"
[0m13:06:09.783603 [debug] [Thread-1 (]: On model.entregable_dbt.stg_qualifying: COMMIT
[0m13:06:09.786376 [debug] [Thread-1 (]: SQL status: OK in 0.002 seconds
[0m13:06:09.789418 [debug] [Thread-1 (]: Using duckdb connection "model.entregable_dbt.stg_qualifying"
[0m13:06:09.789923 [debug] [Thread-1 (]: On model.entregable_dbt.stg_qualifying: /* {"app": "dbt", "dbt_version": "1.10.15", "profile_name": "entregable_dbt", "target_name": "dev", "node_id": "model.entregable_dbt.stg_qualifying"} */

      drop view if exists "dev"."main"."stg_qualifying__dbt_backup" cascade
    
[0m13:06:09.792275 [debug] [Thread-1 (]: SQL status: OK in 0.002 seconds
[0m13:06:09.793936 [debug] [Thread-1 (]: On model.entregable_dbt.stg_qualifying: Close
[0m13:06:09.794725 [debug] [Thread-1 (]: Sending event: {'category': 'dbt', 'action': 'run_model', 'label': 'bcab2e80-6cf8-46dc-95c4-95e231277021', 'context': [<snowplow_tracker.self_describing_json.SelfDescribingJson object at 0x000001A2F2614F50>]}
[0m13:06:09.795781 [info ] [Thread-1 (]: 6 of 11 OK created sql view model main.stg_qualifying .......................... [[32mOK[0m in 0.04s]
[0m13:06:09.797153 [debug] [Thread-1 (]: Finished running node model.entregable_dbt.stg_qualifying
[0m13:06:09.797924 [debug] [Thread-1 (]: Began running node model.entregable_dbt.stg_races
[0m13:06:09.798791 [info ] [Thread-1 (]: 7 of 11 START sql view model main.stg_races .................................... [RUN]
[0m13:06:09.799827 [debug] [Thread-1 (]: Re-using an available connection from the pool (formerly model.entregable_dbt.stg_qualifying, now model.entregable_dbt.stg_races)
[0m13:06:09.800349 [debug] [Thread-1 (]: Began compiling node model.entregable_dbt.stg_races
[0m13:06:09.803532 [debug] [Thread-1 (]: Writing injected SQL for node "model.entregable_dbt.stg_races"
[0m13:06:09.804748 [debug] [Thread-1 (]: Began executing node model.entregable_dbt.stg_races
[0m13:06:09.809189 [debug] [Thread-1 (]: Writing runtime sql for node "model.entregable_dbt.stg_races"
[0m13:06:09.810315 [debug] [Thread-1 (]: Using duckdb connection "model.entregable_dbt.stg_races"
[0m13:06:09.811129 [debug] [Thread-1 (]: On model.entregable_dbt.stg_races: BEGIN
[0m13:06:09.812204 [debug] [Thread-1 (]: Opening a new connection, currently in state closed
[0m13:06:09.813563 [debug] [Thread-1 (]: SQL status: OK in 0.001 seconds
[0m13:06:09.814169 [debug] [Thread-1 (]: Using duckdb connection "model.entregable_dbt.stg_races"
[0m13:06:09.814672 [debug] [Thread-1 (]: On model.entregable_dbt.stg_races: /* {"app": "dbt", "dbt_version": "1.10.15", "profile_name": "entregable_dbt", "target_name": "dev", "node_id": "model.entregable_dbt.stg_races"} */

  
  create view "dev"."main"."stg_races__dbt_tmp" as (
    with source as (
    select * from "dev"."main"."races"
),

renamed as (
    select
        race_id,
        cast(season as integer) as season,
        cast(round as integer) as round,
        race_name,
        circuit_id,
        cast(date as date) as race_date,
        -- A veces la hora viene nula o con formatos raros, lo dejamos como texto o intentamos time
        time as race_time, 
        circuit_id
    from source
)

select * from renamed
  );

[0m13:06:09.816208 [debug] [Thread-1 (]: SQL status: OK in 0.001 seconds
[0m13:06:09.820014 [debug] [Thread-1 (]: Using duckdb connection "model.entregable_dbt.stg_races"
[0m13:06:09.820521 [debug] [Thread-1 (]: On model.entregable_dbt.stg_races: /* {"app": "dbt", "dbt_version": "1.10.15", "profile_name": "entregable_dbt", "target_name": "dev", "node_id": "model.entregable_dbt.stg_races"} */
alter view "dev"."main"."stg_races" rename to "stg_races__dbt_backup"
[0m13:06:09.821513 [debug] [Thread-1 (]: SQL status: OK in 0.000 seconds
[0m13:06:09.824683 [debug] [Thread-1 (]: Using duckdb connection "model.entregable_dbt.stg_races"
[0m13:06:09.825185 [debug] [Thread-1 (]: On model.entregable_dbt.stg_races: /* {"app": "dbt", "dbt_version": "1.10.15", "profile_name": "entregable_dbt", "target_name": "dev", "node_id": "model.entregable_dbt.stg_races"} */
alter view "dev"."main"."stg_races__dbt_tmp" rename to "stg_races"
[0m13:06:09.826129 [debug] [Thread-1 (]: SQL status: OK in 0.000 seconds
[0m13:06:09.829282 [debug] [Thread-1 (]: On model.entregable_dbt.stg_races: COMMIT
[0m13:06:09.829871 [debug] [Thread-1 (]: Using duckdb connection "model.entregable_dbt.stg_races"
[0m13:06:09.830397 [debug] [Thread-1 (]: On model.entregable_dbt.stg_races: COMMIT
[0m13:06:09.833721 [debug] [Thread-1 (]: SQL status: OK in 0.003 seconds
[0m13:06:09.837068 [debug] [Thread-1 (]: Using duckdb connection "model.entregable_dbt.stg_races"
[0m13:06:09.837633 [debug] [Thread-1 (]: On model.entregable_dbt.stg_races: /* {"app": "dbt", "dbt_version": "1.10.15", "profile_name": "entregable_dbt", "target_name": "dev", "node_id": "model.entregable_dbt.stg_races"} */

      drop view if exists "dev"."main"."stg_races__dbt_backup" cascade
    
[0m13:06:09.840115 [debug] [Thread-1 (]: SQL status: OK in 0.002 seconds
[0m13:06:09.841798 [debug] [Thread-1 (]: On model.entregable_dbt.stg_races: Close
[0m13:06:09.842498 [debug] [Thread-1 (]: Sending event: {'category': 'dbt', 'action': 'run_model', 'label': 'bcab2e80-6cf8-46dc-95c4-95e231277021', 'context': [<snowplow_tracker.self_describing_json.SelfDescribingJson object at 0x000001A2F2EFEED0>]}
[0m13:06:09.843273 [info ] [Thread-1 (]: 7 of 11 OK created sql view model main.stg_races ............................... [[32mOK[0m in 0.04s]
[0m13:06:09.845015 [debug] [Thread-1 (]: Finished running node model.entregable_dbt.stg_races
[0m13:06:09.845592 [debug] [Thread-1 (]: Began running node model.entregable_dbt.stg_results
[0m13:06:09.846576 [info ] [Thread-1 (]: 8 of 11 START sql view model main.stg_results .................................. [RUN]
[0m13:06:09.847529 [debug] [Thread-1 (]: Re-using an available connection from the pool (formerly model.entregable_dbt.stg_races, now model.entregable_dbt.stg_results)
[0m13:06:09.848038 [debug] [Thread-1 (]: Began compiling node model.entregable_dbt.stg_results
[0m13:06:09.851088 [debug] [Thread-1 (]: Writing injected SQL for node "model.entregable_dbt.stg_results"
[0m13:06:09.852303 [debug] [Thread-1 (]: Began executing node model.entregable_dbt.stg_results
[0m13:06:09.856690 [debug] [Thread-1 (]: Writing runtime sql for node "model.entregable_dbt.stg_results"
[0m13:06:09.857889 [debug] [Thread-1 (]: Using duckdb connection "model.entregable_dbt.stg_results"
[0m13:06:09.858442 [debug] [Thread-1 (]: On model.entregable_dbt.stg_results: BEGIN
[0m13:06:09.859001 [debug] [Thread-1 (]: Opening a new connection, currently in state closed
[0m13:06:09.860358 [debug] [Thread-1 (]: SQL status: OK in 0.001 seconds
[0m13:06:09.861084 [debug] [Thread-1 (]: Using duckdb connection "model.entregable_dbt.stg_results"
[0m13:06:09.861918 [debug] [Thread-1 (]: On model.entregable_dbt.stg_results: /* {"app": "dbt", "dbt_version": "1.10.15", "profile_name": "entregable_dbt", "target_name": "dev", "node_id": "model.entregable_dbt.stg_results"} */

  
  create view "dev"."main"."stg_results__dbt_tmp" as (
    with source as (
    select * from "dev"."main"."results"
),

renamed as (
    select
        race_id,
        driver_id,
        constructor_id,
        cast(grid as integer) as grid_position,
        -- position puede contener textos como 'R', lo dejamos tal cual o usamos position_order
        position as position_text,
        cast(position_order as integer) as position_order,
        cast(points as double) as points,
        cast(laps as integer) as laps,
        status
    from source
)

select * from renamed
  );

[0m13:06:09.864278 [debug] [Thread-1 (]: SQL status: OK in 0.001 seconds
[0m13:06:09.868435 [debug] [Thread-1 (]: Using duckdb connection "model.entregable_dbt.stg_results"
[0m13:06:09.868954 [debug] [Thread-1 (]: On model.entregable_dbt.stg_results: /* {"app": "dbt", "dbt_version": "1.10.15", "profile_name": "entregable_dbt", "target_name": "dev", "node_id": "model.entregable_dbt.stg_results"} */
alter view "dev"."main"."stg_results" rename to "stg_results__dbt_backup"
[0m13:06:09.870333 [debug] [Thread-1 (]: SQL status: OK in 0.001 seconds
[0m13:06:09.874124 [debug] [Thread-1 (]: Using duckdb connection "model.entregable_dbt.stg_results"
[0m13:06:09.874625 [debug] [Thread-1 (]: On model.entregable_dbt.stg_results: /* {"app": "dbt", "dbt_version": "1.10.15", "profile_name": "entregable_dbt", "target_name": "dev", "node_id": "model.entregable_dbt.stg_results"} */
alter view "dev"."main"."stg_results__dbt_tmp" rename to "stg_results"
[0m13:06:09.875711 [debug] [Thread-1 (]: SQL status: OK in 0.001 seconds
[0m13:06:09.877593 [debug] [Thread-1 (]: On model.entregable_dbt.stg_results: COMMIT
[0m13:06:09.878184 [debug] [Thread-1 (]: Using duckdb connection "model.entregable_dbt.stg_results"
[0m13:06:09.878709 [debug] [Thread-1 (]: On model.entregable_dbt.stg_results: COMMIT
[0m13:06:09.881712 [debug] [Thread-1 (]: SQL status: OK in 0.002 seconds
[0m13:06:09.885207 [debug] [Thread-1 (]: Using duckdb connection "model.entregable_dbt.stg_results"
[0m13:06:09.885712 [debug] [Thread-1 (]: On model.entregable_dbt.stg_results: /* {"app": "dbt", "dbt_version": "1.10.15", "profile_name": "entregable_dbt", "target_name": "dev", "node_id": "model.entregable_dbt.stg_results"} */

      drop view if exists "dev"."main"."stg_results__dbt_backup" cascade
    
[0m13:06:09.888136 [debug] [Thread-1 (]: SQL status: OK in 0.002 seconds
[0m13:06:09.889982 [debug] [Thread-1 (]: On model.entregable_dbt.stg_results: Close
[0m13:06:09.890722 [debug] [Thread-1 (]: Sending event: {'category': 'dbt', 'action': 'run_model', 'label': 'bcab2e80-6cf8-46dc-95c4-95e231277021', 'context': [<snowplow_tracker.self_describing_json.SelfDescribingJson object at 0x000001A2F2616B70>]}
[0m13:06:09.891511 [info ] [Thread-1 (]: 8 of 11 OK created sql view model main.stg_results ............................. [[32mOK[0m in 0.04s]
[0m13:06:09.892743 [debug] [Thread-1 (]: Finished running node model.entregable_dbt.stg_results
[0m13:06:09.893343 [debug] [Thread-1 (]: Began running node model.entregable_dbt.int_races_circuits
[0m13:06:09.894303 [info ] [Thread-1 (]: 9 of 11 START sql view model main.int_races_circuits ........................... [RUN]
[0m13:06:09.895348 [debug] [Thread-1 (]: Re-using an available connection from the pool (formerly model.entregable_dbt.stg_results, now model.entregable_dbt.int_races_circuits)
[0m13:06:09.895971 [debug] [Thread-1 (]: Began compiling node model.entregable_dbt.int_races_circuits
[0m13:06:09.899876 [debug] [Thread-1 (]: Writing injected SQL for node "model.entregable_dbt.int_races_circuits"
[0m13:06:09.901704 [debug] [Thread-1 (]: Began executing node model.entregable_dbt.int_races_circuits
[0m13:06:09.906444 [debug] [Thread-1 (]: Writing runtime sql for node "model.entregable_dbt.int_races_circuits"
[0m13:06:09.908334 [debug] [Thread-1 (]: Using duckdb connection "model.entregable_dbt.int_races_circuits"
[0m13:06:09.908898 [debug] [Thread-1 (]: On model.entregable_dbt.int_races_circuits: BEGIN
[0m13:06:09.909433 [debug] [Thread-1 (]: Opening a new connection, currently in state closed
[0m13:06:09.910653 [debug] [Thread-1 (]: SQL status: OK in 0.001 seconds
[0m13:06:09.911241 [debug] [Thread-1 (]: Using duckdb connection "model.entregable_dbt.int_races_circuits"
[0m13:06:09.911849 [debug] [Thread-1 (]: On model.entregable_dbt.int_races_circuits: /* {"app": "dbt", "dbt_version": "1.10.15", "profile_name": "entregable_dbt", "target_name": "dev", "node_id": "model.entregable_dbt.int_races_circuits"} */

  
  create view "dev"."main"."int_races_circuits__dbt_tmp" as (
    with races as (
    select * from "dev"."main"."stg_races"
),

circuits as (
    select * from "dev"."main"."stg_circuits"
)

select
    races.race_id,
    races.season,
    races.round,
    races.race_name,
    races.race_date,
    races.race_time,
    -- Información del circuito unida
    circuits.circuit_name,
    circuits.city as circuit_city,
    circuits.country as circuit_country,
    circuits.latitude,
    circuits.longitude
from races
left join circuits 
    on races.circuit_id = circuits.circuit_id
  );

[0m13:06:09.914430 [debug] [Thread-1 (]: SQL status: OK in 0.002 seconds
[0m13:06:09.918034 [debug] [Thread-1 (]: Using duckdb connection "model.entregable_dbt.int_races_circuits"
[0m13:06:09.918664 [debug] [Thread-1 (]: On model.entregable_dbt.int_races_circuits: /* {"app": "dbt", "dbt_version": "1.10.15", "profile_name": "entregable_dbt", "target_name": "dev", "node_id": "model.entregable_dbt.int_races_circuits"} */
alter view "dev"."main"."int_races_circuits__dbt_tmp" rename to "int_races_circuits"
[0m13:06:09.919750 [debug] [Thread-1 (]: SQL status: OK in 0.000 seconds
[0m13:06:09.921463 [debug] [Thread-1 (]: On model.entregable_dbt.int_races_circuits: COMMIT
[0m13:06:09.922014 [debug] [Thread-1 (]: Using duckdb connection "model.entregable_dbt.int_races_circuits"
[0m13:06:09.922477 [debug] [Thread-1 (]: On model.entregable_dbt.int_races_circuits: COMMIT
[0m13:06:09.925349 [debug] [Thread-1 (]: SQL status: OK in 0.002 seconds
[0m13:06:09.928917 [debug] [Thread-1 (]: Using duckdb connection "model.entregable_dbt.int_races_circuits"
[0m13:06:09.929469 [debug] [Thread-1 (]: On model.entregable_dbt.int_races_circuits: /* {"app": "dbt", "dbt_version": "1.10.15", "profile_name": "entregable_dbt", "target_name": "dev", "node_id": "model.entregable_dbt.int_races_circuits"} */

      drop view if exists "dev"."main"."int_races_circuits__dbt_backup" cascade
    
[0m13:06:09.930629 [debug] [Thread-1 (]: SQL status: OK in 0.000 seconds
[0m13:06:09.932829 [debug] [Thread-1 (]: On model.entregable_dbt.int_races_circuits: Close
[0m13:06:09.933582 [debug] [Thread-1 (]: Sending event: {'category': 'dbt', 'action': 'run_model', 'label': 'bcab2e80-6cf8-46dc-95c4-95e231277021', 'context': [<snowplow_tracker.self_describing_json.SelfDescribingJson object at 0x000001A2F4020EF0>]}
[0m13:06:09.934377 [info ] [Thread-1 (]: 9 of 11 OK created sql view model main.int_races_circuits ...................... [[32mOK[0m in 0.04s]
[0m13:06:09.935644 [debug] [Thread-1 (]: Finished running node model.entregable_dbt.int_races_circuits
[0m13:06:09.936663 [debug] [Thread-1 (]: Began running node model.entregable_dbt.int_results_enriched
[0m13:06:09.937374 [info ] [Thread-1 (]: 10 of 11 START sql view model main.int_results_enriched ........................ [RUN]
[0m13:06:09.938426 [debug] [Thread-1 (]: Re-using an available connection from the pool (formerly model.entregable_dbt.int_races_circuits, now model.entregable_dbt.int_results_enriched)
[0m13:06:09.938973 [debug] [Thread-1 (]: Began compiling node model.entregable_dbt.int_results_enriched
[0m13:06:09.944241 [debug] [Thread-1 (]: Writing injected SQL for node "model.entregable_dbt.int_results_enriched"
[0m13:06:09.945974 [debug] [Thread-1 (]: Began executing node model.entregable_dbt.int_results_enriched
[0m13:06:09.950861 [debug] [Thread-1 (]: Writing runtime sql for node "model.entregable_dbt.int_results_enriched"
[0m13:06:09.952442 [debug] [Thread-1 (]: Using duckdb connection "model.entregable_dbt.int_results_enriched"
[0m13:06:09.953010 [debug] [Thread-1 (]: On model.entregable_dbt.int_results_enriched: BEGIN
[0m13:06:09.953513 [debug] [Thread-1 (]: Opening a new connection, currently in state closed
[0m13:06:09.954610 [debug] [Thread-1 (]: SQL status: OK in 0.001 seconds
[0m13:06:09.955104 [debug] [Thread-1 (]: Using duckdb connection "model.entregable_dbt.int_results_enriched"
[0m13:06:09.955651 [debug] [Thread-1 (]: On model.entregable_dbt.int_results_enriched: /* {"app": "dbt", "dbt_version": "1.10.15", "profile_name": "entregable_dbt", "target_name": "dev", "node_id": "model.entregable_dbt.int_results_enriched"} */

  
  create view "dev"."main"."int_results_enriched__dbt_tmp" as (
    with results as (
    select * from "dev"."main"."stg_results"
),

drivers as (
    select * from "dev"."main"."stg_drivers"
),

constructors as (
    select * from "dev"."main"."stg_constructors"
),

races as (
    select * from "dev"."main"."int_races_circuits" 
)

select
    results.race_id,
    -- Detalles de la carrera (vienen de nuestra tabla intermediate anterior)
    races.season,
    races.race_name,
    races.race_date,
    races.circuit_country,
    
    -- Detalles del piloto
    drivers.first_name || ' ' || drivers.last_name as driver_full_name,
    drivers.driver_nationality,
    
    -- Detalles del equipo
    constructors.constructor_name,
    
    -- Métricas del resultado
    results.grid_position,
    results.position_order as finish_position,
    results.points,
    results.laps,
    results.status,
    
    -- Lógica de negocio simple: ¿Ganó?
    case 
        when results.position_order = 1 then true 
        else false 
    end as is_winner

from results
left join races on results.race_id = races.race_id
left join drivers on results.driver_id = drivers.driver_id
left join constructors on results.constructor_id = constructors.constructor_id
  );

[0m13:06:09.960019 [debug] [Thread-1 (]: SQL status: OK in 0.004 seconds
[0m13:06:09.966116 [debug] [Thread-1 (]: Using duckdb connection "model.entregable_dbt.int_results_enriched"
[0m13:06:09.966796 [debug] [Thread-1 (]: On model.entregable_dbt.int_results_enriched: /* {"app": "dbt", "dbt_version": "1.10.15", "profile_name": "entregable_dbt", "target_name": "dev", "node_id": "model.entregable_dbt.int_results_enriched"} */
alter view "dev"."main"."int_results_enriched__dbt_tmp" rename to "int_results_enriched"
[0m13:06:09.968092 [debug] [Thread-1 (]: SQL status: OK in 0.001 seconds
[0m13:06:09.969969 [debug] [Thread-1 (]: On model.entregable_dbt.int_results_enriched: COMMIT
[0m13:06:09.970511 [debug] [Thread-1 (]: Using duckdb connection "model.entregable_dbt.int_results_enriched"
[0m13:06:09.970977 [debug] [Thread-1 (]: On model.entregable_dbt.int_results_enriched: COMMIT
[0m13:06:09.973967 [debug] [Thread-1 (]: SQL status: OK in 0.002 seconds
[0m13:06:09.976631 [debug] [Thread-1 (]: Using duckdb connection "model.entregable_dbt.int_results_enriched"
[0m13:06:09.977127 [debug] [Thread-1 (]: On model.entregable_dbt.int_results_enriched: /* {"app": "dbt", "dbt_version": "1.10.15", "profile_name": "entregable_dbt", "target_name": "dev", "node_id": "model.entregable_dbt.int_results_enriched"} */

      drop view if exists "dev"."main"."int_results_enriched__dbt_backup" cascade
    
[0m13:06:09.978042 [debug] [Thread-1 (]: SQL status: OK in 0.000 seconds
[0m13:06:09.980338 [debug] [Thread-1 (]: On model.entregable_dbt.int_results_enriched: Close
[0m13:06:09.981193 [debug] [Thread-1 (]: Sending event: {'category': 'dbt', 'action': 'run_model', 'label': 'bcab2e80-6cf8-46dc-95c4-95e231277021', 'context': [<snowplow_tracker.self_describing_json.SelfDescribingJson object at 0x000001A2F4020C50>]}
[0m13:06:09.982052 [info ] [Thread-1 (]: 10 of 11 OK created sql view model main.int_results_enriched ................... [[32mOK[0m in 0.04s]
[0m13:06:09.983396 [debug] [Thread-1 (]: Finished running node model.entregable_dbt.int_results_enriched
[0m13:06:09.984529 [debug] [Thread-1 (]: Began running node model.entregable_dbt.fct_results
[0m13:06:09.985216 [info ] [Thread-1 (]: 11 of 11 START sql table model main.fct_results ................................ [RUN]
[0m13:06:09.986162 [debug] [Thread-1 (]: Re-using an available connection from the pool (formerly model.entregable_dbt.int_results_enriched, now model.entregable_dbt.fct_results)
[0m13:06:09.986719 [debug] [Thread-1 (]: Began compiling node model.entregable_dbt.fct_results
[0m13:06:09.990000 [debug] [Thread-1 (]: Writing injected SQL for node "model.entregable_dbt.fct_results"
[0m13:06:09.991860 [debug] [Thread-1 (]: Began executing node model.entregable_dbt.fct_results
[0m13:06:10.021160 [debug] [Thread-1 (]: Writing runtime sql for node "model.entregable_dbt.fct_results"
[0m13:06:10.023818 [debug] [Thread-1 (]: Using duckdb connection "model.entregable_dbt.fct_results"
[0m13:06:10.024562 [debug] [Thread-1 (]: On model.entregable_dbt.fct_results: BEGIN
[0m13:06:10.025048 [debug] [Thread-1 (]: Opening a new connection, currently in state closed
[0m13:06:10.026131 [debug] [Thread-1 (]: SQL status: OK in 0.001 seconds
[0m13:06:10.026651 [debug] [Thread-1 (]: Using duckdb connection "model.entregable_dbt.fct_results"
[0m13:06:10.027281 [debug] [Thread-1 (]: On model.entregable_dbt.fct_results: /* {"app": "dbt", "dbt_version": "1.10.15", "profile_name": "entregable_dbt", "target_name": "dev", "node_id": "model.entregable_dbt.fct_results"} */

  
    
    

    create  table
      "dev"."main"."fct_results__dbt_tmp"
  
    as (
      with enriched_results as (
    select * from "dev"."main"."int_results_enriched"
),

season_stats as (
    select
        *,
        -- MAGIA 1: Suma acumulativa de puntos por piloto y temporada
        -- Esto permite graficar cómo suben los puntos carrera a carrera
        sum(points) over (
            partition by season, driver_full_name
            order by race_date
            rows between unbounded preceding and current row
        ) as cumulative_points,

        -- MAGIA 2: Conteo acumulativo de victorias
        sum(case when is_winner then 1 else 0 end) over (
            partition by season, driver_full_name
            order by race_date
            rows between unbounded preceding and current row
        ) as cumulative_wins
    from enriched_results
),

championship_standing as (
    select 
        *,
        -- MAGIA 3: ¿En qué posición del campeonato iba el piloto después de esta carrera?
        rank() over (
            partition by season, race_id 
            order by cumulative_points desc, cumulative_wins desc
        ) as championship_position
    from season_stats
)

select 
    race_id,
    season,
    race_name,
    race_date,
    circuit_country,
    driver_full_name,
    driver_nationality,
    constructor_name,
    grid_position,
    finish_position,
    points,
    cumulative_points,
    cumulative_wins,
    championship_position,
    is_winner,
    status
from championship_standing
order by race_date desc, championship_position asc
    );
  
  
[0m13:06:10.121591 [debug] [Thread-1 (]: SQL status: OK in 0.093 seconds
[0m13:06:10.125349 [debug] [Thread-1 (]: Using duckdb connection "model.entregable_dbt.fct_results"
[0m13:06:10.125859 [debug] [Thread-1 (]: On model.entregable_dbt.fct_results: /* {"app": "dbt", "dbt_version": "1.10.15", "profile_name": "entregable_dbt", "target_name": "dev", "node_id": "model.entregable_dbt.fct_results"} */
alter table "dev"."main"."fct_results__dbt_tmp" rename to "fct_results"
[0m13:06:10.127037 [debug] [Thread-1 (]: SQL status: OK in 0.001 seconds
[0m13:06:10.133824 [debug] [Thread-1 (]: On model.entregable_dbt.fct_results: COMMIT
[0m13:06:10.134424 [debug] [Thread-1 (]: Using duckdb connection "model.entregable_dbt.fct_results"
[0m13:06:10.134897 [debug] [Thread-1 (]: On model.entregable_dbt.fct_results: COMMIT
[0m13:06:10.143498 [debug] [Thread-1 (]: SQL status: OK in 0.008 seconds
[0m13:06:10.146896 [debug] [Thread-1 (]: Using duckdb connection "model.entregable_dbt.fct_results"
[0m13:06:10.147430 [debug] [Thread-1 (]: On model.entregable_dbt.fct_results: /* {"app": "dbt", "dbt_version": "1.10.15", "profile_name": "entregable_dbt", "target_name": "dev", "node_id": "model.entregable_dbt.fct_results"} */

      drop table if exists "dev"."main"."fct_results__dbt_backup" cascade
    
[0m13:06:10.148390 [debug] [Thread-1 (]: SQL status: OK in 0.000 seconds
[0m13:06:10.150060 [debug] [Thread-1 (]: On model.entregable_dbt.fct_results: Close
[0m13:06:10.150752 [debug] [Thread-1 (]: Sending event: {'category': 'dbt', 'action': 'run_model', 'label': 'bcab2e80-6cf8-46dc-95c4-95e231277021', 'context': [<snowplow_tracker.self_describing_json.SelfDescribingJson object at 0x000001A2F4021850>]}
[0m13:06:10.151547 [info ] [Thread-1 (]: 11 of 11 OK created sql table model main.fct_results ........................... [[32mOK[0m in 0.16s]
[0m13:06:10.153077 [debug] [Thread-1 (]: Finished running node model.entregable_dbt.fct_results
[0m13:06:10.154961 [debug] [MainThread]: Using duckdb connection "master"
[0m13:06:10.155427 [debug] [MainThread]: On master: BEGIN
[0m13:06:10.155825 [debug] [MainThread]: Opening a new connection, currently in state closed
[0m13:06:10.156660 [debug] [MainThread]: SQL status: OK in 0.001 seconds
[0m13:06:10.157100 [debug] [MainThread]: On master: COMMIT
[0m13:06:10.157507 [debug] [MainThread]: Using duckdb connection "master"
[0m13:06:10.157930 [debug] [MainThread]: On master: COMMIT
[0m13:06:10.158827 [debug] [MainThread]: SQL status: OK in 0.000 seconds
[0m13:06:10.159275 [debug] [MainThread]: On master: Close
[0m13:06:10.159783 [debug] [MainThread]: Connection 'master' was properly closed.
[0m13:06:10.160210 [debug] [MainThread]: Connection 'create_dev_main' was properly closed.
[0m13:06:10.160597 [debug] [MainThread]: Connection 'list_dev_main' was properly closed.
[0m13:06:10.161021 [debug] [MainThread]: Connection 'model.entregable_dbt.fct_results' was properly closed.
[0m13:06:10.161790 [info ] [MainThread]: 
[0m13:06:10.162587 [info ] [MainThread]: Finished running 1 table model, 10 view models in 0 hours 0 minutes and 1.09 seconds (1.09s).
[0m13:06:10.165733 [debug] [MainThread]: Command end result
[0m13:06:10.202722 [debug] [MainThread]: Wrote artifact WritableManifest to C:\Users\Admin\Documents\GitHub\EDEM_MDA2526\alumnos\mdab\SAUL_MARTINEZ\DBT\entregable_dbt\target\manifest.json
[0m13:06:10.206220 [debug] [MainThread]: Wrote artifact SemanticManifest to C:\Users\Admin\Documents\GitHub\EDEM_MDA2526\alumnos\mdab\SAUL_MARTINEZ\DBT\entregable_dbt\target\semantic_manifest.json
[0m13:06:10.216472 [debug] [MainThread]: Wrote artifact RunExecutionResult to C:\Users\Admin\Documents\GitHub\EDEM_MDA2526\alumnos\mdab\SAUL_MARTINEZ\DBT\entregable_dbt\target\run_results.json
[0m13:06:10.217069 [info ] [MainThread]: 
[0m13:06:10.217836 [info ] [MainThread]: [32mCompleted successfully[0m
[0m13:06:10.218543 [info ] [MainThread]: 
[0m13:06:10.219301 [info ] [MainThread]: Done. PASS=11 WARN=0 ERROR=0 SKIP=0 NO-OP=0 TOTAL=11
[0m13:06:10.220624 [debug] [MainThread]: Command `dbt run` succeeded at 13:06:10.220469 after 2.79 seconds
[0m13:06:10.221149 [debug] [MainThread]: Sending event: {'category': 'dbt', 'action': 'invocation', 'label': 'end', 'context': [<snowplow_tracker.self_describing_json.SelfDescribingJson object at 0x000001A2F2AEB8F0>, <snowplow_tracker.self_describing_json.SelfDescribingJson object at 0x000001A2F0703AD0>, <snowplow_tracker.self_describing_json.SelfDescribingJson object at 0x000001A2F26176B0>]}
[0m13:06:10.221670 [debug] [MainThread]: Flushing usage events
[0m13:06:11.154617 [debug] [MainThread]: An error was encountered while trying to flush usage events
[0m13:21:56.485360 [debug] [MainThread]: Sending event: {'category': 'dbt', 'action': 'invocation', 'label': 'start', 'context': [<snowplow_tracker.self_describing_json.SelfDescribingJson object at 0x0000020ECFCA0590>, <snowplow_tracker.self_describing_json.SelfDescribingJson object at 0x0000020ED1540690>, <snowplow_tracker.self_describing_json.SelfDescribingJson object at 0x0000020ED1B8FED0>]}


============================== 13:21:56.491380 | 59e186d1-b492-425f-aab6-01055fbd1c6c ==============================
[0m13:21:56.491380 [info ] [MainThread]: Running with dbt=1.10.15
[0m13:21:56.492410 [debug] [MainThread]: running dbt with arguments {'cache_selected_only': 'False', 'no_print': 'None', 'profiles_dir': 'C:\\Users\\Admin\\.dbt', 'use_colors': 'True', 'write_json': 'True', 'warn_error': 'None', 'static_parser': 'True', 'fail_fast': 'False', 'log_path': 'C:\\Users\\Admin\\Documents\\GitHub\\EDEM_MDA2526\\alumnos\\mdab\\SAUL_MARTINEZ\\DBT\\entregable_dbt\\logs', 'send_anonymous_usage_stats': 'True', 'partial_parse': 'True', 'warn_error_options': 'WarnErrorOptionsV2(error=[], warn=[], silence=[])', 'indirect_selection': 'eager', 'version_check': 'True', 'use_experimental_parser': 'False', 'introspect': 'True', 'quiet': 'False', 'empty': 'False', 'log_cache_events': 'False', 'debug': 'False', 'log_format': 'default', 'invocation_command': 'dbt snapshot', 'printer_width': '80', 'target_path': 'None'}
[0m13:21:56.823242 [debug] [MainThread]: Sending event: {'category': 'dbt', 'action': 'project_id', 'label': '59e186d1-b492-425f-aab6-01055fbd1c6c', 'context': [<snowplow_tracker.self_describing_json.SelfDescribingJson object at 0x0000020ECFECCC30>]}
[0m13:21:56.910094 [debug] [MainThread]: Sending event: {'category': 'dbt', 'action': 'adapter_info', 'label': '59e186d1-b492-425f-aab6-01055fbd1c6c', 'context': [<snowplow_tracker.self_describing_json.SelfDescribingJson object at 0x0000020ED1A2FBD0>]}
[0m13:21:56.913438 [info ] [MainThread]: Registered adapter: duckdb=1.10.0
[0m13:21:57.323693 [debug] [MainThread]: checksum: 14a228079bd6df63ba81633f9a3cf44ecfaa31056ac397c602753ec895dbf885, vars: {}, profile: , target: , version: 1.10.15
[0m13:21:57.525012 [debug] [MainThread]: Partial parsing enabled: 0 files deleted, 1 files added, 0 files changed.
[0m13:21:57.525781 [debug] [MainThread]: Partial parsing: added file: entregable_dbt://snapshots\snapshot_drivers.sql
[0m13:21:57.826848 [error] [MainThread]: Encountered an error:
Compilation Error in snapshot snapshot_drivers (snapshots\snapshot_drivers.sql)
  invalid syntax for function call expression
    line 4
      config(
[0m13:21:57.828592 [debug] [MainThread]: Command `dbt snapshot` failed at 13:21:57.828378 after 1.59 seconds
[0m13:21:57.829307 [debug] [MainThread]: Sending event: {'category': 'dbt', 'action': 'invocation', 'label': 'end', 'context': [<snowplow_tracker.self_describing_json.SelfDescribingJson object at 0x0000020ED3108450>, <snowplow_tracker.self_describing_json.SelfDescribingJson object at 0x0000020ED310A050>, <snowplow_tracker.self_describing_json.SelfDescribingJson object at 0x0000020ED33845F0>]}
[0m13:21:57.829844 [debug] [MainThread]: Flushing usage events
[0m13:21:58.791170 [debug] [MainThread]: An error was encountered while trying to flush usage events
[0m13:22:31.593422 [debug] [MainThread]: Sending event: {'category': 'dbt', 'action': 'invocation', 'label': 'start', 'context': [<snowplow_tracker.self_describing_json.SelfDescribingJson object at 0x000001926E5A0590>, <snowplow_tracker.self_describing_json.SelfDescribingJson object at 0x000001926EE40690>, <snowplow_tracker.self_describing_json.SelfDescribingJson object at 0x000001927048FED0>]}


============================== 13:22:31.599582 | 9c4bda5b-e348-4643-8cdc-7e7d7ec896cc ==============================
[0m13:22:31.599582 [info ] [MainThread]: Running with dbt=1.10.15
[0m13:22:31.600631 [debug] [MainThread]: running dbt with arguments {'log_format': 'default', 'invocation_command': 'dbt snapshot', 'target_path': 'None', 'profiles_dir': 'C:\\Users\\Admin\\.dbt', 'printer_width': '80', 'warn_error': 'None', 'static_parser': 'True', 'fail_fast': 'False', 'indirect_selection': 'eager', 'send_anonymous_usage_stats': 'True', 'log_path': 'C:\\Users\\Admin\\Documents\\GitHub\\EDEM_MDA2526\\alumnos\\mdab\\SAUL_MARTINEZ\\DBT\\entregable_dbt\\logs', 'warn_error_options': 'WarnErrorOptionsV2(error=[], warn=[], silence=[])', 'partial_parse': 'True', 'version_check': 'True', 'use_experimental_parser': 'False', 'introspect': 'True', 'quiet': 'False', 'empty': 'False', 'log_cache_events': 'False', 'debug': 'False', 'no_print': 'None', 'use_colors': 'True', 'cache_selected_only': 'False', 'write_json': 'True'}
[0m13:22:31.918036 [debug] [MainThread]: Sending event: {'category': 'dbt', 'action': 'project_id', 'label': '9c4bda5b-e348-4643-8cdc-7e7d7ec896cc', 'context': [<snowplow_tracker.self_describing_json.SelfDescribingJson object at 0x000001926E7C0C30>]}
[0m13:22:32.010936 [debug] [MainThread]: Sending event: {'category': 'dbt', 'action': 'adapter_info', 'label': '9c4bda5b-e348-4643-8cdc-7e7d7ec896cc', 'context': [<snowplow_tracker.self_describing_json.SelfDescribingJson object at 0x000001927032FBD0>]}
[0m13:22:32.014505 [info ] [MainThread]: Registered adapter: duckdb=1.10.0
[0m13:22:32.431237 [debug] [MainThread]: checksum: 14a228079bd6df63ba81633f9a3cf44ecfaa31056ac397c602753ec895dbf885, vars: {}, profile: , target: , version: 1.10.15
[0m13:22:32.601563 [debug] [MainThread]: Partial parsing enabled: 0 files deleted, 1 files added, 0 files changed.
[0m13:22:32.602332 [debug] [MainThread]: Partial parsing: added file: entregable_dbt://snapshots\snp_drivers.sql
[0m13:22:32.878821 [error] [MainThread]: Encountered an error:
Compilation Error in snapshot snp_drivers (snapshots\snp_drivers.sql)
  invalid syntax for function call expression
    line 4
      config(
[0m13:22:32.880513 [debug] [MainThread]: Command `dbt snapshot` failed at 13:22:32.880333 after 1.44 seconds
[0m13:22:32.881093 [debug] [MainThread]: Sending event: {'category': 'dbt', 'action': 'invocation', 'label': 'end', 'context': [<snowplow_tracker.self_describing_json.SelfDescribingJson object at 0x000001927090C450>, <snowplow_tracker.self_describing_json.SelfDescribingJson object at 0x000001927090E050>, <snowplow_tracker.self_describing_json.SelfDescribingJson object at 0x0000019270B805F0>]}
[0m13:22:32.881628 [debug] [MainThread]: Flushing usage events
[0m13:22:33.915347 [debug] [MainThread]: An error was encountered while trying to flush usage events
[0m13:25:36.570256 [debug] [MainThread]: Sending event: {'category': 'dbt', 'action': 'invocation', 'label': 'start', 'context': [<snowplow_tracker.self_describing_json.SelfDescribingJson object at 0x00000298B82A0590>, <snowplow_tracker.self_describing_json.SelfDescribingJson object at 0x00000298B8B40690>, <snowplow_tracker.self_describing_json.SelfDescribingJson object at 0x00000298BA18FED0>]}


============================== 13:25:36.576275 | a661b840-0c8d-460b-8306-2e1a41d8d55a ==============================
[0m13:25:36.576275 [info ] [MainThread]: Running with dbt=1.10.15
[0m13:25:36.577401 [debug] [MainThread]: running dbt with arguments {'log_format': 'default', 'profiles_dir': 'C:\\Users\\Admin\\.dbt', 'cache_selected_only': 'False', 'use_colors': 'True', 'write_json': 'True', 'warn_error': 'None', 'static_parser': 'True', 'fail_fast': 'False', 'log_path': 'C:\\Users\\Admin\\Documents\\GitHub\\EDEM_MDA2526\\alumnos\\mdab\\SAUL_MARTINEZ\\DBT\\entregable_dbt\\logs', 'send_anonymous_usage_stats': 'True', 'partial_parse': 'True', 'warn_error_options': 'WarnErrorOptionsV2(error=[], warn=[], silence=[])', 'indirect_selection': 'eager', 'use_experimental_parser': 'False', 'version_check': 'True', 'quiet': 'False', 'introspect': 'True', 'empty': 'False', 'log_cache_events': 'False', 'debug': 'False', 'no_print': 'None', 'invocation_command': 'dbt snapshot', 'printer_width': '80', 'target_path': 'None'}
[0m13:25:36.903725 [debug] [MainThread]: Sending event: {'category': 'dbt', 'action': 'project_id', 'label': 'a661b840-0c8d-460b-8306-2e1a41d8d55a', 'context': [<snowplow_tracker.self_describing_json.SelfDescribingJson object at 0x00000298B84CCC30>]}
[0m13:25:36.991592 [debug] [MainThread]: Sending event: {'category': 'dbt', 'action': 'adapter_info', 'label': 'a661b840-0c8d-460b-8306-2e1a41d8d55a', 'context': [<snowplow_tracker.self_describing_json.SelfDescribingJson object at 0x00000298BA02FBD0>]}
[0m13:25:36.995050 [info ] [MainThread]: Registered adapter: duckdb=1.10.0
[0m13:25:37.408934 [debug] [MainThread]: checksum: 14a228079bd6df63ba81633f9a3cf44ecfaa31056ac397c602753ec895dbf885, vars: {}, profile: , target: , version: 1.10.15
[0m13:25:37.590356 [debug] [MainThread]: Partial parsing enabled: 0 files deleted, 1 files added, 0 files changed.
[0m13:25:37.591137 [debug] [MainThread]: Partial parsing: added file: entregable_dbt://snapshots\snp_drivers.sql
[0m13:25:37.968974 [debug] [MainThread]: Sending event: {'category': 'dbt', 'action': 'load_project', 'label': 'a661b840-0c8d-460b-8306-2e1a41d8d55a', 'context': [<snowplow_tracker.self_describing_json.SelfDescribingJson object at 0x00000298BA60AC50>]}
[0m13:25:38.073430 [debug] [MainThread]: Wrote artifact WritableManifest to C:\Users\Admin\Documents\GitHub\EDEM_MDA2526\alumnos\mdab\SAUL_MARTINEZ\DBT\entregable_dbt\target\manifest.json
[0m13:25:38.077061 [debug] [MainThread]: Wrote artifact SemanticManifest to C:\Users\Admin\Documents\GitHub\EDEM_MDA2526\alumnos\mdab\SAUL_MARTINEZ\DBT\entregable_dbt\target\semantic_manifest.json
[0m13:25:38.163970 [debug] [MainThread]: Sending event: {'category': 'dbt', 'action': 'resource_counts', 'label': 'a661b840-0c8d-460b-8306-2e1a41d8d55a', 'context': [<snowplow_tracker.self_describing_json.SelfDescribingJson object at 0x00000298BA6B5220>]}
[0m13:25:38.165004 [info ] [MainThread]: Found 11 models, 8 seeds, 1 snapshot, 458 macros
[0m13:25:38.165903 [debug] [MainThread]: Sending event: {'category': 'dbt', 'action': 'runnable_timing', 'label': 'a661b840-0c8d-460b-8306-2e1a41d8d55a', 'context': [<snowplow_tracker.self_describing_json.SelfDescribingJson object at 0x00000298BA8BFD90>]}
[0m13:25:38.169410 [info ] [MainThread]: 
[0m13:25:38.170253 [info ] [MainThread]: Concurrency: 1 threads (target='dev')
[0m13:25:38.171435 [info ] [MainThread]: 
[0m13:25:38.172827 [debug] [MainThread]: Acquiring new duckdb connection 'master'
[0m13:25:38.174443 [debug] [ThreadPool]: Acquiring new duckdb connection 'list_dev'
[0m13:25:38.366702 [debug] [ThreadPool]: Using duckdb connection "list_dev"
[0m13:25:38.367324 [debug] [ThreadPool]: On list_dev: /* {"app": "dbt", "dbt_version": "1.10.15", "profile_name": "entregable_dbt", "target_name": "dev", "connection_name": "list_dev"} */

    
    select schema_name
    from system.information_schema.schemata
    
    where lower(catalog_name) = '"dev"'
    
  
  
[0m13:25:38.367752 [debug] [ThreadPool]: Opening a new connection, currently in state init
[0m13:25:38.405857 [debug] [ThreadPool]: SQL status: OK in 0.038 seconds
[0m13:25:38.407743 [debug] [ThreadPool]: On list_dev: Close
[0m13:25:38.408753 [debug] [ThreadPool]: Re-using an available connection from the pool (formerly list_dev, now create_dev_snapshots)
[0m13:25:38.409396 [debug] [ThreadPool]: Creating schema "database: "dev"
schema: "snapshots"
"
[0m13:25:38.417480 [debug] [ThreadPool]: Using duckdb connection "create_dev_snapshots"
[0m13:25:38.417960 [debug] [ThreadPool]: On create_dev_snapshots: /* {"app": "dbt", "dbt_version": "1.10.15", "profile_name": "entregable_dbt", "target_name": "dev", "connection_name": "create_dev_snapshots"} */

    
        select type from duckdb_databases()
        where lower(database_name)='dev'
        and type='sqlite'
    
  
[0m13:25:38.418365 [debug] [ThreadPool]: Opening a new connection, currently in state closed
[0m13:25:38.419642 [debug] [ThreadPool]: SQL status: OK in 0.001 seconds
[0m13:25:38.421178 [debug] [ThreadPool]: Using duckdb connection "create_dev_snapshots"
[0m13:25:38.421614 [debug] [ThreadPool]: On create_dev_snapshots: BEGIN
[0m13:25:38.422317 [debug] [ThreadPool]: SQL status: OK in 0.000 seconds
[0m13:25:38.422755 [debug] [ThreadPool]: Using duckdb connection "create_dev_snapshots"
[0m13:25:38.423147 [debug] [ThreadPool]: On create_dev_snapshots: /* {"app": "dbt", "dbt_version": "1.10.15", "profile_name": "entregable_dbt", "target_name": "dev", "connection_name": "create_dev_snapshots"} */

    
    
        create schema if not exists "dev"."snapshots"
    
[0m13:25:38.423918 [debug] [ThreadPool]: SQL status: OK in 0.000 seconds
[0m13:25:38.424964 [debug] [ThreadPool]: On create_dev_snapshots: COMMIT
[0m13:25:38.425399 [debug] [ThreadPool]: Using duckdb connection "create_dev_snapshots"
[0m13:25:38.425806 [debug] [ThreadPool]: On create_dev_snapshots: COMMIT
[0m13:25:38.492206 [debug] [ThreadPool]: SQL status: OK in 0.066 seconds
[0m13:25:38.492917 [debug] [ThreadPool]: On create_dev_snapshots: Close
[0m13:25:38.501819 [debug] [ThreadPool]: Acquiring new duckdb connection 'list_dev_snapshots'
[0m13:25:38.509527 [debug] [ThreadPool]: Using duckdb connection "list_dev_snapshots"
[0m13:25:38.510075 [debug] [ThreadPool]: On list_dev_snapshots: BEGIN
[0m13:25:38.510543 [debug] [ThreadPool]: Opening a new connection, currently in state init
[0m13:25:38.511887 [debug] [ThreadPool]: SQL status: OK in 0.001 seconds
[0m13:25:38.512322 [debug] [ThreadPool]: Using duckdb connection "list_dev_snapshots"
[0m13:25:38.512791 [debug] [ThreadPool]: On list_dev_snapshots: /* {"app": "dbt", "dbt_version": "1.10.15", "profile_name": "entregable_dbt", "target_name": "dev", "connection_name": "list_dev_snapshots"} */
select
      'dev' as database,
      table_name as name,
      table_schema as schema,
      CASE table_type
        WHEN 'BASE TABLE' THEN 'table'
        WHEN 'VIEW' THEN 'view'
        WHEN 'LOCAL TEMPORARY' THEN 'table'
        END as type
    from system.information_schema.tables
    where lower(table_schema) = 'snapshots'
    and lower(table_catalog) = 'dev'
  
[0m13:25:38.535705 [debug] [ThreadPool]: SQL status: OK in 0.022 seconds
[0m13:25:38.537374 [debug] [ThreadPool]: On list_dev_snapshots: ROLLBACK
[0m13:25:38.538947 [debug] [ThreadPool]: Failed to rollback 'list_dev_snapshots'
[0m13:25:38.539399 [debug] [ThreadPool]: On list_dev_snapshots: Close
[0m13:25:38.540129 [debug] [ThreadPool]: Re-using an available connection from the pool (formerly list_dev_snapshots, now list_dev_main)
[0m13:25:38.543069 [debug] [ThreadPool]: Using duckdb connection "list_dev_main"
[0m13:25:38.543667 [debug] [ThreadPool]: On list_dev_main: BEGIN
[0m13:25:38.544131 [debug] [ThreadPool]: Opening a new connection, currently in state closed
[0m13:25:38.545093 [debug] [ThreadPool]: SQL status: OK in 0.001 seconds
[0m13:25:38.545513 [debug] [ThreadPool]: Using duckdb connection "list_dev_main"
[0m13:25:38.545962 [debug] [ThreadPool]: On list_dev_main: /* {"app": "dbt", "dbt_version": "1.10.15", "profile_name": "entregable_dbt", "target_name": "dev", "connection_name": "list_dev_main"} */
select
      'dev' as database,
      table_name as name,
      table_schema as schema,
      CASE table_type
        WHEN 'BASE TABLE' THEN 'table'
        WHEN 'VIEW' THEN 'view'
        WHEN 'LOCAL TEMPORARY' THEN 'table'
        END as type
    from system.information_schema.tables
    where lower(table_schema) = 'main'
    and lower(table_catalog) = 'dev'
  
[0m13:25:38.551385 [debug] [ThreadPool]: SQL status: OK in 0.005 seconds
[0m13:25:38.553276 [debug] [ThreadPool]: On list_dev_main: ROLLBACK
[0m13:25:38.554071 [debug] [ThreadPool]: Failed to rollback 'list_dev_main'
[0m13:25:38.554488 [debug] [ThreadPool]: On list_dev_main: Close
[0m13:25:38.560665 [debug] [MainThread]: Sending event: {'category': 'dbt', 'action': 'runnable_timing', 'label': 'a661b840-0c8d-460b-8306-2e1a41d8d55a', 'context': [<snowplow_tracker.self_describing_json.SelfDescribingJson object at 0x00000298BABA1160>]}
[0m13:25:38.561285 [debug] [MainThread]: Using duckdb connection "master"
[0m13:25:38.561741 [debug] [MainThread]: On master: BEGIN
[0m13:25:38.562121 [debug] [MainThread]: Opening a new connection, currently in state init
[0m13:25:38.562929 [debug] [MainThread]: SQL status: OK in 0.001 seconds
[0m13:25:38.563359 [debug] [MainThread]: On master: COMMIT
[0m13:25:38.563754 [debug] [MainThread]: Using duckdb connection "master"
[0m13:25:38.564171 [debug] [MainThread]: On master: COMMIT
[0m13:25:38.564853 [debug] [MainThread]: SQL status: OK in 0.000 seconds
[0m13:25:38.565272 [debug] [MainThread]: On master: Close
[0m13:25:38.570248 [debug] [Thread-1 (]: Began running node snapshot.entregable_dbt.snp_drivers
[0m13:25:38.570976 [info ] [Thread-1 (]: 1 of 1 START snapshot snapshots.snp_drivers .................................... [RUN]
[0m13:25:38.572101 [debug] [Thread-1 (]: Acquiring new duckdb connection 'snapshot.entregable_dbt.snp_drivers'
[0m13:25:38.572642 [debug] [Thread-1 (]: Began compiling node snapshot.entregable_dbt.snp_drivers
[0m13:25:38.586516 [debug] [Thread-1 (]: Began executing node snapshot.entregable_dbt.snp_drivers
[0m13:25:38.694750 [debug] [Thread-1 (]: Using duckdb connection "snapshot.entregable_dbt.snp_drivers"
[0m13:25:38.695435 [debug] [Thread-1 (]: On snapshot.entregable_dbt.snp_drivers: /* {"app": "dbt", "dbt_version": "1.10.15", "profile_name": "entregable_dbt", "target_name": "dev", "node_id": "snapshot.entregable_dbt.snp_drivers"} */
DESCRIBE (select * from (
        
    

    select *,
        md5(coalesce(cast(driver_id as varchar ), '')
         || '|' || coalesce(cast(now()::timestamp as varchar ), '')
        ) as dbt_scd_id,
        now()::timestamp as dbt_updated_at,
        now()::timestamp as dbt_valid_from,
        
  
  coalesce(nullif(now()::timestamp, now()::timestamp), null)
  as dbt_valid_to
from (
        



select * from "dev"."main"."drivers"

    ) sbq



    ) as __dbt_sbq
    where false
    limit 0
)
[0m13:25:38.699428 [debug] [Thread-1 (]: Opening a new connection, currently in state init
[0m13:25:38.760923 [debug] [Thread-1 (]: SQL status: OK in 0.061 seconds
[0m13:25:38.766035 [debug] [Thread-1 (]: Using duckdb connection "snapshot.entregable_dbt.snp_drivers"
[0m13:25:38.766568 [debug] [Thread-1 (]: On snapshot.entregable_dbt.snp_drivers: /* {"app": "dbt", "dbt_version": "1.10.15", "profile_name": "entregable_dbt", "target_name": "dev", "node_id": "snapshot.entregable_dbt.snp_drivers"} */
DESCRIBE (select * from (
        select now()::timestamp as dbt_snapshot_time
    ) as __dbt_sbq
    where false
    limit 0
)
[0m13:25:38.767856 [debug] [Thread-1 (]: SQL status: OK in 0.001 seconds
[0m13:25:38.768624 [debug] [Thread-1 (]: Writing runtime sql for node "snapshot.entregable_dbt.snp_drivers"
[0m13:25:38.770380 [debug] [Thread-1 (]: Using duckdb connection "snapshot.entregable_dbt.snp_drivers"
[0m13:25:38.770907 [debug] [Thread-1 (]: On snapshot.entregable_dbt.snp_drivers: BEGIN
[0m13:25:38.771822 [debug] [Thread-1 (]: SQL status: OK in 0.000 seconds
[0m13:25:38.772333 [debug] [Thread-1 (]: Using duckdb connection "snapshot.entregable_dbt.snp_drivers"
[0m13:25:38.772829 [debug] [Thread-1 (]: On snapshot.entregable_dbt.snp_drivers: /* {"app": "dbt", "dbt_version": "1.10.15", "profile_name": "entregable_dbt", "target_name": "dev", "node_id": "snapshot.entregable_dbt.snp_drivers"} */

      
  
    
    

    create  table
      "dev"."snapshots"."snp_drivers"
  
    as (
      
    

    select *,
        md5(coalesce(cast(driver_id as varchar ), '')
         || '|' || coalesce(cast(now()::timestamp as varchar ), '')
        ) as dbt_scd_id,
        now()::timestamp as dbt_updated_at,
        now()::timestamp as dbt_valid_from,
        
  
  coalesce(nullif(now()::timestamp, now()::timestamp), null)
  as dbt_valid_to
from (
        



select * from "dev"."main"."drivers"

    ) sbq



    );
  
  
  
[0m13:25:38.777277 [debug] [Thread-1 (]: SQL status: OK in 0.004 seconds
[0m13:25:38.794848 [debug] [Thread-1 (]: On snapshot.entregable_dbt.snp_drivers: COMMIT
[0m13:25:38.795404 [debug] [Thread-1 (]: Using duckdb connection "snapshot.entregable_dbt.snp_drivers"
[0m13:25:38.795871 [debug] [Thread-1 (]: On snapshot.entregable_dbt.snp_drivers: COMMIT
[0m13:25:38.799914 [debug] [Thread-1 (]: SQL status: OK in 0.003 seconds
[0m13:25:38.802550 [debug] [Thread-1 (]: On snapshot.entregable_dbt.snp_drivers: Close
[0m13:25:38.805064 [debug] [Thread-1 (]: Sending event: {'category': 'dbt', 'action': 'run_model', 'label': 'a661b840-0c8d-460b-8306-2e1a41d8d55a', 'context': [<snowplow_tracker.self_describing_json.SelfDescribingJson object at 0x00000298BA9A7890>]}
[0m13:25:38.806117 [info ] [Thread-1 (]: 1 of 1 OK snapshotted snapshots.snp_drivers .................................... [[32mOK[0m in 0.23s]
[0m13:25:38.807577 [debug] [Thread-1 (]: Finished running node snapshot.entregable_dbt.snp_drivers
[0m13:25:38.809782 [debug] [MainThread]: Using duckdb connection "master"
[0m13:25:38.810261 [debug] [MainThread]: On master: BEGIN
[0m13:25:38.810654 [debug] [MainThread]: Opening a new connection, currently in state closed
[0m13:25:38.811679 [debug] [MainThread]: SQL status: OK in 0.001 seconds
[0m13:25:38.812148 [debug] [MainThread]: On master: COMMIT
[0m13:25:38.812561 [debug] [MainThread]: Using duckdb connection "master"
[0m13:25:38.812941 [debug] [MainThread]: On master: COMMIT
[0m13:25:38.813655 [debug] [MainThread]: SQL status: OK in 0.000 seconds
[0m13:25:38.814090 [debug] [MainThread]: On master: Close
[0m13:25:38.814600 [debug] [MainThread]: Connection 'master' was properly closed.
[0m13:25:38.814982 [debug] [MainThread]: Connection 'create_dev_snapshots' was properly closed.
[0m13:25:38.815419 [debug] [MainThread]: Connection 'list_dev_main' was properly closed.
[0m13:25:38.815788 [debug] [MainThread]: Connection 'snapshot.entregable_dbt.snp_drivers' was properly closed.
[0m13:25:38.816182 [info ] [MainThread]: 
[0m13:25:38.817033 [info ] [MainThread]: Finished running 1 snapshot in 0 hours 0 minutes and 0.64 seconds (0.64s).
[0m13:25:38.818502 [debug] [MainThread]: Command end result
[0m13:25:38.854832 [debug] [MainThread]: Wrote artifact WritableManifest to C:\Users\Admin\Documents\GitHub\EDEM_MDA2526\alumnos\mdab\SAUL_MARTINEZ\DBT\entregable_dbt\target\manifest.json
[0m13:25:38.858363 [debug] [MainThread]: Wrote artifact SemanticManifest to C:\Users\Admin\Documents\GitHub\EDEM_MDA2526\alumnos\mdab\SAUL_MARTINEZ\DBT\entregable_dbt\target\semantic_manifest.json
[0m13:25:38.867793 [debug] [MainThread]: Wrote artifact RunExecutionResult to C:\Users\Admin\Documents\GitHub\EDEM_MDA2526\alumnos\mdab\SAUL_MARTINEZ\DBT\entregable_dbt\target\run_results.json
[0m13:25:38.868360 [info ] [MainThread]: 
[0m13:25:38.869286 [info ] [MainThread]: [32mCompleted successfully[0m
[0m13:25:38.870160 [info ] [MainThread]: 
[0m13:25:38.871058 [info ] [MainThread]: Done. PASS=1 WARN=0 ERROR=0 SKIP=0 NO-OP=0 TOTAL=1
[0m13:25:38.872568 [debug] [MainThread]: Command `dbt snapshot` succeeded at 13:25:38.872409 after 2.46 seconds
[0m13:25:38.873089 [debug] [MainThread]: Sending event: {'category': 'dbt', 'action': 'invocation', 'label': 'end', 'context': [<snowplow_tracker.self_describing_json.SelfDescribingJson object at 0x00000298BA9D8B50>, <snowplow_tracker.self_describing_json.SelfDescribingJson object at 0x00000298B8B21C70>, <snowplow_tracker.self_describing_json.SelfDescribingJson object at 0x00000298BA3D2530>]}
[0m13:25:38.873592 [debug] [MainThread]: Flushing usage events
[0m13:25:39.879924 [debug] [MainThread]: An error was encountered while trying to flush usage events
[0m13:27:37.822957 [debug] [MainThread]: Sending event: {'category': 'dbt', 'action': 'invocation', 'label': 'start', 'context': [<snowplow_tracker.self_describing_json.SelfDescribingJson object at 0x0000022191AA0590>, <snowplow_tracker.self_describing_json.SelfDescribingJson object at 0x0000022193340690>, <snowplow_tracker.self_describing_json.SelfDescribingJson object at 0x000002219398FED0>]}


============================== 13:27:37.828940 | ce2eb7da-dcc7-4ec5-9f56-4dee2d6ba9d2 ==============================
[0m13:27:37.828940 [info ] [MainThread]: Running with dbt=1.10.15
[0m13:27:37.830123 [debug] [MainThread]: running dbt with arguments {'use_colors': 'True', 'printer_width': '80', 'log_format': 'default', 'profiles_dir': 'C:\\Users\\Admin\\.dbt', 'target_path': 'None', 'warn_error': 'None', 'log_path': 'C:\\Users\\Admin\\Documents\\GitHub\\EDEM_MDA2526\\alumnos\\mdab\\SAUL_MARTINEZ\\DBT\\entregable_dbt\\logs', 'fail_fast': 'False', 'static_parser': 'True', 'send_anonymous_usage_stats': 'True', 'partial_parse': 'True', 'warn_error_options': 'WarnErrorOptionsV2(error=[], warn=[], silence=[])', 'indirect_selection': 'eager', 'use_experimental_parser': 'False', 'version_check': 'True', 'introspect': 'True', 'quiet': 'False', 'empty': 'None', 'log_cache_events': 'False', 'debug': 'False', 'no_print': 'None', 'invocation_command': 'dbt docs generate', 'cache_selected_only': 'False', 'write_json': 'True'}
[0m13:27:38.153289 [debug] [MainThread]: Sending event: {'category': 'dbt', 'action': 'project_id', 'label': 'ce2eb7da-dcc7-4ec5-9f56-4dee2d6ba9d2', 'context': [<snowplow_tracker.self_describing_json.SelfDescribingJson object at 0x0000022191CCCC30>]}
[0m13:27:38.241686 [debug] [MainThread]: Sending event: {'category': 'dbt', 'action': 'adapter_info', 'label': 'ce2eb7da-dcc7-4ec5-9f56-4dee2d6ba9d2', 'context': [<snowplow_tracker.self_describing_json.SelfDescribingJson object at 0x000002219382FBD0>]}
[0m13:27:38.245176 [info ] [MainThread]: Registered adapter: duckdb=1.10.0
[0m13:27:38.674930 [debug] [MainThread]: checksum: 14a228079bd6df63ba81633f9a3cf44ecfaa31056ac397c602753ec895dbf885, vars: {}, profile: , target: , version: 1.10.15
[0m13:27:38.890817 [debug] [MainThread]: Partial parsing enabled: 0 files deleted, 0 files added, 0 files changed.
[0m13:27:38.891407 [debug] [MainThread]: Partial parsing enabled, no changes found, skipping parsing
[0m13:27:38.964010 [debug] [MainThread]: Sending event: {'category': 'dbt', 'action': 'load_project', 'label': 'ce2eb7da-dcc7-4ec5-9f56-4dee2d6ba9d2', 'context': [<snowplow_tracker.self_describing_json.SelfDescribingJson object at 0x0000022193E0A150>]}
[0m13:27:39.061263 [debug] [MainThread]: Sending event: {'category': 'dbt', 'action': 'resource_counts', 'label': 'ce2eb7da-dcc7-4ec5-9f56-4dee2d6ba9d2', 'context': [<snowplow_tracker.self_describing_json.SelfDescribingJson object at 0x0000022193FFC5F0>]}
[0m13:27:39.062085 [info ] [MainThread]: Found 11 models, 8 seeds, 1 snapshot, 458 macros
[0m13:27:39.062852 [debug] [MainThread]: Sending event: {'category': 'dbt', 'action': 'runnable_timing', 'label': 'ce2eb7da-dcc7-4ec5-9f56-4dee2d6ba9d2', 'context': [<snowplow_tracker.self_describing_json.SelfDescribingJson object at 0x0000022193AE49F0>]}
[0m13:27:39.066890 [info ] [MainThread]: 
[0m13:27:39.068712 [info ] [MainThread]: Concurrency: 1 threads (target='dev')
[0m13:27:39.069534 [info ] [MainThread]: 
[0m13:27:39.070920 [debug] [MainThread]: Acquiring new duckdb connection 'master'
[0m13:27:39.082836 [debug] [ThreadPool]: Acquiring new duckdb connection 'list_dev_main'
[0m13:27:39.202945 [debug] [ThreadPool]: Using duckdb connection "list_dev_main"
[0m13:27:39.203502 [debug] [ThreadPool]: On list_dev_main: BEGIN
[0m13:27:39.203917 [debug] [ThreadPool]: Opening a new connection, currently in state init
[0m13:27:39.239991 [debug] [ThreadPool]: SQL status: OK in 0.036 seconds
[0m13:27:39.240624 [debug] [ThreadPool]: Using duckdb connection "list_dev_main"
[0m13:27:39.241060 [debug] [ThreadPool]: On list_dev_main: /* {"app": "dbt", "dbt_version": "1.10.15", "profile_name": "entregable_dbt", "target_name": "dev", "connection_name": "list_dev_main"} */
select
      'dev' as database,
      table_name as name,
      table_schema as schema,
      CASE table_type
        WHEN 'BASE TABLE' THEN 'table'
        WHEN 'VIEW' THEN 'view'
        WHEN 'LOCAL TEMPORARY' THEN 'table'
        END as type
    from system.information_schema.tables
    where lower(table_schema) = 'main'
    and lower(table_catalog) = 'dev'
  
[0m13:27:39.264960 [debug] [ThreadPool]: SQL status: OK in 0.023 seconds
[0m13:27:39.267177 [debug] [ThreadPool]: On list_dev_main: ROLLBACK
[0m13:27:39.268896 [debug] [ThreadPool]: Failed to rollback 'list_dev_main'
[0m13:27:39.269357 [debug] [ThreadPool]: On list_dev_main: Close
[0m13:27:39.270120 [debug] [ThreadPool]: Re-using an available connection from the pool (formerly list_dev_main, now list_dev_snapshots)
[0m13:27:39.276610 [debug] [ThreadPool]: Using duckdb connection "list_dev_snapshots"
[0m13:27:39.277070 [debug] [ThreadPool]: On list_dev_snapshots: BEGIN
[0m13:27:39.277468 [debug] [ThreadPool]: Opening a new connection, currently in state closed
[0m13:27:39.278763 [debug] [ThreadPool]: SQL status: OK in 0.001 seconds
[0m13:27:39.279453 [debug] [ThreadPool]: Using duckdb connection "list_dev_snapshots"
[0m13:27:39.280080 [debug] [ThreadPool]: On list_dev_snapshots: /* {"app": "dbt", "dbt_version": "1.10.15", "profile_name": "entregable_dbt", "target_name": "dev", "connection_name": "list_dev_snapshots"} */
select
      'dev' as database,
      table_name as name,
      table_schema as schema,
      CASE table_type
        WHEN 'BASE TABLE' THEN 'table'
        WHEN 'VIEW' THEN 'view'
        WHEN 'LOCAL TEMPORARY' THEN 'table'
        END as type
    from system.information_schema.tables
    where lower(table_schema) = 'snapshots'
    and lower(table_catalog) = 'dev'
  
[0m13:27:39.285898 [debug] [ThreadPool]: SQL status: OK in 0.005 seconds
[0m13:27:39.287498 [debug] [ThreadPool]: On list_dev_snapshots: ROLLBACK
[0m13:27:39.288425 [debug] [ThreadPool]: Failed to rollback 'list_dev_snapshots'
[0m13:27:39.288847 [debug] [ThreadPool]: On list_dev_snapshots: Close
[0m13:27:39.290214 [debug] [MainThread]: Sending event: {'category': 'dbt', 'action': 'runnable_timing', 'label': 'ce2eb7da-dcc7-4ec5-9f56-4dee2d6ba9d2', 'context': [<snowplow_tracker.self_describing_json.SelfDescribingJson object at 0x00000221953301F0>]}
[0m13:27:39.295217 [debug] [Thread-1 (]: Began running node seed.entregable_dbt.circuits
[0m13:27:39.295951 [debug] [Thread-1 (]: Acquiring new duckdb connection 'seed.entregable_dbt.circuits'
[0m13:27:39.296448 [debug] [Thread-1 (]: Began compiling node seed.entregable_dbt.circuits
[0m13:27:39.304812 [debug] [Thread-1 (]: Began executing node seed.entregable_dbt.circuits
[0m13:27:39.305774 [debug] [Thread-1 (]: Finished running node seed.entregable_dbt.circuits
[0m13:27:39.306320 [debug] [Thread-1 (]: Began running node seed.entregable_dbt.constructor_standings
[0m13:27:39.306852 [debug] [Thread-1 (]: Re-using an available connection from the pool (formerly seed.entregable_dbt.circuits, now seed.entregable_dbt.constructor_standings)
[0m13:27:39.307511 [debug] [Thread-1 (]: Began compiling node seed.entregable_dbt.constructor_standings
[0m13:27:39.309461 [debug] [Thread-1 (]: Began executing node seed.entregable_dbt.constructor_standings
[0m13:27:39.310610 [debug] [Thread-1 (]: Finished running node seed.entregable_dbt.constructor_standings
[0m13:27:39.311663 [debug] [Thread-1 (]: Began running node seed.entregable_dbt.constructors
[0m13:27:39.312314 [debug] [Thread-1 (]: Re-using an available connection from the pool (formerly seed.entregable_dbt.constructor_standings, now seed.entregable_dbt.constructors)
[0m13:27:39.312958 [debug] [Thread-1 (]: Began compiling node seed.entregable_dbt.constructors
[0m13:27:39.314957 [debug] [Thread-1 (]: Began executing node seed.entregable_dbt.constructors
[0m13:27:39.315823 [debug] [Thread-1 (]: Finished running node seed.entregable_dbt.constructors
[0m13:27:39.316383 [debug] [Thread-1 (]: Began running node seed.entregable_dbt.driver_standings
[0m13:27:39.316986 [debug] [Thread-1 (]: Re-using an available connection from the pool (formerly seed.entregable_dbt.constructors, now seed.entregable_dbt.driver_standings)
[0m13:27:39.317588 [debug] [Thread-1 (]: Began compiling node seed.entregable_dbt.driver_standings
[0m13:27:39.319912 [debug] [Thread-1 (]: Began executing node seed.entregable_dbt.driver_standings
[0m13:27:39.320835 [debug] [Thread-1 (]: Finished running node seed.entregable_dbt.driver_standings
[0m13:27:39.321388 [debug] [Thread-1 (]: Began running node seed.entregable_dbt.drivers
[0m13:27:39.322001 [debug] [Thread-1 (]: Re-using an available connection from the pool (formerly seed.entregable_dbt.driver_standings, now seed.entregable_dbt.drivers)
[0m13:27:39.322612 [debug] [Thread-1 (]: Began compiling node seed.entregable_dbt.drivers
[0m13:27:39.324810 [debug] [Thread-1 (]: Began executing node seed.entregable_dbt.drivers
[0m13:27:39.325804 [debug] [Thread-1 (]: Finished running node seed.entregable_dbt.drivers
[0m13:27:39.326349 [debug] [Thread-1 (]: Began running node seed.entregable_dbt.qualifying
[0m13:27:39.326955 [debug] [Thread-1 (]: Re-using an available connection from the pool (formerly seed.entregable_dbt.drivers, now seed.entregable_dbt.qualifying)
[0m13:27:39.327645 [debug] [Thread-1 (]: Began compiling node seed.entregable_dbt.qualifying
[0m13:27:39.329502 [debug] [Thread-1 (]: Began executing node seed.entregable_dbt.qualifying
[0m13:27:39.330425 [debug] [Thread-1 (]: Finished running node seed.entregable_dbt.qualifying
[0m13:27:39.330939 [debug] [Thread-1 (]: Began running node seed.entregable_dbt.races
[0m13:27:39.331520 [debug] [Thread-1 (]: Re-using an available connection from the pool (formerly seed.entregable_dbt.qualifying, now seed.entregable_dbt.races)
[0m13:27:39.332283 [debug] [Thread-1 (]: Began compiling node seed.entregable_dbt.races
[0m13:27:39.334781 [debug] [Thread-1 (]: Began executing node seed.entregable_dbt.races
[0m13:27:39.335756 [debug] [Thread-1 (]: Finished running node seed.entregable_dbt.races
[0m13:27:39.336303 [debug] [Thread-1 (]: Began running node seed.entregable_dbt.results
[0m13:27:39.336927 [debug] [Thread-1 (]: Re-using an available connection from the pool (formerly seed.entregable_dbt.races, now seed.entregable_dbt.results)
[0m13:27:39.337547 [debug] [Thread-1 (]: Began compiling node seed.entregable_dbt.results
[0m13:27:39.339376 [debug] [Thread-1 (]: Began executing node seed.entregable_dbt.results
[0m13:27:39.340277 [debug] [Thread-1 (]: Finished running node seed.entregable_dbt.results
[0m13:27:39.340804 [debug] [Thread-1 (]: Began running node model.entregable_dbt.stg_circuits
[0m13:27:39.341459 [debug] [Thread-1 (]: Re-using an available connection from the pool (formerly seed.entregable_dbt.results, now model.entregable_dbt.stg_circuits)
[0m13:27:39.342164 [debug] [Thread-1 (]: Began compiling node model.entregable_dbt.stg_circuits
[0m13:27:39.345309 [debug] [Thread-1 (]: Writing injected SQL for node "model.entregable_dbt.stg_circuits"
[0m13:27:39.346719 [debug] [Thread-1 (]: Began executing node model.entregable_dbt.stg_circuits
[0m13:27:39.347789 [debug] [Thread-1 (]: Finished running node model.entregable_dbt.stg_circuits
[0m13:27:39.348326 [debug] [Thread-1 (]: Began running node model.entregable_dbt.stg_constructor_standings
[0m13:27:39.348925 [debug] [Thread-1 (]: Re-using an available connection from the pool (formerly model.entregable_dbt.stg_circuits, now model.entregable_dbt.stg_constructor_standings)
[0m13:27:39.349474 [debug] [Thread-1 (]: Began compiling node model.entregable_dbt.stg_constructor_standings
[0m13:27:39.352985 [debug] [Thread-1 (]: Writing injected SQL for node "model.entregable_dbt.stg_constructor_standings"
[0m13:27:39.354280 [debug] [Thread-1 (]: Began executing node model.entregable_dbt.stg_constructor_standings
[0m13:27:39.355469 [debug] [Thread-1 (]: Finished running node model.entregable_dbt.stg_constructor_standings
[0m13:27:39.356037 [debug] [Thread-1 (]: Began running node model.entregable_dbt.stg_constructors
[0m13:27:39.356677 [debug] [Thread-1 (]: Re-using an available connection from the pool (formerly model.entregable_dbt.stg_constructor_standings, now model.entregable_dbt.stg_constructors)
[0m13:27:39.357495 [debug] [Thread-1 (]: Began compiling node model.entregable_dbt.stg_constructors
[0m13:27:39.360496 [debug] [Thread-1 (]: Writing injected SQL for node "model.entregable_dbt.stg_constructors"
[0m13:27:39.361682 [debug] [Thread-1 (]: Began executing node model.entregable_dbt.stg_constructors
[0m13:27:39.362832 [debug] [Thread-1 (]: Finished running node model.entregable_dbt.stg_constructors
[0m13:27:39.363681 [debug] [Thread-1 (]: Began running node model.entregable_dbt.stg_driver_standings
[0m13:27:39.364471 [debug] [Thread-1 (]: Re-using an available connection from the pool (formerly model.entregable_dbt.stg_constructors, now model.entregable_dbt.stg_driver_standings)
[0m13:27:39.365238 [debug] [Thread-1 (]: Began compiling node model.entregable_dbt.stg_driver_standings
[0m13:27:39.368346 [debug] [Thread-1 (]: Writing injected SQL for node "model.entregable_dbt.stg_driver_standings"
[0m13:27:39.369619 [debug] [Thread-1 (]: Began executing node model.entregable_dbt.stg_driver_standings
[0m13:27:39.370826 [debug] [Thread-1 (]: Finished running node model.entregable_dbt.stg_driver_standings
[0m13:27:39.371363 [debug] [Thread-1 (]: Began running node model.entregable_dbt.stg_drivers
[0m13:27:39.371944 [debug] [Thread-1 (]: Re-using an available connection from the pool (formerly model.entregable_dbt.stg_driver_standings, now model.entregable_dbt.stg_drivers)
[0m13:27:39.372414 [debug] [Thread-1 (]: Began compiling node model.entregable_dbt.stg_drivers
[0m13:27:39.375766 [debug] [Thread-1 (]: Writing injected SQL for node "model.entregable_dbt.stg_drivers"
[0m13:27:39.376934 [debug] [Thread-1 (]: Began executing node model.entregable_dbt.stg_drivers
[0m13:27:39.378000 [debug] [Thread-1 (]: Finished running node model.entregable_dbt.stg_drivers
[0m13:27:39.378547 [debug] [Thread-1 (]: Began running node snapshot.entregable_dbt.snp_drivers
[0m13:27:39.379159 [debug] [Thread-1 (]: Re-using an available connection from the pool (formerly model.entregable_dbt.stg_drivers, now snapshot.entregable_dbt.snp_drivers)
[0m13:27:39.379637 [debug] [Thread-1 (]: Began compiling node snapshot.entregable_dbt.snp_drivers
[0m13:27:39.384080 [debug] [Thread-1 (]: Began executing node snapshot.entregable_dbt.snp_drivers
[0m13:27:39.385197 [debug] [Thread-1 (]: Finished running node snapshot.entregable_dbt.snp_drivers
[0m13:27:39.385812 [debug] [Thread-1 (]: Began running node model.entregable_dbt.stg_qualifying
[0m13:27:39.386409 [debug] [Thread-1 (]: Re-using an available connection from the pool (formerly snapshot.entregable_dbt.snp_drivers, now model.entregable_dbt.stg_qualifying)
[0m13:27:39.386887 [debug] [Thread-1 (]: Began compiling node model.entregable_dbt.stg_qualifying
[0m13:27:39.390010 [debug] [Thread-1 (]: Writing injected SQL for node "model.entregable_dbt.stg_qualifying"
[0m13:27:39.391294 [debug] [Thread-1 (]: Began executing node model.entregable_dbt.stg_qualifying
[0m13:27:39.392294 [debug] [Thread-1 (]: Finished running node model.entregable_dbt.stg_qualifying
[0m13:27:39.392843 [debug] [Thread-1 (]: Began running node model.entregable_dbt.stg_races
[0m13:27:39.393435 [debug] [Thread-1 (]: Re-using an available connection from the pool (formerly model.entregable_dbt.stg_qualifying, now model.entregable_dbt.stg_races)
[0m13:27:39.393907 [debug] [Thread-1 (]: Began compiling node model.entregable_dbt.stg_races
[0m13:27:39.397121 [debug] [Thread-1 (]: Writing injected SQL for node "model.entregable_dbt.stg_races"
[0m13:27:39.398241 [debug] [Thread-1 (]: Began executing node model.entregable_dbt.stg_races
[0m13:27:39.399335 [debug] [Thread-1 (]: Finished running node model.entregable_dbt.stg_races
[0m13:27:39.399883 [debug] [Thread-1 (]: Began running node model.entregable_dbt.stg_results
[0m13:27:39.400498 [debug] [Thread-1 (]: Re-using an available connection from the pool (formerly model.entregable_dbt.stg_races, now model.entregable_dbt.stg_results)
[0m13:27:39.401095 [debug] [Thread-1 (]: Began compiling node model.entregable_dbt.stg_results
[0m13:27:39.403939 [debug] [Thread-1 (]: Writing injected SQL for node "model.entregable_dbt.stg_results"
[0m13:27:39.405510 [debug] [Thread-1 (]: Began executing node model.entregable_dbt.stg_results
[0m13:27:39.406674 [debug] [Thread-1 (]: Finished running node model.entregable_dbt.stg_results
[0m13:27:39.407220 [debug] [Thread-1 (]: Began running node model.entregable_dbt.int_races_circuits
[0m13:27:39.407910 [debug] [Thread-1 (]: Re-using an available connection from the pool (formerly model.entregable_dbt.stg_results, now model.entregable_dbt.int_races_circuits)
[0m13:27:39.408594 [debug] [Thread-1 (]: Began compiling node model.entregable_dbt.int_races_circuits
[0m13:27:39.412070 [debug] [Thread-1 (]: Writing injected SQL for node "model.entregable_dbt.int_races_circuits"
[0m13:27:39.413236 [debug] [Thread-1 (]: Began executing node model.entregable_dbt.int_races_circuits
[0m13:27:39.414290 [debug] [Thread-1 (]: Finished running node model.entregable_dbt.int_races_circuits
[0m13:27:39.415333 [debug] [Thread-1 (]: Began running node model.entregable_dbt.int_results_enriched
[0m13:27:39.415928 [debug] [Thread-1 (]: Re-using an available connection from the pool (formerly model.entregable_dbt.int_races_circuits, now model.entregable_dbt.int_results_enriched)
[0m13:27:39.416526 [debug] [Thread-1 (]: Began compiling node model.entregable_dbt.int_results_enriched
[0m13:27:39.420785 [debug] [Thread-1 (]: Writing injected SQL for node "model.entregable_dbt.int_results_enriched"
[0m13:27:39.422018 [debug] [Thread-1 (]: Began executing node model.entregable_dbt.int_results_enriched
[0m13:27:39.423110 [debug] [Thread-1 (]: Finished running node model.entregable_dbt.int_results_enriched
[0m13:27:39.423971 [debug] [Thread-1 (]: Began running node model.entregable_dbt.fct_results
[0m13:27:39.424543 [debug] [Thread-1 (]: Re-using an available connection from the pool (formerly model.entregable_dbt.int_results_enriched, now model.entregable_dbt.fct_results)
[0m13:27:39.425131 [debug] [Thread-1 (]: Began compiling node model.entregable_dbt.fct_results
[0m13:27:39.428093 [debug] [Thread-1 (]: Writing injected SQL for node "model.entregable_dbt.fct_results"
[0m13:27:39.429268 [debug] [Thread-1 (]: Began executing node model.entregable_dbt.fct_results
[0m13:27:39.430317 [debug] [Thread-1 (]: Finished running node model.entregable_dbt.fct_results
[0m13:27:39.431647 [debug] [MainThread]: Connection 'master' was properly closed.
[0m13:27:39.432119 [debug] [MainThread]: Connection 'list_dev_snapshots' was properly closed.
[0m13:27:39.432508 [debug] [MainThread]: Connection 'model.entregable_dbt.fct_results' was properly closed.
[0m13:27:39.436923 [debug] [MainThread]: Command end result
[0m13:27:39.616935 [debug] [MainThread]: Wrote artifact WritableManifest to C:\Users\Admin\Documents\GitHub\EDEM_MDA2526\alumnos\mdab\SAUL_MARTINEZ\DBT\entregable_dbt\target\manifest.json
[0m13:27:39.620583 [debug] [MainThread]: Wrote artifact SemanticManifest to C:\Users\Admin\Documents\GitHub\EDEM_MDA2526\alumnos\mdab\SAUL_MARTINEZ\DBT\entregable_dbt\target\semantic_manifest.json
[0m13:27:39.631049 [debug] [MainThread]: Wrote artifact RunExecutionResult to C:\Users\Admin\Documents\GitHub\EDEM_MDA2526\alumnos\mdab\SAUL_MARTINEZ\DBT\entregable_dbt\target\run_results.json
[0m13:27:40.109807 [debug] [MainThread]: Acquiring new duckdb connection 'generate_catalog'
[0m13:27:40.110333 [info ] [MainThread]: Building catalog
[0m13:27:40.125452 [debug] [ThreadPool]: Acquiring new duckdb connection 'dev.information_schema'
[0m13:27:40.136447 [debug] [ThreadPool]: Using duckdb connection "dev.information_schema"
[0m13:27:40.137214 [debug] [ThreadPool]: On dev.information_schema: BEGIN
[0m13:27:40.137816 [debug] [ThreadPool]: Opening a new connection, currently in state init
[0m13:27:40.139886 [debug] [ThreadPool]: SQL status: OK in 0.002 seconds
[0m13:27:40.140761 [debug] [ThreadPool]: Using duckdb connection "dev.information_schema"
[0m13:27:40.141354 [debug] [ThreadPool]: On dev.information_schema: /* {"app": "dbt", "dbt_version": "1.10.15", "profile_name": "entregable_dbt", "target_name": "dev", "connection_name": "dev.information_schema"} */
with relations AS (
      select
        t.table_name
        , t.database_name
        , t.schema_name
        , 'BASE TABLE' as table_type
        , t.comment as table_comment
      from duckdb_tables() t
      WHERE t.database_name = 'dev'
      UNION ALL
      SELECT v.view_name as table_name
      , v.database_name
      , v.schema_name
      , 'VIEW' as table_type
      , v.comment as table_comment
      from duckdb_views() v
      WHERE v.database_name = 'dev'
    )
    select
        'dev' as table_database,
        r.schema_name as table_schema,
        r.table_name,
        r.table_type,
        r.table_comment,
        c.column_name,
        c.column_index as column_index,
        c.data_type as column_type,
        c.comment as column_comment,
        NULL as table_owner
    FROM relations r JOIN duckdb_columns() c ON r.schema_name = c.schema_name AND r.table_name = c.table_name
    WHERE (upper(r.schema_name) = upper('snapshots') or upper(r.schema_name) = upper('main'))
    ORDER BY
        r.schema_name,
        r.table_name,
        c.column_index
[0m13:27:40.155477 [debug] [ThreadPool]: SQL status: OK in 0.014 seconds
[0m13:27:40.164682 [debug] [ThreadPool]: On dev.information_schema: ROLLBACK
[0m13:27:40.165664 [debug] [ThreadPool]: Failed to rollback 'dev.information_schema'
[0m13:27:40.166088 [debug] [ThreadPool]: On dev.information_schema: Close
[0m13:27:40.190675 [debug] [MainThread]: Wrote artifact CatalogArtifact to C:\Users\Admin\Documents\GitHub\EDEM_MDA2526\alumnos\mdab\SAUL_MARTINEZ\DBT\entregable_dbt\target\catalog.json
[0m13:27:40.221936 [debug] [MainThread]: Wrote artifact WritableManifest to C:\Users\Admin\Documents\GitHub\EDEM_MDA2526\alumnos\mdab\SAUL_MARTINEZ\DBT\entregable_dbt\target\manifest.json
[0m13:27:40.225741 [debug] [MainThread]: Wrote artifact SemanticManifest to C:\Users\Admin\Documents\GitHub\EDEM_MDA2526\alumnos\mdab\SAUL_MARTINEZ\DBT\entregable_dbt\target\semantic_manifest.json
[0m13:27:40.226377 [info ] [MainThread]: Catalog written to C:\Users\Admin\Documents\GitHub\EDEM_MDA2526\alumnos\mdab\SAUL_MARTINEZ\DBT\entregable_dbt\target\catalog.json
[0m13:27:40.227856 [debug] [MainThread]: Command `dbt docs generate` succeeded at 13:27:40.227700 after 2.56 seconds
[0m13:27:40.228323 [debug] [MainThread]: Connection 'generate_catalog' was properly closed.
[0m13:27:40.228716 [debug] [MainThread]: Connection 'dev.information_schema' was properly closed.
[0m13:27:40.229152 [debug] [MainThread]: Sending event: {'category': 'dbt', 'action': 'invocation', 'label': 'end', 'context': [<snowplow_tracker.self_describing_json.SelfDescribingJson object at 0x000002219383D3D0>, <snowplow_tracker.self_describing_json.SelfDescribingJson object at 0x00000221953A5020>, <snowplow_tracker.self_describing_json.SelfDescribingJson object at 0x00000221953A4E10>]}
[0m13:27:40.229676 [debug] [MainThread]: Flushing usage events
[0m13:27:41.223971 [debug] [MainThread]: An error was encountered while trying to flush usage events
[0m13:27:55.543420 [debug] [MainThread]: Sending event: {'category': 'dbt', 'action': 'invocation', 'label': 'start', 'context': [<snowplow_tracker.self_describing_json.SelfDescribingJson object at 0x000001825F6E0590>, <snowplow_tracker.self_describing_json.SelfDescribingJson object at 0x0000018261040690>, <snowplow_tracker.self_describing_json.SelfDescribingJson object at 0x000001826168FED0>]}


============================== 13:27:55.549435 | 7ed11a2d-09e4-47fb-afce-8826eeddeac6 ==============================
[0m13:27:55.549435 [info ] [MainThread]: Running with dbt=1.10.15
[0m13:27:55.550602 [debug] [MainThread]: running dbt with arguments {'log_format': 'default', 'no_print': 'None', 'printer_width': '80', 'invocation_command': 'dbt docs serve', 'write_json': 'True', 'warn_error': 'None', 'log_path': 'C:\\Users\\Admin\\Documents\\GitHub\\EDEM_MDA2526\\alumnos\\mdab\\SAUL_MARTINEZ\\DBT\\entregable_dbt\\logs', 'partial_parse': 'True', 'static_parser': 'True', 'send_anonymous_usage_stats': 'True', 'fail_fast': 'False', 'warn_error_options': 'WarnErrorOptionsV2(error=[], warn=[], silence=[])', 'indirect_selection': 'eager', 'use_experimental_parser': 'False', 'version_check': 'True', 'quiet': 'False', 'introspect': 'True', 'empty': 'None', 'log_cache_events': 'False', 'debug': 'False', 'profiles_dir': 'C:\\Users\\Admin\\.dbt', 'use_colors': 'True', 'cache_selected_only': 'False', 'target_path': 'None'}
[0m13:27:55.868936 [debug] [MainThread]: Sending event: {'category': 'dbt', 'action': 'project_id', 'label': '7ed11a2d-09e4-47fb-afce-8826eeddeac6', 'context': [<snowplow_tracker.self_describing_json.SelfDescribingJson object at 0x000001825F90CC30>]}
[0m13:27:55.955191 [debug] [MainThread]: Sending event: {'category': 'dbt', 'action': 'adapter_info', 'label': '7ed11a2d-09e4-47fb-afce-8826eeddeac6', 'context': [<snowplow_tracker.self_describing_json.SelfDescribingJson object at 0x000001826152FCE0>]}
[0m13:29:30.259945 [error] [MainThread]: Encountered an error:

[0m13:29:30.329068 [error] [MainThread]: Traceback (most recent call last):
  File "C:\Users\Admin\AppData\Local\Packages\PythonSoftwareFoundation.Python.3.13_qbz5n2kfra8p0\LocalCache\local-packages\Python313\site-packages\dbt\cli\requires.py", line 178, in wrapper
    result, success = func(*args, **kwargs)
                      ~~~~^^^^^^^^^^^^^^^^^
  File "C:\Users\Admin\AppData\Local\Packages\PythonSoftwareFoundation.Python.3.13_qbz5n2kfra8p0\LocalCache\local-packages\Python313\site-packages\dbt\cli\requires.py", line 128, in wrapper
    return func(*args, **kwargs)
  File "C:\Users\Admin\AppData\Local\Packages\PythonSoftwareFoundation.Python.3.13_qbz5n2kfra8p0\LocalCache\local-packages\Python313\site-packages\dbt\cli\requires.py", line 272, in wrapper
    return func(*args, **kwargs)
  File "C:\Users\Admin\AppData\Local\Packages\PythonSoftwareFoundation.Python.3.13_qbz5n2kfra8p0\LocalCache\local-packages\Python313\site-packages\dbt\cli\requires.py", line 303, in wrapper
    return func(*args, **kwargs)
  File "C:\Users\Admin\AppData\Local\Packages\PythonSoftwareFoundation.Python.3.13_qbz5n2kfra8p0\LocalCache\local-packages\Python313\site-packages\dbt\cli\requires.py", line 350, in wrapper
    return func(*args, **kwargs)
  File "C:\Users\Admin\AppData\Local\Packages\PythonSoftwareFoundation.Python.3.13_qbz5n2kfra8p0\LocalCache\local-packages\Python313\site-packages\dbt\cli\main.py", line 307, in docs_serve
    results = task.run()
  File "C:\Users\Admin\AppData\Local\Packages\PythonSoftwareFoundation.Python.3.13_qbz5n2kfra8p0\LocalCache\local-packages\Python313\site-packages\dbt\task\docs\serve.py", line 29, in run
    httpd.serve_forever()
    ~~~~~~~~~~~~~~~~~~~^^
  File "C:\Program Files\WindowsApps\PythonSoftwareFoundation.Python.3.13_3.13.2544.0_x64__qbz5n2kfra8p0\Lib\socketserver.py", line 235, in serve_forever
    ready = selector.select(poll_interval)
  File "C:\Program Files\WindowsApps\PythonSoftwareFoundation.Python.3.13_3.13.2544.0_x64__qbz5n2kfra8p0\Lib\selectors.py", line 314, in select
    r, w, _ = self._select(self._readers, self._writers, [], timeout)
              ~~~~~~~~~~~~^^^^^^^^^^^^^^^^^^^^^^^^^^^^^^^^^^^^^^^^^^^
  File "C:\Program Files\WindowsApps\PythonSoftwareFoundation.Python.3.13_3.13.2544.0_x64__qbz5n2kfra8p0\Lib\selectors.py", line 305, in _select
    r, w, x = select.select(r, w, w, timeout)
              ~~~~~~~~~~~~~^^^^^^^^^^^^^^^^^^
KeyboardInterrupt

[0m13:29:30.331576 [debug] [MainThread]: Command `dbt docs serve` failed at 13:29:30.331373 after 94.94 seconds
[0m13:29:30.332215 [debug] [MainThread]: Sending event: {'category': 'dbt', 'action': 'invocation', 'label': 'end', 'context': [<snowplow_tracker.self_describing_json.SelfDescribingJson object at 0x00000182619F8F50>, <snowplow_tracker.self_describing_json.SelfDescribingJson object at 0x00000182619F8E50>, <snowplow_tracker.self_describing_json.SelfDescribingJson object at 0x00000182619DA8A0>]}
[0m13:29:30.333224 [debug] [MainThread]: Flushing usage events
[0m13:29:31.309874 [debug] [MainThread]: An error was encountered while trying to flush usage events
[0m13:29:42.384796 [debug] [MainThread]: Sending event: {'category': 'dbt', 'action': 'invocation', 'label': 'start', 'context': [<snowplow_tracker.self_describing_json.SelfDescribingJson object at 0x00000239A8100590>, <snowplow_tracker.self_describing_json.SelfDescribingJson object at 0x00000239A89A0690>, <snowplow_tracker.self_describing_json.SelfDescribingJson object at 0x00000239AA08FED0>]}


============================== 13:29:42.390915 | a759b286-055b-4e57-9ae1-ab0efbda1bd2 ==============================
[0m13:29:42.390915 [info ] [MainThread]: Running with dbt=1.10.15
[0m13:29:42.392055 [debug] [MainThread]: running dbt with arguments {'log_format': 'default', 'profiles_dir': 'C:\\Users\\Admin\\.dbt', 'printer_width': '80', 'write_json': 'True', 'invocation_command': 'dbt docs generate --static', 'warn_error': 'None', 'log_path': 'C:\\Users\\Admin\\Documents\\GitHub\\EDEM_MDA2526\\alumnos\\mdab\\SAUL_MARTINEZ\\DBT\\entregable_dbt\\logs', 'fail_fast': 'False', 'partial_parse': 'True', 'send_anonymous_usage_stats': 'True', 'static_parser': 'True', 'warn_error_options': 'WarnErrorOptionsV2(error=[], warn=[], silence=[])', 'indirect_selection': 'eager', 'version_check': 'True', 'use_experimental_parser': 'False', 'introspect': 'True', 'quiet': 'False', 'empty': 'None', 'log_cache_events': 'False', 'debug': 'False', 'no_print': 'None', 'use_colors': 'True', 'cache_selected_only': 'False', 'target_path': 'None'}
[0m13:29:42.713266 [debug] [MainThread]: Sending event: {'category': 'dbt', 'action': 'project_id', 'label': 'a759b286-055b-4e57-9ae1-ab0efbda1bd2', 'context': [<snowplow_tracker.self_describing_json.SelfDescribingJson object at 0x00000239A8320C30>]}
[0m13:29:42.800215 [debug] [MainThread]: Sending event: {'category': 'dbt', 'action': 'adapter_info', 'label': 'a759b286-055b-4e57-9ae1-ab0efbda1bd2', 'context': [<snowplow_tracker.self_describing_json.SelfDescribingJson object at 0x00000239A8E8FBD0>]}
[0m13:29:42.803963 [info ] [MainThread]: Registered adapter: duckdb=1.10.0
[0m13:29:43.224454 [debug] [MainThread]: checksum: 14a228079bd6df63ba81633f9a3cf44ecfaa31056ac397c602753ec895dbf885, vars: {}, profile: , target: , version: 1.10.15
[0m13:29:43.416269 [debug] [MainThread]: Partial parsing enabled: 0 files deleted, 0 files added, 0 files changed.
[0m13:29:43.416812 [debug] [MainThread]: Partial parsing enabled, no changes found, skipping parsing
[0m13:29:43.487216 [debug] [MainThread]: Sending event: {'category': 'dbt', 'action': 'load_project', 'label': 'a759b286-055b-4e57-9ae1-ab0efbda1bd2', 'context': [<snowplow_tracker.self_describing_json.SelfDescribingJson object at 0x00000239AA50E150>]}
[0m13:29:43.518335 [debug] [MainThread]: Sending event: {'category': 'dbt', 'action': 'resource_counts', 'label': 'a759b286-055b-4e57-9ae1-ab0efbda1bd2', 'context': [<snowplow_tracker.self_describing_json.SelfDescribingJson object at 0x00000239AA6FC5F0>]}
[0m13:29:43.519102 [info ] [MainThread]: Found 11 models, 8 seeds, 1 snapshot, 458 macros
[0m13:29:43.519889 [debug] [MainThread]: Sending event: {'category': 'dbt', 'action': 'runnable_timing', 'label': 'a759b286-055b-4e57-9ae1-ab0efbda1bd2', 'context': [<snowplow_tracker.self_describing_json.SelfDescribingJson object at 0x00000239AA1E89F0>]}
[0m13:29:43.523282 [info ] [MainThread]: 
[0m13:29:43.524026 [info ] [MainThread]: Concurrency: 1 threads (target='dev')
[0m13:29:43.524677 [info ] [MainThread]: 
[0m13:29:43.525908 [debug] [MainThread]: Acquiring new duckdb connection 'master'
[0m13:29:43.535276 [debug] [ThreadPool]: Acquiring new duckdb connection 'list_dev_snapshots'
[0m13:29:43.657102 [debug] [ThreadPool]: Using duckdb connection "list_dev_snapshots"
[0m13:29:43.657774 [debug] [ThreadPool]: On list_dev_snapshots: BEGIN
[0m13:29:43.658197 [debug] [ThreadPool]: Opening a new connection, currently in state init
[0m13:29:43.681890 [debug] [ThreadPool]: SQL status: OK in 0.024 seconds
[0m13:29:43.682544 [debug] [ThreadPool]: Using duckdb connection "list_dev_snapshots"
[0m13:29:43.683119 [debug] [ThreadPool]: On list_dev_snapshots: /* {"app": "dbt", "dbt_version": "1.10.15", "profile_name": "entregable_dbt", "target_name": "dev", "connection_name": "list_dev_snapshots"} */
select
      'dev' as database,
      table_name as name,
      table_schema as schema,
      CASE table_type
        WHEN 'BASE TABLE' THEN 'table'
        WHEN 'VIEW' THEN 'view'
        WHEN 'LOCAL TEMPORARY' THEN 'table'
        END as type
    from system.information_schema.tables
    where lower(table_schema) = 'snapshots'
    and lower(table_catalog) = 'dev'
  
[0m13:29:43.706304 [debug] [ThreadPool]: SQL status: OK in 0.023 seconds
[0m13:29:43.708193 [debug] [ThreadPool]: On list_dev_snapshots: ROLLBACK
[0m13:29:43.709744 [debug] [ThreadPool]: Failed to rollback 'list_dev_snapshots'
[0m13:29:43.710209 [debug] [ThreadPool]: On list_dev_snapshots: Close
[0m13:29:43.710998 [debug] [ThreadPool]: Re-using an available connection from the pool (formerly list_dev_snapshots, now list_dev_main)
[0m13:29:43.713705 [debug] [ThreadPool]: Using duckdb connection "list_dev_main"
[0m13:29:43.714147 [debug] [ThreadPool]: On list_dev_main: BEGIN
[0m13:29:43.714546 [debug] [ThreadPool]: Opening a new connection, currently in state closed
[0m13:29:43.715366 [debug] [ThreadPool]: SQL status: OK in 0.001 seconds
[0m13:29:43.715785 [debug] [ThreadPool]: Using duckdb connection "list_dev_main"
[0m13:29:43.716191 [debug] [ThreadPool]: On list_dev_main: /* {"app": "dbt", "dbt_version": "1.10.15", "profile_name": "entregable_dbt", "target_name": "dev", "connection_name": "list_dev_main"} */
select
      'dev' as database,
      table_name as name,
      table_schema as schema,
      CASE table_type
        WHEN 'BASE TABLE' THEN 'table'
        WHEN 'VIEW' THEN 'view'
        WHEN 'LOCAL TEMPORARY' THEN 'table'
        END as type
    from system.information_schema.tables
    where lower(table_schema) = 'main'
    and lower(table_catalog) = 'dev'
  
[0m13:29:43.722014 [debug] [ThreadPool]: SQL status: OK in 0.005 seconds
[0m13:29:43.723857 [debug] [ThreadPool]: On list_dev_main: ROLLBACK
[0m13:29:43.724641 [debug] [ThreadPool]: Failed to rollback 'list_dev_main'
[0m13:29:43.725059 [debug] [ThreadPool]: On list_dev_main: Close
[0m13:29:43.730051 [debug] [MainThread]: Sending event: {'category': 'dbt', 'action': 'runnable_timing', 'label': 'a759b286-055b-4e57-9ae1-ab0efbda1bd2', 'context': [<snowplow_tracker.self_describing_json.SelfDescribingJson object at 0x00000239AAA301F0>]}
[0m13:29:43.735161 [debug] [Thread-1 (]: Began running node seed.entregable_dbt.circuits
[0m13:29:43.735837 [debug] [Thread-1 (]: Acquiring new duckdb connection 'seed.entregable_dbt.circuits'
[0m13:29:43.736358 [debug] [Thread-1 (]: Began compiling node seed.entregable_dbt.circuits
[0m13:29:43.744678 [debug] [Thread-1 (]: Began executing node seed.entregable_dbt.circuits
[0m13:29:43.745635 [debug] [Thread-1 (]: Finished running node seed.entregable_dbt.circuits
[0m13:29:43.746217 [debug] [Thread-1 (]: Began running node seed.entregable_dbt.constructor_standings
[0m13:29:43.746892 [debug] [Thread-1 (]: Re-using an available connection from the pool (formerly seed.entregable_dbt.circuits, now seed.entregable_dbt.constructor_standings)
[0m13:29:43.747508 [debug] [Thread-1 (]: Began compiling node seed.entregable_dbt.constructor_standings
[0m13:29:43.749627 [debug] [Thread-1 (]: Began executing node seed.entregable_dbt.constructor_standings
[0m13:29:43.750557 [debug] [Thread-1 (]: Finished running node seed.entregable_dbt.constructor_standings
[0m13:29:43.751104 [debug] [Thread-1 (]: Began running node seed.entregable_dbt.constructors
[0m13:29:43.751819 [debug] [Thread-1 (]: Re-using an available connection from the pool (formerly seed.entregable_dbt.constructor_standings, now seed.entregable_dbt.constructors)
[0m13:29:43.752344 [debug] [Thread-1 (]: Began compiling node seed.entregable_dbt.constructors
[0m13:29:43.754271 [debug] [Thread-1 (]: Began executing node seed.entregable_dbt.constructors
[0m13:29:43.755141 [debug] [Thread-1 (]: Finished running node seed.entregable_dbt.constructors
[0m13:29:43.755676 [debug] [Thread-1 (]: Began running node seed.entregable_dbt.driver_standings
[0m13:29:43.756271 [debug] [Thread-1 (]: Re-using an available connection from the pool (formerly seed.entregable_dbt.constructors, now seed.entregable_dbt.driver_standings)
[0m13:29:43.756842 [debug] [Thread-1 (]: Began compiling node seed.entregable_dbt.driver_standings
[0m13:29:43.759035 [debug] [Thread-1 (]: Began executing node seed.entregable_dbt.driver_standings
[0m13:29:43.759954 [debug] [Thread-1 (]: Finished running node seed.entregable_dbt.driver_standings
[0m13:29:43.760496 [debug] [Thread-1 (]: Began running node seed.entregable_dbt.drivers
[0m13:29:43.761126 [debug] [Thread-1 (]: Re-using an available connection from the pool (formerly seed.entregable_dbt.driver_standings, now seed.entregable_dbt.drivers)
[0m13:29:43.761720 [debug] [Thread-1 (]: Began compiling node seed.entregable_dbt.drivers
[0m13:29:43.763532 [debug] [Thread-1 (]: Began executing node seed.entregable_dbt.drivers
[0m13:29:43.764508 [debug] [Thread-1 (]: Finished running node seed.entregable_dbt.drivers
[0m13:29:43.765051 [debug] [Thread-1 (]: Began running node seed.entregable_dbt.qualifying
[0m13:29:43.765701 [debug] [Thread-1 (]: Re-using an available connection from the pool (formerly seed.entregable_dbt.drivers, now seed.entregable_dbt.qualifying)
[0m13:29:43.766364 [debug] [Thread-1 (]: Began compiling node seed.entregable_dbt.qualifying
[0m13:29:43.768172 [debug] [Thread-1 (]: Began executing node seed.entregable_dbt.qualifying
[0m13:29:43.769042 [debug] [Thread-1 (]: Finished running node seed.entregable_dbt.qualifying
[0m13:29:43.769554 [debug] [Thread-1 (]: Began running node seed.entregable_dbt.races
[0m13:29:43.770131 [debug] [Thread-1 (]: Re-using an available connection from the pool (formerly seed.entregable_dbt.qualifying, now seed.entregable_dbt.races)
[0m13:29:43.770785 [debug] [Thread-1 (]: Began compiling node seed.entregable_dbt.races
[0m13:29:43.772959 [debug] [Thread-1 (]: Began executing node seed.entregable_dbt.races
[0m13:29:43.773824 [debug] [Thread-1 (]: Finished running node seed.entregable_dbt.races
[0m13:29:43.774340 [debug] [Thread-1 (]: Began running node seed.entregable_dbt.results
[0m13:29:43.774927 [debug] [Thread-1 (]: Re-using an available connection from the pool (formerly seed.entregable_dbt.races, now seed.entregable_dbt.results)
[0m13:29:43.775505 [debug] [Thread-1 (]: Began compiling node seed.entregable_dbt.results
[0m13:29:43.777305 [debug] [Thread-1 (]: Began executing node seed.entregable_dbt.results
[0m13:29:43.778144 [debug] [Thread-1 (]: Finished running node seed.entregable_dbt.results
[0m13:29:43.778666 [debug] [Thread-1 (]: Began running node model.entregable_dbt.stg_circuits
[0m13:29:43.779254 [debug] [Thread-1 (]: Re-using an available connection from the pool (formerly seed.entregable_dbt.results, now model.entregable_dbt.stg_circuits)
[0m13:29:43.779836 [debug] [Thread-1 (]: Began compiling node model.entregable_dbt.stg_circuits
[0m13:29:43.783177 [debug] [Thread-1 (]: Writing injected SQL for node "model.entregable_dbt.stg_circuits"
[0m13:29:43.784468 [debug] [Thread-1 (]: Began executing node model.entregable_dbt.stg_circuits
[0m13:29:43.785444 [debug] [Thread-1 (]: Finished running node model.entregable_dbt.stg_circuits
[0m13:29:43.786004 [debug] [Thread-1 (]: Began running node model.entregable_dbt.stg_constructor_standings
[0m13:29:43.786574 [debug] [Thread-1 (]: Re-using an available connection from the pool (formerly model.entregable_dbt.stg_circuits, now model.entregable_dbt.stg_constructor_standings)
[0m13:29:43.787069 [debug] [Thread-1 (]: Began compiling node model.entregable_dbt.stg_constructor_standings
[0m13:29:43.790668 [debug] [Thread-1 (]: Writing injected SQL for node "model.entregable_dbt.stg_constructor_standings"
[0m13:29:43.791784 [debug] [Thread-1 (]: Began executing node model.entregable_dbt.stg_constructor_standings
[0m13:29:43.792796 [debug] [Thread-1 (]: Finished running node model.entregable_dbt.stg_constructor_standings
[0m13:29:43.793364 [debug] [Thread-1 (]: Began running node model.entregable_dbt.stg_constructors
[0m13:29:43.794016 [debug] [Thread-1 (]: Re-using an available connection from the pool (formerly model.entregable_dbt.stg_constructor_standings, now model.entregable_dbt.stg_constructors)
[0m13:29:43.794497 [debug] [Thread-1 (]: Began compiling node model.entregable_dbt.stg_constructors
[0m13:29:43.797389 [debug] [Thread-1 (]: Writing injected SQL for node "model.entregable_dbt.stg_constructors"
[0m13:29:43.798640 [debug] [Thread-1 (]: Began executing node model.entregable_dbt.stg_constructors
[0m13:29:43.799859 [debug] [Thread-1 (]: Finished running node model.entregable_dbt.stg_constructors
[0m13:29:43.800384 [debug] [Thread-1 (]: Began running node model.entregable_dbt.stg_driver_standings
[0m13:29:43.800956 [debug] [Thread-1 (]: Re-using an available connection from the pool (formerly model.entregable_dbt.stg_constructors, now model.entregable_dbt.stg_driver_standings)
[0m13:29:43.801487 [debug] [Thread-1 (]: Began compiling node model.entregable_dbt.stg_driver_standings
[0m13:29:43.804337 [debug] [Thread-1 (]: Writing injected SQL for node "model.entregable_dbt.stg_driver_standings"
[0m13:29:43.805463 [debug] [Thread-1 (]: Began executing node model.entregable_dbt.stg_driver_standings
[0m13:29:43.806563 [debug] [Thread-1 (]: Finished running node model.entregable_dbt.stg_driver_standings
[0m13:29:43.807123 [debug] [Thread-1 (]: Began running node model.entregable_dbt.stg_drivers
[0m13:29:43.807737 [debug] [Thread-1 (]: Re-using an available connection from the pool (formerly model.entregable_dbt.stg_driver_standings, now model.entregable_dbt.stg_drivers)
[0m13:29:43.808209 [debug] [Thread-1 (]: Began compiling node model.entregable_dbt.stg_drivers
[0m13:29:43.811472 [debug] [Thread-1 (]: Writing injected SQL for node "model.entregable_dbt.stg_drivers"
[0m13:29:43.812781 [debug] [Thread-1 (]: Began executing node model.entregable_dbt.stg_drivers
[0m13:29:43.814084 [debug] [Thread-1 (]: Finished running node model.entregable_dbt.stg_drivers
[0m13:29:43.814644 [debug] [Thread-1 (]: Began running node snapshot.entregable_dbt.snp_drivers
[0m13:29:43.815284 [debug] [Thread-1 (]: Re-using an available connection from the pool (formerly model.entregable_dbt.stg_drivers, now snapshot.entregable_dbt.snp_drivers)
[0m13:29:43.815769 [debug] [Thread-1 (]: Began compiling node snapshot.entregable_dbt.snp_drivers
[0m13:29:43.819436 [debug] [Thread-1 (]: Began executing node snapshot.entregable_dbt.snp_drivers
[0m13:29:43.820371 [debug] [Thread-1 (]: Finished running node snapshot.entregable_dbt.snp_drivers
[0m13:29:43.820897 [debug] [Thread-1 (]: Began running node model.entregable_dbt.stg_qualifying
[0m13:29:43.821517 [debug] [Thread-1 (]: Re-using an available connection from the pool (formerly snapshot.entregable_dbt.snp_drivers, now model.entregable_dbt.stg_qualifying)
[0m13:29:43.822031 [debug] [Thread-1 (]: Began compiling node model.entregable_dbt.stg_qualifying
[0m13:29:43.824768 [debug] [Thread-1 (]: Writing injected SQL for node "model.entregable_dbt.stg_qualifying"
[0m13:29:43.825932 [debug] [Thread-1 (]: Began executing node model.entregable_dbt.stg_qualifying
[0m13:29:43.826958 [debug] [Thread-1 (]: Finished running node model.entregable_dbt.stg_qualifying
[0m13:29:43.827480 [debug] [Thread-1 (]: Began running node model.entregable_dbt.stg_races
[0m13:29:43.828102 [debug] [Thread-1 (]: Re-using an available connection from the pool (formerly model.entregable_dbt.stg_qualifying, now model.entregable_dbt.stg_races)
[0m13:29:43.828587 [debug] [Thread-1 (]: Began compiling node model.entregable_dbt.stg_races
[0m13:29:43.831726 [debug] [Thread-1 (]: Writing injected SQL for node "model.entregable_dbt.stg_races"
[0m13:29:43.832812 [debug] [Thread-1 (]: Began executing node model.entregable_dbt.stg_races
[0m13:29:43.833931 [debug] [Thread-1 (]: Finished running node model.entregable_dbt.stg_races
[0m13:29:43.834465 [debug] [Thread-1 (]: Began running node model.entregable_dbt.stg_results
[0m13:29:43.835085 [debug] [Thread-1 (]: Re-using an available connection from the pool (formerly model.entregable_dbt.stg_races, now model.entregable_dbt.stg_results)
[0m13:29:43.835708 [debug] [Thread-1 (]: Began compiling node model.entregable_dbt.stg_results
[0m13:29:43.838490 [debug] [Thread-1 (]: Writing injected SQL for node "model.entregable_dbt.stg_results"
[0m13:29:43.839586 [debug] [Thread-1 (]: Began executing node model.entregable_dbt.stg_results
[0m13:29:43.840803 [debug] [Thread-1 (]: Finished running node model.entregable_dbt.stg_results
[0m13:29:43.841559 [debug] [Thread-1 (]: Began running node model.entregable_dbt.int_races_circuits
[0m13:29:43.842349 [debug] [Thread-1 (]: Re-using an available connection from the pool (formerly model.entregable_dbt.stg_results, now model.entregable_dbt.int_races_circuits)
[0m13:29:43.842909 [debug] [Thread-1 (]: Began compiling node model.entregable_dbt.int_races_circuits
[0m13:29:43.846537 [debug] [Thread-1 (]: Writing injected SQL for node "model.entregable_dbt.int_races_circuits"
[0m13:29:43.847681 [debug] [Thread-1 (]: Began executing node model.entregable_dbt.int_races_circuits
[0m13:29:43.848763 [debug] [Thread-1 (]: Finished running node model.entregable_dbt.int_races_circuits
[0m13:29:43.849636 [debug] [Thread-1 (]: Began running node model.entregable_dbt.int_results_enriched
[0m13:29:43.850286 [debug] [Thread-1 (]: Re-using an available connection from the pool (formerly model.entregable_dbt.int_races_circuits, now model.entregable_dbt.int_results_enriched)
[0m13:29:43.850893 [debug] [Thread-1 (]: Began compiling node model.entregable_dbt.int_results_enriched
[0m13:29:43.855320 [debug] [Thread-1 (]: Writing injected SQL for node "model.entregable_dbt.int_results_enriched"
[0m13:29:43.856457 [debug] [Thread-1 (]: Began executing node model.entregable_dbt.int_results_enriched
[0m13:29:43.857505 [debug] [Thread-1 (]: Finished running node model.entregable_dbt.int_results_enriched
[0m13:29:43.858388 [debug] [Thread-1 (]: Began running node model.entregable_dbt.fct_results
[0m13:29:43.858987 [debug] [Thread-1 (]: Re-using an available connection from the pool (formerly model.entregable_dbt.int_results_enriched, now model.entregable_dbt.fct_results)
[0m13:29:43.859655 [debug] [Thread-1 (]: Began compiling node model.entregable_dbt.fct_results
[0m13:29:43.862686 [debug] [Thread-1 (]: Writing injected SQL for node "model.entregable_dbt.fct_results"
[0m13:29:43.863855 [debug] [Thread-1 (]: Began executing node model.entregable_dbt.fct_results
[0m13:29:43.864933 [debug] [Thread-1 (]: Finished running node model.entregable_dbt.fct_results
[0m13:29:43.866286 [debug] [MainThread]: Connection 'master' was properly closed.
[0m13:29:43.866742 [debug] [MainThread]: Connection 'list_dev_main' was properly closed.
[0m13:29:43.867116 [debug] [MainThread]: Connection 'model.entregable_dbt.fct_results' was properly closed.
[0m13:29:43.871344 [debug] [MainThread]: Command end result
[0m13:29:44.046729 [debug] [MainThread]: Wrote artifact WritableManifest to C:\Users\Admin\Documents\GitHub\EDEM_MDA2526\alumnos\mdab\SAUL_MARTINEZ\DBT\entregable_dbt\target\manifest.json
[0m13:29:44.050821 [debug] [MainThread]: Wrote artifact SemanticManifest to C:\Users\Admin\Documents\GitHub\EDEM_MDA2526\alumnos\mdab\SAUL_MARTINEZ\DBT\entregable_dbt\target\semantic_manifest.json
[0m13:29:44.061207 [debug] [MainThread]: Wrote artifact RunExecutionResult to C:\Users\Admin\Documents\GitHub\EDEM_MDA2526\alumnos\mdab\SAUL_MARTINEZ\DBT\entregable_dbt\target\run_results.json
[0m13:29:44.064474 [debug] [MainThread]: Acquiring new duckdb connection 'generate_catalog'
[0m13:29:44.065061 [info ] [MainThread]: Building catalog
[0m13:29:44.079591 [debug] [ThreadPool]: Acquiring new duckdb connection 'dev.information_schema'
[0m13:29:44.088693 [debug] [ThreadPool]: Using duckdb connection "dev.information_schema"
[0m13:29:44.089219 [debug] [ThreadPool]: On dev.information_schema: BEGIN
[0m13:29:44.089618 [debug] [ThreadPool]: Opening a new connection, currently in state init
[0m13:29:44.090789 [debug] [ThreadPool]: SQL status: OK in 0.001 seconds
[0m13:29:44.091225 [debug] [ThreadPool]: Using duckdb connection "dev.information_schema"
[0m13:29:44.091683 [debug] [ThreadPool]: On dev.information_schema: /* {"app": "dbt", "dbt_version": "1.10.15", "profile_name": "entregable_dbt", "target_name": "dev", "connection_name": "dev.information_schema"} */
with relations AS (
      select
        t.table_name
        , t.database_name
        , t.schema_name
        , 'BASE TABLE' as table_type
        , t.comment as table_comment
      from duckdb_tables() t
      WHERE t.database_name = 'dev'
      UNION ALL
      SELECT v.view_name as table_name
      , v.database_name
      , v.schema_name
      , 'VIEW' as table_type
      , v.comment as table_comment
      from duckdb_views() v
      WHERE v.database_name = 'dev'
    )
    select
        'dev' as table_database,
        r.schema_name as table_schema,
        r.table_name,
        r.table_type,
        r.table_comment,
        c.column_name,
        c.column_index as column_index,
        c.data_type as column_type,
        c.comment as column_comment,
        NULL as table_owner
    FROM relations r JOIN duckdb_columns() c ON r.schema_name = c.schema_name AND r.table_name = c.table_name
    WHERE (upper(r.schema_name) = upper('snapshots') or upper(r.schema_name) = upper('main'))
    ORDER BY
        r.schema_name,
        r.table_name,
        c.column_index
[0m13:29:44.101909 [debug] [ThreadPool]: SQL status: OK in 0.009 seconds
[0m13:29:44.111926 [debug] [ThreadPool]: On dev.information_schema: ROLLBACK
[0m13:29:44.112959 [debug] [ThreadPool]: Failed to rollback 'dev.information_schema'
[0m13:29:44.113386 [debug] [ThreadPool]: On dev.information_schema: Close
[0m13:29:44.136530 [debug] [MainThread]: Wrote artifact CatalogArtifact to C:\Users\Admin\Documents\GitHub\EDEM_MDA2526\alumnos\mdab\SAUL_MARTINEZ\DBT\entregable_dbt\target\catalog.json
[0m13:29:44.167272 [debug] [MainThread]: Wrote artifact WritableManifest to C:\Users\Admin\Documents\GitHub\EDEM_MDA2526\alumnos\mdab\SAUL_MARTINEZ\DBT\entregable_dbt\target\manifest.json
[0m13:29:44.170539 [debug] [MainThread]: Wrote artifact SemanticManifest to C:\Users\Admin\Documents\GitHub\EDEM_MDA2526\alumnos\mdab\SAUL_MARTINEZ\DBT\entregable_dbt\target\semantic_manifest.json
[0m13:29:44.234166 [info ] [MainThread]: Catalog written to C:\Users\Admin\Documents\GitHub\EDEM_MDA2526\alumnos\mdab\SAUL_MARTINEZ\DBT\entregable_dbt\target\catalog.json
[0m13:29:44.236389 [debug] [MainThread]: Command `dbt docs generate` succeeded at 13:29:44.236218 after 2.01 seconds
[0m13:29:44.237156 [debug] [MainThread]: Connection 'generate_catalog' was properly closed.
[0m13:29:44.237716 [debug] [MainThread]: Connection 'dev.information_schema' was properly closed.
[0m13:29:44.238397 [debug] [MainThread]: Sending event: {'category': 'dbt', 'action': 'invocation', 'label': 'end', 'context': [<snowplow_tracker.self_describing_json.SelfDescribingJson object at 0x00000239A8E9D3D0>, <snowplow_tracker.self_describing_json.SelfDescribingJson object at 0x00000239AAABD5A0>, <snowplow_tracker.self_describing_json.SelfDescribingJson object at 0x00000239AAABD020>]}
[0m13:29:44.239037 [debug] [MainThread]: Flushing usage events
[0m13:29:45.237267 [debug] [MainThread]: An error was encountered while trying to flush usage events
[0m13:30:04.818284 [debug] [MainThread]: Sending event: {'category': 'dbt', 'action': 'invocation', 'label': 'start', 'context': [<snowplow_tracker.self_describing_json.SelfDescribingJson object at 0x00000190C8BA0590>, <snowplow_tracker.self_describing_json.SelfDescribingJson object at 0x00000190CA440690>, <snowplow_tracker.self_describing_json.SelfDescribingJson object at 0x00000190CAA8FED0>]}


============================== 13:30:04.824305 | 1d594af6-4300-426a-b917-bf1debba59c8 ==============================
[0m13:30:04.824305 [info ] [MainThread]: Running with dbt=1.10.15
[0m13:30:04.825398 [debug] [MainThread]: running dbt with arguments {'use_colors': 'True', 'log_format': 'default', 'printer_width': '80', 'no_print': 'None', 'target_path': 'None', 'warn_error': 'None', 'log_path': 'C:\\Users\\Admin\\Documents\\GitHub\\EDEM_MDA2526\\alumnos\\mdab\\SAUL_MARTINEZ\\DBT\\entregable_dbt\\logs', 'fail_fast': 'False', 'indirect_selection': 'eager', 'send_anonymous_usage_stats': 'True', 'partial_parse': 'True', 'warn_error_options': 'WarnErrorOptionsV2(error=[], warn=[], silence=[])', 'static_parser': 'True', 'version_check': 'True', 'use_experimental_parser': 'False', 'introspect': 'True', 'quiet': 'False', 'empty': 'None', 'log_cache_events': 'False', 'debug': 'False', 'profiles_dir': 'C:\\Users\\Admin\\.dbt', 'invocation_command': 'dbt docs serve', 'cache_selected_only': 'False', 'write_json': 'True'}
[0m13:30:05.174875 [debug] [MainThread]: Sending event: {'category': 'dbt', 'action': 'project_id', 'label': '1d594af6-4300-426a-b917-bf1debba59c8', 'context': [<snowplow_tracker.self_describing_json.SelfDescribingJson object at 0x00000190C8DC0C30>]}
[0m13:30:05.270177 [debug] [MainThread]: Sending event: {'category': 'dbt', 'action': 'adapter_info', 'label': '1d594af6-4300-426a-b917-bf1debba59c8', 'context': [<snowplow_tracker.self_describing_json.SelfDescribingJson object at 0x00000190CA92FCE0>]}
