"title","start_time","end_time","description","exercise_title","superset_id","exercise_notes","set_index","set_type","weight_kg","reps","distance_km","duration_seconds","rpe"
"Full body - 4 vueltas 🤸🏼","4 Jun 2026, 10:53","4 Jun 2026, 11:32","","Lunge",,"",0,"normal",,20,,,
"Full body - 4 vueltas 🤸🏼","4 Jun 2026, 10:53","4 Jun 2026, 11:32","","Lunge",,"",1,"normal",,20,,,
"Full body - 4 vueltas 🤸🏼","4 Jun 2026, 10:53","4 Jun 2026, 11:32","","Lunge",,"",2,"normal",,20,,,
"Full body - 4 vueltas 🤸🏼","4 Jun 2026, 10:53","4 Jun 2026, 11:32","","Lunge",,"",3,"normal",,20,,,
"Full body - 4 vueltas 🤸🏼","4 Jun 2026, 10:53","4 Jun 2026, 11:32","","Push Up",,"",0,"normal",,10,,,
"Full body - 4 vueltas 🤸🏼","4 Jun 2026, 10:53","4 Jun 2026, 11:32","","Push Up",,"",1,"normal",,10,,,
"Full body - 4 vueltas 🤸🏼","4 Jun 2026, 10:53","4 Jun 2026, 11:32","","Push Up",,"",2,"normal",,10,,,
"Full body - 4 vueltas 🤸🏼","4 Jun 2026, 10:53","4 Jun 2026, 11:32","","Push Up",,"",3,"normal",,10,,,
"Full body - 4 vueltas 🤸🏼","4 Jun 2026, 10:53","4 Jun 2026, 11:32","","Kettlebell Swing",,"",0,"normal",12,15,,,
"Full body - 4 vueltas 🤸🏼","4 Jun 2026, 10:53","4 Jun 2026, 11:32","","Kettlebell Swing",,"",1,"normal",12,15,,,
"Full body - 4 vueltas 🤸🏼","4 Jun 2026, 10:53","4 Jun 2026, 11:32","","Kettlebell Swing",,"",2,"normal",16,15,,,
"Full body - 4 vueltas 🤸🏼","4 Jun 2026, 10:53","4 Jun 2026, 11:32","","Kettlebell Swing",,"",3,"normal",16,15,,,
"Full body - 4 vueltas 🤸🏼","4 Jun 2026, 10:53","4 Jun 2026, 11:32","","Plank",,"",0,"normal",,,,45,
"Full body - 4 vueltas 🤸🏼","4 Jun 2026, 10:53","4 Jun 2026, 11:32","","Plank",,"",1,"normal",,,,45,
"Full body - 4 vueltas 🤸🏼","4 Jun 2026, 10:53","4 Jun 2026, 11:32","","Plank",,"",2,"normal",,,,45,
"Full body - 4 vueltas 🤸🏼","4 Jun 2026, 10:53","4 Jun 2026, 11:32","","Plank",,"",3,"normal",,,,45,
"Full body - 4 vueltas 🤸🏼","4 Jun 2026, 10:53","4 Jun 2026, 11:32","","Burpee",,"",0,"normal",,10,,,
"Full body - 4 vueltas 🤸🏼","4 Jun 2026, 10:53","4 Jun 2026, 11:32","","Burpee",,"",1,"normal",,10,,,
"Full body - 4 vueltas 🤸🏼","4 Jun 2026, 10:53","4 Jun 2026, 11:32","","Burpee",,"",2,"normal",,10,,,
"Full body - 4 vueltas 🤸🏼","4 Jun 2026, 10:53","4 Jun 2026, 11:32","","Burpee",,"",3,"normal",,10,,,
"Push, Pull & Core 💪🏼","2 Jun 2026, 10:38","2 Jun 2026, 12:23","","Bench Press (Barbell)",,"",0,"normal",55,8,,,
"Push, Pull & Core 💪🏼","2 Jun 2026, 10:38","2 Jun 2026, 12:23","","Bench Press (Barbell)",,"",1,"normal",52.5,7,,,
"Push, Pull & Core 💪🏼","2 Jun 2026, 10:38","2 Jun 2026, 12:23","","Bench Press (Barbell)",,"",2,"normal",50,7,,,
"Push, Pull & Core 💪🏼","2 Jun 2026, 10:38","2 Jun 2026, 12:23","","Pull Up (Assisted)",,"",0,"normal",35,6,,,
"Push, Pull & Core 💪🏼","2 Jun 2026, 10:38","2 Jun 2026, 12:23","","Pull Up (Assisted)",,"",1,"normal",40,8,,,
"Push, Pull & Core 💪🏼","2 Jun 2026, 10:38","2 Jun 2026, 12:23","","Pull Up (Assisted)",,"",2,"normal",40,4,,,
"Push, Pull & Core 💪🏼","2 Jun 2026, 10:38","2 Jun 2026, 12:23","","Pull Up (Assisted)",,"",3,"normal",45,8,,,
"Push, Pull & Core 💪🏼","2 Jun 2026, 10:38","2 Jun 2026, 12:23","","Overhead Press (Dumbbell)",0,"",0,"normal",16,10,,,
"Push, Pull & Core 💪🏼","2 Jun 2026, 10:38","2 Jun 2026, 12:23","","Overhead Press (Dumbbell)",0,"",1,"normal",20,10,,,
"Push, Pull & Core 💪🏼","2 Jun 2026, 10:38","2 Jun 2026, 12:23","","Overhead Press (Dumbbell)",0,"",2,"normal",20,10,,,
"Push, Pull & Core 💪🏼","2 Jun 2026, 10:38","2 Jun 2026, 12:23","","Dumbbell Row",0,"",0,"normal",16,20,,,
"Push, Pull & Core 💪🏼","2 Jun 2026, 10:38","2 Jun 2026, 12:23","","Dumbbell Row",0,"",1,"normal",18,20,,,
"Push, Pull & Core 💪🏼","2 Jun 2026, 10:38","2 Jun 2026, 12:23","","Dumbbell Row",0,"",2,"normal",20,20,,,
"Push, Pull & Core 💪🏼","2 Jun 2026, 10:38","2 Jun 2026, 12:23","","Single Arm Lateral Raise (Cable)",,"",0,"normal",5,20,,,
"Push, Pull & Core 💪🏼","2 Jun 2026, 10:38","2 Jun 2026, 12:23","","Single Arm Lateral Raise (Cable)",,"",1,"normal",5,20,,,
"Push, Pull & Core 💪🏼","2 Jun 2026, 10:38","2 Jun 2026, 12:23","","Single Arm Lateral Raise (Cable)",,"",2,"normal",5,20,,,
"Push, Pull & Core 💪🏼","2 Jun 2026, 10:38","2 Jun 2026, 12:23","","Single Arm Curl (Cable)",,"",0,"normal",9,20,,,
"Push, Pull & Core 💪🏼","2 Jun 2026, 10:38","2 Jun 2026, 12:23","","Single Arm Curl (Cable)",,"",1,"normal",14,16,,,
"Push, Pull & Core 💪🏼","2 Jun 2026, 10:38","2 Jun 2026, 12:23","","Single Arm Curl (Cable)",,"",2,"normal",14,16,,,
"Push, Pull & Core 💪🏼","2 Jun 2026, 10:38","2 Jun 2026, 12:23","","Triceps Extension (Cable)",,"",0,"normal",9,16,,,
"Push, Pull & Core 💪🏼","2 Jun 2026, 10:38","2 Jun 2026, 12:23","","Triceps Extension (Cable)",,"",1,"normal",9,16,,,
"Push, Pull & Core 💪🏼","2 Jun 2026, 10:38","2 Jun 2026, 12:23","","Triceps Extension (Cable)",,"",2,"normal",9,16,,,
"Push, Pull & Core 💪🏼","2 Jun 2026, 10:38","2 Jun 2026, 12:23","","Cable Twist (Up to down)",,"",0,"normal",10,20,,,
"Push, Pull & Core 💪🏼","2 Jun 2026, 10:38","2 Jun 2026, 12:23","","Cable Twist (Up to down)",,"",1,"normal",10,30,,,
"Push, Pull & Core 💪🏼","2 Jun 2026, 10:38","2 Jun 2026, 12:23","","Cable Twist (Down to up)",,"",0,"normal",10,20,,,
"Push, Pull & Core 💪🏼","2 Jun 2026, 10:38","2 Jun 2026, 12:23","","Cable Twist (Down to up)",,"",1,"normal",10,20,,,
"Pierna 🦵🏼","29 May 2026, 11:51","29 May 2026, 12:54","","Squat (Barbell)",,"",0,"normal",60,8,,,
"Pierna 🦵🏼","29 May 2026, 11:51","29 May 2026, 12:54","","Squat (Barbell)",,"",1,"normal",60,8,,,
"Pierna 🦵🏼","29 May 2026, 11:51","29 May 2026, 12:54","","Squat (Barbell)",,"",2,"normal",60,8,,,
"Pierna 🦵🏼","29 May 2026, 11:51","29 May 2026, 12:54","","Romanian Deadlift (Barbell)",,"",0,"normal",40,10,,,
"Pierna 🦵🏼","29 May 2026, 11:51","29 May 2026, 12:54","","Romanian Deadlift (Barbell)",,"",1,"normal",40,10,,,
"Pierna 🦵🏼","29 May 2026, 11:51","29 May 2026, 12:54","","Romanian Deadlift (Barbell)",,"",2,"normal",40,10,,,
"Pierna 🦵🏼","29 May 2026, 11:51","29 May 2026, 12:54","","Bulgarian Split Squat",,"",0,"normal",8,20,,,
"Pierna 🦵🏼","29 May 2026, 11:51","29 May 2026, 12:54","","Bulgarian Split Squat",,"",1,"normal",8,20,,,
"Pierna 🦵🏼","29 May 2026, 11:51","29 May 2026, 12:54","","Bulgarian Split Squat",,"",2,"normal",8,20,,,
"Pierna 🦵🏼","29 May 2026, 11:51","29 May 2026, 12:54","","Copenhague Plank",,"",0,"normal",,,,15,
"Pierna 🦵🏼","29 May 2026, 11:51","29 May 2026, 12:54","","Copenhague Plank",,"",1,"normal",,,,15,
"Pierna 🦵🏼","29 May 2026, 11:51","29 May 2026, 12:54","","Copenhague Plank",,"",2,"normal",,,,20,
"Pierna 🦵🏼","29 May 2026, 11:51","29 May 2026, 12:54","","Copenhague Plank",,"",3,"normal",,,,20,
"Pierna 🦵🏼","29 May 2026, 11:51","29 May 2026, 12:54","","Copenhague Plank",,"",4,"normal",,,,20,
"Pierna 🦵🏼","29 May 2026, 11:51","29 May 2026, 12:54","","Copenhague Plank",,"",5,"normal",,,,20,
"Entrene Futsal post-season","28 May 2026, 10:30","28 May 2026, 12:00","","Sprints",,"",0,"normal",,,,5400,
"Entrene Futsal post-season","25 May 2026, 10:31","25 May 2026, 12:01","","Sprints",,"Entrene futsal",0,"normal",,,,5400,
"Push & Pull 💪🏼","22 May 2026, 11:27","22 May 2026, 12:35","","Pull Up (Assisted)",,"",0,"normal",35,7,,,
"Push & Pull 💪🏼","22 May 2026, 11:27","22 May 2026, 12:35","","Pull Up (Assisted)",,"",1,"normal",35,5,,,
"Push & Pull 💪🏼","22 May 2026, 11:27","22 May 2026, 12:35","","Pull Up (Assisted)",,"",2,"normal",40,7,,,
"Push & Pull 💪🏼","22 May 2026, 11:27","22 May 2026, 12:35","","Pull Up (Assisted)",,"",3,"normal",40,5,,,
"Push & Pull 💪🏼","22 May 2026, 11:27","22 May 2026, 12:35","","Bench Press (Barbell)",,"",0,"normal",50,8,,,
"Push & Pull 💪🏼","22 May 2026, 11:27","22 May 2026, 12:35","","Bench Press (Barbell)",,"",1,"normal",50,8,,,
"Push & Pull 💪🏼","22 May 2026, 11:27","22 May 2026, 12:35","","Bench Press (Barbell)",,"",2,"normal",50,5,,,
"Push & Pull 💪🏼","22 May 2026, 11:27","22 May 2026, 12:35","","Bench Press (Barbell)",,"",3,"normal",45,6,,,
"Push & Pull 💪🏼","22 May 2026, 11:27","22 May 2026, 12:35","","Overhead Press (Dumbbell)",0,"",0,"normal",12,10,,,
"Push & Pull 💪🏼","22 May 2026, 11:27","22 May 2026, 12:35","","Overhead Press (Dumbbell)",0,"",1,"normal",16,10,,,
"Push & Pull 💪🏼","22 May 2026, 11:27","22 May 2026, 12:35","","Overhead Press (Dumbbell)",0,"",2,"normal",20,10,,,
"Push & Pull 💪🏼","22 May 2026, 11:27","22 May 2026, 12:35","","Dumbbell Row",0,"",0,"normal",14,20,,,
"Push & Pull 💪🏼","22 May 2026, 11:27","22 May 2026, 12:35","","Dumbbell Row",0,"",1,"normal",16,20,,,
"Push & Pull 💪🏼","22 May 2026, 11:27","22 May 2026, 12:35","","Dumbbell Row",0,"",2,"normal",18,20,,,
"Push & Pull 💪🏼","22 May 2026, 11:27","22 May 2026, 12:35","","Diamond Push Up",1,"",0,"normal",,5,,,
"Push & Pull 💪🏼","22 May 2026, 11:27","22 May 2026, 12:35","","Diamond Push Up",1,"",1,"normal",,5,,,
"Push & Pull 💪🏼","22 May 2026, 11:27","22 May 2026, 12:35","","Face Pull",1,"",0,"normal",27,12,,,
"Push & Pull 💪🏼","22 May 2026, 11:27","22 May 2026, 12:35","","Face Pull",1,"",1,"normal",32,12,,,
"Full body - 4 vueltas","19 May 2026, 12:00","19 May 2026, 12:30","","Lunge",,"",0,"normal",,20,,,
"Full body - 4 vueltas","19 May 2026, 12:00","19 May 2026, 12:30","","Lunge",,"",1,"normal",,20,,,
"Full body - 4 vueltas","19 May 2026, 12:00","19 May 2026, 12:30","","Lunge",,"",2,"normal",,20,,,
"Full body - 4 vueltas","19 May 2026, 12:00","19 May 2026, 12:30","","Lunge",,"",3,"normal",,20,,,
"Full body - 4 vueltas","19 May 2026, 12:00","19 May 2026, 12:30","","Push Up",,"",0,"normal",,10,,,
"Full body - 4 vueltas","19 May 2026, 12:00","19 May 2026, 12:30","","Push Up",,"",1,"normal",,10,,,
"Full body - 4 vueltas","19 May 2026, 12:00","19 May 2026, 12:30","","Push Up",,"",2,"normal",,10,,,
"Full body - 4 vueltas","19 May 2026, 12:00","19 May 2026, 12:30","","Push Up",,"",3,"normal",,10,,,
"Full body - 4 vueltas","19 May 2026, 12:00","19 May 2026, 12:30","","Kettlebell Swing",,"",0,"normal",12,15,,,
"Full body - 4 vueltas","19 May 2026, 12:00","19 May 2026, 12:30","","Kettlebell Swing",,"",1,"normal",12,15,,,
"Full body - 4 vueltas","19 May 2026, 12:00","19 May 2026, 12:30","","Kettlebell Swing",,"",2,"normal",16,15,,,
"Full body - 4 vueltas","19 May 2026, 12:00","19 May 2026, 12:30","","Kettlebell Swing",,"",3,"normal",16,15,,,
"Full body - 4 vueltas","19 May 2026, 12:00","19 May 2026, 12:30","","Plank",,"",0,"normal",,,,45,
"Full body - 4 vueltas","19 May 2026, 12:00","19 May 2026, 12:30","","Plank",,"",1,"normal",,,,45,
"Full body - 4 vueltas","19 May 2026, 12:00","19 May 2026, 12:30","","Plank",,"",2,"normal",,,,45,
"Full body - 4 vueltas","19 May 2026, 12:00","19 May 2026, 12:30","","Plank",,"",3,"normal",,,,40,
"Full body - 4 vueltas","19 May 2026, 12:00","19 May 2026, 12:30","","Burpee",,"",0,"normal",,10,,,
"Full body - 4 vueltas","19 May 2026, 12:00","19 May 2026, 12:30","","Burpee",,"",1,"normal",,10,,,
"Full body - 4 vueltas","19 May 2026, 12:00","19 May 2026, 12:30","","Burpee",,"",2,"normal",,10,,,
"Full body - 4 vueltas","19 May 2026, 12:00","19 May 2026, 12:30","","Burpee",,"",3,"normal",,10,,,
"Pierna 🦵🏼","17 May 2026, 13:39","17 May 2026, 14:23","","Squat (Barbell)",,"",0,"normal",60,12,,,
"Pierna 🦵🏼","17 May 2026, 13:39","17 May 2026, 14:23","","Squat (Barbell)",,"",1,"normal",60,12,,,
"Pierna 🦵🏼","17 May 2026, 13:39","17 May 2026, 14:23","","Squat (Barbell)",,"",2,"normal",60,12,,,
"Pierna 🦵🏼","17 May 2026, 13:39","17 May 2026, 14:23","","Bulgarian Squats",,"",0,"normal",8,20,,,
"Pierna 🦵🏼","17 May 2026, 13:39","17 May 2026, 14:23","","Bulgarian Squats",,"",1,"normal",8,20,,,
"Pierna 🦵🏼","17 May 2026, 13:39","17 May 2026, 14:23","","Bulgarian Squats",,"",2,"normal",8,20,,,
"Pierna 🦵🏼","17 May 2026, 13:39","17 May 2026, 14:23","","Romanian Deadlift (Barbell)",,"",0,"normal",40,10,,,
"Pierna 🦵🏼","17 May 2026, 13:39","17 May 2026, 14:23","","Romanian Deadlift (Barbell)",,"",1,"normal",40,10,,,
"Pierna 🦵🏼","17 May 2026, 13:39","17 May 2026, 14:23","","Romanian Deadlift (Barbell)",,"",2,"normal",40,10,,,
"Pierna 🦵🏼","17 May 2026, 13:39","17 May 2026, 14:23","","Romanian Deadlift (Barbell)",,"",3,"normal",40,10,,,
"Fuerza 💪🏼","15 May 2026, 11:53","15 May 2026, 12:40","","Bench Press (Barbell)",,"",0,"normal",50,8,,,
"Fuerza 💪🏼","15 May 2026, 11:53","15 May 2026, 12:40","","Bench Press (Barbell)",,"",1,"normal",50,8,,,
"Fuerza 💪🏼","15 May 2026, 11:53","15 May 2026, 12:40","","Bench Press (Barbell)",,"",2,"normal",50,6,,,
"Fuerza 💪🏼","15 May 2026, 11:53","15 May 2026, 12:40","","Pull Up (Assisted)",,"",0,"normal",35,6,,,
"Fuerza 💪🏼","15 May 2026, 11:53","15 May 2026, 12:40","","Pull Up (Assisted)",,"",1,"normal",35,4,,,
"Fuerza 💪🏼","15 May 2026, 11:53","15 May 2026, 12:40","","Pull Up (Assisted)",,"",2,"normal",40,6,,,
"Fuerza 💪🏼","15 May 2026, 11:53","15 May 2026, 12:40","","Pull Up (Assisted)",,"",3,"normal",40,4,,,
"Fuerza 💪🏼","15 May 2026, 11:53","15 May 2026, 12:40","","Overhead Press (Dumbbell)",0,"",0,"normal",12,12,,,
"Fuerza 💪🏼","15 May 2026, 11:53","15 May 2026, 12:40","","Overhead Press (Dumbbell)",0,"",1,"normal",16,12,,,
"Fuerza 💪🏼","15 May 2026, 11:53","15 May 2026, 12:40","","Overhead Press (Dumbbell)",0,"",2,"normal",20,12,,,
"Fuerza 💪🏼","15 May 2026, 11:53","15 May 2026, 12:40","","Dumbbell Row",0,"",0,"normal",12,24,,,
"Fuerza 💪🏼","15 May 2026, 11:53","15 May 2026, 12:40","","Dumbbell Row",0,"",1,"normal",14,24,,,
"Fuerza 💪🏼","15 May 2026, 11:53","15 May 2026, 12:40","","Dumbbell Row",0,"",2,"normal",16,24,,,
"Fuerza 💪🏼","15 May 2026, 11:53","15 May 2026, 12:40","","Diamond Push Up",1,"",0,"normal",,4,,,
"Fuerza 💪🏼","15 May 2026, 11:53","15 May 2026, 12:40","","Diamond Push Up",1,"",1,"normal",,4,,,
"Fuerza 💪🏼","15 May 2026, 11:53","15 May 2026, 12:40","","Face Pull",1,"",0,"normal",27,10,,,
"Fuerza 💪🏼","15 May 2026, 11:53","15 May 2026, 12:40","","Face Pull",1,"",1,"normal",27,10,,,
"Leg de vuelta pVt0","10 May 2026, 12:34","10 May 2026, 13:42","","Bulgarian Squats",,"",0,"normal",8,20,,,
"Leg de vuelta pVt0","10 May 2026, 12:34","10 May 2026, 13:42","","Bulgarian Squats",,"",1,"normal",8,20,,,
"Leg de vuelta pVt0","10 May 2026, 12:34","10 May 2026, 13:42","","Bulgarian Squats",,"",2,"normal",8,20,,,
"Leg de vuelta pVt0","10 May 2026, 12:34","10 May 2026, 13:42","","Bulgarian Squats",,"",3,"normal",8,20,,,
"Leg de vuelta pVt0","10 May 2026, 12:34","10 May 2026, 13:42","","Romanian Deadlift (Barbell)",,"",0,"normal",40,10,,,
"Leg de vuelta pVt0","10 May 2026, 12:34","10 May 2026, 13:42","","Romanian Deadlift (Barbell)",,"",1,"normal",40,10,,,
"Leg de vuelta pVt0","10 May 2026, 12:34","10 May 2026, 13:42","","Romanian Deadlift (Barbell)",,"",2,"normal",40,10,,,
"Leg de vuelta pVt0","10 May 2026, 12:34","10 May 2026, 13:42","","Romanian Deadlift (Barbell)",,"",3,"normal",40,10,,,
"Leg de vuelta pVt0","10 May 2026, 12:34","10 May 2026, 13:42","","Single Leg Press (Machine)",,"",0,"normal",21,24,,,
"Leg de vuelta pVt0","10 May 2026, 12:34","10 May 2026, 13:42","","Single Leg Press (Machine)",,"",1,"normal",29,24,,,
"Leg de vuelta pVt0","10 May 2026, 12:34","10 May 2026, 13:42","","Single Leg Press (Machine)",,"",2,"normal",37,24,,,
"Squats + abs","10 Apr 2026, 17:58","10 Apr 2026, 18:27","","Squat (Barbell)",,"",0,"normal",60,8,,,
"Squats + abs","10 Apr 2026, 17:58","10 Apr 2026, 18:27","","Squat (Barbell)",,"",1,"normal",70,8,,,
"Squats + abs","10 Apr 2026, 17:58","10 Apr 2026, 18:27","","Squat (Barbell)",,"",2,"normal",80,5,,,
"Brazo preChampions","8 Apr 2026, 20:43","8 Apr 2026, 21:21","","Overhead Press (Barbell)",,"",0,"normal",15,12,,,
"Brazo preChampions","8 Apr 2026, 20:43","8 Apr 2026, 21:21","","Overhead Press (Barbell)",,"",1,"normal",20,12,,,
"Brazo preChampions","8 Apr 2026, 20:43","8 Apr 2026, 21:21","","Overhead Press (Barbell)",,"",2,"normal",22.5,10,,,
"Brazo preChampions","8 Apr 2026, 20:43","8 Apr 2026, 21:21","","EZ Bar Biceps Curl",,"",0,"normal",15,10,,,
"Brazo preChampions","8 Apr 2026, 20:43","8 Apr 2026, 21:21","","EZ Bar Biceps Curl",,"",1,"normal",17.5,10,,,
"Brazo preChampions","8 Apr 2026, 20:43","8 Apr 2026, 21:21","","EZ Bar Biceps Curl",,"",2,"normal",20,6,,,
"Brazo preChampions","8 Apr 2026, 20:43","8 Apr 2026, 21:21","","Triceps Rope Pushdown",,"",0,"normal",23,12,,,
"Brazo preChampions","8 Apr 2026, 20:43","8 Apr 2026, 21:21","","Triceps Rope Pushdown",,"",1,"normal",27,10,,,
"Brazo preChampions","8 Apr 2026, 20:43","8 Apr 2026, 21:21","","Triceps Rope Pushdown",,"",2,"normal",32,8,,,
"Superior","6 Apr 2026, 19:44","6 Apr 2026, 20:43","","Bench Press (Barbell)",,"",0,"normal",50,8,,,
"Superior","6 Apr 2026, 19:44","6 Apr 2026, 20:43","","Bench Press (Barbell)",,"",1,"normal",50,8,,,
"Superior","6 Apr 2026, 19:44","6 Apr 2026, 20:43","","Bench Press (Barbell)",,"",2,"normal",50,6,,,
"Superior","6 Apr 2026, 19:44","6 Apr 2026, 20:43","","Pull Up (Assisted)",,"",0,"normal",30,5,,,
"Superior","6 Apr 2026, 19:44","6 Apr 2026, 20:43","","Pull Up (Assisted)",,"",1,"normal",35,6,,,
"Superior","6 Apr 2026, 19:44","6 Apr 2026, 20:43","","Pull Up (Assisted)",,"",2,"normal",40,6,,,
"Superior","6 Apr 2026, 19:44","6 Apr 2026, 20:43","","Pull Up (Assisted)",,"",3,"normal",45,7,,,
"Superior","6 Apr 2026, 19:44","6 Apr 2026, 20:43","","Dumbbell Row",,"",0,"normal",16,20,,,
"Superior","6 Apr 2026, 19:44","6 Apr 2026, 20:43","","Dumbbell Row",,"",1,"normal",16,20,,,
"Superior","6 Apr 2026, 19:44","6 Apr 2026, 20:43","","Dumbbell Row",,"",2,"normal",16,20,,,
"Superior","6 Apr 2026, 19:44","6 Apr 2026, 20:43","","Shrug (Dumbbell)",,"",0,"normal",28,15,,,
"Superior","6 Apr 2026, 19:44","6 Apr 2026, 20:43","","Shrug (Dumbbell)",,"",1,"normal",32,15,,,
"Superior","6 Apr 2026, 19:44","6 Apr 2026, 20:43","","Shrug (Dumbbell)",,"",2,"normal",36,15,,,
"Pierna + abs","5 Apr 2026, 12:04","5 Apr 2026, 13:03","","Squat (Barbell)",,"",0,"normal",50,10,,,
"Pierna + abs","5 Apr 2026, 12:04","5 Apr 2026, 13:03","","Squat (Barbell)",,"",1,"normal",60,10,,,
"Pierna + abs","5 Apr 2026, 12:04","5 Apr 2026, 13:03","","Squat (Barbell)",,"",2,"normal",70,8,,,
"Pierna + abs","5 Apr 2026, 12:04","5 Apr 2026, 13:03","","Squat (Barbell)",,"",3,"normal",70,8,,,
"Pierna + abs","5 Apr 2026, 12:04","5 Apr 2026, 13:03","","Romanian Deadlift (Barbell)",,"",0,"normal",40,10,,,
"Pierna + abs","5 Apr 2026, 12:04","5 Apr 2026, 13:03","","Romanian Deadlift (Barbell)",,"",1,"normal",50,8,,,
"Pierna + abs","5 Apr 2026, 12:04","5 Apr 2026, 13:03","","Romanian Deadlift (Barbell)",,"",2,"normal",50,8,,,
"Pierna + abs","5 Apr 2026, 12:04","5 Apr 2026, 13:03","","Romanian Deadlift (Barbell)",,"",3,"normal",50,8,,,
"Superior + cardio","31 Mar 2026, 17:39","31 Mar 2026, 18:57","","Bench Press (Barbell)",,"",0,"normal",47.5,10,,,
"Superior + cardio","31 Mar 2026, 17:39","31 Mar 2026, 18:57","","Bench Press (Barbell)",,"",1,"normal",50,8,,,
"Superior + cardio","31 Mar 2026, 17:39","31 Mar 2026, 18:57","","Bench Press (Barbell)",,"",2,"normal",50,5,,,
"Superior + cardio","31 Mar 2026, 17:39","31 Mar 2026, 18:57","","Pull Up (Assisted)",,"",0,"normal",35,8,,,
"Superior + cardio","31 Mar 2026, 17:39","31 Mar 2026, 18:57","","Pull Up (Assisted)",,"",1,"normal",35,6,,,
"Superior + cardio","31 Mar 2026, 17:39","31 Mar 2026, 18:57","","Pull Up (Assisted)",,"",2,"normal",40,6,,,
"Superior + cardio","31 Mar 2026, 17:39","31 Mar 2026, 18:57","","Dumbbell Row",,"",0,"normal",12,24,,,
"Superior + cardio","31 Mar 2026, 17:39","31 Mar 2026, 18:57","","Dumbbell Row",,"",1,"normal",16,20,,,
"Superior + cardio","31 Mar 2026, 17:39","31 Mar 2026, 18:57","","Dumbbell Row",,"",2,"normal",16,20,,,
"Superior + cardio","31 Mar 2026, 17:39","31 Mar 2026, 18:57","","Running",,"",0,"normal",,,4,1380,
"Pierna + hombro","28 Mar 2026, 19:47","28 Mar 2026, 20:25","","Explosive Squat (Barbell) - Jump, Down & Up",,"",0,"normal",20,10,,,
"Pierna + hombro","28 Mar 2026, 19:47","28 Mar 2026, 20:25","","Explosive Squat (Barbell) - Jump, Down & Up",,"",1,"normal",20,10,,,
"Pierna + hombro","28 Mar 2026, 19:47","28 Mar 2026, 20:25","","Explosive Squat (Barbell) - Jump, Down & Up",,"",2,"normal",20,10,,,
"Pierna + hombro","28 Mar 2026, 19:47","28 Mar 2026, 20:25","","Bulgarian Squats",,"",0,"normal",8,20,,,
"Pierna + hombro","28 Mar 2026, 19:47","28 Mar 2026, 20:25","","Bulgarian Squats",,"",1,"normal",8,20,,,
"Pierna + hombro","28 Mar 2026, 19:47","28 Mar 2026, 20:25","","Bulgarian Squats",,"",2,"normal",8,20,,,
"Pierna + hombro","28 Mar 2026, 19:47","28 Mar 2026, 20:25","","Bulgarian Squats",,"",3,"normal",8,20,,,
"Pierna + hombro","28 Mar 2026, 19:47","28 Mar 2026, 20:25","","Lateral Raise (Cable)",,"",0,"normal",5,20,,,
"Pierna + hombro","28 Mar 2026, 19:47","28 Mar 2026, 20:25","","Lateral Raise (Cable)",,"",1,"normal",5,20,,,
"Superior + cardio","24 Mar 2026, 17:40","24 Mar 2026, 19:26","","Bench Press (Barbell)",,"",0,"normal",47.5,10,,,
"Superior + cardio","24 Mar 2026, 17:40","24 Mar 2026, 19:26","","Bench Press (Barbell)",,"",1,"normal",50,8,,,
"Superior + cardio","24 Mar 2026, 17:40","24 Mar 2026, 19:26","","Bench Press (Barbell)",,"",2,"normal",50,5,,,
"Superior + cardio","24 Mar 2026, 17:40","24 Mar 2026, 19:26","","Bent Over Row (Barbell)",,"",0,"normal",30,10,,,
"Superior + cardio","24 Mar 2026, 17:40","24 Mar 2026, 19:26","","Bent Over Row (Barbell)",,"",1,"normal",40,9,,,
"Superior + cardio","24 Mar 2026, 17:40","24 Mar 2026, 19:26","","Bent Over Row (Barbell)",,"",2,"normal",40,9,,,
"Superior + cardio","24 Mar 2026, 17:40","24 Mar 2026, 19:26","","Bent Over Row (Barbell)",,"",3,"normal",40,8,,,
"Superior + cardio","24 Mar 2026, 17:40","24 Mar 2026, 19:26","","Shrug (Barbell)",,"",0,"normal",15,15,,,
"Superior + cardio","24 Mar 2026, 17:40","24 Mar 2026, 19:26","","Shrug (Barbell)",,"",1,"normal",17.5,15,,,
"Superior + cardio","24 Mar 2026, 17:40","24 Mar 2026, 19:26","","Shrug (Barbell)",,"",2,"normal",20,15,,,
"Superior + cardio","24 Mar 2026, 17:40","24 Mar 2026, 19:26","","Bicep Curl (Dumbbell)",,"",0,"normal",4,20,,,
"Superior + cardio","24 Mar 2026, 17:40","24 Mar 2026, 19:26","","Bicep Curl (Dumbbell)",,"",1,"normal",6,20,,,
"Superior + cardio","24 Mar 2026, 17:40","24 Mar 2026, 19:26","","Bicep Curl (Dumbbell)",,"",2,"normal",8,20,,,
"Superior + cardio","24 Mar 2026, 17:40","24 Mar 2026, 19:26","","Single Arm Tricep Extension (Dumbbell)",,"",0,"normal",4,20,,,
"Superior + cardio","24 Mar 2026, 17:40","24 Mar 2026, 19:26","","Single Arm Tricep Extension (Dumbbell)",,"",1,"normal",5,20,,,
"Superior + cardio","24 Mar 2026, 17:40","24 Mar 2026, 19:26","","Single Arm Tricep Extension (Dumbbell)",,"",2,"normal",7,20,,,
"Superior + cardio","24 Mar 2026, 17:40","24 Mar 2026, 19:26","","Running",,"",0,"normal",,,4,1380,
"Pierna + abs","23 Mar 2026, 18:28","23 Mar 2026, 19:28","","Explosive Squat (Barbell) - Jump, Down & Up",,"",0,"normal",20,10,,,
"Pierna + abs","23 Mar 2026, 18:28","23 Mar 2026, 19:28","","Explosive Squat (Barbell) - Jump, Down & Up",,"",1,"normal",25,10,,,
"Pierna + abs","23 Mar 2026, 18:28","23 Mar 2026, 19:28","","Explosive Squat (Barbell) - Jump, Down & Up",,"",2,"normal",25,10,,,
"Pierna + abs","23 Mar 2026, 18:28","23 Mar 2026, 19:28","","Explosive Squat (Barbell) - Jump, Down & Up",,"",3,"normal",25,10,,,
"Pierna + abs","23 Mar 2026, 18:28","23 Mar 2026, 19:28","","Bulgarian Squats",,"",0,"normal",8,24,,,
"Pierna + abs","23 Mar 2026, 18:28","23 Mar 2026, 19:28","","Bulgarian Squats",,"",1,"normal",8,24,,,
"Pierna + abs","23 Mar 2026, 18:28","23 Mar 2026, 19:28","","Bulgarian Squats",,"",2,"normal",8,24,,,
"Pierna + abs","23 Mar 2026, 18:28","23 Mar 2026, 19:28","","Bulgarian Squats",,"",3,"normal",8,24,,,
"Pierna + abs","23 Mar 2026, 18:28","23 Mar 2026, 19:28","","Hip Abduction (Machine)",0,"",0,"normal",20,15,,,
"Pierna + abs","23 Mar 2026, 18:28","23 Mar 2026, 19:28","","Hip Abduction (Machine)",0,"",1,"normal",20,15,,,
"Pierna + abs","23 Mar 2026, 18:28","23 Mar 2026, 19:28","","Hip Adduction (Machine)",0,"",0,"normal",20,11,,,
"Pierna + abs","23 Mar 2026, 18:28","23 Mar 2026, 19:28","","Hip Adduction (Machine)",0,"",1,"normal",20,12,,,
"Unpoquitode Pierna","20 Mar 2026, 10:56","20 Mar 2026, 11:38","","Explosive Squat (Barbell) - Jump, Down & Up",,"",0,"normal",20,10,,,
"Unpoquitode Pierna","20 Mar 2026, 10:56","20 Mar 2026, 11:38","","Explosive Squat (Barbell) - Jump, Down & Up",,"",1,"normal",20,10,,,
"Unpoquitode Pierna","20 Mar 2026, 10:56","20 Mar 2026, 11:38","","Explosive Squat (Barbell) - Jump, Down & Up",,"",2,"normal",20,10,,,
"Unpoquitode Pierna","20 Mar 2026, 10:56","20 Mar 2026, 11:38","","Explosive Squat (Barbell) - Jump, Down & Up",,"",3,"normal",20,10,,,
"Unpoquitode Pierna","20 Mar 2026, 10:56","20 Mar 2026, 11:38","","Seated Leg Curl (Machine)",,"",0,"normal",12.5,24,,,
"Unpoquitode Pierna","20 Mar 2026, 10:56","20 Mar 2026, 11:38","","Seated Leg Curl (Machine)",,"",1,"normal",12.5,24,,,
"Unpoquitode Pierna","20 Mar 2026, 10:56","20 Mar 2026, 11:38","","Seated Leg Curl (Machine)",,"",2,"normal",15,24,,,
"Unpoquitode Pierna","20 Mar 2026, 10:56","20 Mar 2026, 11:38","","Single Leg Extensions",,"",0,"normal",15,24,,,
"Unpoquitode Pierna","20 Mar 2026, 10:56","20 Mar 2026, 11:38","","Single Leg Extensions",,"",1,"normal",17.5,24,,,
"Unpoquitode Pierna","20 Mar 2026, 10:56","20 Mar 2026, 11:38","","Single Leg Extensions",,"",2,"normal",20,20,,,
"Superior + cardio","11 Mar 2026, 19:14","11 Mar 2026, 20:13","","Bench Press (Barbell)",,"",0,"normal",47.5,10,,,
"Superior + cardio","11 Mar 2026, 19:14","11 Mar 2026, 20:13","","Bench Press (Barbell)",,"",1,"normal",50,8,,,
"Superior + cardio","11 Mar 2026, 19:14","11 Mar 2026, 20:13","","Bench Press (Barbell)",,"",2,"normal",50,6,,,
"Superior + cardio","11 Mar 2026, 19:14","11 Mar 2026, 20:13","","Bent Over Row (Barbell)",,"",0,"normal",30,10,,,
"Superior + cardio","11 Mar 2026, 19:14","11 Mar 2026, 20:13","","Bent Over Row (Barbell)",,"",1,"normal",35,8,,,
"Superior + cardio","11 Mar 2026, 19:14","11 Mar 2026, 20:13","","Bent Over Row (Barbell)",,"",2,"normal",35,10,,,
"Superior + cardio","11 Mar 2026, 19:14","11 Mar 2026, 20:13","","Bent Over Row (Barbell)",,"",3,"normal",40,8,,,
"Superior + cardio","11 Mar 2026, 19:14","11 Mar 2026, 20:13","","Running",,"",0,"normal",,,3.3,1200,
"Pierna + abs","9 Mar 2026, 17:53","9 Mar 2026, 19:33","","Squat (Barbell)",,"",0,"normal",40,12,,,
"Pierna + abs","9 Mar 2026, 17:53","9 Mar 2026, 19:33","","Squat (Barbell)",,"",1,"normal",50,12,,,
"Pierna + abs","9 Mar 2026, 17:53","9 Mar 2026, 19:33","","Squat (Barbell)",,"",2,"normal",60,12,,,
"Pierna + abs","9 Mar 2026, 17:53","9 Mar 2026, 19:33","","Squat (Barbell)",,"",3,"normal",70,10,,,
"Pierna + abs","9 Mar 2026, 17:53","9 Mar 2026, 19:33","","Hip Thrust (Machine)",,"",0,"normal",10,8,,,
"Pierna + abs","9 Mar 2026, 17:53","9 Mar 2026, 19:33","","Hip Thrust (Machine)",,"",1,"normal",10,8,,,
"Pierna + abs","9 Mar 2026, 17:53","9 Mar 2026, 19:33","","Hip Thrust (Machine)",,"",2,"normal",10,8,,,
"Pierna + abs","9 Mar 2026, 17:53","9 Mar 2026, 19:33","","Seated Leg Curl (Machine)",,"",0,"normal",12.5,24,,,
"Pierna + abs","9 Mar 2026, 17:53","9 Mar 2026, 19:33","","Seated Leg Curl (Machine)",,"",1,"normal",15,24,,,
"Pierna + abs","9 Mar 2026, 17:53","9 Mar 2026, 19:33","","Seated Leg Curl (Machine)",,"",2,"normal",17.5,20,,,
"Pierna + abs","9 Mar 2026, 17:53","9 Mar 2026, 19:33","","Single Leg Extensions",,"",0,"normal",15,20,,,
"Pierna + abs","9 Mar 2026, 17:53","9 Mar 2026, 19:33","","Single Leg Extensions",,"",1,"normal",17.5,20,,,
"Pierna + abs","9 Mar 2026, 17:53","9 Mar 2026, 19:33","","Single Leg Extensions",,"",2,"normal",20,16,,,
"Superior + cardio","4 Mar 2026, 17:56","4 Mar 2026, 18:56","","Bench Press (Barbell)",,"",0,"normal",45,10,,,
"Superior + cardio","4 Mar 2026, 17:56","4 Mar 2026, 18:56","","Bench Press (Barbell)",,"",1,"normal",47.5,8,,,
"Superior + cardio","4 Mar 2026, 17:56","4 Mar 2026, 18:56","","Bench Press (Barbell)",,"",2,"normal",50,8,,,
"Superior + cardio","4 Mar 2026, 17:56","4 Mar 2026, 18:56","","Bent Over Row (Barbell)",,"",0,"normal",30,10,,,
"Superior + cardio","4 Mar 2026, 17:56","4 Mar 2026, 18:56","","Bent Over Row (Barbell)",,"",1,"normal",35,10,,,
"Superior + cardio","4 Mar 2026, 17:56","4 Mar 2026, 18:56","","Bent Over Row (Barbell)",,"",2,"normal",40,10,,,
"Superior + cardio","4 Mar 2026, 17:56","4 Mar 2026, 18:56","","Running",,"",0,"normal",,,3.25,1200,
"Pierna + Abs","2 Mar 2026, 18:25","2 Mar 2026, 19:26","","Squat (Barbell)",,"",0,"normal",40,8,,,
"Pierna + Abs","2 Mar 2026, 18:25","2 Mar 2026, 19:26","","Squat (Barbell)",,"",1,"normal",50,8,,,
"Pierna + Abs","2 Mar 2026, 18:25","2 Mar 2026, 19:26","","Squat (Barbell)",,"",2,"normal",60,10,,,
"Pierna + Abs","2 Mar 2026, 18:25","2 Mar 2026, 19:26","","Squat (Barbell)",,"",3,"normal",40,8,,,
"Pierna + Abs","2 Mar 2026, 18:25","2 Mar 2026, 19:26","","Single Leg Extensions",,"",0,"normal",12.5,20,,,
"Pierna + Abs","2 Mar 2026, 18:25","2 Mar 2026, 19:26","","Single Leg Extensions",,"",1,"normal",15,20,,,
"Pierna + Abs","2 Mar 2026, 18:25","2 Mar 2026, 19:26","","Single Leg Extensions",,"",2,"normal",17.5,20,,,
"Pierna + Abs","2 Mar 2026, 18:25","2 Mar 2026, 19:26","","Single Leg Extensions",,"",3,"normal",20,16,,,
"Pierna + Abs","2 Mar 2026, 18:25","2 Mar 2026, 19:26","","Seated Leg Curl (Machine)",,"",0,"normal",10,20,,,
"Pierna + Abs","2 Mar 2026, 18:25","2 Mar 2026, 19:26","","Seated Leg Curl (Machine)",,"",1,"normal",12.5,20,,,
"Pierna + Abs","2 Mar 2026, 18:25","2 Mar 2026, 19:26","","Seated Leg Curl (Machine)",,"",2,"normal",15,20,,,
"Evening workout 🏋️","26 Feb 2026, 17:58","26 Feb 2026, 19:01","","Bench Press (Barbell)",,"",0,"normal",45,10,,,
"Evening workout 🏋️","26 Feb 2026, 17:58","26 Feb 2026, 19:01","","Bench Press (Barbell)",,"",1,"normal",47.5,7,,,
"Evening workout 🏋️","26 Feb 2026, 17:58","26 Feb 2026, 19:01","","Bench Press (Barbell)",,"",2,"normal",47.5,7,,,
"Evening workout 🏋️","26 Feb 2026, 17:58","26 Feb 2026, 19:01","","Pull Up (Assisted)",,"",0,"normal",35,6,,,
"Evening workout 🏋️","26 Feb 2026, 17:58","26 Feb 2026, 19:01","","Pull Up (Assisted)",,"",1,"normal",35,5,,,
"Evening workout 🏋️","26 Feb 2026, 17:58","26 Feb 2026, 19:01","","Pull Up (Assisted)",,"",2,"normal",40,5,,,
"Evening workout 🏋️","26 Feb 2026, 17:58","26 Feb 2026, 19:01","","Bent Over Row (Barbell)",,"",0,"normal",30,10,,,
"Evening workout 🏋️","26 Feb 2026, 17:58","26 Feb 2026, 19:01","","Bent Over Row (Barbell)",,"",1,"normal",35,10,,,
"Evening workout 🏋️","26 Feb 2026, 17:58","26 Feb 2026, 19:01","","Bent Over Row (Barbell)",,"",2,"normal",35,10,,,
"Evening workout 🏋️","26 Feb 2026, 17:58","26 Feb 2026, 19:01","","Running",,"",0,"normal",,,3.57,1305,
"Afternoon workout 💪","23 Feb 2026, 17:53","23 Feb 2026, 19:13","","Squat (Barbell)",,"",0,"normal",50,10,,,
"Afternoon workout 💪","23 Feb 2026, 17:53","23 Feb 2026, 19:13","","Squat (Barbell)",,"",1,"normal",60,10,,,
"Afternoon workout 💪","23 Feb 2026, 17:53","23 Feb 2026, 19:13","","Squat (Barbell)",,"",2,"normal",60,10,,,
"Afternoon workout 💪","23 Feb 2026, 17:53","23 Feb 2026, 19:13","","Single Leg Extensions",,"",0,"normal",10,20,,,
"Afternoon workout 💪","23 Feb 2026, 17:53","23 Feb 2026, 19:13","","Single Leg Extensions",,"",1,"normal",15,20,,,
"Afternoon workout 💪","23 Feb 2026, 17:53","23 Feb 2026, 19:13","","Single Leg Extensions",,"",2,"normal",15,20,,,
"Afternoon workout 💪","23 Feb 2026, 17:53","23 Feb 2026, 19:13","","Lying Leg Curl (Machine)",,"",0,"normal",10,10,,,
"Afternoon workout 💪","23 Feb 2026, 17:53","23 Feb 2026, 19:13","","Lying Leg Curl (Machine)",,"",1,"normal",15,10,,,
"Afternoon workout 💪","23 Feb 2026, 17:53","23 Feb 2026, 19:13","","Lying Leg Curl (Machine)",,"",2,"normal",20,10,,,
"Afternoon workout 💪","23 Feb 2026, 17:53","23 Feb 2026, 19:13","","Single Leg Standing Calf Raise",,"",0,"normal",,20,,,
"Afternoon workout 💪","23 Feb 2026, 17:53","23 Feb 2026, 19:13","","Single Leg Standing Calf Raise",,"",1,"normal",,20,,,
"Afternoon workout 💪","23 Feb 2026, 17:53","23 Feb 2026, 19:13","","Single Leg Standing Calf Raise",,"",2,"normal",,20,,,
"Afternoon workout 💪","23 Feb 2026, 17:53","23 Feb 2026, 19:13","","Hip Adduction (Machine)",,"",0,"normal",20,15,,,
"Afternoon workout 💪","23 Feb 2026, 17:53","23 Feb 2026, 19:13","","Hip Abduction (Machine)",,"",0,"normal",20,15,,,
"Evening workout 🏋️","18 Feb 2026, 17:53","18 Feb 2026, 19:13","","Bench Press (Barbell)",,"",0,"normal",40,10,,,
"Evening workout 🏋️","18 Feb 2026, 17:53","18 Feb 2026, 19:13","","Bench Press (Barbell)",,"",1,"normal",45,10,,,
"Evening workout 🏋️","18 Feb 2026, 17:53","18 Feb 2026, 19:13","","Bench Press (Barbell)",,"",2,"normal",47.5,8,,,
"Evening workout 🏋️","18 Feb 2026, 17:53","18 Feb 2026, 19:13","","Bench Press (Barbell)",,"",3,"normal",50,6,,,
"Evening workout 🏋️","18 Feb 2026, 17:53","18 Feb 2026, 19:13","","Pull Up (Assisted)",,"",0,"normal",35,6,,,
"Evening workout 🏋️","18 Feb 2026, 17:53","18 Feb 2026, 19:13","","Pull Up (Assisted)",,"",1,"normal",35,5,,,
"Evening workout 🏋️","18 Feb 2026, 17:53","18 Feb 2026, 19:13","","Pull Up (Assisted)",,"",2,"normal",40,6,,,
"Evening workout 🏋️","18 Feb 2026, 17:53","18 Feb 2026, 19:13","","Bent Over Row (Barbell)",,"",0,"normal",40,8,,,
"Evening workout 🏋️","18 Feb 2026, 17:53","18 Feb 2026, 19:13","","Bent Over Row (Barbell)",,"",1,"normal",40,8,,,
"Evening workout 🏋️","18 Feb 2026, 17:53","18 Feb 2026, 19:13","","Bent Over Row (Barbell)",,"",2,"normal",40,8,,,
"Evening workout 🏋️","18 Feb 2026, 17:53","18 Feb 2026, 19:13","","Running",,"",0,"normal",,,3,1200,
"Leg Monday","16 Feb 2026, 19:01","16 Feb 2026, 20:11","","Leg Press Horizontal (Machine)",,"",0,"normal",53,12,,,
"Leg Monday","16 Feb 2026, 19:01","16 Feb 2026, 20:11","","Leg Press Horizontal (Machine)",,"",1,"normal",69,10,,,
"Leg Monday","16 Feb 2026, 19:01","16 Feb 2026, 20:11","","Leg Press Horizontal (Machine)",,"",2,"normal",77,8,,,
"Leg Monday","16 Feb 2026, 19:01","16 Feb 2026, 20:11","","Lying Leg Curl (Machine)",,"",0,"normal",20,12,,,
"Leg Monday","16 Feb 2026, 19:01","16 Feb 2026, 20:11","","Lying Leg Curl (Machine)",,"",1,"normal",25,8,,,
"Leg Monday","16 Feb 2026, 19:01","16 Feb 2026, 20:11","","Lying Leg Curl (Machine)",,"",2,"normal",22.5,8,,,
"Leg Monday","16 Feb 2026, 19:01","16 Feb 2026, 20:11","","Single Leg Extensions",,"",0,"normal",12.5,24,,,
"Leg Monday","16 Feb 2026, 19:01","16 Feb 2026, 20:11","","Single Leg Extensions",,"",1,"normal",15,20,,,
"Leg Monday","16 Feb 2026, 19:01","16 Feb 2026, 20:11","","Single Leg Extensions",,"",2,"normal",17.5,18,,,
"Leg Monday","16 Feb 2026, 19:01","16 Feb 2026, 20:11","","Hip Abduction (Machine)",,"",0,"normal",20,15,,,
"Leg Monday","16 Feb 2026, 19:01","16 Feb 2026, 20:11","","Hip Abduction (Machine)",,"",1,"normal",25,15,,,
"Leg Monday","16 Feb 2026, 19:01","16 Feb 2026, 20:11","","Hip Abduction (Machine)",,"",2,"normal",25,15,,,
"Leg Monday","16 Feb 2026, 19:01","16 Feb 2026, 20:11","","Hip Adduction (Machine)",,"",0,"normal",20,12,,,
"Leg Monday","16 Feb 2026, 19:01","16 Feb 2026, 20:11","","Hip Adduction (Machine)",,"",1,"normal",20,12,,,
"Evening workout 🏋️","15 Feb 2026, 17:08","15 Feb 2026, 18:08","","Bench Press (Barbell)",,"",0,"normal",45,12,,,
"Evening workout 🏋️","15 Feb 2026, 17:08","15 Feb 2026, 18:08","","Bench Press (Barbell)",,"",1,"normal",47.5,9,,,
"Evening workout 🏋️","15 Feb 2026, 17:08","15 Feb 2026, 18:08","","Bench Press (Barbell)",,"",2,"normal",47.5,6,,,
"Evening workout 🏋️","15 Feb 2026, 17:08","15 Feb 2026, 18:08","","Bent Over Row (Barbell)",,"",0,"normal",40,10,,,
"Evening workout 🏋️","15 Feb 2026, 17:08","15 Feb 2026, 18:08","","Bent Over Row (Barbell)",,"",1,"normal",40,8,,,
"Evening workout 🏋️","15 Feb 2026, 17:08","15 Feb 2026, 18:08","","Bent Over Row (Barbell)",,"",2,"normal",40,8,,,
"Evening workout 🏋️","15 Feb 2026, 17:08","15 Feb 2026, 18:08","","Running",,"",0,"normal",,,3,1200,
"Algo de pierna","11 Feb 2026, 18:18","11 Feb 2026, 19:11","","Squat (Barbell)",,"",0,"normal",40,12,,,
"Algo de pierna","11 Feb 2026, 18:18","11 Feb 2026, 19:11","","Squat (Barbell)",,"",1,"normal",50,12,,,
"Algo de pierna","11 Feb 2026, 18:18","11 Feb 2026, 19:11","","Squat (Barbell)",,"",2,"normal",60,10,,,
"Algo de pierna","11 Feb 2026, 18:18","11 Feb 2026, 19:11","","Single Leg Extensions",,"",0,"normal",10,20,,,
"Algo de pierna","11 Feb 2026, 18:18","11 Feb 2026, 19:11","","Single Leg Extensions",,"",1,"normal",10,20,,,
"Algo de pierna","11 Feb 2026, 18:18","11 Feb 2026, 19:11","","Single Leg Extensions",,"",2,"normal",12.5,20,,,
"Algo de pierna","11 Feb 2026, 18:18","11 Feb 2026, 19:11","","Seated Leg Curl (Machine)",,"",0,"normal",10,20,,,
"Algo de pierna","11 Feb 2026, 18:18","11 Feb 2026, 19:11","","Seated Leg Curl (Machine)",,"",1,"normal",12.5,20,,,
"Algo de pierna","11 Feb 2026, 18:18","11 Feb 2026, 19:11","","Seated Leg Curl (Machine)",,"",2,"normal",12.5,20,,,
"Tren Superior + Run","26 Jan 2026, 18:05","26 Jan 2026, 18:35","","Bench Press (Barbell)",,"",0,"normal",40,10,,,
"Tren Superior + Run","26 Jan 2026, 18:05","26 Jan 2026, 18:35","","Bench Press (Barbell)",,"",1,"normal",42.5,10,,,
"Tren Superior + Run","26 Jan 2026, 18:05","26 Jan 2026, 18:35","","Bench Press (Barbell)",,"",2,"normal",45,10,,,
"Tren Superior + Run","26 Jan 2026, 18:05","26 Jan 2026, 18:35","","Bench Press (Barbell)",,"",3,"normal",47.5,7,,,
"Tren Superior + Run","26 Jan 2026, 18:05","26 Jan 2026, 18:35","","Iso-Lateral Row (Machine)",,"",0,"normal",10,10,,,
"Tren Superior + Run","26 Jan 2026, 18:05","26 Jan 2026, 18:35","","Iso-Lateral Row (Machine)",,"",1,"normal",15,12,,,
"Tren Superior + Run","26 Jan 2026, 18:05","26 Jan 2026, 18:35","","Iso-Lateral Row (Machine)",,"",2,"normal",15,10,,,
"Leg day 1","19 Jan 2026, 18:10","19 Jan 2026, 19:05","","Squat (Barbell)",,"",0,"normal",20,12,,,
"Leg day 1","19 Jan 2026, 18:10","19 Jan 2026, 19:05","","Squat (Barbell)",,"",1,"normal",30,12,,,
"Leg day 1","19 Jan 2026, 18:10","19 Jan 2026, 19:05","","Squat (Barbell)",,"",2,"normal",40,12,,,
"Leg day 1","19 Jan 2026, 18:10","19 Jan 2026, 19:05","","Squat (Barbell)",,"",3,"normal",50,8,,,
"Leg day 1","19 Jan 2026, 18:10","19 Jan 2026, 19:05","","Single Leg Extensions",,"1/2 reps each leg\nSlowly and controlling every move",0,"normal",10,16,,,
"Leg day 1","19 Jan 2026, 18:10","19 Jan 2026, 19:05","","Single Leg Extensions",,"1/2 reps each leg\nSlowly and controlling every move",1,"normal",10,16,,,
"Leg day 1","19 Jan 2026, 18:10","19 Jan 2026, 19:05","","Single Leg Extensions",,"1/2 reps each leg\nSlowly and controlling every move",2,"normal",12.5,16,,,
"Leg day 1","19 Jan 2026, 18:10","19 Jan 2026, 19:05","","Single Leg Extensions",,"1/2 reps each leg\nSlowly and controlling every move",3,"normal",12.5,16,,,
"Leg day 1","19 Jan 2026, 18:10","19 Jan 2026, 19:05","","Standing Calf Raise (Machine)",,"Each set in different position (straight/in/out)",0,"normal",5,15,,,
"Leg day 1","19 Jan 2026, 18:10","19 Jan 2026, 19:05","","Standing Calf Raise (Machine)",,"Each set in different position (straight/in/out)",1,"normal",5,15,,,
"Leg day 1","19 Jan 2026, 18:10","19 Jan 2026, 19:05","","Standing Calf Raise (Machine)",,"Each set in different position (straight/in/out)",2,"normal",5,15,,,
"Leg day 1","19 Jan 2026, 18:10","19 Jan 2026, 19:05","","Seated Leg Curl (Machine)",,"1/2 reps each leg\nSlowly and controlling every move",0,"normal",7.5,20,,,
"Leg day 1","19 Jan 2026, 18:10","19 Jan 2026, 19:05","","Seated Leg Curl (Machine)",,"1/2 reps each leg\nSlowly and controlling every move",1,"normal",10,20,,,
"Leg day 1","19 Jan 2026, 18:10","19 Jan 2026, 19:05","","Seated Leg Curl (Machine)",,"1/2 reps each leg\nSlowly and controlling every move",2,"normal",10,20,,,
"Tren Superior","17 Jan 2026, 18:52","17 Jan 2026, 19:27","","Bench Press (Barbell)",,"",0,"normal",40,10,,,
"Tren Superior","17 Jan 2026, 18:52","17 Jan 2026, 19:27","","Bench Press (Barbell)",,"",1,"normal",42.5,10,,,
"Tren Superior","17 Jan 2026, 18:52","17 Jan 2026, 19:27","","Bench Press (Barbell)",,"",2,"normal",45,10,,,
"Tren Superior","17 Jan 2026, 18:52","17 Jan 2026, 19:27","","Bench Press (Barbell)",,"",3,"normal",45,6,,,
"Tren Superior","17 Jan 2026, 18:52","17 Jan 2026, 19:27","","Iso-Lateral Row (Machine)",,"",0,"normal",10,10,,,
"Tren Superior","17 Jan 2026, 18:52","17 Jan 2026, 19:27","","Iso-Lateral Row (Machine)",,"",1,"normal",12.5,10,,,
"Tren Superior","17 Jan 2026, 18:52","17 Jan 2026, 19:27","","Iso-Lateral Row (Machine)",,"",2,"normal",12.5,8,,,
"I’m mtfkng back bitches","8 Jan 2026, 18:18","8 Jan 2026, 18:48","","Bench Press (Barbell)",,"",0,"normal",40,8,,,
"I’m mtfkng back bitches","8 Jan 2026, 18:18","8 Jan 2026, 18:48","","Bench Press (Barbell)",,"",1,"normal",40,8,,,
"I’m mtfkng back bitches","8 Jan 2026, 18:18","8 Jan 2026, 18:48","","Bench Press (Barbell)",,"",2,"normal",40,8,,,
"I’m mtfkng back bitches","8 Jan 2026, 18:18","8 Jan 2026, 18:48","","Bench Press (Barbell)",,"",3,"normal",40,10,,,
"I’m mtfkng back bitches","8 Jan 2026, 18:18","8 Jan 2026, 18:48","","Iso-Lateral Row (Machine)",,"T - machine",0,"normal",10,10,,,
"I’m mtfkng back bitches","8 Jan 2026, 18:18","8 Jan 2026, 18:48","","Iso-Lateral Row (Machine)",,"T - machine",1,"normal",12.5,10,,,
"I’m mtfkng back bitches","8 Jan 2026, 18:18","8 Jan 2026, 18:48","","Iso-Lateral Row (Machine)",,"T - machine",2,"normal",12.5,10,,,
"I’m mtfkng back bitches","8 Jan 2026, 18:18","8 Jan 2026, 18:48","","Iso-Lateral Row (Machine)",,"T - machine",3,"normal",15,8,,,
"Day 2: Upper Body Strength + Core Stability","30 Aug 2025, 19:16","30 Aug 2025, 20:16","","Bench Press (Barbell)",,"",0,"normal",50,8,,,
"Day 2: Upper Body Strength + Core Stability","30 Aug 2025, 19:16","30 Aug 2025, 20:16","","Bench Press (Barbell)",,"",1,"normal",50,6,,,
"Day 2: Upper Body Strength + Core Stability","30 Aug 2025, 19:16","30 Aug 2025, 20:16","","Bench Press (Barbell)",,"",2,"normal",50,8,,,
"Day 2: Upper Body Strength + Core Stability","30 Aug 2025, 19:16","30 Aug 2025, 20:16","","Bent Over Row (Barbell)",,"",0,"normal",40,10,,,
"Day 2: Upper Body Strength + Core Stability","30 Aug 2025, 19:16","30 Aug 2025, 20:16","","Bent Over Row (Barbell)",,"",1,"normal",50,8,,,
"Day 2: Upper Body Strength + Core Stability","30 Aug 2025, 19:16","30 Aug 2025, 20:16","","Bent Over Row (Barbell)",,"",2,"normal",50,8,,,
"Day 2: Upper Body Strength + Core Stability","30 Aug 2025, 19:16","30 Aug 2025, 20:16","","Bent Over Row (Barbell)",,"",3,"normal",50,8,,,
"Day 2: Upper Body Strength + Core Stability","30 Aug 2025, 19:16","30 Aug 2025, 20:16","","Standing Military Press (Barbell)",,"",0,"normal",20,12,,,
"Day 2: Upper Body Strength + Core Stability","30 Aug 2025, 19:16","30 Aug 2025, 20:16","","Standing Military Press (Barbell)",,"",1,"normal",20,12,,,
"Day 2: Upper Body Strength + Core Stability","17 Aug 2025, 17:57","17 Aug 2025, 19:01","","Bench Press (Barbell)",,"",0,"normal",50,8,,,
"Day 2: Upper Body Strength + Core Stability","17 Aug 2025, 17:57","17 Aug 2025, 19:01","","Bench Press (Barbell)",,"",1,"normal",50,8,,,
"Day 2: Upper Body Strength + Core Stability","17 Aug 2025, 17:57","17 Aug 2025, 19:01","","Bench Press (Barbell)",,"",2,"normal",50,6,,,
"Day 2: Upper Body Strength + Core Stability","17 Aug 2025, 17:57","17 Aug 2025, 19:01","","Bent Over Row (Barbell)",,"",0,"normal",50,10,,,
"Day 2: Upper Body Strength + Core Stability","17 Aug 2025, 17:57","17 Aug 2025, 19:01","","Bent Over Row (Barbell)",,"",1,"normal",50,10,,,
"Day 2: Upper Body Strength + Core Stability","17 Aug 2025, 17:57","17 Aug 2025, 19:01","","Bent Over Row (Barbell)",,"",2,"normal",50,8,,,
"Day 2: Upper Body Strength + Core Stability","17 Aug 2025, 17:57","17 Aug 2025, 19:01","","Bent Over Row (Barbell)",,"",3,"normal",50,8,,,
"Day 2: Upper Body Strength + Core Stability","17 Aug 2025, 17:57","17 Aug 2025, 19:01","","Pull Up (Assisted)",,"",0,"normal",23,2,,,
"Day 2: Upper Body Strength + Core Stability","17 Aug 2025, 17:57","17 Aug 2025, 19:01","","Pull Up (Assisted)",,"",1,"normal",27,6,,,
"Day 2: Upper Body Strength + Core Stability","17 Aug 2025, 17:57","17 Aug 2025, 19:01","","Pull Up (Assisted)",,"",2,"normal",32,8,,,
"Day 2: Upper Body Strength + Core Stability","17 Aug 2025, 17:57","17 Aug 2025, 19:01","","Standing Military Press (Barbell)",,"",0,"normal",20,12,,,
"Day 2: Upper Body Strength + Core Stability","17 Aug 2025, 17:57","17 Aug 2025, 19:01","","Standing Military Press (Barbell)",,"",1,"normal",20,12,,,
"Day 2: Upper Body Strength + Core Stability","17 Aug 2025, 17:57","17 Aug 2025, 19:01","","Standing Military Press (Barbell)",,"",2,"normal",20,12,,,
"Day 2: Upper Body Strength + Core Stability","17 Aug 2025, 17:57","17 Aug 2025, 19:01","","Cross Body Hammer Curl",0,"",0,"normal",16,10,,,
"Day 2: Upper Body Strength + Core Stability","17 Aug 2025, 17:57","17 Aug 2025, 19:01","","Cross Body Hammer Curl",0,"",1,"normal",16,8,,,
"Day 2: Upper Body Strength + Core Stability","17 Aug 2025, 17:57","17 Aug 2025, 19:01","","Cross Body Hammer Curl",0,"",2,"normal",16,8,,,
"Day 2: Upper Body Strength + Core Stability","17 Aug 2025, 17:57","17 Aug 2025, 19:01","","Triceps Dip (Assisted)",0,"",0,"normal",23,10,,,
"Day 2: Upper Body Strength + Core Stability","17 Aug 2025, 17:57","17 Aug 2025, 19:01","","Triceps Dip (Assisted)",0,"",1,"normal",23,7,,,
"Day 2: Upper Body Strength + Core Stability","17 Aug 2025, 17:57","17 Aug 2025, 19:01","","Triceps Dip (Assisted)",0,"",2,"normal",23,6,,,
"Day 1: Lower Body Strength","15 Aug 2025, 19:29","15 Aug 2025, 20:39","","Squat (Barbell)",,"",0,"normal",50,8,,,
"Day 1: Lower Body Strength","15 Aug 2025, 19:29","15 Aug 2025, 20:39","","Squat (Barbell)",,"",1,"normal",60,8,,,
"Day 1: Lower Body Strength","15 Aug 2025, 19:29","15 Aug 2025, 20:39","","Squat (Barbell)",,"",2,"normal",60,8,,,
"Day 1: Lower Body Strength","15 Aug 2025, 19:29","15 Aug 2025, 20:39","","Romanian Deadlift (Barbell)",,"",0,"normal",40,8,,,
"Day 1: Lower Body Strength","15 Aug 2025, 19:29","15 Aug 2025, 20:39","","Romanian Deadlift (Barbell)",,"",1,"normal",50,8,,,
"Day 1: Lower Body Strength","15 Aug 2025, 19:29","15 Aug 2025, 20:39","","Romanian Deadlift (Barbell)",,"",2,"normal",50,8,,,
"Day 1: Lower Body Strength","15 Aug 2025, 19:29","15 Aug 2025, 20:39","","Lunge (Dumbbell)",,"",0,"normal",12,16,,,
"Day 1: Lower Body Strength","15 Aug 2025, 19:29","15 Aug 2025, 20:39","","Lunge (Dumbbell)",,"",1,"normal",16,16,,,
"Day 1: Lower Body Strength","15 Aug 2025, 19:29","15 Aug 2025, 20:39","","Lunge (Dumbbell)",,"",2,"normal",20,16,,,
"Day 1: Lower Body Strength","15 Aug 2025, 19:29","15 Aug 2025, 20:39","","Standing Calf Raise (Machine)",,"",0,"normal",10,18,,,
"Day 1: Lower Body Strength","15 Aug 2025, 19:29","15 Aug 2025, 20:39","","Standing Calf Raise (Machine)",,"",1,"normal",10,18,,,
"Day 1: Lower Body Strength","15 Aug 2025, 19:29","15 Aug 2025, 20:39","","Standing Calf Raise (Machine)",,"",2,"normal",10,18,,,
"Day 2 R3: Upper Body Strength + Core Stability","8 Aug 2025, 20:42","8 Aug 2025, 21:53","","Bench Press (Barbell)",,"",0,"normal",50,6,,,
"Day 2 R3: Upper Body Strength + Core Stability","8 Aug 2025, 20:42","8 Aug 2025, 21:53","","Bench Press (Barbell)",,"",1,"normal",50,6,,,
"Day 2 R3: Upper Body Strength + Core Stability","8 Aug 2025, 20:42","8 Aug 2025, 21:53","","Bench Press (Barbell)",,"",2,"normal",50,6,,,
"Day 2 R3: Upper Body Strength + Core Stability","8 Aug 2025, 20:42","8 Aug 2025, 21:53","","Bent Over Row (Barbell)",,"",0,"normal",50,8,,,
"Day 2 R3: Upper Body Strength + Core Stability","8 Aug 2025, 20:42","8 Aug 2025, 21:53","","Bent Over Row (Barbell)",,"",1,"normal",50,8,,,
"Day 2 R3: Upper Body Strength + Core Stability","8 Aug 2025, 20:42","8 Aug 2025, 21:53","","Bent Over Row (Barbell)",,"",2,"normal",50,8,,,
"Day 2 R3: Upper Body Strength + Core Stability","8 Aug 2025, 20:42","8 Aug 2025, 21:53","","Bent Over Row (Barbell)",,"",3,"normal",50,8,,,
"Day 2 R3: Upper Body Strength + Core Stability","8 Aug 2025, 20:42","8 Aug 2025, 21:53","","Pull Up (Assisted)",,"",0,"normal",23,5,,,
"Day 2 R3: Upper Body Strength + Core Stability","8 Aug 2025, 20:42","8 Aug 2025, 21:53","","Pull Up (Assisted)",,"",1,"normal",27,5,,,
"Day 2 R3: Upper Body Strength + Core Stability","8 Aug 2025, 20:42","8 Aug 2025, 21:53","","Pull Up (Assisted)",,"",2,"normal",32,6,,,
"Day 2 R3: Upper Body Strength + Core Stability","8 Aug 2025, 20:42","8 Aug 2025, 21:53","","Standing Military Press (Barbell)",,"",0,"normal",15,12,,,
"Day 2 R3: Upper Body Strength + Core Stability","8 Aug 2025, 20:42","8 Aug 2025, 21:53","","Standing Military Press (Barbell)",,"",1,"normal",20,12,,,
"Day 2 R3: Upper Body Strength + Core Stability","8 Aug 2025, 20:42","8 Aug 2025, 21:53","","Standing Military Press (Barbell)",,"",2,"normal",20,12,,,
"Day 2 R3: Upper Body Strength + Core Stability","8 Aug 2025, 20:42","8 Aug 2025, 21:53","","EZ Bar Biceps Curl",0,"",0,"normal",20,10,,,
"Day 2 R3: Upper Body Strength + Core Stability","8 Aug 2025, 20:42","8 Aug 2025, 21:53","","EZ Bar Biceps Curl",0,"",1,"normal",20,10,,,
"Day 2 R3: Upper Body Strength + Core Stability","8 Aug 2025, 20:42","8 Aug 2025, 21:53","","EZ Bar Biceps Curl",0,"",2,"normal",15,12,,,
"Day 2 R3: Upper Body Strength + Core Stability","8 Aug 2025, 20:42","8 Aug 2025, 21:53","","Triceps Dip (Assisted)",0,"",0,"normal",23,8,,,
"Day 2 R3: Upper Body Strength + Core Stability","8 Aug 2025, 20:42","8 Aug 2025, 21:53","","Triceps Dip (Assisted)",0,"",1,"normal",23,8,,,
"Day 2 R3: Upper Body Strength + Core Stability","8 Aug 2025, 20:42","8 Aug 2025, 21:53","","Triceps Dip (Assisted)",0,"",2,"normal",23,8,,,
"Day 2 R3: Upper Body Strength + Core Stability","8 Aug 2025, 20:42","8 Aug 2025, 21:53","","Russian Twist (Weighted)",1,"",0,"normal",10,20,,,
"Day 2 R3: Upper Body Strength + Core Stability","8 Aug 2025, 20:42","8 Aug 2025, 21:53","","Russian Twist (Weighted)",1,"",1,"normal",10,20,,,
"Day 2 R3: Upper Body Strength + Core Stability","8 Aug 2025, 20:42","8 Aug 2025, 21:53","","Russian Twist (Weighted)",1,"",2,"normal",10,20,,,
"Day 2 R3: Upper Body Strength + Core Stability","8 Aug 2025, 20:42","8 Aug 2025, 21:53","","Plank Pushup",1,"Plank Shoulder Taps",0,"normal",,24,,,
"Day 2 R3: Upper Body Strength + Core Stability","8 Aug 2025, 20:42","8 Aug 2025, 21:53","","Plank Pushup",1,"Plank Shoulder Taps",1,"normal",,24,,,
"Day 2 R3: Upper Body Strength + Core Stability","8 Aug 2025, 20:42","8 Aug 2025, 21:53","","Plank Pushup",1,"Plank Shoulder Taps",2,"normal",,24,,,
"Day 1 - R3: Lower Body Strength + Core Stability","7 Aug 2025, 20:19","7 Aug 2025, 21:49","","Squat (Machine)",,"",0,"normal",70,10,,,
"Day 1 - R3: Lower Body Strength + Core Stability","7 Aug 2025, 20:19","7 Aug 2025, 21:49","","Squat (Machine)",,"",1,"normal",80,10,,,
"Day 1 - R3: Lower Body Strength + Core Stability","7 Aug 2025, 20:19","7 Aug 2025, 21:49","","Squat (Machine)",,"",2,"normal",90,10,,,
"Day 1 - R3: Lower Body Strength + Core Stability","7 Aug 2025, 20:19","7 Aug 2025, 21:49","","Squat (Machine)",,"",3,"normal",100,8,,,
"Day 1 - R3: Lower Body Strength + Core Stability","7 Aug 2025, 20:19","7 Aug 2025, 21:49","","Deadlift (Barbell)",,"",0,"normal",40,10,,,
"Day 1 - R3: Lower Body Strength + Core Stability","7 Aug 2025, 20:19","7 Aug 2025, 21:49","","Deadlift (Barbell)",,"",1,"normal",50,10,,,
"Day 1 - R3: Lower Body Strength + Core Stability","7 Aug 2025, 20:19","7 Aug 2025, 21:49","","Deadlift (Barbell)",,"",2,"normal",55,10,,,
"Day 1 - R3: Lower Body Strength + Core Stability","7 Aug 2025, 20:19","7 Aug 2025, 21:49","","Lunge (Dumbbell)",,"",0,"normal",8,16,,,
"Day 1 - R3: Lower Body Strength + Core Stability","7 Aug 2025, 20:19","7 Aug 2025, 21:49","","Lunge (Dumbbell)",,"",1,"normal",12,16,,,
"Day 1 - R3: Lower Body Strength + Core Stability","7 Aug 2025, 20:19","7 Aug 2025, 21:49","","Lunge (Dumbbell)",,"",2,"normal",16,16,,,
"Day 1 - R3: Lower Body Strength + Core Stability","7 Aug 2025, 20:19","7 Aug 2025, 21:49","","Standing Calf Raise (Machine)",,"",0,"normal",10,18,,,
"Day 1 - R3: Lower Body Strength + Core Stability","7 Aug 2025, 20:19","7 Aug 2025, 21:49","","Standing Calf Raise (Machine)",,"",1,"normal",11.25,18,,,
"Day 1 - R3: Lower Body Strength + Core Stability","7 Aug 2025, 20:19","7 Aug 2025, 21:49","","Standing Calf Raise (Machine)",,"",2,"normal",11.25,18,,,
"Day 1 - R3: Lower Body Strength + Core Stability","7 Aug 2025, 20:19","7 Aug 2025, 21:49","","Plank",,"",0,"normal",,,,60,
"Day 1 - R3: Lower Body Strength + Core Stability","7 Aug 2025, 20:19","7 Aug 2025, 21:49","","Plank",,"",1,"normal",,,,60,
"Day 1 - R3: Lower Body Strength + Core Stability","7 Aug 2025, 20:19","7 Aug 2025, 21:49","","Plank",,"",2,"normal",,,,60,
"Day 1 - R3: Lower Body Strength + Core Stability","7 Aug 2025, 20:19","7 Aug 2025, 21:49","","Side Plank",,"",0,"normal",,,,60,
"Day 1 - R3: Lower Body Strength + Core Stability","7 Aug 2025, 20:19","7 Aug 2025, 21:49","","Side Plank",,"",1,"normal",,,,60,
"Day 1 - R3: Lower Body Strength + Core Stability","7 Aug 2025, 20:19","7 Aug 2025, 21:49","","Side Plank",,"",2,"normal",,,,60,
"Day 2 - R2: Upper Body Strength + Core Stability","29 Jul 2025, 19:51","29 Jul 2025, 21:18","","Incline Bench Press (Dumbbell)",1,"",0,"normal",32,10,,,
"Day 2 - R2: Upper Body Strength + Core Stability","29 Jul 2025, 19:51","29 Jul 2025, 21:18","","Incline Bench Press (Dumbbell)",1,"",1,"normal",36,8,,,
"Day 2 - R2: Upper Body Strength + Core Stability","29 Jul 2025, 19:51","29 Jul 2025, 21:18","","Incline Bench Press (Dumbbell)",1,"",2,"normal",40,8,,,
"Day 2 - R2: Upper Body Strength + Core Stability","29 Jul 2025, 19:51","29 Jul 2025, 21:18","","Incline Bench Press (Dumbbell)",1,"",3,"normal",40,8,,,
"Day 2 - R2: Upper Body Strength + Core Stability","29 Jul 2025, 19:51","29 Jul 2025, 21:18","","Pullover (Dumbbell)",1,"",0,"normal",10,10,,,
"Day 2 - R2: Upper Body Strength + Core Stability","29 Jul 2025, 19:51","29 Jul 2025, 21:18","","Pullover (Dumbbell)",1,"",1,"normal",8,12,,,
"Day 2 - R2: Upper Body Strength + Core Stability","29 Jul 2025, 19:51","29 Jul 2025, 21:18","","Pullover (Dumbbell)",1,"",2,"normal",8,12,,,
"Day 2 - R2: Upper Body Strength + Core Stability","29 Jul 2025, 19:51","29 Jul 2025, 21:18","","Pullover (Dumbbell)",1,"",3,"normal",8,12,,,
"Day 2 - R2: Upper Body Strength + Core Stability","29 Jul 2025, 19:51","29 Jul 2025, 21:18","","Standing Military Press (Barbell)",2,"",0,"normal",15,12,,,
"Day 2 - R2: Upper Body Strength + Core Stability","29 Jul 2025, 19:51","29 Jul 2025, 21:18","","Standing Military Press (Barbell)",2,"",1,"normal",15,12,,,
"Day 2 - R2: Upper Body Strength + Core Stability","29 Jul 2025, 19:51","29 Jul 2025, 21:18","","Standing Military Press (Barbell)",2,"",2,"normal",15,12,,,
"Day 2 - R2: Upper Body Strength + Core Stability","29 Jul 2025, 19:51","29 Jul 2025, 21:18","","Pull Up (Assisted)",2,"",0,"normal",32,8,,,
"Day 2 - R2: Upper Body Strength + Core Stability","29 Jul 2025, 19:51","29 Jul 2025, 21:18","","Pull Up (Assisted)",2,"",1,"normal",32,8,,,
"Day 2 - R2: Upper Body Strength + Core Stability","29 Jul 2025, 19:51","29 Jul 2025, 21:18","","Pull Up (Assisted)",2,"",2,"normal",32,8,,,
"Day 2 - R2: Upper Body Strength + Core Stability","29 Jul 2025, 19:51","29 Jul 2025, 21:18","","EZ Bar Biceps Curl",0,"",0,"normal",15,15,,,
"Day 2 - R2: Upper Body Strength + Core Stability","29 Jul 2025, 19:51","29 Jul 2025, 21:18","","EZ Bar Biceps Curl",0,"",1,"normal",15,15,,,
"Day 2 - R2: Upper Body Strength + Core Stability","29 Jul 2025, 19:51","29 Jul 2025, 21:18","","EZ Bar Biceps Curl",0,"",2,"normal",15,12,,,
"Day 2 - R2: Upper Body Strength + Core Stability","29 Jul 2025, 19:51","29 Jul 2025, 21:18","","Triceps Dip (Assisted)",0,"",0,"normal",32,8,,,
"Day 2 - R2: Upper Body Strength + Core Stability","29 Jul 2025, 19:51","29 Jul 2025, 21:18","","Triceps Dip (Assisted)",0,"",1,"normal",27,8,,,
"Day 2 - R2: Upper Body Strength + Core Stability","29 Jul 2025, 19:51","29 Jul 2025, 21:18","","Triceps Dip (Assisted)",0,"",2,"normal",23,8,,,
"Day 2 - R2: Upper Body Strength + Core Stability","29 Jul 2025, 19:51","29 Jul 2025, 21:18","","Russian Twist (Weighted)",3,"",0,"normal",5,20,,,
"Day 2 - R2: Upper Body Strength + Core Stability","29 Jul 2025, 19:51","29 Jul 2025, 21:18","","Russian Twist (Weighted)",3,"",1,"normal",5,20,,,
"Day 2 - R2: Upper Body Strength + Core Stability","29 Jul 2025, 19:51","29 Jul 2025, 21:18","","Russian Twist (Weighted)",3,"",2,"normal",5,20,,,
"Day 2 - R2: Upper Body Strength + Core Stability","29 Jul 2025, 19:51","29 Jul 2025, 21:18","","Plank Pushup",3,"",0,"normal",,24,,,
"Day 2 - R2: Upper Body Strength + Core Stability","29 Jul 2025, 19:51","29 Jul 2025, 21:18","","Plank Pushup",3,"",1,"normal",,24,,,
"Day 2 - R2: Upper Body Strength + Core Stability","29 Jul 2025, 19:51","29 Jul 2025, 21:18","","Plank Pushup",3,"",2,"normal",,24,,,
"Day 1 - R2: Lower Body Strength + Core Stability","28 Jul 2025, 21:43","28 Jul 2025, 22:56","","Squat (Barbell)",,"",0,"normal",50,6,,,
"Day 1 - R2: Lower Body Strength + Core Stability","28 Jul 2025, 21:43","28 Jul 2025, 22:56","","Squat (Barbell)",,"",1,"normal",50,6,,,
"Day 1 - R2: Lower Body Strength + Core Stability","28 Jul 2025, 21:43","28 Jul 2025, 22:56","","Squat (Barbell)",,"",2,"normal",60,6,,,
"Day 1 - R2: Lower Body Strength + Core Stability","28 Jul 2025, 21:43","28 Jul 2025, 22:56","","Romanian Deadlift (Dumbbell)",,"",0,"normal",32,8,,,
"Day 1 - R2: Lower Body Strength + Core Stability","28 Jul 2025, 21:43","28 Jul 2025, 22:56","","Romanian Deadlift (Dumbbell)",,"",1,"normal",40,8,,,
"Day 1 - R2: Lower Body Strength + Core Stability","28 Jul 2025, 21:43","28 Jul 2025, 22:56","","Romanian Deadlift (Dumbbell)",,"",2,"normal",48,8,,,
"Day 1 - R2: Lower Body Strength + Core Stability","28 Jul 2025, 21:43","28 Jul 2025, 22:56","","Lunge (Dumbbell)",,"",0,"normal",8,16,,,
"Day 1 - R2: Lower Body Strength + Core Stability","28 Jul 2025, 21:43","28 Jul 2025, 22:56","","Lunge (Dumbbell)",,"",1,"normal",12,14,,,
"Day 1 - R2: Lower Body Strength + Core Stability","28 Jul 2025, 21:43","28 Jul 2025, 22:56","","Lunge (Dumbbell)",,"",2,"normal",12,12,,,
"Day 1 - R2: Lower Body Strength + Core Stability","28 Jul 2025, 21:43","28 Jul 2025, 22:56","","Standing Calf Raise (Machine)",,"",0,"normal",10,18,,,
"Day 1 - R2: Lower Body Strength + Core Stability","28 Jul 2025, 21:43","28 Jul 2025, 22:56","","Standing Calf Raise (Machine)",,"",1,"normal",10,18,,,
"Day 1 - R2: Lower Body Strength + Core Stability","28 Jul 2025, 21:43","28 Jul 2025, 22:56","","Standing Calf Raise (Machine)",,"",2,"normal",10,15,,,
"Day 1 - R2: Lower Body Strength + Core Stability","28 Jul 2025, 21:43","28 Jul 2025, 22:56","","Plank",,"",0,"normal",,,,60,
"Day 1 - R2: Lower Body Strength + Core Stability","28 Jul 2025, 21:43","28 Jul 2025, 22:56","","Plank",,"",1,"normal",,,,60,
"Day 1 - R2: Lower Body Strength + Core Stability","28 Jul 2025, 21:43","28 Jul 2025, 22:56","","Plank",,"",2,"normal",,,,60,
"Day 1 - R2: Lower Body Strength + Core Stability","28 Jul 2025, 21:43","28 Jul 2025, 22:56","","Side Plank",,"",0,"normal",,,,60,
"Day 1 - R2: Lower Body Strength + Core Stability","28 Jul 2025, 21:43","28 Jul 2025, 22:56","","Side Plank",,"",1,"normal",,,,60,
"Day 1 - R2: Lower Body Strength + Core Stability","28 Jul 2025, 21:43","28 Jul 2025, 22:56","","Side Plank",,"",2,"normal",,,,60,
"Day 3: Power & Explosiveness","24 Jul 2025, 21:02","24 Jul 2025, 21:55","","Dumbell Jump Squat",,"",0,"normal",16,5,,,
"Day 3: Power & Explosiveness","24 Jul 2025, 21:02","24 Jul 2025, 21:55","","Dumbell Jump Squat",,"",1,"normal",20,5,,,
"Day 3: Power & Explosiveness","24 Jul 2025, 21:02","24 Jul 2025, 21:55","","Dumbell Jump Squat",,"",2,"normal",20,5,,,
"Day 3: Power & Explosiveness","24 Jul 2025, 21:02","24 Jul 2025, 21:55","","Dumbell Jump Squat",,"",3,"normal",20,5,,,
"Day 3: Power & Explosiveness","24 Jul 2025, 21:02","24 Jul 2025, 21:55","","Seated Medicine Ball Chest Throws (Wall or Partner)",0,"",0,"normal",8,5,,,
"Day 3: Power & Explosiveness","24 Jul 2025, 21:02","24 Jul 2025, 21:55","","Seated Medicine Ball Chest Throws (Wall or Partner)",0,"",1,"normal",8,5,,,
"Day 3: Power & Explosiveness","24 Jul 2025, 21:02","24 Jul 2025, 21:55","","Seated Medicine Ball Chest Throws (Wall or Partner)",0,"",2,"normal",8,5,,,
"Day 3: Power & Explosiveness","24 Jul 2025, 21:02","24 Jul 2025, 21:55","","Seated Medicine Ball Chest Throws (Wall or Partner)",0,"",3,"normal",8,5,,,
"Day 3: Power & Explosiveness","24 Jul 2025, 21:02","24 Jul 2025, 21:55","","Kneeling Ball Slams",0,"",0,"normal",8,5,,,
"Day 3: Power & Explosiveness","24 Jul 2025, 21:02","24 Jul 2025, 21:55","","Kneeling Ball Slams",0,"",1,"normal",8,5,,,
"Day 3: Power & Explosiveness","24 Jul 2025, 21:02","24 Jul 2025, 21:55","","Kneeling Ball Slams",0,"",2,"normal",8,5,,,
"Day 3: Power & Explosiveness","24 Jul 2025, 21:02","24 Jul 2025, 21:55","","Kneeling Ball Slams",0,"",3,"normal",8,5,,,
"Day 3: Power & Explosiveness","24 Jul 2025, 21:02","24 Jul 2025, 21:55","","Lateral Bounds (side-to-side power jumps)",,"",0,"normal",,12,,,
"Day 3: Power & Explosiveness","24 Jul 2025, 21:02","24 Jul 2025, 21:55","","Lateral Bounds (side-to-side power jumps)",,"",1,"normal",,12,,,
"Day 3: Power & Explosiveness","24 Jul 2025, 21:02","24 Jul 2025, 21:55","","Lateral Bounds (side-to-side power jumps)",,"",2,"normal",,12,,,
"Day 3: Power & Explosiveness","24 Jul 2025, 21:02","24 Jul 2025, 21:55","","Depth Jump (from low box)",,"",0,"normal",,4,,,
"Day 3: Power & Explosiveness","24 Jul 2025, 21:02","24 Jul 2025, 21:55","","Depth Jump (from low box)",,"",1,"normal",,4,,,
"Day 3: Power & Explosiveness","24 Jul 2025, 21:02","24 Jul 2025, 21:55","","Depth Jump (from low box)",,"",2,"normal",,5,,,
"Day 3: Power & Explosiveness","24 Jul 2025, 21:02","24 Jul 2025, 21:55","","Dead Bug",1,"",0,"normal",,16,,,
"Day 3: Power & Explosiveness","24 Jul 2025, 21:02","24 Jul 2025, 21:55","","Dead Bug",1,"",1,"normal",,16,,,
"Day 3: Power & Explosiveness","24 Jul 2025, 21:02","24 Jul 2025, 21:55","","Dead Bug",1,"",2,"normal",,16,,,
"Day 3: Power & Explosiveness","24 Jul 2025, 21:02","24 Jul 2025, 21:55","","Side Plank",1,"With leg raise",0,"normal",,,,60,
"Day 3: Power & Explosiveness","24 Jul 2025, 21:02","24 Jul 2025, 21:55","","Side Plank",1,"With leg raise",1,"normal",,,,60,
"Day 3: Power & Explosiveness","24 Jul 2025, 21:02","24 Jul 2025, 21:55","","Side Plank",1,"With leg raise",2,"normal",,,,60,
"Day 2: Upper Body Strength + Core Stability","22 Jul 2025, 19:35","22 Jul 2025, 20:46","","Bench Press (Barbell)",,"Push explosively, control the lowering phase",0,"normal",40,10,,,
"Day 2: Upper Body Strength + Core Stability","22 Jul 2025, 19:35","22 Jul 2025, 20:46","","Bench Press (Barbell)",,"Push explosively, control the lowering phase",1,"normal",45,10,,,
"Day 2: Upper Body Strength + Core Stability","22 Jul 2025, 19:35","22 Jul 2025, 20:46","","Bench Press (Barbell)",,"Push explosively, control the lowering phase",2,"normal",47.5,8,,,
"Day 2: Upper Body Strength + Core Stability","22 Jul 2025, 19:35","22 Jul 2025, 20:46","","Bent Over Row (Barbell)",,"Keep your back straight and squeeze shoulder blades",0,"normal",40,10,,,
"Day 2: Upper Body Strength + Core Stability","22 Jul 2025, 19:35","22 Jul 2025, 20:46","","Bent Over Row (Barbell)",,"Keep your back straight and squeeze shoulder blades",1,"normal",45,10,,,
"Day 2: Upper Body Strength + Core Stability","22 Jul 2025, 19:35","22 Jul 2025, 20:46","","Bent Over Row (Barbell)",,"Keep your back straight and squeeze shoulder blades",2,"normal",50,10,,,
"Day 2: Upper Body Strength + Core Stability","22 Jul 2025, 19:35","22 Jul 2025, 20:46","","Bent Over Row (Barbell)",,"Keep your back straight and squeeze shoulder blades",3,"normal",50,10,,,
"Day 2: Upper Body Strength + Core Stability","22 Jul 2025, 19:35","22 Jul 2025, 20:46","","Overhead Press (Barbell)",,"Tighten your core, glutes engaged, press overhead with control",0,"normal",15,10,,,
"Day 2: Upper Body Strength + Core Stability","22 Jul 2025, 19:35","22 Jul 2025, 20:46","","Overhead Press (Barbell)",,"Tighten your core, glutes engaged, press overhead with control",1,"normal",20,10,,,
"Day 2: Upper Body Strength + Core Stability","22 Jul 2025, 19:35","22 Jul 2025, 20:46","","Overhead Press (Barbell)",,"Tighten your core, glutes engaged, press overhead with control",2,"normal",20,10,,,
"Day 2: Upper Body Strength + Core Stability","22 Jul 2025, 19:35","22 Jul 2025, 20:46","","Chest Dip (Assisted)",,"Engage your core and go deep, but safely — controlled descent",0,"normal",18,8,,,
"Day 2: Upper Body Strength + Core Stability","22 Jul 2025, 19:35","22 Jul 2025, 20:46","","Chest Dip (Assisted)",,"Engage your core and go deep, but safely — controlled descent",1,"normal",23,6,,,
"Day 2: Upper Body Strength + Core Stability","22 Jul 2025, 19:35","22 Jul 2025, 20:46","","Chest Dip (Assisted)",,"Engage your core and go deep, but safely — controlled descent",2,"normal",27,8,,,
"Day 2: Upper Body Strength + Core Stability","22 Jul 2025, 19:35","22 Jul 2025, 20:46","","Russian Twist (Bodyweight)",,"Controlled and tight — avoid momentum\n(1/2 reps a casa lado)",0,"normal",,40,,,
"Day 2: Upper Body Strength + Core Stability","22 Jul 2025, 19:35","22 Jul 2025, 20:46","","Russian Twist (Bodyweight)",,"Controlled and tight — avoid momentum\n(1/2 reps a casa lado)",1,"normal",,40,,,
"Day 2: Upper Body Strength + Core Stability","22 Jul 2025, 19:35","22 Jul 2025, 20:46","","Russian Twist (Bodyweight)",,"Controlled and tight — avoid momentum\n(1/2 reps a casa lado)",2,"normal",,40,,,
"Day 2: Upper Body Strength + Core Stability","22 Jul 2025, 19:35","22 Jul 2025, 20:46","","Bicep Curl (Dumbbell)",0,"",0,"normal",12,12,,,
"Day 2: Upper Body Strength + Core Stability","22 Jul 2025, 19:35","22 Jul 2025, 20:46","","Bicep Curl (Dumbbell)",0,"",1,"normal",16,12,,,
"Day 2: Upper Body Strength + Core Stability","22 Jul 2025, 19:35","22 Jul 2025, 20:46","","Bicep Curl (Dumbbell)",0,"",2,"normal",16,10,,,
"Day 2: Upper Body Strength + Core Stability","22 Jul 2025, 19:35","22 Jul 2025, 20:46","","Single Arm Tricep Extension (Dumbbell)",0,"",0,"normal",12,12,,,
"Day 2: Upper Body Strength + Core Stability","22 Jul 2025, 19:35","22 Jul 2025, 20:46","","Single Arm Tricep Extension (Dumbbell)",0,"",1,"normal",16,8,,,
"Day 2: Upper Body Strength + Core Stability","22 Jul 2025, 19:35","22 Jul 2025, 20:46","","Single Arm Tricep Extension (Dumbbell)",0,"",2,"normal",16,8,,,
"Day 1: Fuerza inferior + Estabilidad core","20 Jul 2025, 19:47","20 Jul 2025, 21:29","","Squat (Barbell)",,"",0,"normal",50,12,,,
"Day 1: Fuerza inferior + Estabilidad core","20 Jul 2025, 19:47","20 Jul 2025, 21:29","","Squat (Barbell)",,"",1,"normal",60,10,,,
"Day 1: Fuerza inferior + Estabilidad core","20 Jul 2025, 19:47","20 Jul 2025, 21:29","","Squat (Barbell)",,"",2,"normal",70,6,,,
"Day 1: Fuerza inferior + Estabilidad core","20 Jul 2025, 19:47","20 Jul 2025, 21:29","","Deadlift (Barbell)",,"",0,"normal",40,12,,,
"Day 1: Fuerza inferior + Estabilidad core","20 Jul 2025, 19:47","20 Jul 2025, 21:29","","Deadlift (Barbell)",,"",1,"normal",50,12,,,
"Day 1: Fuerza inferior + Estabilidad core","20 Jul 2025, 19:47","20 Jul 2025, 21:29","","Deadlift (Barbell)",,"",2,"normal",60,12,,,
"Day 1: Fuerza inferior + Estabilidad core","20 Jul 2025, 19:47","20 Jul 2025, 21:29","","Lunge (Dumbbell)",,"1/2 reps / cada pierna",0,"normal",8,18,,,
"Day 1: Fuerza inferior + Estabilidad core","20 Jul 2025, 19:47","20 Jul 2025, 21:29","","Lunge (Dumbbell)",,"1/2 reps / cada pierna",1,"normal",8,18,,,
"Day 1: Fuerza inferior + Estabilidad core","20 Jul 2025, 19:47","20 Jul 2025, 21:29","","Lunge (Dumbbell)",,"1/2 reps / cada pierna",2,"normal",8,16,,,
"Day 1: Fuerza inferior + Estabilidad core","20 Jul 2025, 19:47","20 Jul 2025, 21:29","","Standing Calf Raise (Machine)",,"40/30/30% - recto/int/ext",0,"normal",10,20,,,
"Day 1: Fuerza inferior + Estabilidad core","20 Jul 2025, 19:47","20 Jul 2025, 21:29","","Standing Calf Raise (Machine)",,"40/30/30% - recto/int/ext",1,"normal",10,20,,,
"Day 1: Fuerza inferior + Estabilidad core","20 Jul 2025, 19:47","20 Jul 2025, 21:29","","Standing Calf Raise (Machine)",,"40/30/30% - recto/int/ext",2,"normal",10,20,,,
"Day 1: Fuerza inferior + Estabilidad core","20 Jul 2025, 19:47","20 Jul 2025, 21:29","","Plank",,"",0,"normal",,,,60,
"Day 1: Fuerza inferior + Estabilidad core","20 Jul 2025, 19:47","20 Jul 2025, 21:29","","Plank",,"",1,"normal",,,,60,
"Day 1: Fuerza inferior + Estabilidad core","20 Jul 2025, 19:47","20 Jul 2025, 21:29","","Plank",,"",2,"normal",,,,60,
"Saturday evening - Back & biceps","19 Jul 2025, 19:55","19 Jul 2025, 21:00","","Chin Up (Assisted)",,"",0,"normal",32,8,,,
"Saturday evening - Back & biceps","19 Jul 2025, 19:55","19 Jul 2025, 21:00","","Chin Up (Assisted)",,"",1,"normal",32,8,,,
"Saturday evening - Back & biceps","19 Jul 2025, 19:55","19 Jul 2025, 21:00","","Chin Up (Assisted)",,"",2,"normal",32,8,,,
"Saturday evening - Back & biceps","19 Jul 2025, 19:55","19 Jul 2025, 21:00","","Bent Over Row (Barbell)",,"",0,"normal",40,12,,,
"Saturday evening - Back & biceps","19 Jul 2025, 19:55","19 Jul 2025, 21:00","","Bent Over Row (Barbell)",,"",1,"normal",50,8,,,
"Saturday evening - Back & biceps","19 Jul 2025, 19:55","19 Jul 2025, 21:00","","Bent Over Row (Barbell)",,"",2,"normal",50,8,,,
"Saturday evening - Back & biceps","19 Jul 2025, 19:55","19 Jul 2025, 21:00","","Bent Over Row (Barbell)",,"",3,"normal",50,9,,,
"Saturday evening - Back & biceps","19 Jul 2025, 19:55","19 Jul 2025, 21:00","","Rear Delt Reverse Fly (Machine)",,"",0,"normal",32,12,,,
"Saturday evening - Back & biceps","19 Jul 2025, 19:55","19 Jul 2025, 21:00","","Rear Delt Reverse Fly (Machine)",,"",1,"normal",39,12,,,
"Saturday evening - Back & biceps","19 Jul 2025, 19:55","19 Jul 2025, 21:00","","Rear Delt Reverse Fly (Machine)",,"",2,"normal",45,8,,,
"Saturday evening - Back & biceps","19 Jul 2025, 19:55","19 Jul 2025, 21:00","","Rear Delt Reverse Fly (Machine)",,"",3,"normal",45,8,,,
"Saturday evening - Back & biceps","19 Jul 2025, 19:55","19 Jul 2025, 21:00","","Cross Body Hammer Curl",,"",0,"normal",16,12,,,
"Saturday evening - Back & biceps","19 Jul 2025, 19:55","19 Jul 2025, 21:00","","Cross Body Hammer Curl",,"",1,"normal",20,8,,,
"Saturday evening - Back & biceps","19 Jul 2025, 19:55","19 Jul 2025, 21:00","","Cross Body Hammer Curl",,"",2,"normal",20,8,,,
"Saturday evening - Back & biceps","19 Jul 2025, 19:55","19 Jul 2025, 21:00","","Cross Body Hammer Curl",,"",3,"normal",20,8,,,
"Saturday evening - Back & biceps","19 Jul 2025, 19:55","19 Jul 2025, 21:00","","EZ Bar Biceps Curl",,"",0,"normal",15,12,,,
"Saturday evening - Back & biceps","19 Jul 2025, 19:55","19 Jul 2025, 21:00","","EZ Bar Biceps Curl",,"",1,"normal",20,6,,,
"Chest - Friday night","11 Jul 2025, 21:36","11 Jul 2025, 22:16","","Bench Press (Barbell)",,"",0,"normal",40,12,,,
"Chest - Friday night","11 Jul 2025, 21:36","11 Jul 2025, 22:16","","Bench Press (Barbell)",,"",1,"normal",42.5,10,,,
"Chest - Friday night","11 Jul 2025, 21:36","11 Jul 2025, 22:16","","Bench Press (Barbell)",,"",2,"normal",45,8,,,
"Chest - Friday night","11 Jul 2025, 21:36","11 Jul 2025, 22:16","","Bench Press (Barbell)",,"",3,"normal",45,6,,,
"Chest - Friday night","11 Jul 2025, 21:36","11 Jul 2025, 22:16","","Incline Bench Press (Dumbbell)",,"",0,"normal",32,10,,,
"Chest - Friday night","11 Jul 2025, 21:36","11 Jul 2025, 22:16","","Incline Bench Press (Dumbbell)",,"",1,"normal",32,8,,,
"Chest - Friday night","11 Jul 2025, 21:36","11 Jul 2025, 22:16","","Incline Bench Press (Dumbbell)",,"",2,"normal",32,7,,,
"Chest - Friday night","11 Jul 2025, 21:36","11 Jul 2025, 22:16","","Cable Fly Crossovers",,"",0,"normal",36,8,,,
"Chest - Friday night","11 Jul 2025, 21:36","11 Jul 2025, 22:16","","Cable Fly Crossovers",,"",1,"normal",36,12,,,
"Chest - Friday night","11 Jul 2025, 21:36","11 Jul 2025, 22:16","","Cable Fly Crossovers",,"",2,"normal",40.6,9,,,
"Chest - Friday night","11 Jul 2025, 21:36","11 Jul 2025, 22:16","","Cable Fly Crossovers",,"",3,"normal",36,20,,,
"Chest - Friday night","11 Jul 2025, 21:36","11 Jul 2025, 22:16","","Cable Fly Crossovers",,"",4,"normal",28,20,,,
"Chest - Friday night","11 Jul 2025, 21:36","11 Jul 2025, 22:16","","Butterfly (Pec Deck)",,"",0,"normal",45,12,,,
"Chest - Friday night","11 Jul 2025, 21:36","11 Jul 2025, 22:16","","Butterfly (Pec Deck)",,"",1,"normal",45,12,,,
"Chest - Friday night","11 Jul 2025, 21:36","11 Jul 2025, 22:16","","Butterfly (Pec Deck)",,"",2,"normal",52,8,,,
"Chest - Friday night","11 Jul 2025, 21:36","11 Jul 2025, 22:16","","Butterfly (Pec Deck)",,"",3,"normal",45,4,,,
"Chest - Friday night","11 Jul 2025, 21:36","11 Jul 2025, 22:16","","Butterfly (Pec Deck)",,"",4,"normal",39,6,,,
"Chest - Friday night","11 Jul 2025, 21:36","11 Jul 2025, 22:16","","Butterfly (Pec Deck)",,"",5,"normal",32,8,,,
"Arm Blaster","8 Jul 2025, 20:22","8 Jul 2025, 21:37","","EZ Bar Biceps Curl",,"",0,"normal",10,12,,,
"Arm Blaster","8 Jul 2025, 20:22","8 Jul 2025, 21:37","","EZ Bar Biceps Curl",,"",1,"normal",15,12,,,
"Arm Blaster","8 Jul 2025, 20:22","8 Jul 2025, 21:37","","EZ Bar Biceps Curl",,"",2,"normal",20,8,,,
"Arm Blaster","8 Jul 2025, 20:22","8 Jul 2025, 21:37","","EZ Bar Biceps Curl",,"",3,"normal",20,8,,,
"Arm Blaster","8 Jul 2025, 20:22","8 Jul 2025, 21:37","","Triceps Rope Pushdown",,"",0,"normal",32,12,,,
"Arm Blaster","8 Jul 2025, 20:22","8 Jul 2025, 21:37","","Triceps Rope Pushdown",,"",1,"normal",36,8,,,
"Arm Blaster","8 Jul 2025, 20:22","8 Jul 2025, 21:37","","Triceps Rope Pushdown",,"",2,"normal",34.3,6,,,
"Arm Blaster","8 Jul 2025, 20:22","8 Jul 2025, 21:37","","Triceps Rope Pushdown",,"",3,"normal",32,6,,,
"Arm Blaster","8 Jul 2025, 20:22","8 Jul 2025, 21:37","","Face Pull",,"",0,"normal",27,15,,,
"Arm Blaster","8 Jul 2025, 20:22","8 Jul 2025, 21:37","","Face Pull",,"",1,"normal",32,15,,,
"Arm Blaster","8 Jul 2025, 20:22","8 Jul 2025, 21:37","","Triceps Extension (Dumbbell)",1,"",0,"normal",12,12,,,
"Arm Blaster","8 Jul 2025, 20:22","8 Jul 2025, 21:37","","Triceps Extension (Dumbbell)",1,"",1,"normal",16,5,,,
"Arm Blaster","8 Jul 2025, 20:22","8 Jul 2025, 21:37","","Triceps Extension (Dumbbell)",1,"",2,"normal",16,6,,,
"Arm Blaster","8 Jul 2025, 20:22","8 Jul 2025, 21:37","","Triceps Extension (Dumbbell)",1,"",3,"normal",16,6,,,
"Arm Blaster","8 Jul 2025, 20:22","8 Jul 2025, 21:37","","Bicep Curl (Dumbbell)",1,"",0,"normal",12,12,,,
"Arm Blaster","8 Jul 2025, 20:22","8 Jul 2025, 21:37","","Bicep Curl (Dumbbell)",1,"",1,"normal",16,10,,,
"Arm Blaster","8 Jul 2025, 20:22","8 Jul 2025, 21:37","","Bicep Curl (Dumbbell)",1,"",2,"normal",16,8,,,
"Arm Blaster","8 Jul 2025, 20:22","8 Jul 2025, 21:37","","Bicep Curl (Dumbbell)",1,"",3,"normal",16,8,,,
"Arm Blaster","8 Jul 2025, 20:22","8 Jul 2025, 21:37","","Single Arm Curl (Cable)",,"1/2 kg con cada brazo\nSin agarre, cogiendo la bola directamente",0,"normal",9,12,,,
"Arm Blaster","8 Jul 2025, 20:22","8 Jul 2025, 21:37","","Single Arm Curl (Cable)",,"1/2 kg con cada brazo\nSin agarre, cogiendo la bola directamente",1,"normal",13.6,12,,,
"Arm Blaster","8 Jul 2025, 20:22","8 Jul 2025, 21:37","","Single Arm Curl (Cable)",,"1/2 kg con cada brazo\nSin agarre, cogiendo la bola directamente",2,"normal",18,8,,,
"Arm Blaster","8 Jul 2025, 20:22","8 Jul 2025, 21:37","","Single Arm Curl (Cable)",,"1/2 kg con cada brazo\nSin agarre, cogiendo la bola directamente",3,"normal",18,8,,,
"Arm Blaster","8 Jul 2025, 20:22","8 Jul 2025, 21:37","","Triceps Pushdown",,"",0,"normal",32,12,,,
"Arm Blaster","8 Jul 2025, 20:22","8 Jul 2025, 21:37","","Triceps Pushdown",,"",1,"normal",34.3,12,,,
"Arm Blaster","8 Jul 2025, 20:22","8 Jul 2025, 21:37","","Triceps Pushdown",,"",2,"normal",36,6,,,
"Arm Blaster","8 Jul 2025, 20:22","8 Jul 2025, 21:37","","Triceps Pushdown",,"",3,"normal",34.3,10,,,
"Arm Blaster","8 Jul 2025, 20:22","8 Jul 2025, 21:37","","Preacher Curl (Machine)",,"",0,"normal",23,11,,,
"Arm Blaster","8 Jul 2025, 20:22","8 Jul 2025, 21:37","","Preacher Curl (Machine)",,"",1,"normal",27,4,,,
"Arm Blaster","8 Jul 2025, 20:22","8 Jul 2025, 21:37","","Preacher Curl (Machine)",,"",2,"normal",23,4,,,
"Arm Blaster","8 Jul 2025, 20:22","8 Jul 2025, 21:37","","Preacher Curl (Machine)",,"",3,"normal",18,1,,,
"Arm Blaster","8 Jul 2025, 20:22","8 Jul 2025, 21:37","","Preacher Curl (Machine)",,"",4,"normal",14,4,,,
"Arm Blaster","8 Jul 2025, 20:22","8 Jul 2025, 21:37","","Preacher Curl (Machine)",,"",5,"normal",9,8,,,
"Back & Shoulders - Sunday","6 Jul 2025, 18:54","6 Jul 2025, 20:33","","Bent Over Row (Barbell)",,"",0,"normal",40,12,,,
"Back & Shoulders - Sunday","6 Jul 2025, 18:54","6 Jul 2025, 20:33","","Bent Over Row (Barbell)",,"",1,"normal",45,12,,,
"Back & Shoulders - Sunday","6 Jul 2025, 18:54","6 Jul 2025, 20:33","","Bent Over Row (Barbell)",,"",2,"normal",50,8,,,
"Back & Shoulders - Sunday","6 Jul 2025, 18:54","6 Jul 2025, 20:33","","Bent Over Row (Barbell)",,"",3,"normal",50,10,,,
"Back & Shoulders - Sunday","6 Jul 2025, 18:54","6 Jul 2025, 20:33","","Dumbbell Row",0,"",0,"normal",32,12,,,
"Back & Shoulders - Sunday","6 Jul 2025, 18:54","6 Jul 2025, 20:33","","Dumbbell Row",0,"",1,"normal",36,12,,,
"Back & Shoulders - Sunday","6 Jul 2025, 18:54","6 Jul 2025, 20:33","","Dumbbell Row",0,"",2,"normal",40,12,,,
"Back & Shoulders - Sunday","6 Jul 2025, 18:54","6 Jul 2025, 20:33","","Dumbbell Row",0,"",3,"normal",44,10,,,
"Back & Shoulders - Sunday","6 Jul 2025, 18:54","6 Jul 2025, 20:33","","Lateral Raise (Dumbbell)",0,"",0,"normal",8,12,,,
"Back & Shoulders - Sunday","6 Jul 2025, 18:54","6 Jul 2025, 20:33","","Lateral Raise (Dumbbell)",0,"",1,"normal",12,12,,,
"Back & Shoulders - Sunday","6 Jul 2025, 18:54","6 Jul 2025, 20:33","","Lateral Raise (Dumbbell)",0,"",2,"normal",12,12,,,
"Back & Shoulders - Sunday","6 Jul 2025, 18:54","6 Jul 2025, 20:33","","Lateral Raise (Dumbbell)",0,"",3,"normal",12,10,,,
"Back & Shoulders - Sunday","6 Jul 2025, 18:54","6 Jul 2025, 20:33","","Chin Up (Assisted)",,"",0,"normal",32,8,,,
"Back & Shoulders - Sunday","6 Jul 2025, 18:54","6 Jul 2025, 20:33","","Chin Up (Assisted)",,"",1,"normal",36,6,,,
"Back & Shoulders - Sunday","6 Jul 2025, 18:54","6 Jul 2025, 20:33","","Chin Up (Assisted)",,"",2,"normal",41,8,,,
"Back & Shoulders - Sunday","6 Jul 2025, 18:54","6 Jul 2025, 20:33","","Chin Up (Assisted)",,"",3,"normal",45,8,,,
"Back & Shoulders - Sunday","6 Jul 2025, 18:54","6 Jul 2025, 20:33","","Chin Up (Assisted)",,"",4,"normal",45,8,,,
"Back & Shoulders - Sunday","6 Jul 2025, 18:54","6 Jul 2025, 20:33","","Front Raise (Cable)",,"",0,"normal",9,12,,,
"Back & Shoulders - Sunday","6 Jul 2025, 18:54","6 Jul 2025, 20:33","","Front Raise (Cable)",,"",1,"normal",9,12,,,
"Back & Shoulders - Sunday","6 Jul 2025, 18:54","6 Jul 2025, 20:33","","Front Raise (Cable)",,"",2,"normal",9,9,,,
"Back & Shoulders - Sunday","6 Jul 2025, 18:54","6 Jul 2025, 20:33","","Lat Pulldown (Cable)",,"",0,"normal",45,8,,,
"Back & Shoulders - Sunday","6 Jul 2025, 18:54","6 Jul 2025, 20:33","","Lat Pulldown (Cable)",,"",1,"normal",45,6,,,
"Back & Shoulders - Sunday","6 Jul 2025, 18:54","6 Jul 2025, 20:33","","Lat Pulldown (Cable)",,"",2,"normal",42.4,6,,,
"Back & Shoulders - Sunday","6 Jul 2025, 18:54","6 Jul 2025, 20:33","","Lat Pulldown (Cable)",,"",3,"normal",39,7,,,
"Back & Shoulders - Sunday","6 Jul 2025, 18:54","6 Jul 2025, 20:33","","Overhead Press (Barbell)",,"",0,"normal",10,12,,,
"Back & Shoulders - Sunday","6 Jul 2025, 18:54","6 Jul 2025, 20:33","","Overhead Press (Barbell)",,"",1,"normal",15,12,,,
"Back & Shoulders - Sunday","6 Jul 2025, 18:54","6 Jul 2025, 20:33","","Overhead Press (Barbell)",,"",2,"normal",15,12,,,
"Back & Shoulders - Sunday","6 Jul 2025, 18:54","6 Jul 2025, 20:33","","Overhead Press (Barbell)",,"",3,"normal",15,12,,,
"Back & Shoulders - Sunday","6 Jul 2025, 18:54","6 Jul 2025, 20:33","","Rear Delt Reverse Fly (Machine)",,"",0,"normal",32,10,,,
"Back & Shoulders - Sunday","6 Jul 2025, 18:54","6 Jul 2025, 20:33","","Rear Delt Reverse Fly (Machine)",,"",1,"normal",32,10,,,
"Back & Shoulders - Sunday","6 Jul 2025, 18:54","6 Jul 2025, 20:33","","Rear Delt Reverse Fly (Machine)",,"",2,"normal",32,10,,,
"Back & Shoulders - Sunday","6 Jul 2025, 18:54","6 Jul 2025, 20:33","","Rear Delt Reverse Fly (Machine)",,"",3,"normal",39,7,,,
"Chest & Traps - Friday","4 Jul 2025, 20:08","4 Jul 2025, 21:07","","Bench Press (Barbell)",,"",0,"normal",40,12,,,
"Chest & Traps - Friday","4 Jul 2025, 20:08","4 Jul 2025, 21:07","","Bench Press (Barbell)",,"",1,"normal",42.5,10,,,
"Chest & Traps - Friday","4 Jul 2025, 20:08","4 Jul 2025, 21:07","","Bench Press (Barbell)",,"",2,"normal",45,7,,,
"Chest & Traps - Friday","4 Jul 2025, 20:08","4 Jul 2025, 21:07","","Bench Press (Barbell)",,"",3,"normal",42.5,8,,,
"Chest & Traps - Friday","4 Jul 2025, 20:08","4 Jul 2025, 21:07","","Incline Bench Press (Dumbbell)",0,"",0,"normal",28,12,,,
"Chest & Traps - Friday","4 Jul 2025, 20:08","4 Jul 2025, 21:07","","Incline Bench Press (Dumbbell)",0,"",1,"normal",32,10,,,
"Chest & Traps - Friday","4 Jul 2025, 20:08","4 Jul 2025, 21:07","","Incline Bench Press (Dumbbell)",0,"",2,"normal",36,9,,,
"Chest & Traps - Friday","4 Jul 2025, 20:08","4 Jul 2025, 21:07","","Incline Bench Press (Dumbbell)",0,"",3,"normal",36,8,,,
"Chest & Traps - Friday","4 Jul 2025, 20:08","4 Jul 2025, 21:07","","Shrug (Dumbbell)",0,"",0,"normal",28,15,,,
"Chest & Traps - Friday","4 Jul 2025, 20:08","4 Jul 2025, 21:07","","Shrug (Dumbbell)",0,"",1,"normal",32,15,,,
"Chest & Traps - Friday","4 Jul 2025, 20:08","4 Jul 2025, 21:07","","Shrug (Dumbbell)",0,"",2,"normal",36,15,,,
"Chest & Traps - Friday","4 Jul 2025, 20:08","4 Jul 2025, 21:07","","Shrug (Dumbbell)",0,"",3,"normal",36,15,,,
"Chest & Traps - Friday","4 Jul 2025, 20:08","4 Jul 2025, 21:07","","Cable Fly Crossovers",1,"",0,"normal",28,12,,,
"Chest & Traps - Friday","4 Jul 2025, 20:08","4 Jul 2025, 21:07","","Cable Fly Crossovers",1,"",1,"normal",32.6,12,,,
"Chest & Traps - Friday","4 Jul 2025, 20:08","4 Jul 2025, 21:07","","Cable Fly Crossovers",1,"",2,"normal",36,12,,,
"Chest & Traps - Friday","4 Jul 2025, 20:08","4 Jul 2025, 21:07","","Cable Fly Crossovers",1,"",3,"normal",40.6,8,,,
"Chest & Traps - Friday","4 Jul 2025, 20:08","4 Jul 2025, 21:07","","Cable Fly Crossovers",1,"",4,"normal",36,6,,,
"Chest & Traps - Friday","4 Jul 2025, 20:08","4 Jul 2025, 21:07","","Cable Fly Crossovers",1,"",5,"normal",28,10,,,
"Chest & Traps - Friday","4 Jul 2025, 20:08","4 Jul 2025, 21:07","","Face Pull",1,"",0,"normal",23,15,,,
"Chest & Traps - Friday","4 Jul 2025, 20:08","4 Jul 2025, 21:07","","Face Pull",1,"",1,"normal",27,15,,,
"Chest & Traps - Friday","4 Jul 2025, 20:08","4 Jul 2025, 21:07","","Face Pull",1,"",2,"normal",32,15,,,
"Chest & Traps - Friday","4 Jul 2025, 20:08","4 Jul 2025, 21:07","","Butterfly (Pec Deck)",,"",0,"normal",45,12,,,
"Chest & Traps - Friday","4 Jul 2025, 20:08","4 Jul 2025, 21:07","","Butterfly (Pec Deck)",,"",1,"normal",45,10,,,
"Chest & Traps - Friday","4 Jul 2025, 20:08","4 Jul 2025, 21:07","","Butterfly (Pec Deck)",,"",2,"normal",45,12,,,
"Back - Saturday","28 Jun 2025, 18:46","28 Jun 2025, 20:21","","Bent Over Row (Barbell)",,"",0,"normal",40,12,,,
"Back - Saturday","28 Jun 2025, 18:46","28 Jun 2025, 20:21","","Bent Over Row (Barbell)",,"",1,"normal",42.5,12,,,
"Back - Saturday","28 Jun 2025, 18:46","28 Jun 2025, 20:21","","Bent Over Row (Barbell)",,"",2,"normal",45,12,,,
"Back - Saturday","28 Jun 2025, 18:46","28 Jun 2025, 20:21","","Bent Over Row (Barbell)",,"",3,"normal",47.5,10,,,
"Back - Saturday","28 Jun 2025, 18:46","28 Jun 2025, 20:21","","Bent Over Row (Barbell)",,"",4,"normal",50,8,,,
"Back - Saturday","28 Jun 2025, 18:46","28 Jun 2025, 20:21","","Dumbbell Row",,"",0,"normal",32,12,,,
"Back - Saturday","28 Jun 2025, 18:46","28 Jun 2025, 20:21","","Dumbbell Row",,"",1,"normal",36,12,,,
"Back - Saturday","28 Jun 2025, 18:46","28 Jun 2025, 20:21","","Dumbbell Row",,"",2,"normal",40,10,,,
"Back - Saturday","28 Jun 2025, 18:46","28 Jun 2025, 20:21","","Dumbbell Row",,"",3,"normal",44,6,,,
"Back - Saturday","28 Jun 2025, 18:46","28 Jun 2025, 20:21","","Chin Up (Assisted)",,"",0,"normal",36,8,,,
"Back - Saturday","28 Jun 2025, 18:46","28 Jun 2025, 20:21","","Chin Up (Assisted)",,"",1,"normal",36,6,,,
"Back - Saturday","28 Jun 2025, 18:46","28 Jun 2025, 20:21","","Chin Up (Assisted)",,"",2,"normal",41,6,,,
"Back - Saturday","28 Jun 2025, 18:46","28 Jun 2025, 20:21","","Chin Up (Assisted)",,"",3,"normal",45,10,,,
"Back - Saturday","28 Jun 2025, 18:46","28 Jun 2025, 20:21","","Chin Up (Assisted)",,"",4,"normal",45,8,,,
"Back - Saturday","28 Jun 2025, 18:46","28 Jun 2025, 20:21","","Rear Delt Reverse Fly (Machine)",,"",0,"normal",32,10,,,
"Back - Saturday","28 Jun 2025, 18:46","28 Jun 2025, 20:21","","Rear Delt Reverse Fly (Machine)",,"",1,"normal",32,10,,,
"Back - Saturday","28 Jun 2025, 18:46","28 Jun 2025, 20:21","","Rear Delt Reverse Fly (Machine)",,"",2,"normal",32,10,,,
"Back - Saturday","28 Jun 2025, 18:46","28 Jun 2025, 20:21","","Rear Delt Reverse Fly (Machine)",,"",3,"normal",39,8,,,
"Back - Saturday","28 Jun 2025, 18:46","28 Jun 2025, 20:21","","Lat Pulldown (Cable)",,"",0,"normal",39,12,,,
"Back - Saturday","28 Jun 2025, 18:46","28 Jun 2025, 20:21","","Lat Pulldown (Cable)",,"",1,"normal",45,6,,,
"Back - Saturday","28 Jun 2025, 18:46","28 Jun 2025, 20:21","","Lat Pulldown (Cable)",,"",2,"normal",45,6,,,
"Back - Saturday","28 Jun 2025, 18:46","28 Jun 2025, 20:21","","Lat Pulldown (Cable)",,"",3,"normal",39,6,,,
"Chest & Shoulder - Wednesday","25 Jun 2025, 17:44","25 Jun 2025, 19:41","","Bench Press (Barbell)",,"",0,"normal",40,10,,,
"Chest & Shoulder - Wednesday","25 Jun 2025, 17:44","25 Jun 2025, 19:41","","Bench Press (Barbell)",,"",1,"normal",42.5,8,,,
"Chest & Shoulder - Wednesday","25 Jun 2025, 17:44","25 Jun 2025, 19:41","","Bench Press (Barbell)",,"",2,"normal",42.5,6,,,
"Chest & Shoulder - Wednesday","25 Jun 2025, 17:44","25 Jun 2025, 19:41","","Bench Press (Barbell)",,"",3,"normal",40,7,,,
"Chest & Shoulder - Wednesday","25 Jun 2025, 17:44","25 Jun 2025, 19:41","","Incline Bench Press (Dumbbell)",,"",0,"normal",28,10,,,
"Chest & Shoulder - Wednesday","25 Jun 2025, 17:44","25 Jun 2025, 19:41","","Incline Bench Press (Dumbbell)",,"",1,"normal",32,8,,,
"Chest & Shoulder - Wednesday","25 Jun 2025, 17:44","25 Jun 2025, 19:41","","Incline Bench Press (Dumbbell)",,"",2,"normal",32,8,,,
"Chest & Shoulder - Wednesday","25 Jun 2025, 17:44","25 Jun 2025, 19:41","","Incline Bench Press (Dumbbell)",,"",3,"normal",32,8,,,
"Chest & Shoulder - Wednesday","25 Jun 2025, 17:44","25 Jun 2025, 19:41","","Cable Fly Crossovers",,"",0,"normal",28,10,,,
"Chest & Shoulder - Wednesday","25 Jun 2025, 17:44","25 Jun 2025, 19:41","","Cable Fly Crossovers",,"",1,"normal",28,10,,,
"Chest & Shoulder - Wednesday","25 Jun 2025, 17:44","25 Jun 2025, 19:41","","Cable Fly Crossovers",,"",2,"normal",28,10,,,
"Chest & Shoulder - Wednesday","25 Jun 2025, 17:44","25 Jun 2025, 19:41","","Cable Fly Crossovers",,"",3,"normal",36,8,,,
"Chest & Shoulder - Wednesday","25 Jun 2025, 17:44","25 Jun 2025, 19:41","","Cable Fly Crossovers",,"",4,"normal",28,4,,,
"Chest & Shoulder - Wednesday","25 Jun 2025, 17:44","25 Jun 2025, 19:41","","Cable Fly Crossovers",,"",5,"normal",18,8,,,
"Chest & Shoulder - Wednesday","25 Jun 2025, 17:44","25 Jun 2025, 19:41","","Overhead Press (Dumbbell)",,"No hago más repeticiones porque empiezo a hacer fuerza con el cuello",0,"normal",12,10,,,
"Chest & Shoulder - Wednesday","25 Jun 2025, 17:44","25 Jun 2025, 19:41","","Overhead Press (Dumbbell)",,"No hago más repeticiones porque empiezo a hacer fuerza con el cuello",1,"normal",16,8,,,
"Chest & Shoulder - Wednesday","25 Jun 2025, 17:44","25 Jun 2025, 19:41","","Overhead Press (Dumbbell)",,"No hago más repeticiones porque empiezo a hacer fuerza con el cuello",2,"normal",16,8,,,
"Chest & Shoulder - Wednesday","25 Jun 2025, 17:44","25 Jun 2025, 19:41","","Overhead Press (Dumbbell)",,"No hago más repeticiones porque empiezo a hacer fuerza con el cuello",3,"normal",20,6,,,
"Chest & Shoulder - Wednesday","25 Jun 2025, 17:44","25 Jun 2025, 19:41","","Butterfly (Pec Deck)",,"Últimos 4 sets juntos",0,"normal",39,20,,,
"Chest & Shoulder - Wednesday","25 Jun 2025, 17:44","25 Jun 2025, 19:41","","Butterfly (Pec Deck)",,"Últimos 4 sets juntos",1,"normal",45,8,,,
"Chest & Shoulder - Wednesday","25 Jun 2025, 17:44","25 Jun 2025, 19:41","","Butterfly (Pec Deck)",,"Últimos 4 sets juntos",2,"normal",45,8,,,
"Chest & Shoulder - Wednesday","25 Jun 2025, 17:44","25 Jun 2025, 19:41","","Butterfly (Pec Deck)",,"Últimos 4 sets juntos",3,"normal",39,4,,,
"Chest & Shoulder - Wednesday","25 Jun 2025, 17:44","25 Jun 2025, 19:41","","Butterfly (Pec Deck)",,"Últimos 4 sets juntos",4,"normal",32,6,,,
"Chest & Shoulder - Wednesday","25 Jun 2025, 17:44","25 Jun 2025, 19:41","","Butterfly (Pec Deck)",,"Últimos 4 sets juntos",5,"normal",25,6,,,
"Chest & Shoulder - Wednesday","25 Jun 2025, 17:44","25 Jun 2025, 19:41","","Front Raise (Cable)",,"",0,"normal",4.5,10,,,
"Chest & Shoulder - Wednesday","25 Jun 2025, 17:44","25 Jun 2025, 19:41","","Front Raise (Cable)",,"",1,"normal",9,10,,,
"Chest & Shoulder - Wednesday","25 Jun 2025, 17:44","25 Jun 2025, 19:41","","Front Raise (Cable)",,"",2,"normal",9,10,,,
"Chest & Shoulder - Wednesday","25 Jun 2025, 17:44","25 Jun 2025, 19:41","","Front Raise (Cable)",,"",3,"normal",9,10,,,
"Chest & Shoulder - Wednesday","25 Jun 2025, 17:44","25 Jun 2025, 19:41","","Single Arm Lateral Raise (Cable)",,"",0,"normal",9,10,,,
"Chest & Shoulder - Wednesday","25 Jun 2025, 17:44","25 Jun 2025, 19:41","","Single Arm Lateral Raise (Cable)",,"",1,"normal",9,10,,,
"Chest & Shoulder - Wednesday","25 Jun 2025, 17:44","25 Jun 2025, 19:41","","Single Arm Lateral Raise (Cable)",,"",2,"normal",9,12,,,
"Brazo - Monday","23 Jun 2025, 19:58","23 Jun 2025, 21:17","","Triceps Rope Pushdown",,"",0,"normal",28,6,,,
"Brazo - Monday","23 Jun 2025, 19:58","23 Jun 2025, 21:17","","Triceps Rope Pushdown",,"",1,"normal",23,10,,,
"Brazo - Monday","23 Jun 2025, 19:58","23 Jun 2025, 21:17","","Triceps Rope Pushdown",,"",2,"normal",25.3,6,,,
"Brazo - Monday","23 Jun 2025, 19:58","23 Jun 2025, 21:17","","Triceps Rope Pushdown",,"",3,"normal",23,8,,,
"Brazo - Monday","23 Jun 2025, 19:58","23 Jun 2025, 21:17","","EZ Bar Biceps Curl",,"",0,"normal",10,12,,,
"Brazo - Monday","23 Jun 2025, 19:58","23 Jun 2025, 21:17","","EZ Bar Biceps Curl",,"",1,"normal",15,12,,,
"Brazo - Monday","23 Jun 2025, 19:58","23 Jun 2025, 21:17","","EZ Bar Biceps Curl",,"",2,"normal",15,12,,,
"Brazo - Monday","23 Jun 2025, 19:58","23 Jun 2025, 21:17","","EZ Bar Biceps Curl",,"",3,"normal",20,7,,,
"Brazo - Monday","23 Jun 2025, 19:58","23 Jun 2025, 21:17","","Triceps Extension (Dumbbell)",0,"1/2 kg en cada brazo",0,"normal",16,8,,,
"Brazo - Monday","23 Jun 2025, 19:58","23 Jun 2025, 21:17","","Triceps Extension (Dumbbell)",0,"1/2 kg en cada brazo",1,"normal",14,8,,,
"Brazo - Monday","23 Jun 2025, 19:58","23 Jun 2025, 21:17","","Triceps Extension (Dumbbell)",0,"1/2 kg en cada brazo",2,"normal",16,4,,,
"Brazo - Monday","23 Jun 2025, 19:58","23 Jun 2025, 21:17","","Triceps Extension (Dumbbell)",0,"1/2 kg en cada brazo",3,"normal",12,8,,,
"Brazo - Monday","23 Jun 2025, 19:58","23 Jun 2025, 21:17","","Cross Body Hammer Curl",0,"1/2 kg en cada brazo",0,"normal",16,8,,,
"Brazo - Monday","23 Jun 2025, 19:58","23 Jun 2025, 21:17","","Cross Body Hammer Curl",0,"1/2 kg en cada brazo",1,"normal",16,8,,,
"Brazo - Monday","23 Jun 2025, 19:58","23 Jun 2025, 21:17","","Cross Body Hammer Curl",0,"1/2 kg en cada brazo",2,"normal",16,8,,,
"Brazo - Monday","23 Jun 2025, 19:58","23 Jun 2025, 21:17","","Cross Body Hammer Curl",0,"1/2 kg en cada brazo",3,"normal",12,8,,,
"Brazo - Monday","23 Jun 2025, 19:58","23 Jun 2025, 21:17","","Seated Dip Machine",,"",0,"normal",29.3,12,,,
"Brazo - Monday","23 Jun 2025, 19:58","23 Jun 2025, 21:17","","Seated Dip Machine",,"",1,"normal",36,9,,,
"Brazo - Monday","23 Jun 2025, 19:58","23 Jun 2025, 21:17","","Seated Dip Machine",,"",2,"normal",39.4,10,,,
"Brazo - Monday","23 Jun 2025, 19:58","23 Jun 2025, 21:17","","Seated Dip Machine",,"",3,"normal",41,6,,,
"Brazo - Monday","23 Jun 2025, 19:58","23 Jun 2025, 21:17","","Preacher Curl (Machine)",,"Últimos 4 sets seguidos",0,"normal",18,15,,,
"Brazo - Monday","23 Jun 2025, 19:58","23 Jun 2025, 21:17","","Preacher Curl (Machine)",,"Últimos 4 sets seguidos",1,"normal",23,8,,,
"Brazo - Monday","23 Jun 2025, 19:58","23 Jun 2025, 21:17","","Preacher Curl (Machine)",,"Últimos 4 sets seguidos",2,"normal",23,6,,,
"Brazo - Monday","23 Jun 2025, 19:58","23 Jun 2025, 21:17","","Preacher Curl (Machine)",,"Últimos 4 sets seguidos",3,"normal",18,1,,,
"Brazo - Monday","23 Jun 2025, 19:58","23 Jun 2025, 21:17","","Preacher Curl (Machine)",,"Últimos 4 sets seguidos",4,"normal",14,2,,,
"Brazo - Monday","23 Jun 2025, 19:58","23 Jun 2025, 21:17","","Preacher Curl (Machine)",,"Últimos 4 sets seguidos",5,"normal",9,3,,,
"Espalda, hombro, trap - Saturday","21 Jun 2025, 12:42","21 Jun 2025, 14:46","","Bent Over Row (Barbell)",,"Previo calentamiento con 20 kg y 30 kg",0,"normal",40,12,,,
"Espalda, hombro, trap - Saturday","21 Jun 2025, 12:42","21 Jun 2025, 14:46","","Bent Over Row (Barbell)",,"Previo calentamiento con 20 kg y 30 kg",1,"normal",40,12,,,
"Espalda, hombro, trap - Saturday","21 Jun 2025, 12:42","21 Jun 2025, 14:46","","Bent Over Row (Barbell)",,"Previo calentamiento con 20 kg y 30 kg",2,"normal",40,12,,,
"Espalda, hombro, trap - Saturday","21 Jun 2025, 12:42","21 Jun 2025, 14:46","","Bent Over Row (Barbell)",,"Previo calentamiento con 20 kg y 30 kg",3,"normal",42.5,12,,,
"Espalda, hombro, trap - Saturday","21 Jun 2025, 12:42","21 Jun 2025, 14:46","","Dumbbell Row",,"1/2 kg con cada brazo",0,"normal",32,12,,,
"Espalda, hombro, trap - Saturday","21 Jun 2025, 12:42","21 Jun 2025, 14:46","","Dumbbell Row",,"1/2 kg con cada brazo",1,"normal",32,12,,,
"Espalda, hombro, trap - Saturday","21 Jun 2025, 12:42","21 Jun 2025, 14:46","","Dumbbell Row",,"1/2 kg con cada brazo",2,"normal",36,10,,,
"Espalda, hombro, trap - Saturday","21 Jun 2025, 12:42","21 Jun 2025, 14:46","","Dumbbell Row",,"1/2 kg con cada brazo",3,"normal",36,8,,,
"Espalda, hombro, trap - Saturday","21 Jun 2025, 12:42","21 Jun 2025, 14:46","","Chin Up (Assisted)",,"",0,"normal",36,5,,,
"Espalda, hombro, trap - Saturday","21 Jun 2025, 12:42","21 Jun 2025, 14:46","","Chin Up (Assisted)",,"",1,"normal",41,5,,,
"Espalda, hombro, trap - Saturday","21 Jun 2025, 12:42","21 Jun 2025, 14:46","","Chin Up (Assisted)",,"",2,"normal",45,6,,,
"Espalda, hombro, trap - Saturday","21 Jun 2025, 12:42","21 Jun 2025, 14:46","","Chin Up (Assisted)",,"",3,"normal",50,10,,,
"Espalda, hombro, trap - Saturday","21 Jun 2025, 12:42","21 Jun 2025, 14:46","","Rear Delt Reverse Fly (Machine)",,"",0,"normal",32,8,,,
"Espalda, hombro, trap - Saturday","21 Jun 2025, 12:42","21 Jun 2025, 14:46","","Rear Delt Reverse Fly (Machine)",,"",1,"normal",32,8,,,
"Espalda, hombro, trap - Saturday","21 Jun 2025, 12:42","21 Jun 2025, 14:46","","Rear Delt Reverse Fly (Machine)",,"",2,"normal",32,8,,,
"Espalda, hombro, trap - Saturday","21 Jun 2025, 12:42","21 Jun 2025, 14:46","","Shoulder Press (Dumbbell)",,"1/2 kg en cada brazo",0,"normal",12,12,,,
"Espalda, hombro, trap - Saturday","21 Jun 2025, 12:42","21 Jun 2025, 14:46","","Shoulder Press (Dumbbell)",,"1/2 kg en cada brazo",1,"normal",16,12,,,
"Espalda, hombro, trap - Saturday","21 Jun 2025, 12:42","21 Jun 2025, 14:46","","Shoulder Press (Dumbbell)",,"1/2 kg en cada brazo",2,"normal",16,12,,,
"Espalda, hombro, trap - Saturday","21 Jun 2025, 12:42","21 Jun 2025, 14:46","","Single Arm Lateral Raise (Cable)",,"1/2 kg con cada brazo",0,"normal",9,12,,,
"Espalda, hombro, trap - Saturday","21 Jun 2025, 12:42","21 Jun 2025, 14:46","","Single Arm Lateral Raise (Cable)",,"1/2 kg con cada brazo",1,"normal",9,12,,,
"Espalda, hombro, trap - Saturday","21 Jun 2025, 12:42","21 Jun 2025, 14:46","","Single Arm Lateral Raise (Cable)",,"1/2 kg con cada brazo",2,"normal",9,12,,,
"Espalda, hombro, trap - Saturday","21 Jun 2025, 12:42","21 Jun 2025, 14:46","","Face Pull",,"",0,"normal",18,12,,,
"Espalda, hombro, trap - Saturday","21 Jun 2025, 12:42","21 Jun 2025, 14:46","","Face Pull",,"",1,"normal",23,12,,,
"Espalda, hombro, trap - Saturday","21 Jun 2025, 12:42","21 Jun 2025, 14:46","","Face Pull",,"",2,"normal",23,15,,,
"Espalda, hombro, trap - Saturday","21 Jun 2025, 12:42","21 Jun 2025, 14:46","","Shrug (Cable)",,"",0,"normal",32,15,,,
"Espalda, hombro, trap - Saturday","21 Jun 2025, 12:42","21 Jun 2025, 14:46","","Shrug (Cable)",,"",1,"normal",36,15,,,
"Espalda, hombro, trap - Saturday","21 Jun 2025, 12:42","21 Jun 2025, 14:46","","Shrug (Cable)",,"",2,"normal",41,15,,,
"Pechito Tuesday","17 Jun 2025, 20:37","17 Jun 2025, 21:34","","Bench Press (Barbell)",,"",0,"normal",30,12,,,
"Pechito Tuesday","17 Jun 2025, 20:37","17 Jun 2025, 21:34","","Bench Press (Barbell)",,"",1,"normal",40,10,,,
"Pechito Tuesday","17 Jun 2025, 20:37","17 Jun 2025, 21:34","","Bench Press (Barbell)",,"",2,"normal",40,9,,,
"Pechito Tuesday","17 Jun 2025, 20:37","17 Jun 2025, 21:34","","Bench Press (Barbell)",,"",3,"normal",45,4,,,
"Pechito Tuesday","17 Jun 2025, 20:37","17 Jun 2025, 21:34","","Incline Bench Press (Barbell)",,"",0,"normal",20,12,,,
"Pechito Tuesday","17 Jun 2025, 20:37","17 Jun 2025, 21:34","","Incline Bench Press (Barbell)",,"",1,"normal",25,12,,,
"Pechito Tuesday","17 Jun 2025, 20:37","17 Jun 2025, 21:34","","Incline Bench Press (Barbell)",,"",2,"normal",30,10,,,
"Pechito Tuesday","17 Jun 2025, 20:37","17 Jun 2025, 21:34","","Incline Bench Press (Barbell)",,"",3,"normal",30,7,,,
"Pechito Tuesday","17 Jun 2025, 20:37","17 Jun 2025, 21:34","","Cable Fly Crossovers",,"Últimos 3 sets juntos",0,"normal",28,12,,,
"Pechito Tuesday","17 Jun 2025, 20:37","17 Jun 2025, 21:34","","Cable Fly Crossovers",,"Últimos 3 sets juntos",1,"normal",32,10,,,
"Pechito Tuesday","17 Jun 2025, 20:37","17 Jun 2025, 21:34","","Cable Fly Crossovers",,"Últimos 3 sets juntos",2,"normal",32,10,,,
"Pechito Tuesday","17 Jun 2025, 20:37","17 Jun 2025, 21:34","","Cable Fly Crossovers",,"Últimos 3 sets juntos",3,"normal",32,8,,,
"Pechito Tuesday","17 Jun 2025, 20:37","17 Jun 2025, 21:34","","Cable Fly Crossovers",,"Últimos 3 sets juntos",4,"normal",28,6,,,
"Pechito Tuesday","17 Jun 2025, 20:37","17 Jun 2025, 21:34","","Cable Fly Crossovers",,"Últimos 3 sets juntos",5,"normal",18,12,,,
"Pechito Tuesday","17 Jun 2025, 20:37","17 Jun 2025, 21:34","","Butterfly (Pec Deck)",,"",0,"normal",45,10,,,
"Pechito Tuesday","17 Jun 2025, 20:37","17 Jun 2025, 21:34","","Butterfly (Pec Deck)",,"",1,"normal",45,8,,,
"Pechito Tuesday","17 Jun 2025, 20:37","17 Jun 2025, 21:34","","Butterfly (Pec Deck)",,"",2,"normal",45,6,,,
"Pechito Tuesday","17 Jun 2025, 20:37","17 Jun 2025, 21:34","","Butterfly (Pec Deck)",,"",3,"normal",32,6,,,
"Pechito Tuesday","17 Jun 2025, 20:37","17 Jun 2025, 21:34","","Butterfly (Pec Deck)",,"",4,"normal",25,12,,,
"Arm Blaster - Saturday morning","14 Jun 2025, 12:27","14 Jun 2025, 13:57","","Triceps Pushdown",,"",0,"normal",27,12,,,
"Arm Blaster - Saturday morning","14 Jun 2025, 12:27","14 Jun 2025, 13:57","","Triceps Pushdown",,"",1,"normal",32,12,,,
"Arm Blaster - Saturday morning","14 Jun 2025, 12:27","14 Jun 2025, 13:57","","Triceps Pushdown",,"",2,"normal",36,10,,,
"Arm Blaster - Saturday morning","14 Jun 2025, 12:27","14 Jun 2025, 13:57","","Triceps Pushdown",,"",3,"normal",36,12,,,
"Arm Blaster - Saturday morning","14 Jun 2025, 12:27","14 Jun 2025, 13:57","","EZ Bar Biceps Curl",,"",0,"normal",10,12,,,
"Arm Blaster - Saturday morning","14 Jun 2025, 12:27","14 Jun 2025, 13:57","","EZ Bar Biceps Curl",,"",1,"normal",15,10,,,
"Arm Blaster - Saturday morning","14 Jun 2025, 12:27","14 Jun 2025, 13:57","","EZ Bar Biceps Curl",,"",2,"normal",15,10,,,
"Arm Blaster - Saturday morning","14 Jun 2025, 12:27","14 Jun 2025, 13:57","","EZ Bar Biceps Curl",,"",3,"normal",15,10,,,
"Arm Blaster - Saturday morning","14 Jun 2025, 12:27","14 Jun 2025, 13:57","","Triceps Extension (Dumbbell)",1,"1/2 reps con cada brazo\n(últimos 2 sets juntos)",0,"normal",6,20,,,
"Arm Blaster - Saturday morning","14 Jun 2025, 12:27","14 Jun 2025, 13:57","","Triceps Extension (Dumbbell)",1,"1/2 reps con cada brazo\n(últimos 2 sets juntos)",1,"normal",6,20,,,
"Arm Blaster - Saturday morning","14 Jun 2025, 12:27","14 Jun 2025, 13:57","","Triceps Extension (Dumbbell)",1,"1/2 reps con cada brazo\n(últimos 2 sets juntos)",2,"normal",8,10,,,
"Arm Blaster - Saturday morning","14 Jun 2025, 12:27","14 Jun 2025, 13:57","","Triceps Extension (Dumbbell)",1,"1/2 reps con cada brazo\n(últimos 2 sets juntos)",3,"normal",8,8,,,
"Arm Blaster - Saturday morning","14 Jun 2025, 12:27","14 Jun 2025, 13:57","","Triceps Extension (Dumbbell)",1,"1/2 reps con cada brazo\n(últimos 2 sets juntos)",4,"normal",6,8,,,
"Arm Blaster - Saturday morning","14 Jun 2025, 12:27","14 Jun 2025, 13:57","","Bicep Curl (Dumbbell)",1,"1/2 reps con cada brazo",0,"normal",6,20,,,
"Arm Blaster - Saturday morning","14 Jun 2025, 12:27","14 Jun 2025, 13:57","","Bicep Curl (Dumbbell)",1,"1/2 reps con cada brazo",1,"normal",6,20,,,
"Arm Blaster - Saturday morning","14 Jun 2025, 12:27","14 Jun 2025, 13:57","","Bicep Curl (Dumbbell)",1,"1/2 reps con cada brazo",2,"normal",8,20,,,
"Arm Blaster - Saturday morning","14 Jun 2025, 12:27","14 Jun 2025, 13:57","","Bicep Curl (Dumbbell)",1,"1/2 reps con cada brazo",3,"normal",8,16,,,
"Arm Blaster - Saturday morning","14 Jun 2025, 12:27","14 Jun 2025, 13:57","","Triceps Rope Pushdown",,"Las últimas 6 reps del último set, hasta donde llegaba.",0,"normal",27,8,,,
"Arm Blaster - Saturday morning","14 Jun 2025, 12:27","14 Jun 2025, 13:57","","Triceps Rope Pushdown",,"Las últimas 6 reps del último set, hasta donde llegaba.",1,"normal",27,6,,,
"Arm Blaster - Saturday morning","14 Jun 2025, 12:27","14 Jun 2025, 13:57","","Triceps Rope Pushdown",,"Las últimas 6 reps del último set, hasta donde llegaba.",2,"normal",23,6,,,
"Arm Blaster - Saturday morning","14 Jun 2025, 12:27","14 Jun 2025, 13:57","","Triceps Rope Pushdown",,"Las últimas 6 reps del último set, hasta donde llegaba.",3,"normal",18,15,,,
"Arm Blaster - Saturday morning","14 Jun 2025, 12:27","14 Jun 2025, 13:57","","Preacher Curl (Machine)",,"",0,"normal",14,12,,,
"Arm Blaster - Saturday morning","14 Jun 2025, 12:27","14 Jun 2025, 13:57","","Preacher Curl (Machine)",,"",1,"normal",18,12,,,
"Arm Blaster - Saturday morning","14 Jun 2025, 12:27","14 Jun 2025, 13:57","","Preacher Curl (Machine)",,"",2,"normal",18,8,,,
"Arm Blaster - Saturday morning","14 Jun 2025, 12:27","14 Jun 2025, 13:57","","Preacher Curl (Machine)",,"",3,"normal",18,8,,,
"Arm Blaster - Saturday morning","14 Jun 2025, 12:27","14 Jun 2025, 13:57","","Preacher Curl (Machine)",,"",4,"normal",14,4,,,
"Arm Blaster - Saturday morning","14 Jun 2025, 12:27","14 Jun 2025, 13:57","","Preacher Curl (Machine)",,"",5,"normal",9,8,,,
"Arm Blaster - Saturday morning","14 Jun 2025, 12:27","14 Jun 2025, 13:57","","Face Pull",,"Hombro / Trapecio",0,"normal",18,15,,,
"Arm Blaster - Saturday morning","14 Jun 2025, 12:27","14 Jun 2025, 13:57","","Face Pull",,"Hombro / Trapecio",1,"normal",23,15,,,
"Arm Blaster - Saturday morning","14 Jun 2025, 12:27","14 Jun 2025, 13:57","","Face Pull",,"Hombro / Trapecio",2,"normal",23,15,,,
"Espalda + Trap - Thursday","12 Jun 2025, 17:55","12 Jun 2025, 19:04","","Back Extension (Weighted Hyperextension)",,"",0,"normal",,12,,,
"Espalda + Trap - Thursday","12 Jun 2025, 17:55","12 Jun 2025, 19:04","","Back Extension (Weighted Hyperextension)",,"",1,"normal",,10,,,
"Espalda + Trap - Thursday","12 Jun 2025, 17:55","12 Jun 2025, 19:04","","Back Extension (Weighted Hyperextension)",,"",2,"normal",5,10,,,
"Espalda + Trap - Thursday","12 Jun 2025, 17:55","12 Jun 2025, 19:04","","Back Extension (Weighted Hyperextension)",,"",3,"normal",5,8,,,
"Espalda + Trap - Thursday","12 Jun 2025, 17:55","12 Jun 2025, 19:04","","Bent Over Row (Barbell)",,"",0,"normal",20,10,,,
"Espalda + Trap - Thursday","12 Jun 2025, 17:55","12 Jun 2025, 19:04","","Bent Over Row (Barbell)",,"",1,"normal",30,10,,,
"Espalda + Trap - Thursday","12 Jun 2025, 17:55","12 Jun 2025, 19:04","","Bent Over Row (Barbell)",,"",2,"normal",40,10,,,
"Espalda + Trap - Thursday","12 Jun 2025, 17:55","12 Jun 2025, 19:04","","Bent Over Row (Barbell)",,"",3,"normal",40,10,,,
"Espalda + Trap - Thursday","12 Jun 2025, 17:55","12 Jun 2025, 19:04","","Bent Over Row (Barbell)",,"",4,"normal",40,10,,,
"Espalda + Trap - Thursday","12 Jun 2025, 17:55","12 Jun 2025, 19:04","","Seated Cable Row - V Grip (Cable)",,"1/2 reps con cada brazo",0,"normal",11,24,,,
"Espalda + Trap - Thursday","12 Jun 2025, 17:55","12 Jun 2025, 19:04","","Seated Cable Row - V Grip (Cable)",,"1/2 reps con cada brazo",1,"normal",13.3,24,,,
"Espalda + Trap - Thursday","12 Jun 2025, 17:55","12 Jun 2025, 19:04","","Seated Cable Row - V Grip (Cable)",,"1/2 reps con cada brazo",2,"normal",18,20,,,
"Espalda + Trap - Thursday","12 Jun 2025, 17:55","12 Jun 2025, 19:04","","Seated Cable Row - V Grip (Cable)",,"1/2 reps con cada brazo",3,"normal",20.3,16,,,
"Espalda + Trap - Thursday","12 Jun 2025, 17:55","12 Jun 2025, 19:04","","Lat Pulldown (Cable)",,"",0,"normal",32,20,,,
"Espalda + Trap - Thursday","12 Jun 2025, 17:55","12 Jun 2025, 19:04","","Lat Pulldown (Cable)",,"",1,"normal",39,8,,,
"Espalda + Trap - Thursday","12 Jun 2025, 17:55","12 Jun 2025, 19:04","","Lat Pulldown (Cable)",,"",2,"normal",39,8,,,
"Espalda + Trap - Thursday","12 Jun 2025, 17:55","12 Jun 2025, 19:04","","Shrug (Dumbbell)",,"1/2 peso en cada pesa",0,"normal",28,15,,,
"Espalda + Trap - Thursday","12 Jun 2025, 17:55","12 Jun 2025, 19:04","","Shrug (Dumbbell)",,"1/2 peso en cada pesa",1,"normal",32,15,,,
"Pecho Hombro - Wednesday","11 Jun 2025, 20:08","11 Jun 2025, 22:00","","Bench Press (Barbell)",,"",0,"normal",40,10,,,
"Pecho Hombro - Wednesday","11 Jun 2025, 20:08","11 Jun 2025, 22:00","","Bench Press (Barbell)",,"",1,"normal",45,8,,,
"Pecho Hombro - Wednesday","11 Jun 2025, 20:08","11 Jun 2025, 22:00","","Bench Press (Barbell)",,"",2,"normal",45,8,,,
"Pecho Hombro - Wednesday","11 Jun 2025, 20:08","11 Jun 2025, 22:00","","Cable Fly Crossovers",,"",0,"normal",32.6,8,,,
"Pecho Hombro - Wednesday","11 Jun 2025, 20:08","11 Jun 2025, 22:00","","Cable Fly Crossovers",,"",1,"normal",32.6,8,,,
"Pecho Hombro - Wednesday","11 Jun 2025, 20:08","11 Jun 2025, 22:00","","Cable Fly Crossovers",,"",2,"normal",32.6,10,,,
"Pecho Hombro - Wednesday","11 Jun 2025, 20:08","11 Jun 2025, 22:00","","Incline Bench Press (Dumbbell)",,"",0,"normal",28,10,,,
"Pecho Hombro - Wednesday","11 Jun 2025, 20:08","11 Jun 2025, 22:00","","Incline Bench Press (Dumbbell)",,"",1,"normal",32,7,,,
"Pecho Hombro - Wednesday","11 Jun 2025, 20:08","11 Jun 2025, 22:00","","Incline Bench Press (Dumbbell)",,"",2,"normal",32,6,,,
"Pecho Hombro - Wednesday","11 Jun 2025, 20:08","11 Jun 2025, 22:00","","Butterfly (Pec Deck)",,"",0,"normal",45,12,,,
"Pecho Hombro - Wednesday","11 Jun 2025, 20:08","11 Jun 2025, 22:00","","Butterfly (Pec Deck)",,"",1,"normal",45,9,,,
"Pecho Hombro - Wednesday","11 Jun 2025, 20:08","11 Jun 2025, 22:00","","Butterfly (Pec Deck)",,"",2,"normal",45,8,,,
"Pecho Hombro - Wednesday","11 Jun 2025, 20:08","11 Jun 2025, 22:00","","Rear Delt Reverse Fly (Machine)",,"",0,"normal",25,10,,,
"Pecho Hombro - Wednesday","11 Jun 2025, 20:08","11 Jun 2025, 22:00","","Rear Delt Reverse Fly (Machine)",,"",1,"normal",32,10,,,
"Pecho Hombro - Wednesday","11 Jun 2025, 20:08","11 Jun 2025, 22:00","","Rear Delt Reverse Fly (Machine)",,"",2,"normal",32,10,,,
"Pecho Hombro - Wednesday","11 Jun 2025, 20:08","11 Jun 2025, 22:00","","Overhead Press (Smith Machine)",,"",0,"normal",11,10,,,
"Pecho Hombro - Wednesday","11 Jun 2025, 20:08","11 Jun 2025, 22:00","","Overhead Press (Smith Machine)",,"",1,"normal",11,10,,,
"Pecho Hombro - Wednesday","11 Jun 2025, 20:08","11 Jun 2025, 22:00","","Single Arm Lateral Raise (Cable)",,"Mitad de repeticiones con cada hombro.",0,"normal",4.5,16,,,
"Pecho Hombro - Wednesday","11 Jun 2025, 20:08","11 Jun 2025, 22:00","","Single Arm Lateral Raise (Cable)",,"Mitad de repeticiones con cada hombro.",1,"normal",4.5,16,,,
"Pecho Hombro - Wednesday","11 Jun 2025, 20:08","11 Jun 2025, 22:00","","Single Arm Lateral Raise (Cable)",,"Mitad de repeticiones con cada hombro.",2,"normal",4.5,20,,,
"Pecho Hombro - Wednesday","11 Jun 2025, 20:08","11 Jun 2025, 22:00","","Behind the Back Bicep Wrist Curl (Barbell)",,"",0,"normal",20,20,,,
"Pecho Hombro - Wednesday","11 Jun 2025, 20:08","11 Jun 2025, 22:00","","Behind the Back Bicep Wrist Curl (Barbell)",,"",1,"normal",25,15,,,
"Pecho Hombro - Wednesday","11 Jun 2025, 20:08","11 Jun 2025, 22:00","","Behind the Back Bicep Wrist Curl (Barbell)",,"",2,"normal",25,15,,,
"Pecho Hombro - Wednesday","11 Jun 2025, 20:08","11 Jun 2025, 22:00","","Behind the Back Bicep Wrist Curl (Barbell)",,"",3,"normal",25,15,,,
"Afternoon Run","18 May 2025, 11:15","18 May 2025, 11:52","","Running",,"",0,"normal",,,5.88,2160,
"Leg Monday","12 May 2025, 20:07","12 May 2025, 21:32","","Squat (Barbell)",,"",0,"normal",50,10,,,
"Leg Monday","12 May 2025, 20:07","12 May 2025, 21:32","","Squat (Barbell)",,"",1,"normal",60,10,,,
"Leg Monday","12 May 2025, 20:07","12 May 2025, 21:32","","Squat (Barbell)",,"",2,"normal",70,8,,,
"Leg Monday","12 May 2025, 20:07","12 May 2025, 21:32","","Lying Leg Curl (Machine)",,"",0,"normal",27,10,,,
"Leg Monday","12 May 2025, 20:07","12 May 2025, 21:32","","Lying Leg Curl (Machine)",,"",1,"normal",27,10,,,
"Leg Monday","12 May 2025, 20:07","12 May 2025, 21:32","","Lying Leg Curl (Machine)",,"",2,"normal",30,8,,,
"Leg Monday","12 May 2025, 20:07","12 May 2025, 21:32","","Hip Adduction (Machine)",,"",0,"normal",19,12,,,
"Leg Monday","12 May 2025, 20:07","12 May 2025, 21:32","","Hip Adduction (Machine)",,"",1,"normal",22.5,12,,,
"Leg Monday","12 May 2025, 20:07","12 May 2025, 21:32","","Hip Adduction (Machine)",,"",2,"normal",25,15,,,
"Leg Monday","12 May 2025, 20:07","12 May 2025, 21:32","","Leg Extension (Machine)",,"",0,"normal",39,10,,,
"Leg Monday","12 May 2025, 20:07","12 May 2025, 21:32","","Leg Extension (Machine)",,"",1,"normal",45,10,,,
"Leg Monday","12 May 2025, 20:07","12 May 2025, 21:32","","Single Leg Extensions",,"",0,"normal",18,8,,,
"Leg Monday","12 May 2025, 20:07","12 May 2025, 21:32","","Single Leg Extensions",,"",1,"normal",20.3,8,,,
"Leg Monday","12 May 2025, 20:07","12 May 2025, 21:32","","Single Leg Extensions",,"",2,"normal",22.6,10,,,
"Leg Monday","12 May 2025, 20:07","12 May 2025, 21:32","","Hip Abduction (Machine)",,"",0,"normal",18,15,,,
"Leg Monday","12 May 2025, 20:07","12 May 2025, 21:32","","Hip Abduction (Machine)",,"",1,"normal",25,15,,,
"Leg Monday","12 May 2025, 20:07","12 May 2025, 21:32","","Hip Abduction (Machine)",,"",2,"normal",25,10,,,
"Leg Monday","12 May 2025, 20:07","12 May 2025, 21:32","","Hip Thrust (Barbell)",,"",0,"normal",22.7,10,,,
"Leg Monday","12 May 2025, 20:07","12 May 2025, 21:32","","Hip Thrust (Barbell)",,"",1,"normal",22.7,10,,,
"Leg Monday","12 May 2025, 20:07","12 May 2025, 21:32","","Hip Thrust (Barbell)",,"",2,"normal",22.7,10,,,
"Leg Monday","12 May 2025, 20:07","12 May 2025, 21:32","","Standing Calf Raise",,"",0,"normal",,10,,,
"Leg Monday","12 May 2025, 20:07","12 May 2025, 21:32","","Standing Calf Raise",,"",1,"normal",,10,,,
"Leg Monday","12 May 2025, 20:07","12 May 2025, 21:32","","Standing Calf Raise",,"",2,"normal",,10,,,
"Leg Monday","12 May 2025, 20:07","12 May 2025, 21:32","","Single Leg Standing Calf Raise",,"",0,"normal",,5,,,
"Leg Monday","12 May 2025, 20:07","12 May 2025, 21:32","","Single Leg Standing Calf Raise",,"",1,"normal",,5,,,
"Leg Monday","12 May 2025, 20:07","12 May 2025, 21:32","","Single Leg Standing Calf Raise",,"",2,"normal",,5,,,
"Leg Monday","12 May 2025, 20:07","12 May 2025, 21:32","","Plank",,"",0,"normal",,,,60,
"Leg Monday","12 May 2025, 20:07","12 May 2025, 21:32","","Side Plank",,"",0,"normal",,,,30,
"Leg Monday","12 May 2025, 20:07","12 May 2025, 21:32","","Push Up",,"",0,"normal",,10,,,
"Pechito in the morning","10 May 2025, 08:30","10 May 2025, 09:31","","Bench Press (Barbell)",,"",0,"normal",40,8,,,
"Pechito in the morning","10 May 2025, 08:30","10 May 2025, 09:31","","Bench Press (Barbell)",,"",1,"normal",40,8,,,
"Pechito in the morning","10 May 2025, 08:30","10 May 2025, 09:31","","Bench Press (Barbell)",,"",2,"normal",40,8,,,
"Pechito in the morning","10 May 2025, 08:30","10 May 2025, 09:31","","Bench Press (Barbell)",,"",3,"normal",50,4,,,
"Pechito in the morning","10 May 2025, 08:30","10 May 2025, 09:31","","Incline Bench Press (Dumbbell)",,"2 pesas de 16 kg",0,"normal",32,10,,,
"Pechito in the morning","10 May 2025, 08:30","10 May 2025, 09:31","","Incline Bench Press (Dumbbell)",,"2 pesas de 16 kg",1,"normal",32,9,,,
"Pechito in the morning","10 May 2025, 08:30","10 May 2025, 09:31","","Incline Bench Press (Dumbbell)",,"2 pesas de 16 kg",2,"normal",32,8,,,
"Pechito in the morning","10 May 2025, 08:30","10 May 2025, 09:31","","Cable Fly Crossovers",,"",0,"normal",28,12,,,
"Pechito in the morning","10 May 2025, 08:30","10 May 2025, 09:31","","Cable Fly Crossovers",,"",1,"normal",28,12,,,
"Pechito in the morning","10 May 2025, 08:30","10 May 2025, 09:31","","Cable Fly Crossovers",,"",2,"normal",28,12,,,
"Pechito in the morning","10 May 2025, 08:30","10 May 2025, 09:31","","Butterfly (Pec Deck)",,"",0,"normal",32,20,,,
"Pechito in the morning","10 May 2025, 08:30","10 May 2025, 09:31","","Butterfly (Pec Deck)",,"",1,"normal",39,15,,,
"Pechito in the morning","10 May 2025, 08:30","10 May 2025, 09:31","","Butterfly (Pec Deck)",,"",2,"normal",39,20,,,
"Pechito in the morning","10 May 2025, 08:30","10 May 2025, 09:31","","Plank",,"",0,"normal",,,,60,