id_ticket,fecha,id_cliente,id_articulo,cantidad,total
T-00001,2024-06-25,C147,A0018,2,9.5
T-00002,2024-05-13,C105,A0011,1,13.5
T-00003,2024-11-25,C178,A0006,3,14.5
T-00004,2024-07-15,C002,A0029,1,850.0
T-00005,2024-09-28,C219,A0029,2,850.0
T-00006,2024-10-28,C076,A0022,1,8.5
T-00007,2024-08-06,C069,A0028,3,22.0
T-00008,2024-12-09,C044,A0016,1,19.0
T-00009,2024-02-27,C129,A0016,1,19.0
T-00010,2024-01-27,C178,A0009,2,155.0
T-00011,2024-01-20,C088,A0032,3,9.0
T-00012,2024-09-27,C272,A0027,2,26.0
T-00013,2024-06-07,C292,A0027,3,26.0
T-00014,2024-10-02,C279,A0025,2,140.0
T-00015,2024-12-18,C062,A0031,3,12.0
T-00016,2024-12-02,C296,A0001,3,23.0
T-00017,2024-06-18,C157,A0018,1,9.5
T-00018,2024-08-24,C113,A0027,2,26.0
T-00019,2024-02-27,C265,A0005,3,14.5
T-00020,2024-05-24,C280,A0030,2,12.0
T-00021,2024-03-20,C190,A0033,1,9.0
T-00022,2024-02-19,C134,A0007,2,9.0
T-00023,2024-02-02,C166,A0011,3,13.5
T-00024,2024-03-28,C102,A0023,2,2.5
T-00025,2024-09-28,C110,A0025,2,140.0
T-00026,2024-05-27,C174,A0032,3,9.0
T-00027,2024-09-14,C018,A0033,3,9.0
T-00028,2024-04-17,C233,A0021,2,6.5
T-00029,2024-05-06,C035,A0030,2,12.0
T-00030,2024-05-14,C293,A0011,3,13.5
T-00031,2024-05-24,C195,A0030,1,12.0
T-00032,2024-07-20,C079,A0029,2,850.0
T-00033,2024-04-14,C130,A0017,3,9.5
T-00034,2024-12-15,C067,A0013,3,32.0
T-00035,2024-02-16,C291,A0030,3,12.0
T-00036,2024-08-18,C040,A0026,1,26.0
T-00037,2024-02-10,C195,A0024,2,2.5
T-00038,2024-07-02,C175,A0027,1,26.0
T-00039,2024-05-11,C128,A0012,1,13.5
T-00040,2024-04-13,C282,A0017,2,9.5
T-00041,2024-11-06,C213,A0001,2,23.0
T-00042,2024-10-02,C130,A0018,2,9.5
T-00043,2024-02-16,C129,A0017,3,9.5
T-00044,2024-09-02,C042,A0028,3,22.0
T-00045,2024-11-09,C188,A0030,1,12.0
T-00046,2024-07-12,C116,A0027,1,26.0
T-00047,2024-01-12,C134,A0021,1,6.5
T-00048,2024-09-05,C133,A0027,2,26.0
T-00049,2024-11-13,C058,A0033,2,9.0
T-00050,2024-04-27,C210,A0031,2,12.0
T-00051,2024-12-28,C036,A0031,3,12.0
T-00052,2024-10-25,C182,A0031,2,12.0
T-00053,2024-02-26,C263,A0030,2,12.0
T-00054,2024-06-22,C048,A0014,1,32.0
T-00055,2024-08-06,C300,A0021,3,6.5
T-00056,2024-08-13,C067,A0013,3,32.0
T-00057,2024-09-27,C029,A0027,2,26.0
T-00058,2024-07-19,C044,A0010,2,13.5
T-00059,2024-02-03,C272,A0008,1,155.0
T-00060,2024-01-03,C106,A0025,3,140.0
T-00061,2024-12-17,C188,A0031,3,12.0
T-00062,2024-03-10,C038,A0013,3,32.0
T-00063,2024-04-25,C294,A0022,1,8.5
T-00064,2024-07-13,C299,A0017,2,9.5
T-00065,2024-06-23,C230,A0033,1,9.0
T-00066,2024-09-18,C012,A0032,2,9.0
T-00067,2024-11-23,C056,A0001,2,23.0
T-00068,2024-01-18,C064,A0008,2,155.0
T-00069,2024-06-08,C148,A0028,2,22.0
T-00070,2024-07-07,C185,A0027,2,26.0
T-00071,2024-04-10,C270,A0030,1,12.0
T-00072,2024-11-02,C104,A0008,1,155.0
T-00073,2024-08-24,C266,A0020,2,190.0
T-00074,2024-04-11,C221,A0018,2,9.5
T-00075,2024-01-24,C132,A0004,2,14.5
T-00076,2024-07-25,C089,A0011,3,13.5
T-00077,2024-08-06,C072,A0014,3,32.0
T-00078,2024-10-02,C225,A0018,1,9.5
T-00079,2024-02-25,C006,A0022,1,8.5
T-00080,2024-02-21,C001,A0014,1,32.0
T-00081,2024-10-24,C156,A0006,2,14.5
T-00082,2024-11-26,C047,A0005,2,14.5
T-00083,2024-07-05,C096,A0029,2,850.0
T-00084,2024-07-27,C199,A0026,2,26.0
T-00085,2024-05-24,C121,A0032,1,9.0
T-00086,2024-02-12,C226,A0010,3,13.5
T-00087,2024-04-18,C233,A0021,2,6.5
T-00088,2024-12-11,C223,A0033,2,9.0
T-00089,2024-05-26,C079,A0018,3,9.5
T-00090,2024-12-10,C237,A0003,2,23.0
T-00091,2024-04-13,C080,A0013,3,32.0
T-00092,2024-06-18,C171,A0033,3,9.0
T-00093,2024-11-24,C131,A0022,3,8.5
T-00094,2024-07-24,C058,A0033,3,9.0
T-00095,2024-02-27,C257,A0025,2,140.0
T-00096,2024-01-03,C190,A0005,3,14.5
T-00097,2024-10-02,C114,A0031,3,12.0
T-00098,2024-05-23,C261,A0031,3,12.0
T-00099,2024-09-28,C272,A0027,3,26.0
T-00100,2024-08-01,C202,A0019,2,190.0
T-00101,2024-01-21,C156,A0003,1,23.0
T-00102,2024-09-23,C137,A0025,1,140.0
T-00103,2024-08-27,C169,A0032,1,9.0
T-00104,2024-05-14,C158,A0012,2,13.5
T-00105,2024-08-23,C195,A0029,2,850.0
T-00106,2024-11-27,C064,A0016,2,19.0
T-00107,2024-07-27,C071,A0029,2,850.0
T-00108,2024-10-17,C049,A0006,2,14.5
T-00109,2024-12-17,C151,A0033,2,9.0
T-00110,2024-10-12,C241,A0008,3,155.0
T-00111,2024-11-20,C111,A0013,3,32.0
T-00112,2024-11-17,C180,A0033,1,9.0
T-00113,2024-08-14,C151,A0032,3,9.0
T-00114,2024-05-02,C289,A0030,1,12.0
T-00115,2024-10-19,C001,A0033,2,9.0
T-00116,2024-10-19,C232,A0006,2,14.5
T-00117,2024-10-26,C156,A0008,3,155.0
T-00118,2024-01-10,C182,A0031,2,12.0
T-00119,2024-02-18,C068,A0032,2,9.0
T-00120,2024-01-01,C215,A0006,2,14.5
T-00121,2024-03-18,C108,A0030,3,12.0
T-00122,2024-11-17,C261,A0012,2,13.5
T-00123,2024-02-25,C169,A0033,2,9.0
T-00124,2024-09-28,C084,A0025,1,140.0
T-00125,2024-02-04,C060,A0003,1,23.0
T-00126,2024-10-19,C059,A0022,1,8.5
T-00127,2024-08-23,C203,A0022,1,8.5
T-00128,2024-09-09,C161,A0030,1,12.0
T-00129,2024-08-19,C173,A0030,2,12.0
T-00130,2024-05-22,C157,A0020,2,190.0
T-00131,2024-07-03,C089,A0017,3,9.5
T-00132,2024-12-27,C068,A0032,3,9.0
T-00133,2024-06-10,C058,A0024,1,2.5
T-00134,2024-01-20,C080,A0030,2,12.0
T-00135,2024-06-18,C240,A0031,3,12.0
T-00136,2024-10-15,C026,A0007,3,9.0
T-00137,2024-02-21,C021,A0033,3,9.0
T-00138,2024-07-26,C092,A0026,1,26.0
T-00139,2024-04-25,C211,A0013,3,32.0
T-00140,2024-07-04,C175,A0030,1,12.0
T-00141,2024-06-24,C001,A0010,1,13.5
T-00142,2024-02-27,C110,A0005,3,14.5
T-00143,2024-12-24,C050,A0024,1,2.5
T-00144,2024-10-10,C062,A0031,3,12.0
T-00145,2024-08-13,C002,A0027,2,26.0
T-00146,2024-11-06,C238,A0006,1,14.5
T-00147,2024-12-21,C165,A0032,2,9.0
T-00148,2024-05-19,C181,A0012,2,13.5
T-00149,2024-06-06,C073,A0021,1,6.5
T-00150,2024-10-05,C118,A0024,1,2.5
T-00151,2024-11-04,C189,A0005,3,14.5
T-00152,2024-08-19,C092,A0029,1,850.0
T-00153,2024-08-06,C208,A0032,2,9.0
T-00154,2024-06-25,C071,A0032,3,9.0
T-00155,2024-10-23,C252,A0016,1,19.0
T-00156,2024-09-06,C261,A0031,1,12.0
T-00157,2024-11-09,C184,A0004,1,14.5
T-00158,2024-03-22,C236,A0023,2,2.5
T-00159,2024-05-19,C088,A0033,3,9.0
T-00160,2024-05-19,C160,A0021,1,6.5
T-00161,2024-05-14,C078,A0021,2,6.5
T-00162,2024-10-01,C184,A0018,3,9.5
T-00163,2024-05-22,C181,A0031,2,12.0
T-00164,2024-08-04,C065,A0028,1,22.0
T-00165,2024-12-19,C109,A0032,2,9.0
T-00166,2024-07-19,C160,A0023,3,2.5
T-00167,2024-12-15,C241,A0005,3,14.5
T-00168,2024-11-15,C231,A0005,3,14.5
T-00169,2024-07-10,C051,A0028,1,22.0
T-00170,2024-09-10,C135,A0027,2,26.0
T-00171,2024-11-10,C298,A0003,3,23.0
T-00172,2024-08-03,C104,A0032,3,9.0
T-00173,2024-11-21,C067,A0014,1,32.0
T-00174,2024-02-07,C240,A0031,1,12.0
T-00175,2024-09-24,C113,A0026,3,26.0
T-00176,2024-06-27,C054,A0029,3,850.0
T-00177,2024-11-01,C083,A0024,3,2.5
T-00178,2024-08-05,C073,A0023,2,2.5
T-00179,2024-04-01,C144,A0033,2,9.0
T-00180,2024-11-07,C268,A0001,2,23.0
T-00181,2024-01-02,C177,A0003,1,23.0
T-00182,2024-06-18,C102,A0030,3,12.0
T-00183,2024-12-12,C051,A0017,2,9.5
T-00184,2024-05-01,C241,A0012,3,13.5
T-00185,2024-09-26,C288,A0026,3,26.0
T-00186,2024-10-26,C077,A0022,3,8.5
T-00187,2024-11-23,C093,A0033,2,9.0
T-00188,2024-11-19,C045,A0023,3,2.5
T-00189,2024-04-16,C299,A0017,2,9.5
T-00190,2024-08-13,C249,A0027,1,26.0
T-00191,2024-12-11,C049,A0006,2,14.5
T-00192,2024-07-11,C181,A0032,1,9.0
T-00193,2024-06-19,C021,A0032,2,9.0
T-00194,2024-05-18,C228,A0015,3,19.0
T-00195,2024-12-13,C141,A0003,2,23.0
T-00196,2024-07-25,C071,A0029,1,850.0
T-00197,2024-11-07,C145,A0008,3,155.0
T-00198,2024-02-12,C072,A0009,3,155.0
T-00199,2024-11-27,C153,A0004,2,14.5
T-00200,2024-04-14,C299,A0015,1,19.0
T-00201,2024-03-25,C263,A0030,2,12.0
T-00202,2024-06-04,C004,A0027,3,26.0
T-00203,2024-12-07,C039,A0024,1,2.5
T-00204,2024-10-06,C202,A0003,1,23.0
T-00205,2024-11-17,C104,A0032,2,9.0
T-00206,2024-10-10,C277,A0017,3,9.5
T-00207,2024-08-22,C137,A0022,2,8.5
T-00208,2024-05-26,C126,A0023,2,2.5
T-00209,2024-03-14,C277,A0017,2,9.5
T-00210,2024-12-03,C259,A0005,1,14.5
T-00211,2024-04-17,C245,A0031,2,12.0
T-00212,2024-05-26,C101,A0033,1,9.0
T-00213,2024-01-04,C099,A0031,2,12.0
T-00214,2024-12-20,C120,A0009,2,155.0
T-00215,2024-02-04,C026,A0008,3,155.0
T-00216,2024-07-02,C024,A0033,3,9.0
T-00217,2024-06-04,C219,A0029,2,850.0
T-00218,2024-12-08,C057,A0009,1,155.0
T-00219,2024-10-06,C100,A0005,3,14.5
T-00220,2024-01-14,C246,A0007,1,9.0
T-00221,2024-06-17,C065,A0027,3,26.0
T-00222,2024-02-19,C006,A0021,2,6.5
T-00223,2024-01-20,C041,A0032,3,9.0
T-00224,2024-07-13,C073,A0025,2,140.0
T-00225,2024-09-12,C261,A0030,2,12.0
T-00226,2024-02-16,C221,A0002,1,23.0
T-00227,2024-09-18,C242,A0024,2,2.5
T-00228,2024-08-03,C010,A0031,1,12.0
T-00229,2024-01-27,C057,A0009,2,155.0
T-00230,2024-04-08,C058,A0020,2,190.0
T-00231,2024-03-02,C021,A0032,2,9.0
T-00232,2024-06-07,C216,A0025,3,140.0
T-00233,2024-08-18,C018,A0033,1,9.0
T-00234,2024-12-04,C279,A0025,3,140.0
T-00235,2024-11-07,C149,A0032,3,9.0
T-00236,2024-01-21,C155,A0032,2,9.0
T-00237,2024-03-18,C088,A0033,1,9.0
T-00238,2024-09-27,C266,A0014,2,32.0
T-00239,2024-12-05,C220,A0007,2,9.0
T-00240,2024-02-16,C278,A0030,1,12.0
T-00241,2024-09-27,C294,A0027,2,26.0
T-00242,2024-09-10,C295,A0011,1,13.5
T-00243,2024-01-26,C144,A0033,1,9.0
T-00244,2024-03-14,C108,A0031,3,12.0
T-00245,2024-07-01,C092,A0029,1,850.0
T-00246,2024-05-13,C218,A0015,1,19.0
T-00247,2024-01-01,C298,A0004,3,14.5
T-00248,2024-10-28,C297,A0024,3,2.5
T-00249,2024-07-09,C199,A0026,1,26.0
T-00250,2024-07-27,C163,A0029,1,850.0
T-00251,2024-02-11,C092,A0003,2,23.0
T-00252,2024-02-17,C169,A0032,3,9.0
T-00253,2024-07-08,C233,A0024,1,2.5
T-00254,2024-08-03,C292,A0027,2,26.0
T-00255,2024-07-01,C253,A0029,1,850.0
T-00256,2024-08-18,C118,A0025,3,140.0
T-00257,2024-08-05,C250,A0027,3,26.0
T-00258,2024-01-04,C194,A0021,3,6.5
T-00259,2024-09-16,C208,A0032,2,9.0
T-00260,2024-03-07,C114,A0031,1,12.0
T-00261,2024-09-13,C020,A0029,2,850.0
T-00262,2024-06-23,C023,A0022,1,8.5
T-00263,2024-03-20,C174,A0033,1,9.0
T-00264,2024-04-24,C150,A0033,1,9.0
T-00265,2024-02-27,C270,A0031,2,12.0
T-00266,2024-01-18,C221,A0003,2,23.0
T-00267,2024-05-07,C254,A0033,3,9.0
T-00268,2024-12-09,C274,A0016,1,19.0
T-00269,2024-03-13,C181,A0030,2,12.0
T-00270,2024-11-27,C155,A0033,2,9.0
T-00271,2024-11-11,C215,A0001,3,23.0
T-00272,2024-04-14,C098,A0018,2,9.5
T-00273,2024-01-27,C090,A0030,1,12.0
T-00274,2024-07-03,C194,A0025,3,140.0
T-00275,2024-06-14,C096,A0027,3,26.0
T-00276,2024-05-11,C291,A0030,3,12.0
T-00277,2024-12-26,C178,A0007,1,9.0
T-00278,2024-07-24,C204,A0032,3,9.0
T-00279,2024-03-02,C234,A0024,3,2.5
T-00280,2024-11-03,C213,A0005,3,14.5
T-00281,2024-08-06,C275,A0027,3,26.0
T-00282,2024-07-24,C176,A0032,2,9.0
T-00283,2024-02-02,C249,A0024,3,2.5
T-00284,2024-12-12,C184,A0013,1,32.0
T-00285,2024-09-09,C135,A0027,3,26.0
T-00286,2024-02-13,C204,A0002,3,23.0
T-00287,2024-12-25,C124,A0033,3,9.0
T-00288,2024-02-10,C056,A0004,2,14.5
T-00289,2024-04-22,C236,A0022,1,8.5
T-00290,2024-08-19,C001,A0014,2,32.0
T-00291,2024-08-09,C287,A0028,1,22.0
T-00292,2024-11-02,C231,A0008,3,155.0
T-00293,2024-06-09,C002,A0029,2,850.0
T-00294,2024-10-08,C132,A0030,2,12.0
T-00295,2024-09-16,C076,A0033,2,9.0
T-00296,2024-10-01,C023,A0019,2,190.0
T-00297,2024-11-12,C035,A0009,1,155.0
T-00298,2024-06-14,C050,A0025,2,140.0
T-00299,2024-12-05,C156,A0002,2,23.0
T-00300,2024-06-08,C058,A0033,1,9.0
T-00301,2024-06-13,C165,A0032,2,9.0
T-00302,2024-09-13,C017,A0022,1,8.5
T-00303,2024-07-28,C035,A0030,3,12.0
T-00304,2024-02-22,C213,A0002,1,23.0
T-00305,2024-06-04,C115,A0024,3,2.5
T-00306,2024-11-07,C080,A0030,2,12.0
T-00307,2024-07-27,C081,A0027,2,26.0
T-00308,2024-07-27,C107,A0027,1,26.0
T-00309,2024-02-11,C298,A0003,2,23.0
T-00310,2024-05-24,C214,A0033,1,9.0
T-00311,2024-11-16,C062,A0031,1,12.0
T-00312,2024-10-04,C153,A0002,2,23.0
T-00313,2024-01-23,C257,A0023,1,2.5
T-00314,2024-11-28,C070,A0001,1,23.0
T-00315,2024-02-21,C050,A0025,2,140.0
T-00316,2024-09-08,C118,A0022,2,8.5
T-00317,2024-10-14,C044,A0016,1,19.0
T-00318,2024-03-14,C282,A0020,1,190.0
T-00319,2024-06-28,C114,A0030,3,12.0
T-00320,2024-01-05,C001,A0016,3,19.0
T-00321,2024-07-02,C071,A0028,3,22.0
T-00322,2024-02-04,C212,A0002,2,23.0
T-00323,2024-09-04,C038,A0023,1,2.5
T-00324,2024-01-23,C115,A0002,1,23.0
T-00325,2024-02-21,C060,A0001,1,23.0
T-00326,2024-03-28,C181,A0030,1,12.0
T-00327,2024-09-16,C086,A0027,3,26.0
T-00328,2024-10-07,C194,A0025,1,140.0
T-00329,2024-01-17,C242,A0022,2,8.5
T-00330,2024-01-10,C177,A0009,2,155.0
T-00331,2024-08-09,C171,A0032,3,9.0
T-00332,2024-03-13,C100,A0022,1,8.5
T-00333,2024-02-22,C290,A0004,3,14.5
T-00334,2024-06-24,C292,A0027,1,26.0
T-00335,2024-02-04,C235,A0004,2,14.5
T-00336,2024-12-05,C036,A0030,2,12.0
T-00337,2024-07-16,C040,A0028,3,22.0
T-00338,2024-02-28,C236,A0023,1,2.5
T-00339,2024-11-27,C209,A0005,3,14.5
T-00340,2024-12-26,C184,A0021,2,6.5
T-00341,2024-09-07,C116,A0029,1,850.0
T-00342,2024-06-04,C199,A0029,2,850.0
T-00343,2024-05-16,C295,A0018,2,9.5
T-00344,2024-12-28,C059,A0024,1,2.5
T-00345,2024-11-14,C232,A0004,1,14.5
T-00346,2024-06-12,C091,A0033,3,9.0
T-00347,2024-08-05,C242,A0012,1,13.5
T-00348,2024-07-26,C286,A0030,2,12.0
T-00349,2024-05-08,C088,A0033,3,9.0
T-00350,2024-08-27,C091,A0033,3,9.0
T-00351,2024-10-23,C032,A0021,2,6.5
T-00352,2024-11-06,C214,A0033,3,9.0
T-00353,2024-08-06,C219,A0026,2,26.0
T-00354,2024-03-27,C090,A0030,2,12.0
T-00355,2024-07-12,C116,A0028,2,22.0
T-00356,2024-12-21,C110,A0019,3,190.0
T-00357,2024-07-12,C019,A0026,2,26.0
T-00358,2024-11-13,C105,A0019,3,190.0
T-00359,2024-06-28,C123,A0028,1,22.0
T-00360,2024-10-21,C125,A0007,3,9.0
T-00361,2024-06-06,C219,A0028,1,22.0
T-00362,2024-03-18,C172,A0014,2,32.0
T-00363,2024-08-05,C112,A0030,1,12.0
T-00364,2024-09-11,C012,A0032,2,9.0
T-00365,2024-10-14,C148,A0032,1,9.0
T-00366,2024-05-18,C263,A0020,2,190.0
T-00367,2024-11-25,C213,A0005,1,14.5
T-00368,2024-01-12,C125,A0004,2,14.5
T-00369,2024-12-02,C027,A0004,1,14.5
T-00370,2024-03-05,C030,A0024,1,2.5
T-00371,2024-03-06,C003,A0031,1,12.0
T-00372,2024-07-11,C197,A0026,1,26.0
T-00373,2024-08-03,C195,A0027,3,26.0
T-00374,2024-08-08,C135,A0028,2,22.0
T-00375,2024-02-03,C139,A0003,3,23.0
T-00376,2024-07-11,C116,A0028,1,22.0
T-00377,2024-07-13,C205,A0029,2,850.0
T-00378,2024-02-26,C034,A0030,3,12.0
T-00379,2024-09-12,C139,A0031,3,12.0
T-00380,2024-02-28,C017,A0023,3,2.5
T-00381,2024-02-15,C269,A0033,2,9.0
T-00382,2024-08-24,C029,A0026,2,26.0
T-00383,2024-05-10,C204,A0017,2,9.5
T-00384,2024-06-18,C151,A0032,2,9.0
T-00385,2024-09-08,C186,A0033,1,9.0
T-00386,2024-04-20,C260,A0025,1,140.0
T-00387,2024-10-23,C153,A0003,1,23.0
T-00388,2024-04-24,C018,A0033,2,9.0
T-00389,2024-03-07,C279,A0022,3,8.5
T-00390,2024-07-27,C197,A0026,3,26.0
T-00391,2024-11-21,C180,A0032,2,9.0
T-00392,2024-02-08,C216,A0022,2,8.5
T-00393,2024-06-27,C249,A0022,1,8.5
T-00394,2024-05-09,C216,A0032,3,9.0
T-00395,2024-02-23,C091,A0019,2,190.0
T-00396,2024-07-23,C267,A0022,2,8.5
T-00397,2024-01-14,C167,A0016,3,19.0
T-00398,2024-06-16,C205,A0029,3,850.0
T-00399,2024-12-09,C183,A0012,1,13.5
T-00400,2024-06-10,C299,A0012,3,13.5
T-00401,2024-05-03,C277,A0016,2,19.0
T-00402,2024-10-01,C221,A0001,3,23.0
T-00403,2024-09-15,C245,A0022,2,8.5
T-00404,2024-12-19,C141,A0006,3,14.5
T-00405,2024-12-25,C221,A0003,1,23.0
T-00406,2024-12-17,C174,A0032,1,9.0
T-00407,2024-11-12,C149,A0032,3,9.0
T-00408,2024-06-22,C246,A0023,2,2.5
T-00409,2024-04-04,C018,A0023,1,2.5
T-00410,2024-07-16,C067,A0010,2,13.5
T-00411,2024-10-23,C276,A0030,1,12.0
T-00412,2024-05-27,C068,A0032,3,9.0
T-00413,2024-06-08,C210,A0030,1,12.0
T-00414,2024-01-06,C045,A0023,3,2.5
T-00415,2024-04-10,C174,A0033,3,9.0
T-00416,2024-10-27,C200,A0022,2,8.5
T-00417,2024-07-18,C026,A0029,1,850.0
T-00418,2024-02-08,C241,A0001,1,23.0
T-00419,2024-03-05,C003,A0030,2,12.0
T-00420,2024-05-24,C200,A0020,1,190.0
T-00421,2024-09-12,C093,A0033,1,9.0
T-00422,2024-02-03,C028,A0004,2,14.5
T-00423,2024-07-08,C276,A0021,1,6.5
T-00424,2024-08-24,C089,A0018,3,9.5
T-00425,2024-05-19,C077,A0023,2,2.5
T-00426,2024-08-21,C209,A0012,1,13.5
T-00427,2024-11-24,C056,A0007,3,9.0
T-00428,2024-01-15,C277,A0020,1,190.0
T-00429,2024-09-26,C042,A0026,3,26.0
T-00430,2024-05-14,C240,A0030,1,12.0
T-00431,2024-01-20,C239,A0002,2,23.0
T-00432,2024-10-18,C052,A0007,3,9.0
T-00433,2024-06-13,C022,A0026,3,26.0
T-00434,2024-06-11,C154,A0032,3,9.0
T-00435,2024-07-12,C170,A0025,1,140.0
T-00436,2024-04-11,C251,A0032,3,9.0
T-00437,2024-08-16,C074,A0026,3,26.0
T-00438,2024-01-02,C222,A0032,2,9.0
T-00439,2024-10-16,C176,A0032,1,9.0
T-00440,2024-01-07,C026,A0005,1,14.5
T-00441,2024-03-19,C155,A0033,1,9.0
T-00442,2024-02-25,C080,A0006,3,14.5
T-00443,2024-05-10,C193,A0032,3,9.0
T-00444,2024-11-08,C046,A0009,1,155.0
T-00445,2024-06-23,C234,A0021,3,6.5
T-00446,2024-08-25,C110,A0022,3,8.5
T-00447,2024-04-14,C050,A0021,2,6.5
T-00448,2024-09-04,C248,A0020,2,190.0
T-00449,2024-02-22,C035,A0030,2,12.0
T-00450,2024-01-28,C278,A0031,1,12.0
T-00451,2024-08-01,C177,A0027,2,26.0
T-00452,2024-02-23,C259,A0009,1,155.0
T-00453,2024-03-09,C001,A0016,3,19.0
T-00454,2024-08-02,C101,A0033,1,9.0
T-00455,2024-01-04,C149,A0033,1,9.0
T-00456,2024-01-03,C280,A0004,2,14.5
T-00457,2024-01-03,C059,A0022,1,8.5
T-00458,2024-02-16,C231,A0022,1,8.5
T-00459,2024-11-13,C228,A0031,2,12.0
T-00460,2024-10-10,C253,A0008,1,155.0
T-00461,2024-08-22,C242,A0023,3,2.5
T-00462,2024-04-10,C093,A0033,1,9.0
T-00463,2024-08-24,C172,A0025,2,140.0
T-00464,2024-02-24,C227,A0032,1,9.0
T-00465,2024-08-24,C174,A0032,2,9.0
T-00466,2024-03-11,C284,A0032,1,9.0
T-00467,2024-11-13,C086,A0005,1,14.5
T-00468,2024-08-15,C107,A0027,3,26.0
T-00469,2024-07-14,C146,A0028,2,22.0
T-00470,2024-02-13,C100,A0022,2,8.5
T-00471,2024-02-12,C270,A0001,2,23.0
T-00472,2024-01-20,C171,A0007,3,9.0
T-00473,2024-12-02,C118,A0025,3,140.0
T-00474,2024-12-18,C237,A0009,2,155.0
T-00475,2024-05-14,C041,A0033,2,9.0
T-00476,2024-12-15,C029,A0025,2,140.0
T-00477,2024-05-03,C256,A0031,2,12.0
T-00478,2024-10-13,C171,A0032,2,9.0
T-00479,2024-07-11,C146,A0029,2,850.0
T-00480,2024-12-26,C114,A0033,1,9.0
T-00481,2024-10-22,C209,A0020,3,190.0
T-00482,2024-04-24,C293,A0030,3,12.0
T-00483,2024-02-16,C176,A0016,3,19.0
T-00484,2024-11-17,C094,A0001,1,23.0
T-00485,2024-01-06,C018,A0033,3,9.0
T-00486,2024-07-12,C083,A0022,1,8.5
T-00487,2024-01-16,C157,A0017,1,9.5
T-00488,2024-11-22,C087,A0007,1,9.0
T-00489,2024-06-20,C005,A0033,3,9.0
T-00490,2024-08-18,C196,A0028,2,22.0
T-00491,2024-10-21,C192,A0012,3,13.5
T-00492,2024-10-12,C296,A0008,3,155.0
T-00493,2024-10-03,C202,A0005,1,14.5
T-00494,2024-05-03,C040,A0014,2,32.0
T-00495,2024-03-15,C168,A0019,1,190.0
T-00496,2024-10-04,C168,A0016,3,19.0
T-00497,2024-02-07,C235,A0006,1,14.5
T-00498,2024-03-26,C172,A0023,1,2.5
T-00499,2024-08-03,C026,A0033,3,9.0
T-00500,2024-04-13,C085,A0030,3,12.0
T-00501,2024-02-24,C089,A0015,2,19.0
T-00502,2024-03-10,C214,A0032,1,9.0
T-00503,2024-02-25,C048,A0020,2,190.0
T-00504,2024-09-16,C004,A0026,3,26.0
T-00505,2024-08-23,C101,A0032,3,9.0
T-00506,2024-10-08,C036,A0030,3,12.0
T-00507,2024-04-28,C227,A0032,2,9.0
T-00508,2024-12-06,C159,A0019,2,190.0
T-00509,2024-12-11,C044,A0013,3,32.0
T-00510,2024-06-07,C170,A0025,1,140.0
T-00511,2024-07-10,C217,A0025,2,140.0
T-00512,2024-10-22,C043,A0014,1,32.0
T-00513,2024-01-12,C053,A0033,3,9.0
T-00514,2024-01-05,C101,A0033,1,9.0
T-00515,2024-12-11,C128,A0016,2,19.0
T-00516,2024-09-05,C043,A0020,2,190.0
T-00517,2024-03-17,C166,A0013,2,32.0
T-00518,2024-05-11,C158,A0032,1,9.0
T-00519,2024-09-20,C097,A0028,3,22.0
T-00520,2024-08-12,C146,A0029,1,850.0
T-00521,2024-12-07,C084,A0021,2,6.5
T-00522,2024-04-12,C130,A0012,2,13.5
T-00523,2024-12-22,C098,A0018,2,9.5
T-00524,2024-08-13,C223,A0032,2,9.0
T-00525,2024-10-14,C060,A0004,3,14.5
T-00526,2024-09-08,C029,A0028,1,22.0
T-00527,2024-06-19,C287,A0028,1,22.0
T-00528,2024-12-15,C296,A0006,3,14.5
T-00529,2024-08-27,C275,A0028,1,22.0
T-00530,2024-02-04,C034,A0030,2,12.0
T-00531,2024-01-15,C047,A0002,3,23.0
T-00532,2024-05-06,C129,A0014,3,32.0
T-00533,2024-10-18,C143,A0013,2,32.0
T-00534,2024-09-05,C196,A0028,3,22.0
T-00535,2024-06-08,C148,A0033,2,9.0
T-00536,2024-08-24,C073,A0025,3,140.0
T-00537,2024-12-13,C114,A0031,1,12.0
T-00538,2024-09-20,C142,A0024,3,2.5
T-00539,2024-09-19,C299,A0013,2,32.0
T-00540,2024-07-11,C088,A0033,2,9.0
T-00541,2024-05-02,C151,A0033,3,9.0
T-00542,2024-10-26,C134,A0021,3,6.5
T-00543,2024-11-17,C259,A0009,2,155.0
T-00544,2024-11-28,C090,A0030,3,12.0
T-00545,2024-04-15,C023,A0021,1,6.5
T-00546,2024-10-26,C167,A0012,3,13.5
T-00547,2024-11-08,C273,A0031,3,12.0
T-00548,2024-11-16,C100,A0003,3,23.0
T-00549,2024-08-17,C205,A0028,3,22.0
T-00550,2024-12-23,C277,A0019,2,190.0
T-00551,2024-09-01,C135,A0027,2,26.0
T-00552,2024-01-04,C087,A0008,1,155.0
T-00553,2024-02-13,C049,A0008,1,155.0
T-00554,2024-09-08,C193,A0026,3,26.0
T-00555,2024-01-21,C246,A0005,1,14.5
T-00556,2024-01-02,C189,A0005,1,14.5
T-00557,2024-04-25,C295,A0030,2,12.0
T-00558,2024-09-24,C020,A0031,2,12.0
T-00559,2024-01-22,C265,A0003,2,23.0
T-00560,2024-10-23,C074,A0021,1,6.5
T-00561,2024-03-14,C085,A0031,1,12.0
T-00562,2024-09-28,C042,A0026,1,26.0
T-00563,2024-11-16,C244,A0030,1,12.0
T-00564,2024-02-17,C279,A0025,3,140.0
T-00565,2024-09-23,C196,A0026,2,26.0
T-00566,2024-06-09,C243,A0030,1,12.0
T-00567,2024-01-20,C159,A0025,2,140.0
T-00568,2024-08-02,C007,A0033,2,9.0
T-00569,2024-02-17,C259,A0007,3,9.0
T-00570,2024-05-14,C063,A0021,3,6.5
T-00571,2024-10-15,C093,A0033,3,9.0
T-00572,2024-06-10,C127,A0015,3,19.0
T-00573,2024-09-19,C085,A0031,1,12.0
T-00574,2024-12-05,C050,A0023,1,2.5
T-00575,2024-08-04,C143,A0015,3,19.0
T-00576,2024-07-26,C143,A0021,3,6.5
T-00577,2024-11-07,C064,A0001,3,23.0
T-00578,2024-03-28,C181,A0030,3,12.0
T-00579,2024-11-26,C150,A0033,1,9.0
T-00580,2024-09-28,C004,A0026,1,26.0
T-00581,2024-12-04,C154,A0033,3,9.0
T-00582,2024-07-03,C029,A0028,3,22.0
T-00583,2024-11-15,C243,A0031,3,12.0
T-00584,2024-11-16,C190,A0032,3,9.0
T-00585,2024-11-12,C052,A0005,1,14.5
T-00586,2024-06-27,C081,A0029,3,850.0
T-00587,2024-01-21,C007,A0031,3,12.0
T-00588,2024-03-11,C242,A0024,1,2.5
T-00589,2024-02-17,C009,A0033,3,9.0
T-00590,2024-04-02,C017,A0023,3,2.5
T-00591,2024-08-12,C258,A0033,3,9.0
T-00592,2024-05-06,C155,A0033,2,9.0
T-00593,2024-03-23,C001,A0020,2,190.0
T-00594,2024-10-06,C269,A0003,2,23.0
T-00595,2024-06-16,C038,A0023,3,2.5
T-00596,2024-11-12,C049,A0005,3,14.5
T-00597,2024-09-23,C283,A0028,3,22.0
T-00598,2024-08-01,C019,A0029,2,850.0
T-00599,2024-06-26,C083,A0027,3,26.0
T-00600,2024-08-18,C134,A0022,3,8.5
T-00601,2024-11-23,C252,A0001,3,23.0
T-00602,2024-06-03,C051,A0016,2,19.0
T-00603,2024-07-23,C012,A0032,1,9.0
T-00604,2024-01-03,C060,A0012,1,13.5
T-00605,2024-04-04,C223,A0032,1,9.0
T-00606,2024-07-14,C061,A0033,1,9.0
T-00607,2024-02-25,C202,A0004,1,14.5
T-00608,2024-09-28,C116,A0029,2,850.0
T-00609,2024-11-28,C144,A0032,1,9.0
T-00610,2024-09-16,C179,A0029,1,850.0
T-00611,2024-03-18,C173,A0030,2,12.0
T-00612,2024-07-19,C123,A0027,2,26.0
T-00613,2024-11-26,C138,A0005,1,14.5
T-00614,2024-11-08,C236,A0008,2,155.0
T-00615,2024-01-18,C279,A0021,2,6.5
T-00616,2024-12-10,C089,A0002,1,23.0
T-00617,2024-01-23,C077,A0023,2,2.5
T-00618,2024-10-21,C028,A0001,3,23.0
T-00619,2024-09-16,C217,A0025,3,140.0
T-00620,2024-06-12,C188,A0031,1,12.0
T-00621,2024-09-08,C157,A0026,2,26.0
T-00622,2024-07-06,C098,A0012,2,13.5
T-00623,2024-03-12,C203,A0021,2,6.5
T-00624,2024-12-09,C235,A0004,3,14.5
T-00625,2024-08-14,C241,A0026,3,26.0
T-00626,2024-08-05,C274,A0027,1,26.0
T-00627,2024-08-04,C159,A0021,2,6.5
T-00628,2024-02-03,C227,A0004,1,14.5
T-00629,2024-06-20,C282,A0011,3,13.5
T-00630,2024-04-06,C157,A0015,2,19.0
T-00631,2024-04-03,C098,A0020,1,190.0
T-00632,2024-01-17,C159,A0021,1,6.5
T-00633,2024-07-03,C183,A0033,2,9.0
T-00634,2024-09-11,C277,A0013,1,32.0
T-00635,2024-07-13,C229,A0019,2,190.0
T-00636,2024-02-18,C141,A0006,3,14.5
T-00637,2024-12-10,C053,A0032,1,9.0
T-00638,2024-05-02,C256,A0031,1,12.0
T-00639,2024-11-21,C200,A0022,3,8.5
T-00640,2024-06-04,C140,A0026,1,26.0
T-00641,2024-10-26,C248,A0013,2,32.0
T-00642,2024-11-23,C039,A0021,2,6.5
T-00643,2024-11-15,C187,A0007,1,9.0
T-00644,2024-12-24,C112,A0031,2,12.0
T-00645,2024-12-10,C061,A0032,3,9.0
T-00646,2024-12-02,C156,A0003,1,23.0
T-00647,2024-02-27,C063,A0022,3,8.5
T-00648,2024-06-19,C167,A0013,1,32.0
T-00649,2024-11-28,C212,A0003,3,23.0
T-00650,2024-04-07,C066,A0022,2,8.5
T-00651,2024-07-10,C228,A0031,3,12.0
T-00652,2024-02-10,C284,A0025,2,140.0
T-00653,2024-02-25,C120,A0009,3,155.0
T-00654,2024-11-22,C132,A0030,1,12.0
T-00655,2024-12-22,C269,A0032,1,9.0
T-00656,2024-01-13,C212,A0003,3,23.0
T-00657,2024-12-20,C290,A0008,1,155.0
T-00658,2024-09-13,C122,A0031,1,12.0
T-00659,2024-10-26,C021,A0016,1,19.0
T-00660,2024-07-11,C086,A0028,3,22.0
T-00661,2024-02-12,C254,A0032,3,9.0
T-00662,2024-11-28,C008,A0006,3,14.5
T-00663,2024-08-16,C288,A0028,3,22.0
T-00664,2024-12-15,C296,A0001,2,23.0
T-00665,2024-01-20,C234,A0022,1,8.5
T-00666,2024-11-05,C289,A0031,1,12.0
T-00667,2024-01-14,C098,A0022,3,8.5
T-00668,2024-06-21,C243,A0031,1,12.0
T-00669,2024-07-01,C124,A0033,2,9.0
T-00670,2024-02-06,C145,A0005,1,14.5
T-00671,2024-09-23,C092,A0028,3,22.0
T-00672,2024-02-10,C102,A0031,2,12.0
T-00673,2024-02-19,C046,A0007,2,9.0
T-00674,2024-06-24,C022,A0028,2,22.0
T-00675,2024-02-01,C254,A0030,2,12.0
T-00676,2024-03-22,C119,A0032,3,9.0
T-00677,2024-05-20,C207,A0023,1,2.5
T-00678,2024-07-19,C039,A0019,2,190.0
T-00679,2024-09-15,C093,A0033,1,9.0
T-00680,2024-05-22,C285,A0032,2,9.0
T-00681,2024-09-18,C148,A0033,2,9.0
T-00682,2024-08-27,C277,A0016,1,19.0
T-00683,2024-02-02,C232,A0004,3,14.5
T-00684,2024-02-09,C122,A0030,1,12.0
T-00685,2024-01-19,C094,A0004,2,14.5
T-00686,2024-06-06,C096,A0023,1,2.5
T-00687,2024-11-05,C192,A0031,2,12.0
T-00688,2024-12-04,C232,A0008,2,155.0
T-00689,2024-10-11,C047,A0006,3,14.5
T-00690,2024-06-08,C286,A0030,3,12.0
T-00691,2024-12-18,C160,A0023,3,2.5
T-00692,2024-07-26,C146,A0026,1,26.0
T-00693,2024-10-15,C151,A0033,1,9.0
T-00694,2024-10-23,C052,A0001,2,23.0
T-00695,2024-11-02,C138,A0025,3,140.0
T-00696,2024-09-20,C018,A0033,2,9.0
T-00697,2024-03-21,C062,A0031,3,12.0
T-00698,2024-06-11,C002,A0027,2,26.0
T-00699,2024-07-07,C292,A0027,3,26.0
T-00700,2024-06-07,C253,A0029,1,850.0
T-00701,2024-06-23,C082,A0030,1,12.0
T-00702,2024-10-02,C244,A0025,3,140.0
T-00703,2024-03-25,C110,A0022,2,8.5
T-00704,2024-02-10,C144,A0032,2,9.0
T-00705,2024-01-10,C168,A0013,1,32.0
T-00706,2024-08-06,C085,A0030,2,12.0
T-00707,2024-04-15,C192,A0022,1,8.5
T-00708,2024-08-02,C016,A0017,1,9.5
T-00709,2024-11-02,C202,A0006,1,14.5
T-00710,2024-07-13,C265,A0017,1,9.5
T-00711,2024-08-25,C250,A0027,3,26.0
T-00712,2024-06-26,C199,A0029,1,850.0
T-00713,2024-02-20,C090,A0030,2,12.0
T-00714,2024-05-18,C058,A0024,3,2.5
T-00715,2024-08-02,C055,A0027,3,26.0
T-00716,2024-02-13,C221,A0001,3,23.0
T-00717,2024-11-04,C125,A0001,1,23.0
T-00718,2024-11-14,C142,A0021,1,6.5
T-00719,2024-11-24,C248,A0014,2,32.0
T-00720,2024-12-19,C161,A0031,3,12.0
T-00721,2024-04-09,C256,A0031,2,12.0
T-00722,2024-08-13,C116,A0027,1,26.0
T-00723,2024-06-08,C042,A0026,2,26.0
T-00724,2024-10-01,C134,A0023,2,2.5
T-00725,2024-05-20,C118,A0024,1,2.5
T-00726,2024-12-07,C084,A0024,3,2.5
T-00727,2024-06-15,C203,A0023,1,2.5
T-00728,2024-01-15,C025,A0031,3,12.0
T-00729,2024-12-05,C241,A0001,2,23.0
T-00730,2024-09-23,C173,A0031,2,12.0
T-00731,2024-06-18,C240,A0031,2,12.0
T-00732,2024-12-27,C017,A0022,1,8.5
T-00733,2024-01-18,C064,A0004,1,14.5
T-00734,2024-08-13,C140,A0028,1,22.0
T-00735,2024-11-27,C028,A0004,3,14.5
T-00736,2024-03-08,C139,A0031,3,12.0
T-00737,2024-01-21,C167,A0011,3,13.5
T-00738,2024-09-02,C168,A0018,1,9.5
T-00739,2024-03-07,C066,A0025,2,140.0
T-00740,2024-02-16,C001,A0010,3,13.5
T-00741,2024-06-16,C062,A0030,1,12.0
T-00742,2024-05-03,C083,A0021,3,6.5
T-00743,2024-08-24,C130,A0020,1,190.0
T-00744,2024-09-10,C191,A0025,2,140.0
T-00745,2024-10-21,C026,A0009,2,155.0
T-00746,2024-05-15,C041,A0032,2,9.0
T-00747,2024-05-16,C131,A0022,1,8.5
T-00748,2024-08-17,C060,A0010,3,13.5
T-00749,2024-07-11,C151,A0019,3,190.0
T-00750,2024-06-17,C133,A0026,3,26.0
T-00751,2024-01-25,C298,A0006,1,14.5
T-00752,2024-02-21,C279,A0017,3,9.5
T-00753,2024-09-28,C039,A0022,2,8.5
T-00754,2024-09-01,C084,A0025,1,140.0
T-00755,2024-01-06,C042,A0030,2,12.0
T-00756,2024-07-27,C292,A0029,3,850.0
T-00757,2024-07-07,C285,A0033,2,9.0
T-00758,2024-09-21,C222,A0033,1,9.0
T-00759,2024-10-11,C213,A0009,1,155.0
T-00760,2024-01-26,C065,A0005,1,14.5
T-00761,2024-01-21,C050,A0021,2,6.5
T-00762,2024-09-25,C248,A0013,3,32.0
T-00763,2024-02-24,C223,A0033,3,9.0
T-00764,2024-12-21,C159,A0024,3,2.5
T-00765,2024-12-09,C221,A0003,2,23.0
T-00766,2024-07-07,C163,A0026,1,26.0
T-00767,2024-11-28,C143,A0022,3,8.5
T-00768,2024-02-19,C110,A0024,2,2.5
T-00769,2024-07-24,C004,A0019,1,190.0
T-00770,2024-11-15,C260,A0021,1,6.5
T-00771,2024-01-13,C097,A0031,1,12.0
T-00772,2024-04-05,C119,A0032,3,9.0
T-00773,2024-08-09,C041,A0033,1,9.0
T-00774,2024-09-12,C006,A0021,2,6.5
T-00775,2024-03-14,C063,A0025,2,140.0
T-00776,2024-11-04,C221,A0002,1,23.0
T-00777,2024-02-16,C188,A0030,3,12.0
T-00778,2024-01-12,C291,A0031,3,12.0
T-00779,2024-07-23,C187,A0031,2,12.0
T-00780,2024-06-27,C004,A0028,1,22.0
T-00781,2024-12-10,C183,A0033,2,9.0
T-00782,2024-09-14,C106,A0021,2,6.5
T-00783,2024-06-20,C258,A0032,3,9.0
T-00784,2024-07-25,C029,A0027,1,26.0
T-00785,2024-08-24,C125,A0030,2,12.0
T-00786,2024-05-28,C167,A0025,1,140.0
T-00787,2024-01-23,C191,A0004,1,14.5
T-00788,2024-11-18,C187,A0008,3,155.0
T-00789,2024-12-01,C176,A0032,3,9.0
T-00790,2024-02-18,C154,A0033,3,9.0
T-00791,2024-10-17,C236,A0021,1,6.5
T-00792,2024-09-25,C289,A0031,3,12.0
T-00793,2024-07-15,C069,A0027,1,26.0
T-00794,2024-01-02,C047,A0008,2,155.0
T-00795,2024-06-21,C278,A0030,3,12.0
T-00796,2024-12-13,C109,A0032,3,9.0
T-00797,2024-01-10,C189,A0002,3,23.0
T-00798,2024-06-03,C282,A0033,2,9.0
T-00799,2024-11-15,C266,A0018,2,9.5
T-00800,2024-06-01,C197,A0029,3,850.0
T-00801,2024-10-26,C154,A0032,3,9.0
T-00802,2024-03-18,C235,A0033,1,9.0
T-00803,2024-12-04,C005,A0024,2,2.5
T-00804,2024-02-01,C103,A0030,1,12.0
T-00805,2024-09-27,C052,A0025,1,140.0
T-00806,2024-10-23,C047,A0006,3,14.5
T-00807,2024-12-02,C046,A0001,2,23.0
T-00808,2024-07-02,C202,A0010,3,13.5
T-00809,2024-09-15,C199,A0027,3,26.0
T-00810,2024-10-26,C273,A0030,1,12.0
T-00811,2024-04-15,C294,A0021,3,6.5
T-00812,2024-08-02,C106,A0025,3,140.0
T-00813,2024-12-21,C125,A0004,2,14.5
T-00814,2024-04-25,C164,A0033,2,9.0
T-00815,2024-05-16,C124,A0032,1,9.0
T-00816,2024-07-01,C021,A0031,1,12.0
T-00817,2024-09-27,C065,A0027,2,26.0
T-00818,2024-08-03,C243,A0011,1,13.5
T-00819,2024-08-27,C061,A0033,1,9.0
T-00820,2024-06-22,C092,A0028,3,22.0
T-00821,2024-02-07,C066,A0023,2,2.5
T-00822,2024-11-23,C017,A0030,3,12.0
T-00823,2024-06-26,C040,A0028,1,22.0
T-00824,2024-12-14,C282,A0015,3,19.0
T-00825,2024-07-20,C043,A0026,2,26.0
T-00826,2024-09-09,C097,A0026,2,26.0
T-00827,2024-02-20,C125,A0005,2,14.5
T-00828,2024-05-08,C214,A0033,3,9.0
T-00829,2024-10-23,C263,A0003,2,23.0
T-00830,2024-03-02,C003,A0031,2,12.0
T-00831,2024-10-16,C007,A0030,3,12.0
T-00832,2024-05-05,C286,A0030,2,12.0
T-00833,2024-02-22,C145,A0003,2,23.0
T-00834,2024-02-27,C132,A0031,3,12.0
T-00835,2024-04-09,C268,A0033,2,9.0
T-00836,2024-01-27,C106,A0007,2,9.0
T-00837,2024-11-15,C089,A0017,1,9.5
T-00838,2024-11-18,C101,A0008,2,155.0
T-00839,2024-10-19,C046,A0003,3,23.0
T-00840,2024-10-16,C206,A0006,3,14.5
T-00841,2024-07-03,C283,A0028,3,22.0
T-00842,2024-11-17,C063,A0022,1,8.5
T-00843,2024-09-27,C267,A0027,3,26.0
T-00844,2024-06-28,C269,A0032,1,9.0
T-00845,2024-04-17,C291,A0031,1,12.0
T-00846,2024-06-19,C016,A0026,2,26.0
T-00847,2024-06-21,C020,A0031,2,12.0
T-00848,2024-08-03,C070,A0032,2,9.0
T-00849,2024-04-18,C008,A0023,2,2.5
T-00850,2024-07-16,C288,A0017,3,9.5
T-00851,2024-12-10,C143,A0025,2,140.0
T-00852,2024-07-28,C111,A0023,1,2.5
T-00853,2024-02-04,C147,A0031,2,12.0
T-00854,2024-11-19,C072,A0020,3,190.0
T-00855,2024-03-04,C012,A0033,2,9.0
T-00856,2024-10-01,C048,A0009,2,155.0
T-00857,2024-07-20,C135,A0028,1,22.0
T-00858,2024-02-24,C032,A0023,3,2.5
T-00859,2024-02-20,C260,A0006,2,14.5
T-00860,2024-12-15,C099,A0019,2,190.0
T-00861,2024-02-07,C187,A0001,2,23.0
T-00862,2024-06-14,C211,A0020,1,190.0
T-00863,2024-08-10,C142,A0022,1,8.5
T-00864,2024-07-16,C263,A0031,1,12.0
T-00865,2024-06-04,C101,A0033,1,9.0
T-00866,2024-02-09,C231,A0004,3,14.5
T-00867,2024-12-21,C221,A0008,2,155.0
T-00868,2024-07-26,C063,A0025,2,140.0
T-00869,2024-12-10,C237,A0004,2,14.5
T-00870,2024-08-04,C065,A0026,2,26.0
T-00871,2024-11-17,C072,A0019,1,190.0
T-00872,2024-02-07,C170,A0022,3,8.5
T-00873,2024-06-06,C288,A0026,3,26.0
T-00874,2024-09-23,C283,A0027,3,26.0
T-00875,2024-02-20,C222,A0033,1,9.0
T-00876,2024-10-25,C265,A0004,1,14.5
T-00877,2024-02-10,C192,A0012,1,13.5
T-00878,2024-08-02,C065,A0026,2,26.0
T-00879,2024-02-07,C075,A0032,1,9.0
T-00880,2024-12-09,C145,A0008,1,155.0
T-00881,2024-09-24,C192,A0014,2,32.0
T-00882,2024-07-01,C197,A0027,2,26.0
T-00883,2024-02-28,C056,A0007,1,9.0
T-00884,2024-01-26,C299,A0020,3,190.0
T-00885,2024-02-02,C289,A0007,3,9.0
T-00886,2024-12-24,C192,A0030,2,12.0
T-00887,2024-04-10,C031,A0030,1,12.0
T-00888,2024-01-16,C068,A0032,1,9.0
T-00889,2024-03-27,C198,A0033,2,9.0
T-00890,2024-02-02,C037,A0006,2,14.5
T-00891,2024-07-17,C054,A0027,1,26.0
T-00892,2024-12-17,C145,A0009,3,155.0
T-00893,2024-05-21,C012,A0032,2,9.0
T-00894,2024-08-24,C188,A0014,1,32.0
T-00895,2024-09-02,C194,A0025,3,140.0
T-00896,2024-02-09,C259,A0005,1,14.5
T-00897,2024-01-01,C108,A0030,2,12.0
T-00898,2024-03-03,C184,A0024,3,2.5
T-00899,2024-07-25,C193,A0028,3,22.0
T-00900,2024-01-17,C238,A0002,3,23.0
T-00901,2024-01-03,C294,A0023,2,2.5
T-00902,2024-12-23,C155,A0033,3,9.0
T-00903,2024-11-24,C038,A0021,3,6.5
T-00904,2024-09-02,C086,A0029,3,850.0
T-00905,2024-11-28,C276,A0024,1,2.5
T-00906,2024-09-10,C086,A0026,2,26.0
T-00907,2024-11-19,C082,A0012,1,13.5
T-00908,2024-01-27,C212,A0009,1,155.0
T-00909,2024-03-20,C293,A0030,3,12.0
T-00910,2024-02-28,C186,A0032,1,9.0
T-00911,2024-06-18,C293,A0030,2,12.0
T-00912,2024-02-17,C106,A0021,2,6.5
T-00913,2024-08-02,C042,A0028,2,22.0
T-00914,2024-07-09,C012,A0033,2,9.0
T-00915,2024-05-23,C254,A0033,2,9.0
T-00916,2024-11-15,C246,A0007,1,9.0
T-00917,2024-08-17,C165,A0033,3,9.0
T-00918,2024-05-27,C044,A0010,3,13.5
T-00919,2024-09-06,C151,A0032,1,9.0
T-00920,2024-04-17,C143,A0025,3,140.0
T-00921,2024-01-15,C265,A0025,3,140.0
T-00922,2024-07-12,C270,A0031,1,12.0
T-00923,2024-12-28,C124,A0033,3,9.0
T-00924,2024-02-26,C263,A0030,3,12.0
T-00925,2024-03-25,C130,A0016,1,19.0
T-00926,2024-08-22,C197,A0028,3,22.0
T-00927,2024-01-09,C020,A0030,1,12.0
T-00928,2024-05-11,C089,A0011,2,13.5
T-00929,2024-09-22,C133,A0029,2,850.0
T-00930,2024-07-10,C081,A0028,3,22.0
T-00931,2024-11-28,C217,A0022,1,8.5
T-00932,2024-11-12,C084,A0022,3,8.5
T-00933,2024-05-08,C285,A0033,2,9.0
T-00934,2024-09-04,C240,A0031,1,12.0
T-00935,2024-11-12,C280,A0001,3,23.0
T-00936,2024-02-19,C286,A0031,1,12.0
T-00937,2024-08-26,C095,A0023,1,2.5
T-00938,2024-10-14,C055,A0016,1,19.0
T-00939,2024-01-25,C001,A0011,3,13.5
T-00940,2024-09-28,C097,A0029,3,850.0
T-00941,2024-11-04,C114,A0023,3,2.5
T-00942,2024-06-20,C152,A0023,2,2.5
T-00943,2024-12-16,C141,A0007,1,9.0
T-00944,2024-05-28,C138,A0025,1,140.0
T-00945,2024-12-28,C137,A0022,2,8.5
T-00946,2024-01-26,C204,A0002,2,23.0
T-00947,2024-05-28,C083,A0021,2,6.5
T-00948,2024-11-17,C189,A0002,2,23.0
T-00949,2024-12-10,C130,A0015,3,19.0
T-00950,2024-02-13,C060,A0005,1,14.5
T-00951,2024-10-21,C256,A0031,1,12.0
T-00952,2024-06-21,C106,A0021,2,6.5
T-00953,2024-11-02,C290,A0006,2,14.5
T-00954,2024-08-27,C248,A0015,1,19.0
T-00955,2024-11-05,C057,A0003,1,23.0
T-00956,2024-06-17,C006,A0021,2,6.5
T-00957,2024-02-08,C100,A0004,1,14.5
T-00958,2024-10-10,C222,A0032,3,9.0
T-00959,2024-10-23,C174,A0033,3,9.0
T-00960,2024-05-06,C066,A0021,3,6.5
T-00961,2024-11-25,C294,A0021,3,6.5
T-00962,2024-11-24,C260,A0025,1,140.0
T-00963,2024-06-01,C267,A0028,3,22.0
T-00964,2024-07-23,C113,A0027,2,26.0
T-00965,2024-06-28,C131,A0029,1,850.0
T-00966,2024-10-08,C052,A0008,2,155.0
T-00967,2024-01-27,C240,A0031,2,12.0
T-00968,2024-06-06,C168,A0026,1,26.0
T-00969,2024-10-14,C030,A0010,2,13.5
T-00970,2024-01-16,C155,A0032,3,9.0
T-00971,2024-03-10,C070,A0032,2,9.0
T-00972,2024-09-22,C199,A0028,1,22.0
T-00973,2024-08-15,C260,A0033,2,9.0
T-00974,2024-04-25,C039,A0024,2,2.5
T-00975,2024-12-05,C157,A0016,1,19.0
T-00976,2024-06-24,C183,A0033,1,9.0
T-00977,2024-06-08,C045,A0022,1,8.5
T-00978,2024-02-20,C194,A0021,3,6.5
T-00979,2024-05-11,C021,A0023,3,2.5
T-00980,2024-01-01,C184,A0024,2,2.5
T-00981,2024-01-12,C124,A0002,3,23.0
T-00982,2024-01-09,C166,A0014,1,32.0
T-00983,2024-05-16,C003,A0031,3,12.0
T-00984,2024-06-02,C179,A0026,2,26.0
T-00985,2024-08-01,C072,A0020,2,190.0
T-00986,2024-12-07,C052,A0031,2,12.0
T-00987,2024-07-21,C023,A0023,2,2.5
T-00988,2024-03-23,C053,A0032,2,9.0
T-00989,2024-01-01,C267,A0005,2,14.5
T-00990,2024-07-03,C279,A0022,3,8.5
T-00991,2024-06-06,C285,A0032,2,9.0
T-00992,2024-02-25,C139,A0030,1,12.0
T-00993,2024-12-28,C260,A0025,3,140.0
T-00994,2024-05-19,C073,A0023,1,2.5
T-00995,2024-05-27,C023,A0022,2,8.5
T-00996,2024-10-12,C084,A0002,1,23.0
T-00997,2024-11-01,C169,A0032,2,9.0
T-00998,2024-02-23,C252,A0005,1,14.5
T-00999,2024-05-28,C007,A0031,1,12.0
T-01000,2024-09-10,C069,A0029,3,850.0
T-01001,2024-09-10,C199,A0028,1,22.0
T-01002,2024-11-21,C153,A0006,3,14.5
T-01003,2024-06-26,C058,A0019,3,190.0
T-01004,2024-04-20,C211,A0019,1,190.0
T-01005,2024-10-11,C229,A0014,3,32.0
T-01006,2024-08-09,C116,A0027,1,26.0
T-01007,2024-12-06,C027,A0003,3,23.0
T-01008,2024-05-09,C017,A0022,1,8.5
T-01009,2024-06-01,C185,A0026,1,26.0
T-01010,2024-06-17,C050,A0020,1,190.0
T-01011,2024-11-10,C107,A0017,1,9.5
T-01012,2024-08-25,C107,A0029,2,850.0
T-01013,2024-03-01,C244,A0030,2,12.0
T-01014,2024-04-17,C299,A0019,2,190.0
T-01015,2024-05-15,C010,A0030,3,12.0
T-01016,2024-03-08,C105,A0012,1,13.5
T-01017,2024-03-21,C172,A0023,3,2.5
T-01018,2024-12-19,C008,A0011,2,13.5
T-01019,2024-11-28,C298,A0004,1,14.5
T-01020,2024-04-26,C039,A0022,1,8.5
T-01021,2024-10-25,C120,A0005,1,14.5
T-01022,2024-07-01,C152,A0025,2,140.0
T-01023,2024-04-23,C203,A0021,3,6.5
T-01024,2024-12-25,C111,A0015,3,19.0
T-01025,2024-07-13,C130,A0019,1,190.0
T-01026,2024-12-14,C108,A0007,1,9.0
T-01027,2024-09-13,C276,A0022,2,8.5
T-01028,2024-03-08,C044,A0010,1,13.5
T-01029,2024-11-25,C298,A0001,1,23.0
T-01030,2024-12-18,C287,A0004,3,14.5
T-01031,2024-07-12,C264,A0024,3,2.5
T-01032,2024-07-16,C208,A0033,2,9.0
T-01033,2024-08-13,C101,A0032,1,9.0
T-01034,2024-08-22,C285,A0032,2,9.0
T-01035,2024-09-13,C089,A0011,2,13.5
T-01036,2024-05-10,C210,A0030,1,12.0
T-01037,2024-11-08,C012,A0013,2,32.0
T-01038,2024-09-15,C225,A0030,3,12.0
T-01039,2024-01-28,C125,A0005,1,14.5
T-01040,2024-02-11,C290,A0008,2,155.0
T-01041,2024-08-17,C012,A0032,2,9.0
T-01042,2024-06-07,C149,A0033,3,9.0
T-01043,2024-08-18,C126,A0023,2,2.5
T-01044,2024-07-20,C266,A0020,2,190.0
T-01045,2024-07-25,C071,A0029,3,850.0
T-01046,2024-02-19,C094,A0001,3,23.0
T-01047,2024-10-02,C008,A0004,3,14.5
T-01048,2024-12-03,C040,A0024,2,2.5
T-01049,2024-05-12,C174,A0033,3,9.0
T-01050,2024-06-26,C296,A0029,2,850.0
T-01051,2024-05-23,C005,A0032,2,9.0
T-01052,2024-02-21,C143,A0008,1,155.0
T-01053,2024-09-21,C274,A0024,3,2.5
T-01054,2024-02-16,C100,A0004,3,14.5
T-01055,2024-06-19,C163,A0028,2,22.0
T-01056,2024-09-17,C193,A0029,3,850.0
T-01057,2024-05-02,C029,A0017,3,9.5
T-01058,2024-05-12,C160,A0024,2,2.5
T-01059,2024-03-27,C282,A0018,1,9.5
T-01060,2024-03-24,C012,A0032,3,9.0
T-01061,2024-01-25,C189,A0008,1,155.0
T-01062,2024-11-20,C039,A0024,1,2.5
T-01063,2024-04-09,C039,A0024,3,2.5
T-01064,2024-02-17,C014,A0009,3,155.0
T-01065,2024-06-28,C223,A0033,2,9.0
T-01066,2024-11-28,C141,A0006,1,14.5
T-01067,2024-09-25,C179,A0027,3,26.0
T-01068,2024-01-20,C119,A0003,2,23.0
T-01069,2024-11-02,C211,A0031,2,12.0
T-01070,2024-05-10,C195,A0024,2,2.5
T-01071,2024-02-03,C120,A0004,3,14.5
T-01072,2024-12-15,C052,A0005,1,14.5
T-01073,2024-09-01,C160,A0024,1,2.5
T-01074,2024-10-24,C206,A0006,1,14.5
T-01075,2024-01-14,C221,A0007,2,9.0
T-01076,2024-08-07,C074,A0030,1,12.0
T-01077,2024-02-08,C118,A0003,1,23.0
T-01078,2024-02-05,C215,A0007,1,9.0
T-01079,2024-10-04,C009,A0033,1,9.0
T-01080,2024-01-04,C028,A0001,2,23.0
T-01081,2024-11-22,C166,A0010,1,13.5
T-01082,2024-02-10,C021,A0033,1,9.0
T-01083,2024-12-10,C216,A0024,3,2.5
T-01084,2024-08-19,C109,A0033,1,9.0
T-01085,2024-11-23,C150,A0032,1,9.0
T-01086,2024-07-10,C250,A0026,1,26.0
T-01087,2024-02-23,C198,A0032,2,9.0
T-01088,2024-07-02,C162,A0014,2,32.0
T-01089,2024-10-12,C236,A0021,1,6.5
T-01090,2024-02-16,C210,A0031,2,12.0
T-01091,2024-01-01,C082,A0031,3,12.0
T-01092,2024-05-19,C150,A0033,2,9.0
T-01093,2024-09-18,C283,A0029,3,850.0
T-01094,2024-08-03,C128,A0018,2,9.5
T-01095,2024-01-16,C125,A0008,1,155.0
T-01096,2024-12-19,C237,A0002,3,23.0
T-01097,2024-02-02,C293,A0031,3,12.0
T-01098,2024-04-24,C211,A0010,1,13.5
T-01099,2024-01-07,C233,A0004,2,14.5
T-01100,2024-11-08,C075,A0032,1,9.0
T-01101,2024-10-23,C236,A0023,1,2.5
T-01102,2024-07-13,C287,A0026,3,26.0
T-01103,2024-06-28,C050,A0026,3,26.0
T-01104,2024-02-13,C299,A0013,1,32.0
T-01105,2024-09-16,C176,A0032,2,9.0
T-01106,2024-01-23,C174,A0033,2,9.0
T-01107,2024-11-28,C046,A0004,2,14.5
T-01108,2024-04-18,C261,A0030,2,12.0
T-01109,2024-08-20,C099,A0013,1,32.0
T-01110,2024-12-17,C187,A0007,3,9.0
T-01111,2024-01-02,C064,A0006,2,14.5
T-01112,2024-04-11,C010,A0030,2,12.0
T-01113,2024-08-01,C275,A0026,2,26.0
T-01114,2024-10-28,C018,A0032,3,9.0
T-01115,2024-10-05,C178,A0003,3,23.0
T-01116,2024-01-13,C151,A0032,1,9.0
T-01117,2024-01-26,C141,A0002,3,23.0
T-01118,2024-01-20,C085,A0004,3,14.5
T-01119,2024-09-27,C285,A0021,3,6.5
T-01120,2024-10-20,C270,A0030,1,12.0
T-01121,2024-06-07,C281,A0030,3,12.0
T-01122,2024-06-06,C239,A0027,2,26.0
T-01123,2024-02-01,C190,A0024,1,2.5
T-01124,2024-11-13,C148,A0032,3,9.0
T-01125,2024-07-27,C071,A0027,2,26.0
T-01126,2024-09-21,C043,A0016,2,19.0
T-01127,2024-03-14,C103,A0030,3,12.0
T-01128,2024-07-26,C270,A0033,1,9.0
T-01129,2024-12-05,C134,A0024,2,2.5
T-01130,2024-12-09,C238,A0009,2,155.0
T-01131,2024-08-01,C222,A0032,1,9.0
T-01132,2024-07-24,C167,A0012,2,13.5
T-01133,2024-11-04,C091,A0032,1,9.0
T-01134,2024-12-11,C100,A0003,2,23.0
T-01135,2024-01-10,C230,A0008,1,155.0
T-01136,2024-04-15,C142,A0015,1,19.0
T-01137,2024-10-17,C132,A0017,3,9.5
T-01138,2024-02-10,C024,A0032,3,9.0
T-01139,2024-10-02,C049,A0002,1,23.0
T-01140,2024-01-15,C141,A0004,1,14.5
T-01141,2024-01-06,C290,A0008,2,155.0
T-01142,2024-08-06,C069,A0027,2,26.0
T-01143,2024-02-12,C153,A0003,2,23.0
T-01144,2024-10-17,C027,A0004,2,14.5
T-01145,2024-10-19,C094,A0007,2,9.0
T-01146,2024-05-20,C093,A0033,2,9.0
T-01147,2024-06-09,C004,A0029,3,850.0
T-01148,2024-01-02,C225,A0031,1,12.0
T-01149,2024-09-27,C016,A0028,1,22.0
T-01150,2024-05-10,C227,A0032,2,9.0
T-01151,2024-12-11,C273,A0021,1,6.5
T-01152,2024-02-14,C056,A0006,3,14.5
T-01153,2024-02-04,C289,A0031,3,12.0
T-01154,2024-02-28,C122,A0032,3,9.0
T-01155,2024-11-25,C039,A0003,2,23.0
T-01156,2024-07-19,C185,A0026,1,26.0
T-01157,2024-09-05,C082,A0031,2,12.0
T-01158,2024-10-18,C300,A0021,1,6.5
T-01159,2024-09-09,C274,A0032,2,9.0
T-01160,2024-01-27,C156,A0003,1,23.0
T-01161,2024-01-13,C085,A0031,2,12.0
T-01162,2024-10-22,C182,A0008,2,155.0
T-01163,2024-12-04,C009,A0032,3,9.0
T-01164,2024-01-08,C109,A0030,1,12.0
T-01165,2024-11-05,C267,A0019,2,190.0
T-01166,2024-11-23,C221,A0002,2,23.0
T-01167,2024-08-18,C217,A0025,3,140.0
T-01168,2024-06-06,C150,A0033,2,9.0
T-01169,2024-08-24,C024,A0032,2,9.0
T-01170,2024-04-06,C061,A0033,1,9.0
T-01171,2024-02-24,C100,A0006,2,14.5
T-01172,2024-10-23,C132,A0030,2,12.0
T-01173,2024-10-10,C207,A0024,3,2.5
T-01174,2024-03-10,C075,A0017,1,9.5
T-01175,2024-05-21,C138,A0022,1,8.5
T-01176,2024-09-19,C118,A0023,3,2.5
T-01177,2024-07-04,C042,A0027,1,26.0
T-01178,2024-09-22,C031,A0025,2,140.0
T-01179,2024-11-23,C023,A0021,1,6.5
T-01180,2024-08-07,C167,A0011,1,13.5
T-01181,2024-07-16,C059,A0023,1,2.5
T-01182,2024-05-21,C034,A0031,1,12.0
T-01183,2024-07-21,C086,A0026,1,26.0
T-01184,2024-04-15,C032,A0013,2,32.0
T-01185,2024-02-02,C290,A0006,1,14.5
T-01186,2024-12-20,C099,A0011,1,13.5
T-01187,2024-01-17,C159,A0025,3,140.0
T-01188,2024-12-19,C281,A0031,1,12.0
T-01189,2024-04-01,C044,A0016,3,19.0
T-01190,2024-08-12,C292,A0028,3,22.0
T-01191,2024-03-12,C281,A0031,2,12.0
T-01192,2024-06-20,C066,A0024,3,2.5
T-01193,2024-10-23,C088,A0003,1,23.0
T-01194,2024-12-12,C184,A0023,2,2.5
T-01195,2024-12-09,C035,A0011,2,13.5
T-01196,2024-10-16,C144,A0032,1,9.0
T-01197,2024-08-14,C292,A0026,2,26.0
T-01198,2024-12-09,C200,A0024,3,2.5
T-01199,2024-10-12,C161,A0030,2,12.0
T-01200,2024-06-03,C293,A0030,1,12.0
T-01201,2024-11-06,C277,A0010,2,13.5
T-01202,2024-06-17,C279,A0023,1,2.5
T-01203,2024-07-02,C300,A0023,3,2.5
T-01204,2024-07-25,C115,A0027,3,26.0
T-01205,2024-04-06,C131,A0025,1,140.0
T-01206,2024-08-04,C161,A0030,1,12.0
T-01207,2024-02-11,C037,A0005,2,14.5
T-01208,2024-10-06,C206,A0001,2,23.0
T-01209,2024-06-08,C246,A0026,1,26.0
T-01210,2024-07-21,C161,A0030,1,12.0
T-01211,2024-06-24,C239,A0029,2,850.0
T-01212,2024-10-01,C086,A0014,1,32.0
T-01213,2024-02-21,C068,A0033,1,9.0
T-01214,2024-11-09,C214,A0032,2,9.0
T-01215,2024-02-27,C058,A0032,1,9.0
T-01216,2024-07-20,C004,A0028,2,22.0
T-01217,2024-12-11,C102,A0030,2,12.0
T-01218,2024-09-22,C242,A0011,1,13.5
T-01219,2024-11-21,C121,A0003,1,23.0
T-01220,2024-01-21,C238,A0009,3,155.0
T-01221,2024-04-08,C244,A0030,3,12.0
T-01222,2024-12-12,C155,A0033,2,9.0
T-01223,2024-12-25,C084,A0021,2,6.5
T-01224,2024-05-27,C295,A0016,2,19.0
T-01225,2024-01-01,C190,A0024,1,2.5
T-01226,2024-07-14,C018,A0033,3,9.0
T-01227,2024-05-20,C191,A0010,1,13.5
T-01228,2024-01-18,C298,A0008,3,155.0
T-01229,2024-08-15,C276,A0024,2,2.5
T-01230,2024-11-02,C195,A0021,1,6.5
T-01231,2024-12-12,C027,A0006,3,14.5
T-01232,2024-08-08,C296,A0028,3,22.0
T-01233,2024-09-21,C288,A0027,3,26.0
T-01234,2024-10-10,C192,A0002,3,23.0
T-01235,2024-06-02,C240,A0031,3,12.0
T-01236,2024-11-28,C269,A0032,2,9.0
T-01237,2024-12-24,C120,A0001,2,23.0
T-01238,2024-01-24,C094,A0002,3,23.0
T-01239,2024-07-16,C116,A0029,1,850.0
T-01240,2024-02-24,C044,A0020,2,190.0
T-01241,2024-08-07,C127,A0017,2,9.5
T-01242,2024-08-20,C104,A0032,2,9.0
T-01243,2024-02-16,C043,A0011,2,13.5
T-01244,2024-04-10,C236,A0023,1,2.5
T-01245,2024-02-28,C169,A0033,2,9.0
T-01246,2024-05-12,C228,A0031,2,12.0
T-01247,2024-11-19,C174,A0032,3,9.0
T-01248,2024-10-28,C160,A0024,3,2.5
T-01249,2024-01-17,C168,A0011,1,13.5
T-01250,2024-06-03,C044,A0020,2,190.0
T-01251,2024-06-14,C190,A0029,1,850.0
T-01252,2024-02-18,C243,A0030,1,12.0
T-01253,2024-11-24,C100,A0002,2,23.0
T-01254,2024-09-09,C210,A0031,1,12.0
T-01255,2024-01-24,C165,A0002,1,23.0
T-01256,2024-07-19,C260,A0022,1,8.5
T-01257,2024-06-07,C249,A0021,3,6.5
T-01258,2024-09-04,C045,A0021,2,6.5
T-01259,2024-10-14,C298,A0007,1,9.0
T-01260,2024-01-18,C126,A0022,2,8.5
T-01261,2024-01-04,C135,A0002,1,23.0
T-01262,2024-12-15,C153,A0008,2,155.0
T-01263,2024-08-28,C217,A0028,3,22.0
T-01264,2024-10-04,C041,A0033,3,9.0
T-01265,2024-06-18,C179,A0029,2,850.0
T-01266,2024-01-26,C270,A0030,3,12.0
T-01267,2024-05-24,C131,A0025,3,140.0
T-01268,2024-10-18,C216,A0022,1,8.5
T-01269,2024-07-21,C222,A0032,2,9.0
T-01270,2024-11-09,C059,A0016,2,19.0
T-01271,2024-02-13,C036,A0001,3,23.0
T-01272,2024-02-08,C090,A0031,3,12.0
T-01273,2024-06-02,C292,A0027,3,26.0
T-01274,2024-11-27,C067,A0021,2,6.5
T-01275,2024-03-17,C114,A0030,2,12.0
T-01276,2024-07-06,C050,A0021,1,6.5
T-01277,2024-01-04,C242,A0024,3,2.5
T-01278,2024-08-08,C040,A0019,1,190.0
T-01279,2024-06-23,C169,A0033,2,9.0
T-01280,2024-04-27,C286,A0031,1,12.0
T-01281,2024-10-27,C085,A0030,2,12.0
T-01282,2024-10-25,C111,A0017,1,9.5
T-01283,2024-08-13,C267,A0029,2,850.0
T-01284,2024-08-21,C012,A0032,2,9.0
T-01285,2024-04-14,C225,A0024,1,2.5
T-01286,2024-11-20,C132,A0031,1,12.0
T-01287,2024-07-19,C199,A0027,2,26.0
T-01288,2024-12-02,C006,A0021,2,6.5
T-01289,2024-06-25,C276,A0023,2,2.5
T-01290,2024-04-25,C184,A0022,2,8.5
T-01291,2024-03-25,C243,A0018,2,9.5
T-01292,2024-01-16,C298,A0005,3,14.5
T-01293,2024-07-08,C059,A0021,2,6.5
T-01294,2024-08-16,C185,A0027,1,26.0
T-01295,2024-05-20,C299,A0013,2,32.0
T-01296,2024-11-20,C031,A0030,1,12.0
T-01297,2024-08-28,C047,A0012,2,13.5
T-01298,2024-07-12,C294,A0025,3,140.0
T-01299,2024-07-09,C030,A0024,1,2.5
T-01300,2024-12-22,C033,A0031,1,12.0
T-01301,2024-11-03,C037,A0008,3,155.0
T-01302,2024-07-04,C069,A0027,1,26.0
T-01303,2024-12-26,C211,A0018,3,9.5
T-01304,2024-02-06,C144,A0032,3,9.0
T-01305,2024-03-21,C285,A0032,3,9.0
T-01306,2024-06-21,C022,A0026,3,26.0
T-01307,2024-09-13,C248,A0013,3,32.0
T-01308,2024-08-03,C123,A0029,2,850.0
T-01309,2024-10-05,C174,A0032,3,9.0
T-01310,2024-06-04,C142,A0023,3,2.5
T-01311,2024-09-08,C287,A0028,1,22.0
T-01312,2024-02-19,C215,A0003,2,23.0
T-01313,2024-07-14,C077,A0025,1,140.0
T-01314,2024-05-04,C167,A0011,3,13.5
T-01315,2024-03-21,C290,A0019,2,190.0
T-01316,2024-12-14,C064,A0007,2,9.0
T-01317,2024-07-07,C021,A0026,2,26.0
T-01318,2024-05-26,C090,A0031,2,12.0
T-01319,2024-07-08,C006,A0022,2,8.5
T-01320,2024-07-06,C196,A0027,1,26.0
T-01321,2024-06-04,C086,A0028,3,22.0
T-01322,2024-07-06,C224,A0025,3,140.0
T-01323,2024-12-18,C007,A0016,3,19.0
T-01324,2024-10-22,C117,A0006,3,14.5
T-01325,2024-01-28,C083,A0023,1,2.5
T-01326,2024-12-04,C221,A0008,1,155.0
T-01327,2024-01-11,C035,A0013,2,32.0
T-01328,2024-08-23,C194,A0025,2,140.0
T-01329,2024-10-26,C095,A0004,1,14.5
T-01330,2024-02-03,C157,A0011,1,13.5
T-01331,2024-10-05,C150,A0009,2,155.0
T-01332,2024-06-01,C155,A0033,2,9.0
T-01333,2024-07-24,C198,A0032,1,9.0
T-01334,2024-11-19,C156,A0007,3,9.0
T-01335,2024-08-22,C244,A0030,3,12.0
T-01336,2024-11-06,C106,A0024,1,2.5
T-01337,2024-01-27,C236,A0025,2,140.0
T-01338,2024-04-14,C104,A0023,1,2.5
T-01339,2024-11-03,C151,A0032,2,9.0
T-01340,2024-05-20,C169,A0033,1,9.0
T-01341,2024-09-11,C127,A0014,1,32.0
T-01342,2024-11-14,C206,A0001,1,23.0
T-01343,2024-08-26,C186,A0032,2,9.0
T-01344,2024-06-10,C199,A0028,1,22.0
T-01345,2024-02-04,C074,A0008,3,155.0
T-01346,2024-09-15,C240,A0028,1,22.0
T-01347,2024-01-16,C274,A0032,2,9.0
T-01348,2024-08-01,C222,A0032,2,9.0
T-01349,2024-04-24,C279,A0017,1,9.5
T-01350,2024-02-27,C021,A0033,1,9.0
T-01351,2024-02-21,C129,A0004,3,14.5
T-01352,2024-12-04,C177,A0002,1,23.0
T-01353,2024-11-14,C233,A0025,2,140.0
T-01354,2024-07-15,C115,A0026,3,26.0
T-01355,2024-09-06,C275,A0028,3,22.0
T-01356,2024-01-11,C221,A0007,2,9.0
T-01357,2024-08-13,C040,A0029,2,850.0
T-01358,2024-08-17,C283,A0010,3,13.5
T-01359,2024-02-07,C194,A0024,3,2.5
T-01360,2024-03-04,C141,A0031,3,12.0
T-01361,2024-08-16,C219,A0028,3,22.0
T-01362,2024-02-14,C141,A0009,3,155.0
T-01363,2024-07-13,C096,A0028,2,22.0
T-01364,2024-06-05,C106,A0021,3,6.5
T-01365,2024-01-22,C173,A0030,1,12.0
T-01366,2024-02-13,C209,A0013,1,32.0
T-01367,2024-02-23,C291,A0031,3,12.0
T-01368,2024-03-07,C245,A0024,3,2.5
T-01369,2024-10-10,C014,A0006,2,14.5
T-01370,2024-03-26,C061,A0033,1,9.0
T-01371,2024-09-03,C254,A0033,3,9.0
T-01372,2024-03-18,C132,A0031,2,12.0
T-01373,2024-06-19,C011,A0011,3,13.5
T-01374,2024-11-20,C300,A0024,1,2.5
T-01375,2024-05-01,C169,A0032,2,9.0
T-01376,2024-05-22,C203,A0022,1,8.5
T-01377,2024-11-09,C087,A0005,1,14.5
T-01378,2024-12-15,C206,A0005,2,14.5
T-01379,2024-06-08,C239,A0014,1,32.0
T-01380,2024-05-27,C220,A0032,1,9.0
T-01381,2024-07-26,C112,A0018,2,9.5
T-01382,2024-03-15,C050,A0021,1,6.5
T-01383,2024-05-11,C254,A0032,2,9.0
T-01384,2024-07-03,C199,A0021,1,6.5
T-01385,2024-12-23,C110,A0012,2,13.5
T-01386,2024-07-06,C073,A0025,1,140.0
T-01387,2024-01-21,C261,A0031,2,12.0
T-01388,2024-08-08,C269,A0032,3,9.0
T-01389,2024-03-20,C268,A0033,3,9.0
T-01390,2024-07-16,C176,A0029,1,850.0
T-01391,2024-02-01,C223,A0001,1,23.0
T-01392,2024-05-05,C186,A0033,1,9.0
T-01393,2024-06-24,C051,A0014,1,32.0
T-01394,2024-07-06,C008,A0027,2,26.0
T-01395,2024-11-09,C230,A0006,3,14.5
T-01396,2024-01-21,C083,A0024,1,2.5
T-01397,2024-08-04,C073,A0021,1,6.5
T-01398,2024-03-24,C018,A0032,3,9.0
T-01399,2024-09-19,C174,A0033,1,9.0
T-01400,2024-02-13,C145,A0007,3,9.0
T-01401,2024-02-11,C052,A0007,3,9.0
T-01402,2024-12-13,C014,A0004,2,14.5
T-01403,2024-05-06,C179,A0018,3,9.5
T-01404,2024-02-15,C210,A0031,3,12.0
T-01405,2024-06-23,C104,A0033,3,9.0
T-01406,2024-02-18,C009,A0032,3,9.0
T-01407,2024-11-24,C233,A0006,2,14.5
T-01408,2024-01-03,C145,A0002,2,23.0
T-01409,2024-07-14,C040,A0027,1,26.0
T-01410,2024-07-17,C272,A0029,3,850.0
T-01411,2024-09-26,C119,A0033,3,9.0
T-01412,2024-08-22,C233,A0024,2,2.5
T-01413,2024-06-01,C071,A0029,3,850.0
T-01414,2024-11-18,C011,A0032,1,9.0
T-01415,2024-10-16,C083,A0021,1,6.5
T-01416,2024-02-26,C067,A0006,2,14.5
T-01417,2024-11-07,C223,A0032,1,9.0
T-01418,2024-06-04,C278,A0030,3,12.0
T-01419,2024-05-23,C279,A0024,3,2.5
T-01420,2024-10-22,C143,A0023,3,2.5
T-01421,2024-05-10,C065,A0011,3,13.5
T-01422,2024-01-11,C042,A0008,3,155.0
T-01423,2024-10-11,C147,A0009,1,155.0
T-01424,2024-02-06,C233,A0021,1,6.5
T-01425,2024-11-16,C164,A0032,1,9.0
T-01426,2024-10-13,C046,A0009,2,155.0
T-01427,2024-08-07,C161,A0031,2,12.0
T-01428,2024-11-10,C204,A0011,3,13.5
T-01429,2024-04-20,C061,A0032,3,9.0
T-01430,2024-09-06,C095,A0024,2,2.5
T-01431,2024-09-02,C150,A0032,1,9.0
T-01432,2024-10-10,C265,A0008,2,155.0
T-01433,2024-08-13,C288,A0027,1,26.0
T-01434,2024-11-18,C027,A0001,1,23.0
T-01435,2024-02-27,C093,A0032,2,9.0
T-01436,2024-05-10,C180,A0023,1,2.5
T-01437,2024-07-17,C098,A0017,1,9.5
T-01438,2024-08-16,C201,A0021,1,6.5
T-01439,2024-06-19,C233,A0022,3,8.5
T-01440,2024-08-25,C103,A0030,1,12.0
T-01441,2024-02-28,C053,A0032,3,9.0
T-01442,2024-07-26,C115,A0028,3,22.0
T-01443,2024-01-26,C056,A0008,2,155.0
T-01444,2024-09-07,C116,A0026,1,26.0
T-01445,2024-11-16,C263,A0031,1,12.0
T-01446,2024-03-28,C244,A0031,2,12.0
T-01447,2024-12-26,C298,A0004,2,14.5
T-01448,2024-07-07,C030,A0010,3,13.5
T-01449,2024-12-04,C058,A0032,2,9.0
T-01450,2024-10-25,C125,A0009,3,155.0
T-01451,2024-09-25,C090,A0031,2,12.0
T-01452,2024-08-04,C283,A0026,3,26.0
T-01453,2024-07-09,C268,A0032,1,9.0
T-01454,2024-07-09,C020,A0030,2,12.0
T-01455,2024-04-01,C089,A0012,1,13.5
T-01456,2024-10-01,C279,A0023,2,2.5
T-01457,2024-11-16,C231,A0004,3,14.5
T-01458,2024-11-14,C276,A0025,3,140.0
T-01459,2024-02-22,C186,A0032,2,9.0
T-01460,2024-01-05,C231,A0031,3,12.0
T-01461,2024-01-18,C010,A0031,1,12.0
T-01462,2024-07-07,C219,A0027,3,26.0
T-01463,2024-06-11,C112,A0031,3,12.0
T-01464,2024-08-14,C197,A0027,1,26.0
T-01465,2024-06-01,C060,A0017,1,9.5
T-01466,2024-08-03,C258,A0033,1,9.0
T-01467,2024-07-04,C076,A0033,3,9.0
T-01468,2024-06-09,C040,A0027,1,26.0
T-01469,2024-07-27,C012,A0032,1,9.0
T-01470,2024-10-07,C274,A0033,2,9.0
T-01471,2024-01-25,C162,A0008,1,155.0
T-01472,2024-10-02,C030,A0022,3,8.5
T-01473,2024-10-15,C161,A0031,2,12.0
T-01474,2024-12-03,C226,A0010,1,13.5
T-01475,2024-03-19,C129,A0021,3,6.5
T-01476,2024-06-14,C123,A0029,1,850.0
T-01477,2024-05-15,C024,A0033,1,9.0
T-01478,2024-01-11,C117,A0001,3,23.0
T-01479,2024-02-03,C208,A0033,2,9.0
T-01480,2024-01-28,C057,A0007,1,9.0
T-01481,2024-01-04,C154,A0032,2,9.0
T-01482,2024-09-02,C031,A0015,3,19.0
T-01483,2024-07-11,C142,A0022,2,8.5
T-01484,2024-06-21,C269,A0011,3,13.5
T-01485,2024-10-19,C025,A0030,3,12.0
T-01486,2024-02-28,C241,A0008,1,155.0
T-01487,2024-10-22,C127,A0016,1,19.0
T-01488,2024-01-03,C114,A0031,3,12.0
T-01489,2024-05-22,C069,A0021,3,6.5
T-01490,2024-12-02,C273,A0031,3,12.0
T-01491,2024-07-28,C123,A0028,1,22.0
T-01492,2024-01-23,C210,A0031,3,12.0
T-01493,2024-01-02,C187,A0008,3,155.0
T-01494,2024-12-08,C278,A0006,3,14.5
T-01495,2024-11-14,C078,A0031,3,12.0
T-01496,2024-12-08,C034,A0031,2,12.0
T-01497,2024-01-15,C156,A0008,3,155.0
T-01498,2024-09-17,C192,A0021,1,6.5
T-01499,2024-01-11,C043,A0008,2,155.0
T-01500,2024-08-16,C096,A0026,1,26.0
T-01501,2024-01-01,C169,A0017,2,9.5
T-01502,2024-07-13,C197,A0026,1,26.0
T-01503,2024-01-21,C249,A0018,2,9.5
T-01504,2024-08-28,C022,A0029,2,850.0
T-01505,2024-10-06,C072,A0019,2,190.0
T-01506,2024-06-03,C095,A0024,1,2.5
T-01507,2024-09-02,C242,A0024,1,2.5
T-01508,2024-11-10,C265,A0004,2,14.5
T-01509,2024-09-21,C287,A0029,2,850.0
T-01510,2024-05-01,C105,A0012,3,13.5
T-01511,2024-03-05,C001,A0020,1,190.0
T-01512,2024-09-02,C003,A0031,3,12.0
T-01513,2024-02-22,C027,A0003,2,23.0
T-01514,2024-10-28,C064,A0004,1,14.5
T-01515,2024-03-27,C293,A0031,2,12.0
T-01516,2024-12-06,C144,A0032,2,9.0
T-01517,2024-11-09,C293,A0030,1,12.0
T-01518,2024-09-10,C230,A0026,1,26.0
T-01519,2024-12-06,C021,A0033,1,9.0
T-01520,2024-02-15,C020,A0031,1,12.0
T-01521,2024-06-25,C116,A0026,3,26.0
T-01522,2024-08-07,C253,A0029,1,850.0
T-01523,2024-01-24,C087,A0007,2,9.0
T-01524,2024-09-03,C204,A0010,2,13.5
T-01525,2024-09-01,C128,A0011,1,13.5
T-01526,2024-12-26,C230,A0032,1,9.0
T-01527,2024-12-26,C125,A0005,1,14.5
T-01528,2024-02-08,C153,A0006,1,14.5
T-01529,2024-10-25,C050,A0022,2,8.5
T-01530,2024-06-27,C248,A0010,2,13.5
T-01531,2024-08-12,C282,A0012,1,13.5
T-01532,2024-12-22,C125,A0009,1,155.0
T-01533,2024-01-27,C184,A0023,1,2.5
T-01534,2024-04-05,C126,A0022,3,8.5
T-01535,2024-10-25,C158,A0033,2,9.0
T-01536,2024-07-02,C188,A0031,1,12.0
T-01537,2024-10-25,C284,A0023,3,2.5
T-01538,2024-07-12,C054,A0028,1,22.0
T-01539,2024-04-10,C201,A0021,1,6.5
T-01540,2024-09-07,C076,A0033,1,9.0
T-01541,2024-10-08,C079,A0012,3,13.5
T-01542,2024-11-10,C207,A0021,1,6.5
T-01543,2024-07-17,C196,A0029,1,850.0
T-01544,2024-07-06,C185,A0026,3,26.0
T-01545,2024-06-14,C283,A0029,3,850.0
T-01546,2024-10-06,C273,A0031,3,12.0
T-01547,2024-04-27,C174,A0032,2,9.0
T-01548,2024-04-16,C245,A0025,2,140.0
T-01549,2024-06-16,C223,A0033,2,9.0
T-01550,2024-02-04,C048,A0019,3,190.0
T-01551,2024-03-10,C170,A0033,1,9.0
T-01552,2024-12-28,C034,A0031,2,12.0
T-01553,2024-08-05,C239,A0021,2,6.5
T-01554,2024-10-09,C169,A0032,1,9.0
T-01555,2024-01-24,C238,A0009,2,155.0
T-01556,2024-07-11,C149,A0033,2,9.0
T-01557,2024-08-12,C016,A0028,3,22.0
T-01558,2024-09-16,C249,A0022,1,8.5
T-01559,2024-05-13,C257,A0022,1,8.5
T-01560,2024-11-08,C292,A0008,3,155.0
T-01561,2024-11-24,C109,A0032,3,9.0
T-01562,2024-02-04,C027,A0004,1,14.5
T-01563,2024-08-24,C065,A0027,2,26.0
T-01564,2024-05-16,C082,A0030,1,12.0
T-01565,2024-07-13,C035,A0031,1,12.0
T-01566,2024-11-06,C047,A0009,1,155.0
T-01567,2024-11-28,C100,A0008,2,155.0
T-01568,2024-09-10,C048,A0017,2,9.5
T-01569,2024-09-07,C292,A0029,3,850.0
T-01570,2024-07-03,C005,A0032,2,9.0
T-01571,2024-10-15,C240,A0030,3,12.0
T-01572,2024-04-24,C169,A0032,3,9.0
T-01573,2024-03-22,C228,A0021,1,6.5
T-01574,2024-08-19,C194,A0021,1,6.5
T-01575,2024-09-07,C278,A0013,3,32.0
T-01576,2024-08-05,C297,A0024,1,2.5
T-01577,2024-11-06,C064,A0007,1,9.0
T-01578,2024-12-18,C257,A0021,2,6.5
T-01579,2024-03-17,C159,A0022,1,8.5
T-01580,2024-03-28,C102,A0033,3,9.0
T-01581,2024-03-04,C169,A0032,3,9.0
T-01582,2024-06-20,C264,A0027,1,26.0
T-01583,2024-03-17,C021,A0032,2,9.0
T-01584,2024-08-04,C239,A0027,3,26.0
T-01585,2024-08-01,C128,A0011,1,13.5
T-01586,2024-08-02,C185,A0026,3,26.0
T-01587,2024-06-19,C261,A0031,3,12.0
T-01588,2024-04-05,C211,A0014,1,32.0
T-01589,2024-05-18,C121,A0032,3,9.0
T-01590,2024-03-03,C258,A0033,1,9.0
T-01591,2024-03-24,C180,A0032,3,9.0
T-01592,2024-09-17,C158,A0033,2,9.0
T-01593,2024-09-10,C008,A0025,3,140.0
T-01594,2024-02-05,C291,A0031,1,12.0
T-01595,2024-01-18,C178,A0002,2,23.0
T-01596,2024-02-02,C224,A0004,1,14.5
T-01597,2024-12-11,C233,A0006,3,14.5
T-01598,2024-01-24,C265,A0004,1,14.5
T-01599,2024-11-01,C089,A0018,3,9.5
T-01600,2024-03-19,C236,A0021,3,6.5
T-01601,2024-12-03,C082,A0030,1,12.0
T-01602,2024-08-03,C291,A0030,2,12.0
T-01603,2024-06-16,C222,A0033,3,9.0
T-01604,2024-04-03,C237,A0032,2,9.0
T-01605,2024-11-27,C280,A0031,2,12.0
T-01606,2024-06-03,C096,A0029,1,850.0
T-01607,2024-07-09,C082,A0030,1,12.0
T-01608,2024-02-20,C117,A0004,2,14.5
T-01609,2024-11-06,C002,A0002,1,23.0
T-01610,2024-04-16,C278,A0030,1,12.0
T-01611,2024-07-13,C225,A0031,1,12.0
T-01612,2024-03-05,C193,A0018,2,9.5
T-01613,2024-04-18,C045,A0022,3,8.5
T-01614,2024-09-22,C287,A0026,3,26.0
T-01615,2024-07-01,C016,A0028,2,22.0
T-01616,2024-06-05,C198,A0033,3,9.0
T-01617,2024-02-12,C224,A0024,1,2.5
T-01618,2024-12-17,C202,A0003,1,23.0
T-01619,2024-08-16,C004,A0026,1,26.0
T-01620,2024-03-08,C144,A0032,2,9.0
T-01621,2024-09-02,C054,A0029,2,850.0
T-01622,2024-02-19,C191,A0019,2,190.0
T-01623,2024-11-13,C175,A0030,2,12.0
T-01624,2024-11-27,C075,A0033,2,9.0
T-01625,2024-03-01,C245,A0023,2,2.5
T-01626,2024-10-22,C296,A0005,1,14.5
T-01627,2024-06-02,C250,A0026,1,26.0
T-01628,2024-09-01,C297,A0021,1,6.5
T-01629,2024-11-27,C118,A0001,2,23.0
T-01630,2024-06-16,C138,A0022,3,8.5
T-01631,2024-04-03,C195,A0024,3,2.5
T-01632,2024-08-17,C092,A0028,3,22.0
T-01633,2024-09-26,C144,A0033,1,9.0
T-01634,2024-02-08,C088,A0033,1,9.0
T-01635,2024-06-05,C239,A0027,2,26.0
T-01636,2024-03-11,C219,A0015,1,19.0
T-01637,2024-08-03,C067,A0019,1,190.0
T-01638,2024-11-03,C187,A0003,2,23.0
T-01639,2024-08-20,C048,A0010,1,13.5
T-01640,2024-07-09,C295,A0014,3,32.0
T-01641,2024-07-05,C276,A0022,3,8.5
T-01642,2024-08-13,C287,A0028,2,22.0
T-01643,2024-03-09,C066,A0021,1,6.5
T-01644,2024-05-25,C134,A0019,1,190.0
T-01645,2024-12-12,C109,A0033,1,9.0
T-01646,2024-12-19,C089,A0015,3,19.0
T-01647,2024-06-08,C086,A0028,1,22.0
T-01648,2024-11-09,C094,A0009,1,155.0
T-01649,2024-01-16,C254,A0032,3,9.0
T-01650,2024-01-24,C072,A0016,3,19.0
T-01651,2024-03-04,C182,A0030,3,12.0
T-01652,2024-07-08,C130,A0020,3,190.0
T-01653,2024-06-08,C275,A0028,3,22.0
T-01654,2024-07-10,C184,A0023,2,2.5
T-01655,2024-07-20,C080,A0030,2,12.0
T-01656,2024-07-16,C104,A0032,1,9.0
T-01657,2024-12-14,C284,A0033,3,9.0
T-01658,2024-03-03,C167,A0018,2,9.5
T-01659,2024-10-10,C106,A0030,1,12.0
T-01660,2024-07-18,C179,A0029,1,850.0
T-01661,2024-12-19,C101,A0032,3,9.0
T-01662,2024-06-10,C021,A0033,3,9.0
T-01663,2024-02-11,C277,A0010,2,13.5
T-01664,2024-04-06,C173,A0031,1,12.0
T-01665,2024-08-05,C118,A0025,1,140.0
T-01666,2024-07-13,C044,A0018,2,9.5
T-01667,2024-04-20,C138,A0025,3,140.0
T-01668,2024-11-21,C150,A0033,3,9.0
T-01669,2024-03-02,C152,A0021,1,6.5
T-01670,2024-05-26,C074,A0030,3,12.0
T-01671,2024-07-03,C262,A0021,2,6.5
T-01672,2024-06-18,C271,A0031,2,12.0
T-01673,2024-02-03,C052,A0007,1,9.0
T-01674,2024-05-27,C165,A0032,2,9.0
T-01675,2024-10-15,C149,A0013,1,32.0
T-01676,2024-11-11,C110,A0025,1,140.0
T-01677,2024-07-08,C012,A0015,2,19.0
T-01678,2024-09-25,C291,A0030,3,12.0
T-01679,2024-05-15,C263,A0030,3,12.0
T-01680,2024-12-19,C004,A0004,3,14.5
T-01681,2024-09-11,C107,A0027,2,26.0
T-01682,2024-06-01,C041,A0032,2,9.0
T-01683,2024-08-06,C163,A0027,2,26.0
T-01684,2024-03-19,C150,A0033,2,9.0
T-01685,2024-12-27,C238,A0002,3,23.0
T-01686,2024-06-07,C277,A0013,1,32.0
T-01687,2024-03-01,C209,A0011,3,13.5
T-01688,2024-09-16,C285,A0032,3,9.0
T-01689,2024-03-11,C228,A0031,2,12.0
T-01690,2024-06-04,C208,A0033,3,9.0
T-01691,2024-08-14,C007,A0031,1,12.0
T-01692,2024-05-09,C061,A0032,3,9.0
T-01693,2024-11-07,C183,A0033,1,9.0
T-01694,2024-05-18,C169,A0033,3,9.0
T-01695,2024-07-19,C159,A0025,1,140.0
T-01696,2024-09-04,C196,A0029,2,850.0
T-01697,2024-07-01,C299,A0016,1,19.0
T-01698,2024-11-24,C035,A0030,1,12.0
T-01699,2024-09-27,C253,A0027,3,26.0
T-01700,2024-07-26,C146,A0026,1,26.0
T-01701,2024-03-15,C294,A0023,1,2.5
T-01702,2024-10-03,C213,A0008,2,155.0
T-01703,2024-12-05,C104,A0014,3,32.0
T-01704,2024-07-19,C296,A0020,2,190.0
T-01705,2024-10-06,C045,A0025,3,140.0
T-01706,2024-04-19,C130,A0011,1,13.5
T-01707,2024-02-06,C268,A0033,3,9.0
T-01708,2024-12-15,C150,A0033,3,9.0
T-01709,2024-12-16,C062,A0030,2,12.0
T-01710,2024-07-05,C219,A0026,3,26.0
T-01711,2024-01-26,C061,A0032,3,9.0
T-01712,2024-11-02,C127,A0004,1,14.5
T-01713,2024-05-04,C075,A0032,1,9.0
T-01714,2024-01-18,C085,A0030,3,12.0
T-01715,2024-02-18,C175,A0008,2,155.0
T-01716,2024-04-11,C138,A0023,2,2.5
T-01717,2024-09-04,C100,A0023,2,2.5
T-01718,2024-01-25,C107,A0022,1,8.5
T-01719,2024-07-06,C139,A0030,1,12.0
T-01720,2024-02-15,C011,A0021,3,6.5
T-01721,2024-06-11,C007,A0030,1,12.0
T-01722,2024-12-27,C135,A0002,3,23.0
T-01723,2024-11-22,C097,A0020,1,190.0
T-01724,2024-01-03,C049,A0006,3,14.5
T-01725,2024-05-03,C101,A0032,2,9.0
T-01726,2024-08-02,C242,A0025,3,140.0
T-01727,2024-12-03,C095,A0032,3,9.0
T-01728,2024-06-17,C001,A0014,2,32.0
T-01729,2024-01-27,C154,A0032,3,9.0
T-01730,2024-03-27,C031,A0030,3,12.0
T-01731,2024-03-09,C032,A0021,1,6.5
T-01732,2024-06-28,C196,A0027,3,26.0
T-01733,2024-05-24,C176,A0023,3,2.5
T-01734,2024-09-02,C266,A0014,2,32.0
T-01735,2024-11-25,C195,A0013,1,32.0
T-01736,2024-05-21,C198,A0032,1,9.0
T-01737,2024-09-16,C244,A0030,1,12.0
T-01738,2024-06-27,C190,A0018,2,9.5
T-01739,2024-03-27,C136,A0033,2,9.0
T-01740,2024-02-06,C046,A0009,2,155.0
T-01741,2024-03-24,C098,A0013,2,32.0
T-01742,2024-05-07,C059,A0022,2,8.5
T-01743,2024-03-25,C109,A0032,1,9.0
T-01744,2024-05-04,C101,A0032,1,9.0
T-01745,2024-12-05,C108,A0031,1,12.0
T-01746,2024-09-19,C021,A0033,3,9.0
T-01747,2024-07-12,C068,A0032,1,9.0
T-01748,2024-07-09,C091,A0033,1,9.0
T-01749,2024-12-19,C147,A0031,3,12.0
T-01750,2024-08-17,C253,A0026,3,26.0
T-01751,2024-03-08,C143,A0022,3,8.5
T-01752,2024-08-16,C073,A0022,2,8.5
T-01753,2024-04-18,C168,A0013,3,32.0
T-01754,2024-10-19,C237,A0004,2,14.5
T-01755,2024-01-05,C028,A0008,3,155.0
T-01756,2024-04-06,C257,A0031,2,12.0
T-01757,2024-02-20,C057,A0004,3,14.5
T-01758,2024-07-10,C253,A0026,1,26.0
T-01759,2024-06-04,C067,A0017,3,9.5
T-01760,2024-11-25,C133,A0032,1,9.0
T-01761,2024-11-08,C036,A0031,3,12.0
T-01762,2024-08-18,C048,A0017,3,9.5
T-01763,2024-01-09,C012,A0033,1,9.0
T-01764,2024-12-02,C237,A0002,2,23.0
T-01765,2024-08-24,C065,A0028,1,22.0
T-01766,2024-02-27,C057,A0006,3,14.5
T-01767,2024-02-21,C217,A0018,1,9.5
T-01768,2024-01-01,C022,A0008,2,155.0
T-01769,2024-10-10,C147,A0003,2,23.0
T-01770,2024-11-16,C206,A0004,2,14.5
T-01771,2024-07-23,C073,A0022,2,8.5
T-01772,2024-12-04,C248,A0006,3,14.5
T-01773,2024-03-02,C297,A0023,1,2.5
T-01774,2024-11-18,C028,A0007,1,9.0
T-01775,2024-09-01,C136,A0027,1,26.0
T-01776,2024-06-12,C053,A0029,1,850.0
T-01777,2024-02-15,C240,A0030,1,12.0
T-01778,2024-01-28,C064,A0005,3,14.5
T-01779,2024-08-18,C207,A0025,3,140.0
T-01780,2024-10-12,C102,A0030,2,12.0
T-01781,2024-01-15,C254,A0033,3,9.0
T-01782,2024-03-24,C080,A0031,2,12.0
T-01783,2024-08-20,C130,A0010,2,13.5
T-01784,2024-10-07,C173,A0030,2,12.0
T-01785,2024-11-02,C013,A0025,1,140.0
T-01786,2024-08-26,C088,A0033,3,9.0
T-01787,2024-07-20,C076,A0033,3,9.0
T-01788,2024-10-03,C215,A0004,1,14.5
T-01789,2024-12-15,C228,A0010,2,13.5
T-01790,2024-01-24,C117,A0007,1,9.0
T-01791,2024-12-06,C188,A0007,1,9.0
T-01792,2024-04-16,C112,A0031,1,12.0
T-01793,2024-06-16,C116,A0026,3,26.0
T-01794,2024-02-18,C261,A0031,1,12.0
T-01795,2024-12-09,C201,A0024,3,2.5
T-01796,2024-02-05,C064,A0001,1,23.0
T-01797,2024-01-23,C187,A0001,2,23.0
T-01798,2024-05-13,C098,A0013,2,32.0
T-01799,2024-10-07,C218,A0006,1,14.5
T-01800,2024-03-28,C278,A0031,1,12.0
T-01801,2024-04-07,C134,A0023,3,2.5
T-01802,2024-09-01,C006,A0022,1,8.5
T-01803,2024-07-26,C140,A0027,1,26.0
T-01804,2024-12-03,C032,A0025,2,140.0
T-01805,2024-07-08,C143,A0023,3,2.5
T-01806,2024-10-08,C002,A0005,3,14.5
T-01807,2024-11-15,C117,A0008,1,155.0
T-01808,2024-11-25,C223,A0032,2,9.0
T-01809,2024-08-07,C019,A0029,1,850.0
T-01810,2024-10-08,C266,A0009,1,155.0
T-01811,2024-04-16,C211,A0017,2,9.5
T-01812,2024-07-27,C224,A0021,1,6.5
T-01813,2024-02-11,C014,A0006,1,14.5
T-01814,2024-09-21,C012,A0028,1,22.0
T-01815,2024-01-15,C164,A0032,2,9.0
T-01816,2024-01-21,C256,A0030,1,12.0
T-01817,2024-10-13,C213,A0001,2,23.0
T-01818,2024-06-26,C164,A0032,3,9.0
T-01819,2024-10-14,C103,A0031,2,12.0
T-01820,2024-05-26,C195,A0024,3,2.5
T-01821,2024-07-01,C244,A0031,3,12.0
T-01822,2024-12-25,C008,A0008,2,155.0
T-01823,2024-01-06,C258,A0033,1,9.0
T-01824,2024-01-23,C128,A0007,3,9.0
T-01825,2024-11-14,C066,A0005,3,14.5
T-01826,2024-08-10,C286,A0030,1,12.0
T-01827,2024-08-04,C126,A0025,2,140.0
T-01828,2024-01-24,C153,A0007,2,9.0
T-01829,2024-07-23,C075,A0027,2,26.0
T-01830,2024-10-23,C298,A0008,2,155.0
T-01831,2024-10-24,C049,A0001,2,23.0
T-01832,2024-12-28,C089,A0004,2,14.5
T-01833,2024-08-01,C080,A0030,1,12.0
T-01834,2024-01-12,C159,A0024,3,2.5
T-01835,2024-05-11,C033,A0030,2,12.0
T-01836,2024-02-04,C204,A0016,1,19.0
T-01837,2024-06-09,C133,A0027,2,26.0
T-01838,2024-09-05,C227,A0032,1,9.0
T-01839,2024-04-04,C072,A0015,3,19.0
T-01840,2024-11-26,C194,A0022,1,8.5
T-01841,2024-01-13,C094,A0007,3,9.0
T-01842,2024-01-19,C008,A0001,3,23.0
T-01843,2024-07-19,C269,A0032,1,9.0
T-01844,2024-02-15,C130,A0006,3,14.5
T-01845,2024-06-28,C157,A0030,1,12.0
T-01846,2024-01-10,C300,A0021,3,6.5
T-01847,2024-01-17,C032,A0021,3,6.5
T-01848,2024-09-16,C197,A0029,1,850.0
T-01849,2024-04-25,C102,A0030,1,12.0
T-01850,2024-06-06,C116,A0026,1,26.0
T-01851,2024-01-04,C088,A0033,1,9.0
T-01852,2024-08-25,C213,A0025,3,140.0
T-01853,2024-04-13,C170,A0024,3,2.5
T-01854,2024-03-24,C101,A0032,3,9.0
T-01855,2024-10-07,C074,A0031,1,12.0
T-01856,2024-05-12,C088,A0032,1,9.0
T-01857,2024-08-14,C040,A0028,3,22.0
T-01858,2024-09-26,C203,A0011,1,13.5
T-01859,2024-01-14,C018,A0033,1,9.0
T-01860,2024-11-03,C252,A0009,2,155.0
T-01861,2024-06-10,C179,A0026,2,26.0
T-01862,2024-01-11,C231,A0002,1,23.0
T-01863,2024-11-22,C173,A0030,3,12.0
T-01864,2024-11-20,C057,A0004,3,14.5
T-01865,2024-09-09,C186,A0033,1,9.0
T-01866,2024-09-24,C161,A0031,1,12.0
T-01867,2024-09-22,C276,A0022,3,8.5
T-01868,2024-08-22,C208,A0032,3,9.0
T-01869,2024-09-27,C172,A0033,2,9.0
T-01870,2024-07-16,C188,A0027,3,26.0
T-01871,2024-11-15,C008,A0021,3,6.5
T-01872,2024-08-04,C253,A0027,3,26.0
T-01873,2024-12-22,C072,A0005,3,14.5
T-01874,2024-07-08,C161,A0031,2,12.0
T-01875,2024-12-15,C156,A0008,1,155.0
T-01876,2024-12-19,C144,A0001,3,23.0
T-01877,2024-05-21,C198,A0032,2,9.0
T-01878,2024-01-19,C085,A0030,1,12.0
T-01879,2024-04-21,C131,A0025,1,140.0
T-01880,2024-12-20,C077,A0024,1,2.5
T-01881,2024-08-08,C079,A0014,2,32.0
T-01882,2024-08-12,C259,A0024,2,2.5
T-01883,2024-02-28,C064,A0008,3,155.0
T-01884,2024-07-12,C069,A0029,3,850.0
T-01885,2024-06-28,C282,A0028,1,22.0
T-01886,2024-07-02,C195,A0022,3,8.5
T-01887,2024-02-06,C074,A0030,3,12.0
T-01888,2024-03-13,C073,A0023,2,2.5
T-01889,2024-10-08,C117,A0006,2,14.5
T-01890,2024-03-13,C266,A0014,1,32.0
T-01891,2024-06-07,C017,A0023,2,2.5
T-01892,2024-02-05,C222,A0033,3,9.0
T-01893,2024-02-04,C158,A0033,2,9.0
T-01894,2024-06-01,C080,A0031,1,12.0
T-01895,2024-11-28,C044,A0018,3,9.5
T-01896,2024-11-19,C003,A0031,2,12.0
T-01897,2024-10-12,C073,A0024,1,2.5
T-01898,2024-05-19,C074,A0031,2,12.0
T-01899,2024-02-14,C021,A0032,1,9.0
T-01900,2024-01-08,C163,A0022,1,8.5
T-01901,2024-02-15,C136,A0033,1,9.0
T-01902,2024-10-13,C170,A0009,1,155.0
T-01903,2024-12-14,C057,A0012,3,13.5
T-01904,2024-10-19,C112,A0007,1,9.0
T-01905,2024-02-08,C265,A0007,1,9.0
T-01906,2024-12-02,C126,A0010,3,13.5
T-01907,2024-07-02,C102,A0030,2,12.0
T-01908,2024-04-15,C126,A0025,3,140.0
T-01909,2024-11-14,C206,A0003,3,23.0
T-01910,2024-10-17,C204,A0002,1,23.0
T-01911,2024-08-28,C067,A0019,3,190.0
T-01912,2024-09-10,C172,A0023,3,2.5
T-01913,2024-12-20,C259,A0001,2,23.0
T-01914,2024-12-05,C145,A0008,1,155.0
T-01915,2024-08-12,C220,A0032,1,9.0
T-01916,2024-09-04,C187,A0027,1,26.0
T-01917,2024-09-17,C097,A0026,3,26.0
T-01918,2024-07-11,C074,A0027,2,26.0
T-01919,2024-12-17,C172,A0024,2,2.5
T-01920,2024-10-14,C286,A0030,3,12.0
T-01921,2024-02-10,C063,A0025,3,140.0
T-01922,2024-03-13,C182,A0030,1,12.0
T-01923,2024-06-10,C115,A0029,3,850.0
T-01924,2024-02-27,C176,A0032,2,9.0
T-01925,2024-08-09,C226,A0012,3,13.5
T-01926,2024-08-16,C288,A0029,2,850.0
T-01927,2024-04-17,C098,A0019,2,190.0
T-01928,2024-09-13,C002,A0028,1,22.0
T-01929,2024-01-17,C202,A0005,1,14.5
T-01930,2024-09-27,C174,A0033,2,9.0
T-01931,2024-01-19,C009,A0033,3,9.0
T-01932,2024-02-13,C026,A0008,2,155.0
T-01933,2024-08-26,C121,A0032,1,9.0
T-01934,2024-04-02,C286,A0031,3,12.0
T-01935,2024-11-27,C220,A0033,1,9.0
T-01936,2024-11-10,C005,A0033,3,9.0
T-01937,2024-06-24,C241,A0023,1,2.5
T-01938,2024-03-15,C226,A0012,3,13.5
T-01939,2024-02-23,C266,A0020,2,190.0
T-01940,2024-06-10,C198,A0032,2,9.0
T-01941,2024-07-26,C085,A0031,2,12.0
T-01942,2024-05-04,C225,A0031,2,12.0
T-01943,2024-07-23,C084,A0021,2,6.5
T-01944,2024-09-21,C154,A0033,3,9.0
T-01945,2024-06-17,C264,A0021,1,6.5
T-01946,2024-12-28,C094,A0003,3,23.0
T-01947,2024-10-22,C153,A0006,3,14.5
T-01948,2024-07-28,C071,A0028,3,22.0
T-01949,2024-04-12,C131,A0023,3,2.5
T-01950,2024-03-24,C073,A0023,1,2.5
T-01951,2024-01-07,C229,A0005,1,14.5
T-01952,2024-08-18,C219,A0029,2,850.0
T-01953,2024-08-15,C278,A0030,1,12.0
T-01954,2024-10-16,C044,A0011,1,13.5
T-01955,2024-07-05,C193,A0028,2,22.0
T-01956,2024-03-20,C025,A0030,1,12.0
T-01957,2024-10-08,C074,A0030,3,12.0
T-01958,2024-02-20,C046,A0002,1,23.0
T-01959,2024-10-16,C036,A0031,2,12.0
T-01960,2024-05-20,C136,A0032,1,9.0
T-01961,2024-07-01,C031,A0030,1,12.0
T-01962,2024-02-23,C111,A0018,1,9.5
T-01963,2024-03-07,C155,A0032,1,9.0
T-01964,2024-06-11,C007,A0031,1,12.0
T-01965,2024-11-17,C137,A0021,3,6.5
T-01966,2024-12-05,C080,A0030,3,12.0
T-01967,2024-12-27,C143,A0011,1,13.5
T-01968,2024-11-13,C237,A0008,3,155.0
T-01969,2024-09-09,C199,A0028,3,22.0
T-01970,2024-08-14,C135,A0028,3,22.0
T-01971,2024-08-12,C239,A0027,2,26.0
T-01972,2024-08-17,C059,A0025,2,140.0
T-01973,2024-02-01,C250,A0030,2,12.0
T-01974,2024-01-20,C121,A0032,1,9.0
T-01975,2024-12-07,C078,A0012,2,13.5
T-01976,2024-11-21,C013,A0021,2,6.5
T-01977,2024-05-06,C216,A0021,1,6.5
T-01978,2024-12-06,C160,A0021,2,6.5
T-01979,2024-08-26,C164,A0025,1,140.0
T-01980,2024-11-16,C138,A0022,2,8.5
T-01981,2024-06-08,C173,A0030,1,12.0
T-01982,2024-10-04,C213,A0004,3,14.5
T-01983,2024-05-19,C021,A0033,1,9.0
T-01984,2024-08-22,C019,A0027,3,26.0
T-01985,2024-02-01,C142,A0025,2,140.0
T-01986,2024-07-03,C131,A0032,2,9.0
T-01987,2024-06-21,C016,A0029,1,850.0
T-01988,2024-11-27,C164,A0013,1,32.0
T-01989,2024-01-13,C007,A0030,2,12.0
T-01990,2024-09-06,C113,A0028,2,22.0
T-01991,2024-07-13,C086,A0028,3,22.0
T-01992,2024-09-08,C093,A0032,1,9.0
T-01993,2024-10-13,C091,A0033,2,9.0
T-01994,2024-12-03,C045,A0025,1,140.0
T-01995,2024-01-17,C005,A0032,3,9.0
T-01996,2024-11-09,C273,A0030,1,12.0
T-01997,2024-10-10,C094,A0001,3,23.0
T-01998,2024-10-03,C010,A0031,1,12.0
T-01999,2024-09-13,C067,A0016,2,19.0
T-02000,2024-09-04,C215,A0028,1,22.0
T-02001,2024-01-24,C147,A0031,1,12.0
T-02002,2024-05-14,C236,A0021,2,6.5
T-02003,2024-07-25,C022,A0028,2,22.0
T-02004,2024-08-07,C084,A0022,3,8.5
T-02005,2024-01-01,C072,A0033,2,9.0
T-02006,2024-02-28,C159,A0021,1,6.5
T-02007,2024-11-01,C158,A0001,1,23.0
T-02008,2024-02-27,C296,A0009,1,155.0
T-02009,2024-05-09,C253,A0023,1,2.5
T-02010,2024-12-11,C245,A0021,2,6.5
T-02011,2024-02-27,C287,A0024,1,2.5
T-02012,2024-10-27,C274,A0033,3,9.0
T-02013,2024-12-20,C217,A0025,2,140.0
T-02014,2024-12-08,C135,A0004,2,14.5
T-02015,2024-11-22,C198,A0022,1,8.5
T-02016,2024-11-05,C235,A0003,2,23.0
T-02017,2024-07-01,C267,A0028,3,22.0
T-02018,2024-07-13,C299,A0018,2,9.5
T-02019,2024-04-27,C251,A0032,1,9.0
T-02020,2024-08-11,C219,A0027,1,26.0
T-02021,2024-10-10,C224,A0025,2,140.0
T-02022,2024-06-03,C268,A0032,3,9.0
T-02023,2024-08-24,C146,A0028,1,22.0
T-02024,2024-10-15,C224,A0008,3,155.0
T-02025,2024-06-24,C197,A0028,1,22.0
T-02026,2024-04-02,C137,A0022,3,8.5
T-02027,2024-11-10,C296,A0003,1,23.0
T-02028,2024-06-01,C002,A0026,3,26.0
T-02029,2024-09-05,C131,A0022,1,8.5
T-02030,2024-08-17,C054,A0028,3,22.0
T-02031,2024-09-01,C182,A0031,2,12.0
T-02032,2024-01-28,C138,A0022,1,8.5
T-02033,2024-07-02,C072,A0012,1,13.5
T-02034,2024-09-19,C143,A0023,3,2.5
T-02035,2024-09-09,C001,A0012,1,13.5
T-02036,2024-02-09,C165,A0032,3,9.0
T-02037,2024-06-19,C208,A0013,3,32.0
T-02038,2024-06-02,C249,A0023,1,2.5
T-02039,2024-06-21,C007,A0030,3,12.0
T-02040,2024-10-18,C090,A0010,3,13.5
T-02041,2024-04-07,C003,A0017,1,9.5
T-02042,2024-01-08,C105,A0020,3,190.0
T-02043,2024-09-23,C248,A0015,3,19.0
T-02044,2024-05-06,C021,A0033,1,9.0
T-02045,2024-08-27,C228,A0031,3,12.0
T-02046,2024-07-07,C173,A0030,3,12.0
T-02047,2024-08-17,C040,A0029,2,850.0
T-02048,2024-12-14,C259,A0003,3,23.0
T-02049,2024-02-09,C008,A0005,2,14.5
T-02050,2024-12-04,C015,A0033,2,9.0
T-02051,2024-10-24,C236,A0011,2,13.5
T-02052,2024-08-23,C098,A0020,1,190.0
T-02053,2024-06-05,C110,A0022,3,8.5
T-02054,2024-12-28,C255,A0032,3,9.0
T-02055,2024-08-05,C089,A0013,3,32.0
T-02056,2024-02-16,C044,A0001,2,23.0
T-02057,2024-07-08,C029,A0026,1,26.0
T-02058,2024-12-27,C025,A0014,2,32.0
T-02059,2024-02-08,C244,A0031,2,12.0
T-02060,2024-02-28,C100,A0004,3,14.5
T-02061,2024-06-19,C271,A0031,3,12.0
T-02062,2024-05-25,C038,A0022,2,8.5
T-02063,2024-03-26,C277,A0020,3,190.0
T-02064,2024-05-23,C226,A0020,3,190.0
T-02065,2024-02-20,C153,A0005,2,14.5
T-02066,2024-11-24,C233,A0023,2,2.5
T-02067,2024-07-26,C287,A0028,2,22.0
T-02068,2024-12-05,C276,A0025,1,140.0
T-02069,2024-04-19,C291,A0031,2,12.0
T-02070,2024-08-10,C009,A0026,1,26.0
T-02071,2024-02-28,C037,A0008,2,155.0
T-02072,2024-08-01,C041,A0033,3,9.0
T-02073,2024-07-04,C068,A0032,1,9.0
T-02074,2024-03-14,C058,A0032,2,9.0
T-02075,2024-08-12,C105,A0017,1,9.5
T-02076,2024-11-27,C218,A0007,1,9.0
T-02077,2024-04-23,C190,A0032,2,9.0
T-02078,2024-11-20,C051,A0018,3,9.5
T-02079,2024-05-13,C169,A0033,1,9.0
T-02080,2024-10-05,C258,A0011,3,13.5
T-02081,2024-08-05,C205,A0029,1,850.0
T-02082,2024-07-18,C179,A0026,3,26.0
T-02083,2024-10-17,C246,A0001,1,23.0
T-02084,2024-05-17,C300,A0022,2,8.5
T-02085,2024-09-07,C283,A0028,2,22.0
T-02086,2024-06-27,C228,A0031,3,12.0
T-02087,2024-05-01,C151,A0033,1,9.0
T-02088,2024-03-26,C234,A0024,3,2.5
T-02089,2024-04-10,C199,A0011,3,13.5
T-02090,2024-06-13,C093,A0028,1,22.0
T-02091,2024-03-27,C191,A0025,1,140.0
T-02092,2024-01-20,C043,A0004,1,14.5
T-02093,2024-07-07,C100,A0028,3,22.0
T-02094,2024-06-09,C068,A0028,2,22.0
T-02095,2024-09-15,C185,A0026,3,26.0
T-02096,2024-09-24,C098,A0028,1,22.0
T-02097,2024-07-07,C299,A0013,3,32.0
T-02098,2024-07-09,C009,A0032,3,9.0
T-02099,2024-02-01,C234,A0008,3,155.0
T-02100,2024-11-05,C009,A0032,2,9.0
T-02101,2024-12-01,C093,A0032,3,9.0
T-02102,2024-02-08,C035,A0031,1,12.0
T-02103,2024-11-04,C244,A0030,1,12.0
T-02104,2024-10-13,C020,A0030,1,12.0
T-02105,2024-05-09,C165,A0021,2,6.5
T-02106,2024-12-02,C208,A0030,2,12.0
T-02107,2024-08-22,C283,A0026,2,26.0
T-02108,2024-08-07,C283,A0029,3,850.0
T-02109,2024-04-24,C258,A0033,2,9.0
T-02110,2024-05-05,C045,A0021,3,6.5
T-02111,2024-10-23,C222,A0033,3,9.0
T-02112,2024-10-27,C167,A0002,1,23.0
T-02113,2024-06-08,C054,A0027,2,26.0
T-02114,2024-09-26,C139,A0031,2,12.0
T-02115,2024-07-19,C105,A0027,2,26.0
T-02116,2024-02-12,C240,A0031,3,12.0
T-02117,2024-07-27,C133,A0026,1,26.0
T-02118,2024-06-20,C138,A0025,2,140.0
T-02119,2024-12-20,C100,A0002,2,23.0
T-02120,2024-07-07,C005,A0032,2,9.0
T-02121,2024-05-27,C089,A0017,2,9.5
T-02122,2024-03-11,C017,A0021,3,6.5
T-02123,2024-02-06,C041,A0033,3,9.0
T-02124,2024-09-04,C193,A0021,1,6.5
T-02125,2024-07-15,C182,A0030,3,12.0
T-02126,2024-05-16,C054,A0016,1,19.0
T-02127,2024-02-20,C012,A0009,2,155.0
T-02128,2024-06-12,C271,A0030,3,12.0
T-02129,2024-12-26,C234,A0005,3,14.5
T-02130,2024-11-22,C184,A0023,2,2.5
T-02131,2024-12-21,C221,A0002,2,23.0
T-02132,2024-08-11,C208,A0032,2,9.0
T-02133,2024-04-04,C255,A0033,1,9.0
T-02134,2024-02-20,C041,A0032,2,9.0
T-02135,2024-06-27,C199,A0027,2,26.0
T-02136,2024-01-19,C089,A0004,1,14.5
T-02137,2024-06-01,C297,A0025,2,140.0
T-02138,2024-08-14,C025,A0031,2,12.0
T-02139,2024-06-09,C239,A0029,2,850.0
T-02140,2024-07-14,C063,A0021,2,6.5
T-02141,2024-09-23,C262,A0028,2,22.0
T-02142,2024-08-23,C118,A0021,3,6.5
T-02143,2024-07-09,C232,A0026,2,26.0
T-02144,2024-07-20,C018,A0032,2,9.0
T-02145,2024-03-07,C032,A0022,1,8.5
T-02146,2024-10-02,C226,A0011,3,13.5
T-02147,2024-09-07,C044,A0015,3,19.0
T-02148,2024-02-25,C151,A0015,2,19.0
T-02149,2024-03-17,C257,A0023,1,2.5
T-02150,2024-07-24,C230,A0033,1,9.0
T-02151,2024-08-26,C008,A0027,2,26.0
T-02152,2024-09-12,C071,A0026,1,26.0
T-02153,2024-07-10,C250,A0028,3,22.0
T-02154,2024-11-07,C185,A0006,3,14.5
T-02155,2024-09-25,C255,A0032,3,9.0
T-02156,2024-09-03,C224,A0022,1,8.5
T-02157,2024-04-12,C262,A0024,3,2.5
T-02158,2024-06-08,C122,A0031,3,12.0
T-02159,2024-10-10,C063,A0021,2,6.5
T-02160,2024-06-02,C176,A0033,1,9.0
T-02161,2024-07-20,C054,A0028,3,22.0
T-02162,2024-10-10,C268,A0032,1,9.0
T-02163,2024-09-04,C186,A0033,3,9.0
T-02164,2024-09-13,C076,A0033,3,9.0
T-02165,2024-10-12,C191,A0003,1,23.0
T-02166,2024-11-15,C006,A0022,1,8.5
T-02167,2024-07-27,C174,A0033,2,9.0
T-02168,2024-08-13,C002,A0027,1,26.0
T-02169,2024-10-07,C075,A0006,3,14.5
T-02170,2024-06-28,C015,A0033,3,9.0
T-02171,2024-02-05,C198,A0032,3,9.0
T-02172,2024-09-11,C263,A0031,2,12.0
T-02173,2024-03-05,C111,A0018,3,9.5
T-02174,2024-10-23,C276,A0023,3,2.5
T-02175,2024-06-22,C092,A0027,1,26.0
T-02176,2024-06-01,C114,A0031,1,12.0
T-02177,2024-11-12,C237,A0003,3,23.0
T-02178,2024-11-19,C111,A0033,3,9.0
T-02179,2024-08-20,C019,A0028,1,22.0
T-02180,2024-03-19,C182,A0031,2,12.0
T-02181,2024-11-28,C041,A0011,2,13.5
T-02182,2024-11-22,C164,A0032,3,9.0
T-02183,2024-01-18,C087,A0008,2,155.0
T-02184,2024-08-24,C197,A0029,2,850.0
T-02185,2024-05-13,C051,A0013,1,32.0
T-02186,2024-06-01,C164,A0032,1,9.0
T-02187,2024-06-02,C073,A0025,2,140.0
T-02188,2024-11-22,C255,A0032,1,9.0
T-02189,2024-09-01,C261,A0030,1,12.0
T-02190,2024-05-04,C036,A0030,2,12.0
T-02191,2024-01-17,C241,A0007,1,9.0
T-02192,2024-08-08,C267,A0027,3,26.0
T-02193,2024-04-06,C038,A0021,3,6.5
T-02194,2024-05-17,C183,A0032,2,9.0
T-02195,2024-09-09,C069,A0029,2,850.0
T-02196,2024-04-12,C106,A0024,1,2.5
T-02197,2024-07-09,C180,A0033,1,9.0
T-02198,2024-06-10,C021,A0032,2,9.0
T-02199,2024-08-02,C065,A0026,1,26.0
T-02200,2024-02-18,C221,A0008,2,155.0
T-02201,2024-05-11,C104,A0022,1,8.5
T-02202,2024-10-24,C127,A0010,2,13.5
T-02203,2024-08-13,C123,A0029,1,850.0
T-02204,2024-06-03,C255,A0033,2,9.0
T-02205,2024-10-27,C064,A0002,2,23.0
T-02206,2024-01-19,C259,A0009,2,155.0
T-02207,2024-04-05,C045,A0021,1,6.5
T-02208,2024-10-24,C006,A0001,1,23.0
T-02209,2024-09-04,C119,A0033,1,9.0
T-02210,2024-09-01,C013,A0022,3,8.5
T-02211,2024-03-18,C243,A0010,2,13.5
T-02212,2024-01-24,C145,A0004,2,14.5
T-02213,2024-09-17,C186,A0011,2,13.5
T-02214,2024-08-16,C086,A0029,3,850.0
T-02215,2024-02-02,C200,A0025,1,140.0
T-02216,2024-07-11,C242,A0025,2,140.0
T-02217,2024-01-10,C045,A0021,3,6.5
T-02218,2024-09-26,C011,A0032,2,9.0
T-02219,2024-10-12,C073,A0022,1,8.5
T-02220,2024-02-13,C106,A0022,1,8.5
T-02221,2024-03-20,C137,A0022,3,8.5
T-02222,2024-06-25,C277,A0017,2,9.5
T-02223,2024-07-27,C133,A0029,1,850.0
T-02224,2024-01-08,C132,A0031,1,12.0
T-02225,2024-10-05,C046,A0002,1,23.0
T-02226,2024-10-14,C154,A0032,2,9.0
T-02227,2024-08-20,C051,A0014,3,32.0
T-02228,2024-05-22,C287,A0015,1,19.0
T-02229,2024-01-16,C058,A0033,2,9.0
T-02230,2024-10-04,C060,A0009,2,155.0
T-02231,2024-09-26,C179,A0018,2,9.5
T-02232,2024-01-20,C278,A0031,3,12.0
T-02233,2024-06-20,C029,A0029,2,850.0
T-02234,2024-06-12,C122,A0031,1,12.0
T-02235,2024-10-17,C221,A0003,1,23.0
T-02236,2024-08-26,C158,A0033,3,9.0
T-02237,2024-07-23,C042,A0028,1,22.0
T-02238,2024-01-13,C131,A0013,3,32.0
T-02239,2024-01-05,C057,A0009,3,155.0
T-02240,2024-04-23,C226,A0032,3,9.0
T-02241,2024-05-11,C074,A0013,3,32.0
T-02242,2024-11-11,C150,A0032,3,9.0
T-02243,2024-02-01,C099,A0010,3,13.5
T-02244,2024-11-13,C074,A0030,1,12.0
T-02245,2024-04-12,C121,A0032,1,9.0
T-02246,2024-07-27,C016,A0016,3,19.0
T-02247,2024-03-06,C114,A0030,3,12.0
T-02248,2024-10-23,C295,A0016,2,19.0
T-02249,2024-01-05,C112,A0031,3,12.0
T-02250,2024-06-13,C184,A0021,3,6.5
T-02251,2024-10-08,C178,A0002,2,23.0
T-02252,2024-08-06,C022,A0026,2,26.0
T-02253,2024-10-18,C169,A0032,1,9.0
T-02254,2024-10-04,C187,A0008,1,155.0
T-02255,2024-02-16,C164,A0033,3,9.0
T-02256,2024-06-25,C257,A0021,3,6.5
T-02257,2024-11-11,C280,A0033,3,9.0
T-02258,2024-09-15,C152,A0022,2,8.5
T-02259,2024-10-14,C047,A0003,2,23.0
T-02260,2024-01-02,C049,A0004,2,14.5
T-02261,2024-07-10,C071,A0026,2,26.0
T-02262,2024-09-21,C149,A0033,3,9.0
T-02263,2024-04-13,C032,A0021,1,6.5
T-02264,2024-11-28,C100,A0008,1,155.0
T-02265,2024-08-07,C242,A0023,2,2.5
T-02266,2024-11-08,C198,A0033,3,9.0
T-02267,2024-08-17,C158,A0033,2,9.0
T-02268,2024-11-22,C113,A0009,3,155.0
T-02269,2024-02-07,C298,A0006,3,14.5
T-02270,2024-10-04,C161,A0030,1,12.0
T-02271,2024-09-20,C036,A0014,3,32.0
T-02272,2024-04-02,C273,A0031,2,12.0
T-02273,2024-04-17,C276,A0021,1,6.5
T-02274,2024-06-23,C181,A0029,1,850.0
T-02275,2024-09-27,C192,A0019,3,190.0
T-02276,2024-11-18,C143,A0025,2,140.0
T-02277,2024-10-10,C256,A0031,3,12.0
T-02278,2024-12-08,C105,A0013,3,32.0
T-02279,2024-03-07,C198,A0032,2,9.0
T-02280,2024-02-11,C112,A0030,2,12.0
T-02281,2024-02-28,C112,A0031,3,12.0
T-02282,2024-09-10,C091,A0033,1,9.0
T-02283,2024-03-15,C274,A0032,1,9.0
T-02284,2024-01-17,C188,A0017,3,9.5
T-02285,2024-06-06,C111,A0015,1,19.0
T-02286,2024-02-14,C195,A0024,2,2.5
T-02287,2024-07-07,C227,A0033,1,9.0
T-02288,2024-07-10,C289,A0031,3,12.0
T-02289,2024-10-12,C189,A0004,2,14.5
T-02290,2024-11-01,C064,A0007,2,9.0
T-02291,2024-03-16,C067,A0016,1,19.0
T-02292,2024-08-03,C081,A0028,1,22.0
T-02293,2024-10-19,C151,A0032,2,9.0
T-02294,2024-02-26,C208,A0032,2,9.0
T-02295,2024-09-01,C195,A0023,1,2.5
T-02296,2024-12-17,C178,A0005,1,14.5
T-02297,2024-11-10,C068,A0033,2,9.0
T-02298,2024-07-13,C001,A0013,1,32.0
T-02299,2024-11-24,C244,A0030,1,12.0
T-02300,2024-07-11,C211,A0012,1,13.5
T-02301,2024-12-19,C252,A0001,3,23.0
T-02302,2024-04-20,C066,A0023,1,2.5
T-02303,2024-01-19,C210,A0031,2,12.0
T-02304,2024-02-07,C264,A0025,1,140.0
T-02305,2024-08-10,C142,A0022,2,8.5
T-02306,2024-11-24,C130,A0008,1,155.0
T-02307,2024-04-11,C013,A0021,1,6.5
T-02308,2024-04-10,C068,A0033,3,9.0
T-02309,2024-05-25,C198,A0030,3,12.0
T-02310,2024-10-05,C213,A0002,1,23.0
T-02311,2024-12-05,C286,A0002,1,23.0
T-02312,2024-11-25,C249,A0023,1,2.5
T-02313,2024-02-07,C298,A0007,3,9.0
T-02314,2024-02-11,C117,A0004,1,14.5
T-02315,2024-09-14,C253,A0029,1,850.0
T-02316,2024-09-03,C103,A0031,1,12.0
T-02317,2024-11-01,C100,A0007,2,9.0
T-02318,2024-10-17,C240,A0031,2,12.0
T-02319,2024-08-16,C088,A0033,3,9.0
T-02320,2024-09-06,C109,A0033,1,9.0
T-02321,2024-02-11,C145,A0008,3,155.0
T-02322,2024-07-06,C111,A0017,3,9.5
T-02323,2024-02-03,C231,A0006,1,14.5
T-02324,2024-12-13,C153,A0004,1,14.5
T-02325,2024-07-12,C190,A0032,2,9.0
T-02326,2024-06-15,C010,A0030,3,12.0
T-02327,2024-08-23,C216,A0025,2,140.0
T-02328,2024-10-18,C176,A0033,2,9.0
T-02329,2024-07-07,C065,A0026,3,26.0
T-02330,2024-11-26,C232,A0003,2,23.0
T-02331,2024-08-26,C164,A0032,3,9.0
T-02332,2024-10-25,C246,A0009,1,155.0
T-02333,2024-12-28,C132,A0008,2,155.0
T-02334,2024-10-23,C110,A0021,2,6.5
T-02335,2024-10-06,C120,A0009,3,155.0
T-02336,2024-05-13,C254,A0031,1,12.0
T-02337,2024-09-26,C260,A0021,2,6.5
T-02338,2024-05-11,C050,A0024,2,2.5
T-02339,2024-02-28,C088,A0033,1,9.0
T-02340,2024-08-19,C155,A0033,2,9.0
T-02341,2024-09-12,C276,A0021,1,6.5
T-02342,2024-02-09,C246,A0009,2,155.0
T-02343,2024-10-26,C233,A0017,1,9.5
T-02344,2024-12-08,C257,A0022,3,8.5
T-02345,2024-09-08,C108,A0033,1,9.0
T-02346,2024-12-04,C221,A0009,3,155.0
T-02347,2024-02-24,C119,A0033,3,9.0
T-02348,2024-08-14,C165,A0032,2,9.0
T-02349,2024-07-28,C135,A0026,3,26.0
T-02350,2024-11-21,C202,A0005,3,14.5
T-02351,2024-10-03,C162,A0005,2,14.5
T-02352,2024-08-26,C096,A0027,2,26.0
T-02353,2024-06-23,C004,A0027,3,26.0
T-02354,2024-06-04,C098,A0019,3,190.0
T-02355,2024-10-12,C097,A0017,2,9.5
T-02356,2024-08-21,C040,A0029,2,850.0
T-02357,2024-11-24,C106,A0030,1,12.0
T-02358,2024-11-24,C128,A0005,1,14.5
T-02359,2024-11-13,C257,A0025,1,140.0
T-02360,2024-05-22,C266,A0022,2,8.5
T-02361,2024-01-11,C134,A0018,2,9.5
T-02362,2024-12-25,C149,A0032,2,9.0
T-02363,2024-02-21,C057,A0009,1,155.0
T-02364,2024-10-12,C182,A0006,2,14.5
T-02365,2024-05-05,C223,A0032,2,9.0
T-02366,2024-07-15,C285,A0032,1,9.0
T-02367,2024-05-11,C033,A0030,1,12.0
T-02368,2024-01-14,C247,A0006,2,14.5
T-02369,2024-08-21,C236,A0023,3,2.5
T-02370,2024-07-14,C080,A0030,3,12.0
T-02371,2024-02-27,C195,A0022,3,8.5
T-02372,2024-08-13,C197,A0028,1,22.0
T-02373,2024-01-24,C108,A0031,3,12.0
T-02374,2024-08-27,C086,A0029,1,850.0
T-02375,2024-10-11,C050,A0022,2,8.5
T-02376,2024-10-08,C180,A0006,2,14.5
T-02377,2024-09-28,C138,A0021,1,6.5
T-02378,2024-10-25,C290,A0001,1,23.0
T-02379,2024-04-24,C072,A0013,3,32.0
T-02380,2024-10-05,C174,A0032,2,9.0
T-02381,2024-08-24,C121,A0032,1,9.0
T-02382,2024-01-03,C013,A0025,3,140.0
T-02383,2024-11-12,C230,A0033,3,9.0
T-02384,2024-07-23,C096,A0029,2,850.0
T-02385,2024-10-12,C214,A0033,2,9.0
T-02386,2024-12-13,C238,A0008,1,155.0
T-02387,2024-02-21,C299,A0015,3,19.0
T-02388,2024-06-04,C165,A0031,2,12.0
T-02389,2024-06-04,C039,A0024,1,2.5
T-02390,2024-01-09,C213,A0008,1,155.0
T-02391,2024-05-28,C082,A0030,2,12.0
T-02392,2024-10-04,C009,A0033,2,9.0
T-02393,2024-12-27,C078,A0023,1,2.5
T-02394,2024-01-01,C232,A0004,3,14.5
T-02395,2024-10-09,C240,A0031,3,12.0
T-02396,2024-07-17,C020,A0021,2,6.5
T-02397,2024-08-18,C133,A0029,1,850.0
T-02398,2024-08-24,C040,A0029,1,850.0
T-02399,2024-01-19,C238,A0004,3,14.5
T-02400,2024-01-21,C101,A0033,3,9.0
T-02401,2024-04-13,C073,A0023,3,2.5
T-02402,2024-12-19,C300,A0010,3,13.5
T-02403,2024-02-11,C266,A0013,1,32.0
T-02404,2024-09-03,C199,A0028,3,22.0
T-02405,2024-03-07,C102,A0031,2,12.0
T-02406,2024-01-09,C235,A0001,2,23.0
T-02407,2024-10-08,C018,A0033,3,9.0
T-02408,2024-10-01,C237,A0008,1,155.0
T-02409,2024-04-03,C035,A0031,1,12.0
T-02410,2024-10-22,C065,A0030,1,12.0
T-02411,2024-04-03,C282,A0018,1,9.5
T-02412,2024-03-12,C148,A0033,3,9.0
T-02413,2024-03-18,C104,A0033,3,9.0
T-02414,2024-08-25,C040,A0028,3,22.0
T-02415,2024-12-04,C027,A0004,1,14.5
T-02416,2024-01-07,C255,A0023,3,2.5
T-02417,2024-12-18,C264,A0023,3,2.5
T-02418,2024-10-11,C213,A0005,2,14.5
T-02419,2024-01-04,C237,A0007,2,9.0
T-02420,2024-08-02,C123,A0026,3,26.0
T-02421,2024-12-03,C223,A0032,3,9.0
T-02422,2024-07-12,C250,A0029,1,850.0
T-02423,2024-09-06,C022,A0029,3,850.0
T-02424,2024-02-13,C237,A0008,3,155.0
T-02425,2024-05-13,C299,A0015,2,19.0
T-02426,2024-03-26,C184,A0024,3,2.5
T-02427,2024-06-21,C275,A0029,2,850.0
T-02428,2024-08-25,C011,A0032,2,9.0
T-02429,2024-03-11,C248,A0013,1,32.0
T-02430,2024-10-27,C014,A0009,2,155.0
T-02431,2024-06-26,C078,A0025,2,140.0
T-02432,2024-06-21,C035,A0031,2,12.0
T-02433,2024-01-11,C022,A0015,3,19.0
T-02434,2024-12-03,C211,A0013,2,32.0
T-02435,2024-03-10,C161,A0031,3,12.0
T-02436,2024-01-02,C026,A0003,3,23.0
T-02437,2024-07-13,C074,A0025,2,140.0
T-02438,2024-07-13,C133,A0028,1,22.0
T-02439,2024-10-15,C008,A0009,2,155.0
T-02440,2024-03-06,C167,A0019,3,190.0
T-02441,2024-05-17,C009,A0032,1,9.0
T-02442,2024-11-26,C011,A0032,3,9.0
T-02443,2024-01-15,C108,A0031,1,12.0
T-02444,2024-02-26,C161,A0012,1,13.5
T-02445,2024-01-09,C097,A0001,3,23.0
T-02446,2024-03-14,C266,A0020,2,190.0
T-02447,2024-02-02,C073,A0024,2,2.5
T-02448,2024-07-08,C284,A0032,3,9.0
T-02449,2024-10-26,C162,A0002,3,23.0
T-02450,2024-12-28,C018,A0033,3,9.0
T-02451,2024-12-20,C259,A0008,3,155.0
T-02452,2024-01-01,C046,A0005,2,14.5
T-02453,2024-10-20,C088,A0003,2,23.0
T-02454,2024-12-26,C217,A0021,2,6.5
T-02455,2024-01-25,C050,A0023,2,2.5
T-02456,2024-08-07,C208,A0018,3,9.5
T-02457,2024-01-28,C228,A0014,2,32.0
T-02458,2024-11-07,C197,A0006,3,14.5
T-02459,2024-02-11,C256,A0030,3,12.0
T-02460,2024-04-01,C102,A0019,1,190.0
T-02461,2024-11-22,C286,A0003,3,23.0
T-02462,2024-11-27,C221,A0003,1,23.0
T-02463,2024-03-04,C264,A0021,2,6.5
T-02464,2024-10-11,C213,A0001,2,23.0
T-02465,2024-02-08,C264,A0023,2,2.5
T-02466,2024-09-27,C104,A0033,1,9.0
T-02467,2024-06-13,C292,A0026,3,26.0
T-02468,2024-06-14,C197,A0027,2,26.0
T-02469,2024-11-03,C247,A0002,1,23.0
T-02470,2024-05-01,C152,A0021,1,6.5
T-02471,2024-10-09,C058,A0032,1,9.0
T-02472,2024-11-27,C257,A0009,1,155.0
T-02473,2024-05-16,C141,A0025,1,140.0
T-02474,2024-05-07,C220,A0032,1,9.0
T-02475,2024-11-25,C021,A0033,1,9.0
T-02476,2024-11-19,C247,A0008,3,155.0
T-02477,2024-02-01,C049,A0008,2,155.0
T-02478,2024-10-09,C213,A0005,3,14.5
T-02479,2024-08-18,C249,A0024,1,2.5
T-02480,2024-11-15,C075,A0032,1,9.0
T-02481,2024-09-18,C182,A0030,2,12.0
T-02482,2024-08-18,C111,A0026,1,26.0
T-02483,2024-06-12,C044,A0015,2,19.0
T-02484,2024-07-28,C239,A0028,2,22.0
T-02485,2024-03-02,C081,A0022,1,8.5
T-02486,2024-05-10,C070,A0032,1,9.0
T-02487,2024-11-08,C052,A0008,2,155.0
T-02488,2024-04-12,C129,A0011,2,13.5
T-02489,2024-12-17,C288,A0014,1,32.0
T-02490,2024-03-16,C066,A0023,1,2.5
T-02491,2024-05-10,C284,A0033,1,9.0
T-02492,2024-07-09,C236,A0024,1,2.5
T-02493,2024-08-10,C284,A0033,1,9.0
T-02494,2024-05-18,C172,A0022,1,8.5
T-02495,2024-01-28,C222,A0033,3,9.0
T-02496,2024-12-03,C027,A0007,1,9.0
T-02497,2024-01-09,C009,A0032,3,9.0
T-02498,2024-03-01,C260,A0022,3,8.5
T-02499,2024-01-06,C150,A0032,2,9.0
T-02500,2024-12-22,C030,A0014,3,32.0
T-02501,2024-02-09,C264,A0025,3,140.0
T-02502,2024-06-10,C197,A0029,1,850.0
T-02503,2024-12-06,C290,A0006,1,14.5
T-02504,2024-07-03,C032,A0023,1,2.5
T-02505,2024-09-08,C090,A0011,1,13.5
T-02506,2024-04-20,C157,A0011,1,13.5
T-02507,2024-10-13,C064,A0004,3,14.5
T-02508,2024-12-13,C205,A0015,1,19.0
T-02509,2024-01-17,C099,A0019,2,190.0
T-02510,2024-10-11,C249,A0008,2,155.0
T-02511,2024-03-06,C279,A0024,2,2.5
T-02512,2024-12-08,C162,A0009,3,155.0
T-02513,2024-10-15,C100,A0004,2,14.5
T-02514,2024-12-11,C030,A0023,3,2.5
T-02515,2024-04-15,C160,A0022,2,8.5
T-02516,2024-06-18,C070,A0033,2,9.0
T-02517,2024-08-07,C211,A0015,1,19.0
T-02518,2024-05-05,C277,A0020,3,190.0
T-02519,2024-08-20,C140,A0026,3,26.0
T-02520,2024-04-04,C172,A0032,3,9.0
T-02521,2024-05-28,C248,A0016,2,19.0
T-02522,2024-09-09,C062,A0031,2,12.0
T-02523,2024-04-01,C034,A0031,2,12.0
T-02524,2024-05-20,C020,A0031,2,12.0
T-02525,2024-01-24,C238,A0002,3,23.0
T-02526,2024-05-18,C165,A0033,3,9.0
T-02527,2024-10-11,C070,A0033,1,9.0
T-02528,2024-08-04,C177,A0020,2,190.0
T-02529,2024-09-14,C268,A0033,1,9.0
T-02530,2024-04-05,C033,A0031,3,12.0
T-02531,2024-11-26,C064,A0008,1,155.0
T-02532,2024-07-13,C091,A0032,2,9.0
T-02533,2024-09-03,C115,A0027,2,26.0
T-02534,2024-06-10,C073,A0014,1,32.0
T-02535,2024-06-27,C288,A0027,1,26.0
T-02536,2024-09-26,C250,A0027,1,26.0
T-02537,2024-01-28,C246,A0003,1,23.0
T-02538,2024-11-27,C023,A0025,1,140.0
T-02539,2024-01-21,C118,A0004,3,14.5
T-02540,2024-10-16,C238,A0004,1,14.5
T-02541,2024-03-11,C279,A0023,1,2.5
T-02542,2024-03-03,C017,A0022,3,8.5
T-02543,2024-09-24,C039,A0021,3,6.5
T-02544,2024-07-24,C110,A0023,2,2.5
T-02545,2024-09-15,C250,A0027,1,26.0
T-02546,2024-07-17,C078,A0023,1,2.5
T-02547,2024-09-12,C074,A0031,1,12.0
T-02548,2024-05-03,C191,A0022,3,8.5
T-02549,2024-12-19,C158,A0033,1,9.0
T-02550,2024-07-04,C255,A0032,3,9.0
T-02551,2024-04-28,C209,A0014,2,32.0
T-02552,2024-10-22,C087,A0007,1,9.0
T-02553,2024-09-01,C278,A0031,3,12.0
T-02554,2024-11-23,C149,A0033,1,9.0
T-02555,2024-03-05,C257,A0021,1,6.5
T-02556,2024-06-02,C043,A0015,3,19.0
T-02557,2024-06-11,C038,A0023,3,2.5
T-02558,2024-06-14,C123,A0026,3,26.0
T-02559,2024-08-08,C033,A0030,3,12.0
T-02560,2024-07-15,C249,A0021,2,6.5
T-02561,2024-09-06,C109,A0032,2,9.0
T-02562,2024-01-09,C180,A0032,1,9.0
T-02563,2024-02-15,C258,A0033,1,9.0
T-02564,2024-04-16,C300,A0023,2,2.5
T-02565,2024-01-15,C173,A0033,2,9.0
T-02566,2024-04-02,C082,A0013,1,32.0
T-02567,2024-06-27,C194,A0030,1,12.0
T-02568,2024-09-07,C193,A0029,3,850.0
T-02569,2024-11-25,C057,A0009,3,155.0
T-02570,2024-06-12,C163,A0027,2,26.0
T-02571,2024-04-05,C217,A0022,2,8.5
T-02572,2024-10-11,C056,A0008,1,155.0
T-02573,2024-10-14,C218,A0004,3,14.5
T-02574,2024-03-07,C119,A0033,2,9.0
T-02575,2024-07-07,C140,A0029,1,850.0
T-02576,2024-07-01,C222,A0033,2,9.0
T-02577,2024-09-18,C002,A0027,2,26.0
T-02578,2024-07-01,C022,A0026,3,26.0
T-02579,2024-07-01,C291,A0030,2,12.0
T-02580,2024-01-13,C125,A0004,2,14.5
T-02581,2024-10-04,C097,A0002,2,23.0
T-02582,2024-06-22,C066,A0029,3,850.0
T-02583,2024-11-06,C124,A0033,3,9.0
T-02584,2024-03-24,C279,A0025,1,140.0
T-02585,2024-04-07,C113,A0033,3,9.0
T-02586,2024-08-05,C253,A0027,2,26.0
T-02587,2024-09-16,C157,A0015,1,19.0
T-02588,2024-10-04,C257,A0024,1,2.5
T-02589,2024-10-24,C112,A0030,1,12.0
T-02590,2024-07-15,C121,A0033,2,9.0
T-02591,2024-06-21,C191,A0015,3,19.0
T-02592,2024-10-03,C189,A0006,3,14.5
T-02593,2024-09-17,C133,A0027,3,26.0
T-02594,2024-11-09,C235,A0003,2,23.0
T-02595,2024-10-24,C171,A0033,2,9.0
T-02596,2024-10-08,C285,A0032,3,9.0
T-02597,2024-07-23,C131,A0022,3,8.5
T-02598,2024-03-27,C035,A0030,3,12.0
T-02599,2024-09-25,C287,A0029,1,850.0
T-02600,2024-11-18,C209,A0010,1,13.5
T-02601,2024-03-05,C021,A0032,1,9.0
T-02602,2024-10-09,C208,A0032,1,9.0
T-02603,2024-11-26,C256,A0030,2,12.0
T-02604,2024-10-21,C035,A0031,1,12.0
T-02605,2024-11-23,C023,A0022,2,8.5
T-02606,2024-11-16,C252,A0020,1,190.0
T-02607,2024-09-17,C243,A0030,2,12.0
T-02608,2024-06-27,C044,A0013,3,32.0
T-02609,2024-08-21,C108,A0030,1,12.0
T-02610,2024-08-25,C199,A0027,3,26.0
T-02611,2024-09-24,C264,A0023,1,2.5
T-02612,2024-06-14,C139,A0031,1,12.0
T-02613,2024-02-05,C192,A0019,1,190.0
T-02614,2024-02-06,C172,A0020,1,190.0
T-02615,2024-02-23,C256,A0030,3,12.0
T-02616,2024-11-27,C231,A0007,3,9.0
T-02617,2024-10-05,C145,A0001,2,23.0
T-02618,2024-12-11,C134,A0022,2,8.5
T-02619,2024-10-25,C265,A0008,2,155.0
T-02620,2024-02-07,C151,A0032,3,9.0
T-02621,2024-08-10,C040,A0028,1,22.0
T-02622,2024-02-27,C009,A0033,1,9.0
T-02623,2024-09-13,C095,A0022,1,8.5
T-02624,2024-02-09,C047,A0003,3,23.0
T-02625,2024-07-02,C113,A0027,3,26.0
T-02626,2024-10-06,C178,A0006,1,14.5
T-02627,2024-02-17,C138,A0025,2,140.0
T-02628,2024-03-09,C010,A0012,2,13.5
T-02629,2024-10-25,C284,A0033,1,9.0
T-02630,2024-06-05,C226,A0019,3,190.0
T-02631,2024-08-21,C224,A0025,2,140.0
T-02632,2024-06-28,C016,A0027,2,26.0
T-02633,2024-11-04,C282,A0008,2,155.0
T-02634,2024-04-19,C080,A0030,1,12.0
T-02635,2024-07-08,C198,A0033,2,9.0
T-02636,2024-06-28,C062,A0030,2,12.0
T-02637,2024-11-18,C158,A0033,3,9.0
T-02638,2024-05-27,C260,A0021,1,6.5
T-02639,2024-04-20,C132,A0030,1,12.0
T-02640,2024-07-12,C276,A0024,3,2.5
T-02641,2024-03-28,C229,A0020,2,190.0
T-02642,2024-05-01,C131,A0021,3,6.5
T-02643,2024-11-21,C151,A0032,2,9.0
T-02644,2024-06-27,C092,A0029,2,850.0
T-02645,2024-02-07,C170,A0021,3,6.5
T-02646,2024-02-07,C046,A0019,2,190.0
T-02647,2024-06-01,C040,A0027,1,26.0
T-02648,2024-10-19,C082,A0030,1,12.0
T-02649,2024-06-25,C286,A0030,3,12.0
T-02650,2024-04-08,C112,A0031,1,12.0
T-02651,2024-06-11,C071,A0027,3,26.0
T-02652,2024-10-16,C126,A0023,3,2.5
T-02653,2024-02-18,C262,A0022,1,8.5
T-02654,2024-05-11,C034,A0030,1,12.0
T-02655,2024-02-07,C153,A0006,2,14.5
T-02656,2024-12-07,C233,A0021,1,6.5
T-02657,2024-12-09,C218,A0002,3,23.0
T-02658,2024-06-20,C230,A0032,2,9.0
T-02659,2024-02-19,C226,A0010,2,13.5
T-02660,2024-09-20,C182,A0030,1,12.0
T-02661,2024-02-10,C047,A0007,3,9.0
T-02662,2024-09-27,C182,A0020,2,190.0
T-02663,2024-09-01,C086,A0027,1,26.0
T-02664,2024-01-25,C158,A0033,3,9.0
T-02665,2024-11-17,C050,A0022,2,8.5
T-02666,2024-10-12,C290,A0002,1,23.0
T-02667,2024-02-01,C138,A0013,2,32.0
T-02668,2024-08-25,C277,A0020,3,190.0
T-02669,2024-05-26,C245,A0021,3,6.5
T-02670,2024-11-28,C166,A0020,2,190.0
T-02671,2024-01-07,C247,A0015,2,19.0
T-02672,2024-08-20,C191,A0023,3,2.5
T-02673,2024-05-11,C066,A0023,1,2.5
T-02674,2024-01-25,C181,A0009,3,155.0
T-02675,2024-02-11,C034,A0008,2,155.0
T-02676,2024-06-16,C273,A0030,3,12.0
T-02677,2024-07-20,C121,A0032,3,9.0
T-02678,2024-10-18,C026,A0008,2,155.0
T-02679,2024-03-05,C005,A0032,3,9.0
T-02680,2024-08-01,C272,A0026,3,26.0
T-02681,2024-12-02,C254,A0006,3,14.5
T-02682,2024-01-04,C204,A0017,3,9.5
T-02683,2024-09-15,C122,A0030,2,12.0
T-02684,2024-03-05,C098,A0012,2,13.5
T-02685,2024-11-15,C007,A0031,3,12.0
T-02686,2024-01-28,C246,A0001,3,23.0
T-02687,2024-09-11,C085,A0030,1,12.0
T-02688,2024-08-17,C011,A0033,2,9.0
T-02689,2024-01-22,C001,A0013,2,32.0
T-02690,2024-01-01,C110,A0007,3,9.0
T-02691,2024-01-12,C054,A0008,3,155.0
T-02692,2024-06-12,C269,A0032,2,9.0
T-02693,2024-08-04,C222,A0032,2,9.0
T-02694,2024-07-01,C183,A0027,2,26.0
T-02695,2024-10-24,C174,A0033,3,9.0
T-02696,2024-02-10,C153,A0007,2,9.0
T-02697,2024-11-23,C100,A0001,2,23.0
T-02698,2024-02-03,C257,A0021,2,6.5
T-02699,2024-01-14,C087,A0007,3,9.0
T-02700,2024-06-07,C204,A0019,3,190.0
T-02701,2024-07-09,C183,A0033,2,9.0
T-02702,2024-01-10,C165,A0033,3,9.0
T-02703,2024-12-19,C260,A0024,2,2.5
T-02704,2024-08-09,C114,A0031,3,12.0
T-02705,2024-07-04,C054,A0029,1,850.0
T-02706,2024-07-16,C044,A0018,3,9.5
T-02707,2024-03-05,C181,A0030,3,12.0
T-02708,2024-06-27,C221,A0020,1,190.0
T-02709,2024-06-26,C189,A0018,3,9.5
T-02710,2024-02-13,C219,A0005,3,14.5
T-02711,2024-05-16,C109,A0032,2,9.0
T-02712,2024-01-14,C286,A0031,2,12.0
T-02713,2024-07-15,C081,A0029,1,850.0
T-02714,2024-10-02,C285,A0033,1,9.0
T-02715,2024-11-28,C113,A0018,1,9.5
T-02716,2024-09-23,C249,A0029,2,850.0
T-02717,2024-09-07,C229,A0032,2,9.0
T-02718,2024-12-12,C272,A0009,1,155.0
T-02719,2024-01-28,C059,A0022,2,8.5
T-02720,2024-08-16,C193,A0026,3,26.0
T-02721,2024-03-27,C198,A0032,2,9.0
T-02722,2024-01-03,C021,A0011,1,13.5
T-02723,2024-07-10,C275,A0027,3,26.0
T-02724,2024-04-23,C073,A0023,3,2.5
T-02725,2024-05-02,C132,A0013,3,32.0
T-02726,2024-08-04,C106,A0017,1,9.5
T-02727,2024-04-01,C204,A0018,3,9.5
T-02728,2024-08-21,C164,A0032,3,9.0
T-02729,2024-03-17,C012,A0033,2,9.0
T-02730,2024-07-22,C225,A0031,3,12.0
T-02731,2024-01-21,C006,A0022,2,8.5
T-02732,2024-01-02,C222,A0032,2,9.0
T-02733,2024-06-26,C188,A0031,2,12.0
T-02734,2024-08-11,C070,A0032,2,9.0
T-02735,2024-04-25,C297,A0023,1,2.5
T-02736,2024-08-10,C292,A0028,3,22.0
T-02737,2024-08-09,C268,A0032,3,9.0
T-02738,2024-09-04,C103,A0030,3,12.0
T-02739,2024-08-04,C268,A0033,2,9.0
T-02740,2024-06-12,C004,A0029,3,850.0
T-02741,2024-02-19,C030,A0025,3,140.0
T-02742,2024-04-07,C199,A0016,2,19.0
T-02743,2024-02-12,C271,A0031,3,12.0
T-02744,2024-10-07,C073,A0024,2,2.5
T-02745,2024-04-28,C165,A0033,2,9.0
T-02746,2024-12-10,C153,A0001,2,23.0
T-02747,2024-08-06,C031,A0030,1,12.0
T-02748,2024-08-11,C017,A0023,3,2.5
T-02749,2024-04-03,C010,A0030,1,12.0
T-02750,2024-06-09,C052,A0028,3,22.0
T-02751,2024-02-06,C272,A0016,2,19.0
T-02752,2024-11-16,C174,A0017,1,9.5
T-02753,2024-09-27,C116,A0027,3,26.0
T-02754,2024-01-22,C246,A0005,3,14.5
T-02755,2024-06-07,C096,A0029,2,850.0
T-02756,2024-09-28,C287,A0029,2,850.0
T-02757,2024-07-17,C272,A0029,3,850.0
T-02758,2024-05-21,C148,A0032,1,9.0
T-02759,2024-10-05,C255,A0032,3,9.0
T-02760,2024-03-10,C132,A0030,1,12.0
T-02761,2024-01-02,C235,A0009,2,155.0
T-02762,2024-11-26,C057,A0009,3,155.0
T-02763,2024-10-13,C271,A0030,3,12.0
T-02764,2024-07-23,C086,A0029,1,850.0
T-02765,2024-06-19,C271,A0031,2,12.0
T-02766,2024-08-09,C123,A0029,2,850.0
T-02767,2024-10-20,C085,A0031,3,12.0
T-02768,2024-11-25,C087,A0008,2,155.0
T-02769,2024-08-26,C109,A0032,2,9.0
T-02770,2024-02-06,C293,A0030,2,12.0
T-02771,2024-11-14,C009,A0005,3,14.5
T-02772,2024-01-05,C156,A0006,2,14.5
T-02773,2024-01-18,C235,A0007,3,9.0
T-02774,2024-01-13,C048,A0018,3,9.5
T-02775,2024-12-11,C206,A0003,3,23.0
T-02776,2024-01-01,C228,A0006,1,14.5
T-02777,2024-12-09,C298,A0009,2,155.0
T-02778,2024-11-28,C086,A0022,2,8.5
T-02779,2024-10-03,C279,A0009,2,155.0
T-02780,2024-01-03,C291,A0031,3,12.0
T-02781,2024-01-07,C150,A0032,1,9.0
T-02782,2024-12-16,C147,A0031,2,12.0
T-02783,2024-10-23,C041,A0022,3,8.5
T-02784,2024-09-15,C261,A0030,1,12.0
T-02785,2024-07-09,C203,A0021,1,6.5
T-02786,2024-02-18,C055,A0021,3,6.5
T-02787,2024-06-01,C079,A0011,2,13.5
T-02788,2024-11-03,C156,A0002,1,23.0
T-02789,2024-10-09,C240,A0031,3,12.0
T-02790,2024-12-06,C044,A0015,1,19.0
T-02791,2024-12-27,C030,A0024,3,2.5
T-02792,2024-06-06,C054,A0027,1,26.0
T-02793,2024-10-19,C256,A0030,2,12.0
T-02794,2024-12-25,C100,A0007,3,9.0
T-02795,2024-03-20,C223,A0032,1,9.0
T-02796,2024-03-16,C012,A0032,1,9.0
T-02797,2024-10-28,C060,A0005,1,14.5
T-02798,2024-09-12,C144,A0033,2,9.0
T-02799,2024-07-16,C200,A0025,2,140.0
T-02800,2024-10-19,C125,A0001,3,23.0
T-02801,2024-01-25,C122,A0030,3,12.0
T-02802,2024-07-09,C248,A0012,2,13.5
T-02803,2024-04-18,C043,A0010,3,13.5
T-02804,2024-06-04,C169,A0033,2,9.0
T-02805,2024-01-17,C010,A0030,2,12.0
T-02806,2024-12-20,C206,A0004,3,14.5
T-02807,2024-07-01,C175,A0024,3,2.5
T-02808,2024-06-07,C272,A0029,2,850.0
T-02809,2024-12-02,C001,A0012,2,13.5
T-02810,2024-01-01,C268,A0001,1,23.0
T-02811,2024-06-09,C239,A0026,3,26.0
T-02812,2024-06-09,C005,A0032,2,9.0
T-02813,2024-11-04,C170,A0023,2,2.5
T-02814,2024-07-23,C163,A0028,1,22.0
T-02815,2024-05-19,C025,A0031,1,12.0
T-02816,2024-06-11,C222,A0032,3,9.0
T-02817,2024-09-18,C185,A0027,1,26.0
T-02818,2024-10-27,C023,A0024,1,2.5
T-02819,2024-11-14,C012,A0032,3,9.0
T-02820,2024-08-04,C248,A0014,3,32.0
T-02821,2024-01-17,C120,A0005,1,14.5
T-02822,2024-10-27,C198,A0004,1,14.5
T-02823,2024-10-07,C245,A0022,2,8.5
T-02824,2024-10-24,C044,A0017,2,9.5
T-02825,2024-04-21,C285,A0033,1,9.0
T-02826,2024-09-15,C293,A0030,1,12.0
T-02827,2024-02-12,C024,A0024,1,2.5
T-02828,2024-05-23,C127,A0019,1,190.0
T-02829,2024-07-20,C096,A0028,3,22.0
T-02830,2024-03-22,C134,A0022,1,8.5
T-02831,2024-12-28,C094,A0004,2,14.5
T-02832,2024-12-22,C189,A0003,1,23.0
T-02833,2024-09-19,C184,A0025,1,140.0
T-02834,2024-06-22,C123,A0028,3,22.0
T-02835,2024-07-05,C115,A0026,3,26.0
T-02836,2024-04-21,C144,A0021,2,6.5
T-02837,2024-07-25,C090,A0028,1,22.0
T-02838,2024-08-21,C193,A0027,2,26.0
T-02839,2024-10-01,C259,A0004,1,14.5
T-02840,2024-07-05,C039,A0024,2,2.5
T-02841,2024-03-08,C223,A0032,2,9.0
T-02842,2024-03-10,C104,A0020,3,190.0
T-02843,2024-10-07,C028,A0005,3,14.5
T-02844,2024-12-18,C285,A0033,1,9.0
T-02845,2024-02-07,C028,A0003,2,23.0
T-02846,2024-08-10,C092,A0029,1,850.0
T-02847,2024-05-27,C207,A0021,1,6.5
T-02848,2024-07-15,C250,A0026,2,26.0
T-02849,2024-07-25,C096,A0031,1,12.0
T-02850,2024-12-16,C054,A0005,3,14.5
T-02851,2024-02-25,C035,A0031,3,12.0
T-02852,2024-03-07,C234,A0025,3,140.0
T-02853,2024-05-08,C093,A0031,1,12.0
T-02854,2024-06-13,C059,A0022,2,8.5
T-02855,2024-02-04,C127,A0017,3,9.5
T-02856,2024-07-15,C294,A0023,2,2.5
T-02857,2024-01-10,C261,A0031,1,12.0
T-02858,2024-04-17,C145,A0017,2,9.5
T-02859,2024-12-08,C041,A0033,2,9.0
T-02860,2024-11-13,C232,A0001,3,23.0
T-02861,2024-08-21,C054,A0026,2,26.0
T-02862,2024-10-07,C164,A0032,1,9.0
T-02863,2024-06-18,C004,A0027,2,26.0
T-02864,2024-10-07,C219,A0016,2,19.0
T-02865,2024-11-27,C145,A0003,2,23.0
T-02866,2024-12-11,C295,A0016,3,19.0
T-02867,2024-08-21,C068,A0016,3,19.0
T-02868,2024-05-17,C149,A0033,2,9.0
T-02869,2024-05-03,C260,A0022,1,8.5
T-02870,2024-07-27,C193,A0028,2,22.0
T-02871,2024-01-08,C139,A0030,3,12.0
T-02872,2024-05-19,C020,A0030,3,12.0
T-02873,2024-06-23,C174,A0033,2,9.0
T-02874,2024-01-14,C172,A0022,3,8.5
T-02875,2024-03-08,C225,A0031,1,12.0
T-02876,2024-01-20,C017,A0013,1,32.0
T-02877,2024-04-23,C034,A0031,2,12.0
T-02878,2024-02-19,C020,A0030,3,12.0
T-02879,2024-04-26,C089,A0016,3,19.0
T-02880,2024-04-24,C129,A0016,2,19.0
T-02881,2024-01-23,C257,A0018,3,9.5
T-02882,2024-10-10,C104,A0033,3,9.0
T-02883,2024-03-17,C289,A0031,3,12.0
T-02884,2024-05-19,C263,A0030,1,12.0
T-02885,2024-09-18,C211,A0017,3,9.5
T-02886,2024-07-22,C074,A0030,3,12.0
T-02887,2024-09-19,C040,A0026,1,26.0
T-02888,2024-07-07,C006,A0025,2,140.0
T-02889,2024-07-20,C274,A0032,3,9.0
T-02890,2024-07-12,C219,A0029,3,850.0
T-02891,2024-02-28,C155,A0033,2,9.0
T-02892,2024-11-04,C231,A0009,2,155.0
T-02893,2024-10-26,C201,A0023,1,2.5
T-02894,2024-08-20,C286,A0030,2,12.0
T-02895,2024-12-01,C067,A0010,1,13.5
T-02896,2024-09-11,C225,A0030,2,12.0
T-02897,2024-06-19,C025,A0031,3,12.0
T-02898,2024-12-26,C094,A0003,2,23.0
T-02899,2024-06-24,C086,A0029,2,850.0
T-02900,2024-10-17,C049,A0006,1,14.5
T-02901,2024-02-12,C235,A0003,2,23.0
T-02902,2024-10-01,C246,A0006,1,14.5
T-02903,2024-05-10,C013,A0021,3,6.5
T-02904,2024-01-11,C114,A0031,3,12.0
T-02905,2024-12-04,C177,A0009,2,155.0
T-02906,2024-10-15,C013,A0023,1,2.5
T-02907,2024-11-27,C110,A0009,3,155.0
T-02908,2024-09-12,C279,A0024,3,2.5
T-02909,2024-08-26,C157,A0010,2,13.5
T-02910,2024-08-24,C121,A0019,1,190.0
T-02911,2024-11-08,C262,A0025,3,140.0
T-02912,2024-09-01,C195,A0025,1,140.0
T-02913,2024-10-19,C017,A0002,1,23.0
T-02914,2024-10-11,C064,A0001,1,23.0
T-02915,2024-10-19,C038,A0025,3,140.0
T-02916,2024-06-16,C219,A0027,3,26.0
T-02917,2024-06-23,C272,A0027,2,26.0
T-02918,2024-11-04,C120,A0002,2,23.0
T-02919,2024-09-08,C256,A0031,2,12.0
T-02920,2024-05-03,C249,A0024,1,2.5
T-02921,2024-06-08,C154,A0032,3,9.0
T-02922,2024-11-21,C067,A0030,1,12.0
T-02923,2024-02-26,C184,A0005,2,14.5
T-02924,2024-08-13,C123,A0028,1,22.0
T-02925,2024-04-03,C022,A0013,2,32.0
T-02926,2024-09-09,C239,A0028,3,22.0
T-02927,2024-08-25,C123,A0027,1,26.0
T-02928,2024-10-23,C165,A0032,3,9.0
T-02929,2024-08-23,C239,A0027,2,26.0
T-02930,2024-03-12,C005,A0032,2,9.0
T-02931,2024-06-13,C036,A0030,3,12.0
T-02932,2024-06-21,C209,A0016,2,19.0
T-02933,2024-06-16,C146,A0027,2,26.0
T-02934,2024-06-19,C092,A0026,2,26.0
T-02935,2024-11-16,C202,A0001,2,23.0
T-02936,2024-08-24,C181,A0030,3,12.0
T-02937,2024-01-07,C269,A0033,2,9.0
T-02938,2024-06-20,C140,A0027,2,26.0
T-02939,2024-12-25,C106,A0023,2,2.5
T-02940,2024-12-03,C174,A0017,1,9.5
T-02941,2024-09-26,C034,A0030,3,12.0
T-02942,2024-06-17,C204,A0016,1,19.0
T-02943,2024-04-17,C248,A0016,2,19.0
T-02944,2024-02-25,C232,A0005,3,14.5
T-02945,2024-08-03,C287,A0027,2,26.0
T-02946,2024-06-12,C241,A0012,3,13.5
T-02947,2024-10-05,C221,A0031,1,12.0
T-02948,2024-02-19,C064,A0009,2,155.0
T-02949,2024-01-20,C211,A0001,2,23.0
T-02950,2024-07-04,C123,A0026,3,26.0
T-02951,2024-03-09,C251,A0033,2,9.0
T-02952,2024-12-18,C089,A0012,2,13.5
T-02953,2024-09-13,C099,A0031,1,12.0
T-02954,2024-10-20,C248,A0014,3,32.0
T-02955,2024-08-28,C065,A0027,2,26.0
T-02956,2024-08-09,C044,A0011,2,13.5
T-02957,2024-02-19,C075,A0032,2,9.0
T-02958,2024-02-22,C191,A0021,3,6.5
T-02959,2024-07-01,C150,A0032,1,9.0
T-02960,2024-06-24,C071,A0028,1,22.0
T-02961,2024-02-11,C082,A0030,3,12.0
T-02962,2024-02-06,C297,A0024,1,2.5
T-02963,2024-06-17,C274,A0032,2,9.0
T-02964,2024-12-23,C082,A0031,1,12.0
T-02965,2024-03-23,C176,A0033,3,9.0
T-02966,2024-01-23,C277,A0018,3,9.5
T-02967,2024-08-28,C152,A0032,1,9.0
T-02968,2024-10-22,C231,A0002,1,23.0
T-02969,2024-03-02,C225,A0030,1,12.0
T-02970,2024-03-10,C073,A0021,1,6.5
T-02971,2024-02-23,C112,A0031,2,12.0
T-02972,2024-08-11,C243,A0031,3,12.0
T-02973,2024-01-27,C104,A0033,1,9.0
T-02974,2024-01-17,C207,A0024,1,2.5
T-02975,2024-09-24,C148,A0033,3,9.0
T-02976,2024-10-22,C059,A0007,1,9.0
T-02977,2024-01-03,C291,A0008,2,155.0
T-02978,2024-02-11,C282,A0011,3,13.5
T-02979,2024-06-06,C180,A0017,1,9.5
T-02980,2024-04-27,C007,A0031,1,12.0
T-02981,2024-03-10,C161,A0030,3,12.0
T-02982,2024-11-11,C115,A0007,1,9.0
T-02983,2024-10-24,C072,A0019,1,190.0
T-02984,2024-11-13,C058,A0033,1,9.0
T-02985,2024-12-09,C298,A0003,1,23.0
T-02986,2024-07-08,C009,A0032,3,9.0
T-02987,2024-04-12,C198,A0033,1,9.0
T-02988,2024-03-13,C209,A0012,3,13.5
T-02989,2024-09-26,C250,A0026,2,26.0
T-02990,2024-01-02,C182,A0031,2,12.0
T-02991,2024-12-10,C082,A0030,2,12.0
T-02992,2024-07-25,C034,A0023,1,2.5
T-02993,2024-06-09,C179,A0028,1,22.0
T-02994,2024-10-06,C231,A0007,2,9.0
T-02995,2024-05-07,C238,A0030,2,12.0
T-02996,2024-08-15,C258,A0032,3,9.0
T-02997,2024-10-17,C164,A0009,3,155.0
T-02998,2024-12-22,C216,A0022,3,8.5
T-02999,2024-01-24,C130,A0011,2,13.5
T-03000,2024-12-22,C051,A0017,3,9.5
T-03001,2024-09-10,C107,A0027,1,26.0
T-03002,2024-02-14,C147,A0030,1,12.0
T-03003,2024-09-12,C198,A0033,3,9.0
T-03004,2024-04-08,C126,A0021,2,6.5
T-03005,2024-02-27,C007,A0030,1,12.0
T-03006,2024-02-11,C057,A0007,2,9.0
T-03007,2024-11-08,C210,A0014,1,32.0
T-03008,2024-05-26,C160,A0024,2,2.5
T-03009,2024-08-05,C126,A0021,3,6.5
T-03010,2024-12-03,C209,A0013,1,32.0
T-03011,2024-12-03,C027,A0008,1,155.0
T-03012,2024-09-22,C236,A0026,2,26.0
T-03013,2024-10-21,C141,A0002,3,23.0
T-03014,2024-07-27,C255,A0033,3,9.0
T-03015,2024-12-06,C028,A0006,3,14.5
T-03016,2024-12-02,C157,A0016,1,19.0
T-03017,2024-10-13,C014,A0009,1,155.0
T-03018,2024-10-06,C271,A0023,2,2.5
T-03019,2024-11-15,C145,A0003,1,23.0
T-03020,2024-10-25,C008,A0001,3,23.0
T-03021,2024-06-09,C086,A0029,3,850.0
T-03022,2024-03-08,C165,A0032,1,9.0
T-03023,2024-06-16,C179,A0026,3,26.0
T-03024,2024-02-26,C079,A0014,3,32.0
T-03025,2024-08-20,C129,A0017,2,9.5
T-03026,2024-10-14,C162,A0003,3,23.0
T-03027,2024-06-14,C207,A0024,2,2.5
T-03028,2024-07-06,C236,A0025,1,140.0
T-03029,2024-02-27,C271,A0030,3,12.0
T-03030,2024-06-09,C296,A0030,2,12.0
T-03031,2024-11-09,C273,A0030,1,12.0
T-03032,2024-10-13,C039,A0025,3,140.0
T-03033,2024-06-11,C126,A0021,2,6.5
T-03034,2024-10-13,C020,A0031,1,12.0
T-03035,2024-07-23,C179,A0028,1,22.0
T-03036,2024-07-24,C188,A0031,3,12.0
T-03037,2024-10-10,C268,A0032,3,9.0
T-03038,2024-01-09,C145,A0009,3,155.0
T-03039,2024-06-11,C193,A0026,2,26.0
T-03040,2024-10-25,C041,A0033,3,9.0
T-03041,2024-07-25,C275,A0028,2,22.0
T-03042,2024-01-14,C160,A0021,3,6.5
T-03043,2024-12-20,C274,A0033,1,9.0
T-03044,2024-01-25,C215,A0003,2,23.0
T-03045,2024-02-09,C128,A0017,2,9.5
T-03046,2024-06-15,C055,A0021,2,6.5
T-03047,2024-06-20,C196,A0029,2,850.0
T-03048,2024-12-22,C242,A0023,1,2.5
T-03049,2024-11-24,C152,A0021,2,6.5
T-03050,2024-10-22,C161,A0031,2,12.0
T-03051,2024-09-08,C295,A0020,2,190.0
T-03052,2024-05-23,C043,A0016,1,19.0
T-03053,2024-10-20,C036,A0031,3,12.0
T-03054,2024-01-14,C141,A0006,3,14.5
T-03055,2024-01-18,C233,A0022,2,8.5
T-03056,2024-11-10,C046,A0002,2,23.0
T-03057,2024-05-03,C021,A0033,2,9.0
T-03058,2024-05-01,C286,A0031,2,12.0
T-03059,2024-01-06,C056,A0003,3,23.0
T-03060,2024-08-10,C033,A0030,1,12.0
T-03061,2024-03-10,C274,A0033,3,9.0
T-03062,2024-04-16,C128,A0013,2,32.0
T-03063,2024-11-08,C144,A0033,2,9.0
T-03064,2024-06-12,C253,A0026,2,26.0
T-03065,2024-10-08,C189,A0009,1,155.0
T-03066,2024-12-20,C136,A0033,2,9.0
T-03067,2024-06-12,C165,A0033,1,9.0
T-03068,2024-04-08,C010,A0031,1,12.0
T-03069,2024-11-14,C105,A0019,3,190.0
T-03070,2024-09-19,C285,A0033,1,9.0
T-03071,2024-05-24,C191,A0022,3,8.5
T-03072,2024-12-01,C206,A0008,1,155.0
T-03073,2024-04-16,C203,A0024,2,2.5
T-03074,2024-03-18,C186,A0032,2,9.0
T-03075,2024-12-05,C249,A0025,1,140.0
T-03076,2024-11-03,C218,A0005,1,14.5
T-03077,2024-02-18,C013,A0025,3,140.0
T-03078,2024-09-22,C230,A0026,2,26.0
T-03079,2024-07-07,C235,A0030,1,12.0
T-03080,2024-10-11,C258,A0032,2,9.0
T-03081,2024-06-02,C084,A0024,3,2.5
T-03082,2024-07-28,C149,A0032,3,9.0
T-03083,2024-02-07,C142,A0025,1,140.0
T-03084,2024-08-13,C152,A0024,1,2.5
T-03085,2024-02-22,C243,A0031,3,12.0
T-03086,2024-11-08,C074,A0018,2,9.5
T-03087,2024-02-17,C051,A0025,2,140.0
T-03088,2024-01-03,C212,A0008,1,155.0
T-03089,2024-02-16,C181,A0031,3,12.0
T-03090,2024-12-19,C099,A0020,2,190.0
T-03091,2024-08-19,C039,A0023,3,2.5
T-03092,2024-05-13,C102,A0030,3,12.0
T-03093,2024-02-19,C234,A0013,3,32.0
T-03094,2024-11-28,C174,A0033,2,9.0
T-03095,2024-06-21,C116,A0026,3,26.0
T-03096,2024-12-27,C149,A0003,2,23.0
T-03097,2024-10-08,C271,A0030,1,12.0
T-03098,2024-04-01,C077,A0022,3,8.5
T-03099,2024-04-18,C024,A0032,3,9.0
T-03100,2024-07-22,C179,A0028,3,22.0
T-03101,2024-11-24,C108,A0030,3,12.0
T-03102,2024-01-19,C263,A0030,3,12.0
T-03103,2024-05-16,C287,A0024,3,2.5
T-03104,2024-08-03,C151,A0033,2,9.0
T-03105,2024-10-09,C222,A0032,1,9.0
T-03106,2024-12-16,C193,A0006,2,14.5
T-03107,2024-06-20,C003,A0030,1,12.0
T-03108,2024-06-26,C261,A0030,2,12.0
T-03109,2024-09-18,C216,A0025,2,140.0
T-03110,2024-06-03,C092,A0028,1,22.0
T-03111,2024-12-06,C015,A0032,1,9.0
T-03112,2024-07-05,C197,A0028,3,22.0
T-03113,2024-09-15,C076,A0032,1,9.0
T-03114,2024-11-10,C256,A0031,3,12.0
T-03115,2024-03-27,C043,A0016,3,19.0
T-03116,2024-11-23,C145,A0001,3,23.0
T-03117,2024-11-10,C227,A0032,3,9.0
T-03118,2024-10-27,C082,A0031,2,12.0
T-03119,2024-02-15,C141,A0007,3,9.0
T-03120,2024-12-05,C137,A0009,3,155.0
T-03121,2024-06-19,C090,A0024,2,2.5
T-03122,2024-06-04,C114,A0031,3,12.0
T-03123,2024-06-01,C297,A0021,3,6.5
T-03124,2024-12-15,C292,A0004,3,14.5
T-03125,2024-06-09,C279,A0021,3,6.5
T-03126,2024-01-21,C262,A0006,2,14.5
T-03127,2024-11-20,C154,A0032,1,9.0
T-03128,2024-06-11,C001,A0012,3,13.5
T-03129,2024-11-02,C221,A0001,3,23.0
T-03130,2024-10-09,C158,A0002,1,23.0
T-03131,2024-06-25,C161,A0031,3,12.0
T-03132,2024-10-27,C169,A0032,2,9.0
T-03133,2024-08-12,C168,A0016,3,19.0
T-03134,2024-10-22,C236,A0023,2,2.5
T-03135,2024-09-16,C175,A0030,3,12.0
T-03136,2024-06-12,C281,A0026,3,26.0
T-03137,2024-02-14,C169,A0032,1,9.0
T-03138,2024-10-18,C259,A0003,3,23.0
T-03139,2024-06-15,C135,A0029,3,850.0
T-03140,2024-04-01,C030,A0024,3,2.5
T-03141,2024-07-18,C041,A0032,1,9.0
T-03142,2024-10-01,C056,A0003,2,23.0
T-03143,2024-10-08,C060,A0009,1,155.0
T-03144,2024-08-09,C022,A0027,2,26.0
T-03145,2024-10-12,C015,A0033,3,9.0
T-03146,2024-02-01,C200,A0002,3,23.0
T-03147,2024-02-16,C118,A0023,1,2.5
T-03148,2024-02-01,C152,A0023,1,2.5
T-03149,2024-10-22,C076,A0033,1,9.0
T-03150,2024-11-10,C247,A0005,2,14.5
T-03151,2024-09-25,C048,A0015,3,19.0
T-03152,2024-01-14,C235,A0009,3,155.0
T-03153,2024-12-23,C141,A0008,3,155.0
T-03154,2024-12-22,C295,A0011,3,13.5
T-03155,2024-03-21,C032,A0024,1,2.5
T-03156,2024-11-23,C188,A0030,2,12.0
T-03157,2024-03-06,C078,A0024,1,2.5
T-03158,2024-09-07,C230,A0032,2,9.0
T-03159,2024-01-17,C093,A0032,1,9.0
T-03160,2024-07-18,C079,A0017,2,9.5
T-03161,2024-07-04,C029,A0031,2,12.0
T-03162,2024-06-14,C020,A0031,3,12.0
T-03163,2024-02-10,C139,A0002,3,23.0
T-03164,2024-07-17,C183,A0033,2,9.0
T-03165,2024-09-17,C224,A0021,2,6.5
T-03166,2024-02-09,C079,A0010,1,13.5
T-03167,2024-09-06,C065,A0026,3,26.0
T-03168,2024-03-03,C073,A0024,3,2.5
T-03169,2024-06-08,C104,A0032,1,9.0
T-03170,2024-02-15,C066,A0024,2,2.5
T-03171,2024-08-13,C019,A0026,3,26.0
T-03172,2024-05-15,C007,A0031,1,12.0
T-03173,2024-03-10,C127,A0020,2,190.0
T-03174,2024-10-02,C259,A0009,1,155.0
T-03175,2024-06-07,C016,A0029,1,850.0
T-03176,2024-08-01,C004,A0027,1,26.0
T-03177,2024-08-05,C216,A0022,1,8.5
T-03178,2024-02-17,C235,A0003,1,23.0
T-03179,2024-06-10,C185,A0027,1,26.0
T-03180,2024-02-05,C020,A0030,2,12.0
T-03181,2024-06-09,C193,A0029,2,850.0
T-03182,2024-06-15,C264,A0022,1,8.5
T-03183,2024-04-13,C101,A0033,3,9.0
T-03184,2024-01-21,C108,A0030,3,12.0
T-03185,2024-05-05,C009,A0033,1,9.0
T-03186,2024-09-28,C167,A0010,3,13.5
T-03187,2024-08-07,C284,A0033,3,9.0
T-03188,2024-01-12,C125,A0008,3,155.0
T-03189,2024-01-20,C187,A0007,2,9.0
T-03190,2024-07-15,C021,A0033,1,9.0
T-03191,2024-07-08,C250,A0029,3,850.0
T-03192,2024-08-19,C170,A0024,3,2.5
T-03193,2024-10-05,C141,A0009,3,155.0
T-03194,2024-10-10,C160,A0008,2,155.0
T-03195,2024-09-16,C115,A0027,1,26.0
T-03196,2024-08-27,C229,A0014,3,32.0
T-03197,2024-07-09,C059,A0025,3,140.0
T-03198,2024-08-16,C032,A0022,3,8.5
T-03199,2024-06-26,C260,A0022,2,8.5
T-03200,2024-06-07,C219,A0029,2,850.0
T-03201,2024-06-02,C076,A0033,3,9.0
T-03202,2024-02-07,C215,A0002,2,23.0
T-03203,2024-10-07,C124,A0033,1,9.0
T-03204,2024-06-06,C169,A0033,2,9.0
T-03205,2024-05-18,C112,A0031,2,12.0
T-03206,2024-02-08,C252,A0003,1,23.0
T-03207,2024-06-01,C020,A0030,1,12.0
T-03208,2024-09-04,C081,A0027,3,26.0
T-03209,2024-02-19,C113,A0025,3,140.0
T-03210,2024-11-12,C156,A0003,1,23.0
T-03211,2024-08-08,C234,A0023,2,2.5
T-03212,2024-06-17,C258,A0033,2,9.0
T-03213,2024-03-14,C013,A0023,3,2.5
T-03214,2024-02-20,C013,A0024,2,2.5
T-03215,2024-03-18,C295,A0015,1,19.0
T-03216,2024-09-28,C250,A0026,3,26.0
T-03217,2024-07-16,C085,A0027,2,26.0
T-03218,2024-10-11,C089,A0033,1,9.0
T-03219,2024-07-21,C275,A0028,3,22.0
T-03220,2024-10-28,C063,A0024,3,2.5
T-03221,2024-02-27,C125,A0009,1,155.0
T-03222,2024-08-08,C248,A0018,1,9.5
T-03223,2024-06-09,C065,A0029,3,850.0
T-03224,2024-08-24,C016,A0029,2,850.0
T-03225,2024-10-05,C078,A0021,3,6.5
T-03226,2024-06-26,C239,A0027,3,26.0
T-03227,2024-04-15,C190,A0025,2,140.0
T-03228,2024-03-06,C176,A0032,1,9.0
T-03229,2024-12-28,C003,A0030,1,12.0
T-03230,2024-02-07,C011,A0033,2,9.0
T-03231,2024-06-14,C016,A0028,2,22.0
T-03232,2024-10-13,C237,A0005,2,14.5
T-03233,2024-09-11,C171,A0033,3,9.0
T-03234,2024-01-17,C104,A0032,3,9.0
T-03235,2024-02-06,C078,A0023,3,2.5
T-03236,2024-09-17,C198,A0028,2,22.0
T-03237,2024-09-06,C116,A0026,3,26.0
T-03238,2024-03-24,C015,A0033,1,9.0
T-03239,2024-11-04,C153,A0004,3,14.5
T-03240,2024-03-24,C227,A0032,1,9.0
T-03241,2024-08-14,C229,A0025,3,140.0
T-03242,2024-01-21,C165,A0033,2,9.0
T-03243,2024-12-12,C117,A0001,3,23.0
T-03244,2024-08-11,C142,A0025,3,140.0
T-03245,2024-11-02,C282,A0017,1,9.5
T-03246,2024-08-26,C105,A0018,2,9.5
T-03247,2024-08-21,C119,A0032,3,9.0
T-03248,2024-05-10,C289,A0031,3,12.0
T-03249,2024-03-24,C111,A0017,1,9.5
T-03250,2024-12-06,C143,A0023,3,2.5
T-03251,2024-10-19,C040,A0023,2,2.5
T-03252,2024-04-24,C066,A0025,1,140.0
T-03253,2024-02-26,C047,A0002,2,23.0
T-03254,2024-09-24,C148,A0033,3,9.0
T-03255,2024-07-14,C200,A0021,2,6.5
T-03256,2024-11-10,C062,A0033,1,9.0
T-03257,2024-02-20,C113,A0033,1,9.0
T-03258,2024-10-28,C104,A0033,2,9.0
T-03259,2024-05-21,C294,A0022,3,8.5
T-03260,2024-02-10,C143,A0022,1,8.5
T-03261,2024-05-20,C270,A0030,1,12.0
T-03262,2024-05-18,C161,A0030,2,12.0
T-03263,2024-05-04,C079,A0012,2,13.5
T-03264,2024-10-21,C022,A0004,1,14.5
T-03265,2024-10-14,C218,A0009,2,155.0
T-03266,2024-03-28,C114,A0030,1,12.0
T-03267,2024-01-25,C122,A0031,3,12.0
T-03268,2024-11-16,C058,A0032,1,9.0
T-03269,2024-12-26,C257,A0022,2,8.5
T-03270,2024-01-03,C038,A0025,2,140.0
T-03271,2024-09-20,C172,A0023,2,2.5
T-03272,2024-11-08,C291,A0030,3,12.0
T-03273,2024-01-12,C006,A0022,3,8.5
T-03274,2024-09-21,C107,A0029,2,850.0
T-03275,2024-06-19,C096,A0027,2,26.0
T-03276,2024-12-26,C265,A0007,3,9.0
T-03277,2024-05-01,C115,A0031,3,12.0
T-03278,2024-12-23,C045,A0024,2,2.5
T-03279,2024-07-03,C146,A0027,1,26.0
T-03280,2024-10-07,C261,A0008,2,155.0
T-03281,2024-07-26,C108,A0030,3,12.0
T-03282,2024-06-28,C082,A0015,2,19.0
T-03283,2024-09-02,C096,A0029,1,850.0
T-03284,2024-11-28,C038,A0024,1,2.5
T-03285,2024-11-03,C085,A0001,3,23.0
T-03286,2024-09-24,C267,A0029,3,850.0
T-03287,2024-08-22,C229,A0018,2,9.5
T-03288,2024-07-09,C041,A0032,2,9.0
T-03289,2024-07-02,C189,A0027,3,26.0
T-03290,2024-07-26,C282,A0014,1,32.0
T-03291,2024-02-20,C061,A0007,2,9.0
T-03292,2024-04-28,C233,A0030,2,12.0
T-03293,2024-08-09,C114,A0031,3,12.0
T-03294,2024-05-27,C032,A0024,3,2.5
T-03295,2024-01-17,C291,A0030,1,12.0
T-03296,2024-06-22,C262,A0022,1,8.5
T-03297,2024-06-01,C244,A0031,1,12.0
T-03298,2024-12-18,C259,A0009,1,155.0
T-03299,2024-03-03,C134,A0030,1,12.0
T-03300,2024-01-13,C021,A0033,1,9.0
T-03301,2024-07-15,C164,A0033,2,9.0
T-03302,2024-03-08,C005,A0032,2,9.0
T-03303,2024-05-07,C076,A0033,1,9.0
T-03304,2024-01-05,C120,A0008,3,155.0
T-03305,2024-04-14,C234,A0015,3,19.0
T-03306,2024-09-01,C104,A0026,3,26.0
T-03307,2024-10-11,C129,A0016,2,19.0
T-03308,2024-12-20,C150,A0033,3,9.0
T-03309,2024-09-16,C279,A0025,3,140.0
T-03310,2024-01-01,C230,A0032,3,9.0
T-03311,2024-09-04,C164,A0032,3,9.0
T-03312,2024-02-08,C226,A0011,2,13.5
T-03313,2024-09-16,C115,A0028,3,22.0
T-03314,2024-07-13,C002,A0028,3,22.0
T-03315,2024-10-12,C210,A0002,1,23.0
T-03316,2024-12-04,C141,A0004,2,14.5
T-03317,2024-10-04,C299,A0012,2,13.5
T-03318,2024-12-05,C063,A0023,3,2.5
T-03319,2024-12-03,C062,A0031,1,12.0
T-03320,2024-06-10,C167,A0019,3,190.0
T-03321,2024-06-13,C122,A0026,1,26.0
T-03322,2024-10-16,C130,A0011,2,13.5
T-03323,2024-05-01,C190,A0033,2,9.0
T-03324,2024-06-22,C083,A0025,3,140.0
T-03325,2024-09-19,C256,A0030,2,12.0
T-03326,2024-01-23,C245,A0013,2,32.0
T-03327,2024-07-16,C081,A0017,3,9.5
T-03328,2024-06-08,C042,A0028,2,22.0
T-03329,2024-10-21,C094,A0001,2,23.0
T-03330,2024-12-26,C194,A0006,2,14.5
T-03331,2024-03-04,C195,A0024,1,2.5
T-03332,2024-02-10,C269,A0014,1,32.0
T-03333,2024-05-24,C155,A0033,1,9.0
T-03334,2024-12-20,C037,A0002,2,23.0
T-03335,2024-06-01,C209,A0022,3,8.5
T-03336,2024-11-13,C045,A0025,2,140.0
T-03337,2024-06-21,C097,A0026,3,26.0
T-03338,2024-11-10,C085,A0030,2,12.0
T-03339,2024-12-13,C076,A0003,1,23.0
T-03340,2024-02-06,C237,A0006,1,14.5
T-03341,2024-12-18,C151,A0033,1,9.0
T-03342,2024-08-21,C090,A0031,1,12.0
T-03343,2024-12-02,C206,A0001,1,23.0
T-03344,2024-02-27,C053,A0033,3,9.0
T-03345,2024-06-07,C092,A0026,2,26.0
T-03346,2024-08-26,C121,A0033,3,9.0
T-03347,2024-11-03,C057,A0003,1,23.0
T-03348,2024-07-05,C040,A0028,2,22.0
T-03349,2024-01-28,C074,A0010,1,13.5
T-03350,2024-05-02,C241,A0013,2,32.0
T-03351,2024-06-05,C022,A0029,3,850.0
T-03352,2024-01-23,C226,A0016,3,19.0
T-03353,2024-11-12,C198,A0032,1,9.0
T-03354,2024-09-21,C018,A0033,3,9.0
T-03355,2024-01-07,C159,A0024,2,2.5
T-03356,2024-03-26,C110,A0025,3,140.0
T-03357,2024-09-07,C157,A0018,3,9.5
T-03358,2024-05-08,C284,A0032,2,9.0
T-03359,2024-10-02,C264,A0023,1,2.5
T-03360,2024-01-07,C252,A0004,1,14.5
T-03361,2024-03-23,C234,A0021,1,6.5
T-03362,2024-02-04,C131,A0025,3,140.0
T-03363,2024-10-24,C060,A0001,2,23.0
T-03364,2024-06-03,C123,A0026,2,26.0
T-03365,2024-09-08,C144,A0032,3,9.0
T-03366,2024-05-27,C255,A0033,3,9.0
T-03367,2024-12-24,C005,A0033,1,9.0
T-03368,2024-12-27,C035,A0030,1,12.0
T-03369,2024-04-12,C106,A0025,3,140.0
T-03370,2024-05-05,C089,A0018,1,9.5
T-03371,2024-04-22,C007,A0031,1,12.0
T-03372,2024-07-25,C265,A0027,2,26.0
T-03373,2024-09-07,C239,A0029,2,850.0
T-03374,2024-07-19,C258,A0033,1,9.0
T-03375,2024-12-24,C277,A0023,2,2.5
T-03376,2024-12-06,C220,A0032,3,9.0
T-03377,2024-11-06,C141,A0006,3,14.5
T-03378,2024-04-21,C045,A0024,2,2.5
T-03379,2024-06-02,C185,A0025,3,140.0
T-03380,2024-01-06,C130,A0018,1,9.5
T-03381,2024-07-20,C092,A0029,3,850.0
T-03382,2024-09-11,C065,A0026,2,26.0
T-03383,2024-06-06,C220,A0032,3,9.0
T-03384,2024-12-15,C256,A0020,2,190.0
T-03385,2024-10-20,C239,A0009,3,155.0
T-03386,2024-09-01,C092,A0029,1,850.0
T-03387,2024-08-18,C190,A0032,2,9.0
T-03388,2024-06-07,C289,A0031,1,12.0
T-03389,2024-10-03,C083,A0025,1,140.0
T-03390,2024-05-05,C225,A0022,2,8.5
T-03391,2024-10-04,C073,A0023,2,2.5
T-03392,2024-08-13,C132,A0031,1,12.0
T-03393,2024-10-12,C231,A0008,2,155.0
T-03394,2024-12-22,C187,A0001,1,23.0
T-03395,2024-05-27,C235,A0018,2,9.5
T-03396,2024-08-26,C299,A0017,2,9.5
T-03397,2024-02-08,C232,A0008,3,155.0
T-03398,2024-03-01,C248,A0017,1,9.5
T-03399,2024-01-24,C234,A0024,3,2.5
T-03400,2024-09-20,C255,A0033,2,9.0
T-03401,2024-08-18,C287,A0026,3,26.0
T-03402,2024-11-11,C157,A0016,3,19.0
T-03403,2024-04-05,C027,A0019,3,190.0
T-03404,2024-08-19,C113,A0028,2,22.0
T-03405,2024-11-28,C298,A0012,2,13.5
T-03406,2024-03-10,C076,A0033,2,9.0
T-03407,2024-11-13,C111,A0015,2,19.0
T-03408,2024-06-02,C044,A0016,1,19.0
T-03409,2024-02-04,C165,A0033,1,9.0
T-03410,2024-12-23,C098,A0015,1,19.0
T-03411,2024-03-24,C076,A0033,1,9.0
T-03412,2024-02-10,C270,A0025,3,140.0
T-03413,2024-07-28,C243,A0031,2,12.0
T-03414,2024-12-03,C117,A0005,3,14.5
T-03415,2024-06-06,C226,A0011,2,13.5
T-03416,2024-08-26,C164,A0033,3,9.0
T-03417,2024-07-14,C042,A0026,2,26.0
T-03418,2024-09-24,C006,A0017,1,9.5
T-03419,2024-03-14,C175,A0031,1,12.0
T-03420,2024-01-03,C271,A0031,2,12.0
T-03421,2024-04-11,C118,A0023,2,2.5
T-03422,2024-12-23,C060,A0004,1,14.5
T-03423,2024-07-04,C081,A0029,2,850.0
T-03424,2024-08-22,C205,A0026,3,26.0
T-03425,2024-06-27,C283,A0027,2,26.0
T-03426,2024-03-09,C293,A0031,3,12.0
T-03427,2024-09-20,C237,A0030,1,12.0
T-03428,2024-10-04,C011,A0032,3,9.0
T-03429,2024-10-13,C168,A0018,2,9.5
T-03430,2024-03-24,C174,A0032,1,9.0
T-03431,2024-11-09,C296,A0007,2,9.0
T-03432,2024-01-27,C016,A0004,3,14.5
T-03433,2024-04-28,C282,A0013,2,32.0
T-03434,2024-01-23,C018,A0032,3,9.0
T-03435,2024-01-09,C235,A0002,2,23.0
T-03436,2024-01-16,C027,A0001,2,23.0
T-03437,2024-07-12,C250,A0027,1,26.0
T-03438,2024-09-09,C275,A0021,1,6.5
T-03439,2024-02-07,C252,A0008,3,155.0
T-03440,2024-11-16,C198,A0033,2,9.0
T-03441,2024-08-04,C219,A0029,1,850.0
T-03442,2024-02-11,C045,A0023,2,2.5
T-03443,2024-02-01,C145,A0001,3,23.0
T-03444,2024-11-21,C087,A0003,2,23.0
T-03445,2024-08-14,C140,A0027,2,26.0
T-03446,2024-12-18,C109,A0032,2,9.0
T-03447,2024-02-28,C178,A0001,1,23.0
T-03448,2024-05-10,C240,A0030,3,12.0
T-03449,2024-11-06,C047,A0031,3,12.0
T-03450,2024-10-01,C182,A0031,3,12.0
T-03451,2024-08-03,C002,A0029,3,850.0
T-03452,2024-03-09,C263,A0030,2,12.0
T-03453,2024-06-16,C225,A0030,2,12.0
T-03454,2024-07-25,C166,A0011,3,13.5
T-03455,2024-11-27,C059,A0022,3,8.5
T-03456,2024-04-17,C263,A0030,1,12.0
T-03457,2024-10-04,C122,A0031,2,12.0
T-03458,2024-01-09,C284,A0033,3,9.0
T-03459,2024-08-23,C174,A0032,2,9.0
T-03460,2024-12-25,C058,A0033,2,9.0
T-03461,2024-02-20,C275,A0006,3,14.5
T-03462,2024-09-01,C250,A0029,1,850.0
T-03463,2024-07-27,C183,A0033,3,9.0
T-03464,2024-03-26,C214,A0032,2,9.0
T-03465,2024-06-10,C123,A0027,2,26.0
T-03466,2024-11-14,C227,A0032,2,9.0
T-03467,2024-08-28,C029,A0029,1,850.0
T-03468,2024-09-11,C219,A0029,1,850.0
T-03469,2024-07-08,C280,A0032,3,9.0
T-03470,2024-10-11,C178,A0006,1,14.5
T-03471,2024-08-24,C253,A0028,2,22.0
T-03472,2024-10-16,C056,A0003,2,23.0
T-03473,2024-06-12,C205,A0026,2,26.0
T-03474,2024-02-22,C124,A0033,2,9.0
T-03475,2024-11-20,C036,A0030,3,12.0
T-03476,2024-07-04,C092,A0027,3,26.0
T-03477,2024-01-15,C104,A0033,2,9.0
T-03478,2024-10-21,C007,A0002,2,23.0
T-03479,2024-02-15,C147,A0030,2,12.0
T-03480,2024-11-03,C238,A0009,2,155.0
T-03481,2024-10-18,C165,A0033,2,9.0
T-03482,2024-01-04,C114,A0031,3,12.0
T-03483,2024-10-28,C007,A0031,3,12.0
T-03484,2024-09-18,C059,A0024,1,2.5
T-03485,2024-09-10,C223,A0032,1,9.0
T-03486,2024-10-13,C124,A0033,3,9.0
T-03487,2024-11-15,C185,A0006,3,14.5
T-03488,2024-09-27,C198,A0032,3,9.0
T-03489,2024-10-28,C271,A0001,2,23.0
T-03490,2024-09-12,C119,A0012,2,13.5
T-03491,2024-01-15,C231,A0005,1,14.5
T-03492,2024-11-03,C284,A0033,2,9.0
T-03493,2024-03-05,C034,A0022,2,8.5
T-03494,2024-10-03,C279,A0021,3,6.5
T-03495,2024-04-07,C130,A0015,2,19.0
T-03496,2024-03-15,C021,A0032,3,9.0
T-03497,2024-01-01,C263,A0031,2,12.0
T-03498,2024-06-06,C282,A0010,1,13.5
T-03499,2024-02-05,C161,A0031,1,12.0
T-03500,2024-09-21,C124,A0018,1,9.5
T-03501,2024-09-10,C031,A0028,1,22.0
T-03502,2024-11-04,C139,A0031,2,12.0
T-03503,2024-10-04,C180,A0033,3,9.0
T-03504,2024-10-04,C265,A0009,3,155.0
T-03505,2024-10-11,C148,A0032,1,9.0
T-03506,2024-06-01,C245,A0023,1,2.5
T-03507,2024-10-17,C039,A0024,3,2.5
T-03508,2024-01-28,C095,A0025,1,140.0
T-03509,2024-09-16,C144,A0033,1,9.0
T-03510,2024-02-15,C012,A0023,3,2.5
T-03511,2024-02-07,C005,A0032,2,9.0
T-03512,2024-02-23,C188,A0030,1,12.0
T-03513,2024-03-04,C154,A0015,1,19.0
T-03514,2024-08-28,C080,A0031,1,12.0
T-03515,2024-10-13,C026,A0002,1,23.0
T-03516,2024-05-09,C073,A0025,2,140.0
T-03517,2024-07-19,C102,A0031,2,12.0
T-03518,2024-08-19,C033,A0031,3,12.0
T-03519,2024-02-11,C296,A0003,3,23.0
T-03520,2024-12-13,C132,A0030,1,12.0
T-03521,2024-06-09,C131,A0025,1,140.0
T-03522,2024-10-28,C212,A0003,3,23.0
T-03523,2024-04-24,C112,A0031,3,12.0
T-03524,2024-04-08,C076,A0032,3,9.0
T-03525,2024-06-08,C097,A0028,3,22.0
T-03526,2024-06-28,C085,A0030,1,12.0
T-03527,2024-10-02,C156,A0002,1,23.0
T-03528,2024-08-06,C074,A0030,2,12.0
T-03529,2024-09-24,C068,A0033,1,9.0
T-03530,2024-05-01,C132,A0031,2,12.0
T-03531,2024-09-08,C097,A0026,2,26.0
T-03532,2024-02-04,C246,A0009,2,155.0
T-03533,2024-07-08,C287,A0026,1,26.0
T-03534,2024-12-12,C039,A0010,2,13.5
T-03535,2024-04-20,C160,A0022,2,8.5
T-03536,2024-02-07,C144,A0033,3,9.0
T-03537,2024-07-19,C133,A0029,3,850.0
T-03538,2024-09-24,C045,A0025,3,140.0
T-03539,2024-07-04,C270,A0015,1,19.0
T-03540,2024-06-07,C258,A0032,2,9.0
T-03541,2024-10-27,C142,A0025,2,140.0
T-03542,2024-01-09,C212,A0001,1,23.0
T-03543,2024-12-11,C244,A0031,2,12.0
T-03544,2024-03-28,C126,A0022,3,8.5
T-03545,2024-09-05,C115,A0027,2,26.0
T-03546,2024-12-26,C151,A0033,3,9.0
T-03547,2024-05-18,C020,A0031,3,12.0
T-03548,2024-08-14,C197,A0016,1,19.0
T-03549,2024-10-07,C020,A0001,3,23.0
T-03550,2024-07-08,C150,A0023,2,2.5
T-03551,2024-10-01,C223,A0002,1,23.0
T-03552,2024-11-14,C237,A0004,1,14.5
T-03553,2024-07-09,C001,A0017,2,9.5
T-03554,2024-02-15,C254,A0032,1,9.0
T-03555,2024-08-25,C175,A0030,1,12.0
T-03556,2024-08-03,C214,A0033,1,9.0
T-03557,2024-01-15,C156,A0001,1,23.0
T-03558,2024-01-04,C259,A0008,1,155.0
T-03559,2024-04-21,C055,A0021,2,6.5
T-03560,2024-07-07,C179,A0028,3,22.0
T-03561,2024-02-04,C154,A0032,3,9.0
T-03562,2024-11-16,C261,A0012,1,13.5
T-03563,2024-02-16,C049,A0006,3,14.5
T-03564,2024-05-04,C143,A0021,3,6.5
T-03565,2024-12-01,C008,A0007,1,9.0
T-03566,2024-04-19,C034,A0019,2,190.0
T-03567,2024-01-01,C241,A0002,1,23.0
T-03568,2024-09-04,C292,A0031,2,12.0
T-03569,2024-06-22,C175,A0030,3,12.0
T-03570,2024-01-13,C181,A0031,2,12.0
T-03571,2024-06-16,C169,A0033,3,9.0
T-03572,2024-09-10,C030,A0021,1,6.5
T-03573,2024-09-26,C042,A0026,2,26.0
T-03574,2024-07-06,C199,A0029,3,850.0
T-03575,2024-10-10,C117,A0006,3,14.5
T-03576,2024-02-11,C094,A0006,2,14.5
T-03577,2024-12-27,C145,A0004,1,14.5
T-03578,2024-12-17,C266,A0015,2,19.0
T-03579,2024-08-12,C149,A0033,2,9.0
T-03580,2024-06-09,C217,A0031,3,12.0
T-03581,2024-07-19,C113,A0027,3,26.0
T-03582,2024-09-10,C092,A0026,1,26.0
T-03583,2024-01-04,C221,A0007,3,9.0
T-03584,2024-06-10,C148,A0032,2,9.0
T-03585,2024-11-26,C045,A0024,1,2.5
T-03586,2024-05-17,C228,A0014,3,32.0
T-03587,2024-10-27,C102,A0030,1,12.0
T-03588,2024-08-22,C058,A0032,1,9.0
T-03589,2024-08-07,C034,A0031,1,12.0
T-03590,2024-08-01,C199,A0029,3,850.0
T-03591,2024-05-15,C203,A0022,3,8.5
T-03592,2024-05-28,C263,A0031,2,12.0
T-03593,2024-09-27,C179,A0026,3,26.0
T-03594,2024-09-24,C134,A0028,1,22.0
T-03595,2024-06-04,C197,A0028,2,22.0
T-03596,2024-10-14,C230,A0010,2,13.5
T-03597,2024-09-25,C112,A0031,3,12.0
T-03598,2024-11-26,C162,A0006,2,14.5
T-03599,2024-11-15,C043,A0019,3,190.0
T-03600,2024-07-03,C185,A0026,2,26.0
T-03601,2024-07-08,C016,A0028,1,22.0
T-03602,2024-01-14,C103,A0030,2,12.0
T-03603,2024-10-05,C188,A0021,2,6.5
T-03604,2024-06-26,C205,A0022,2,8.5
T-03605,2024-10-02,C238,A0003,3,23.0
T-03606,2024-08-27,C097,A0028,3,22.0
T-03607,2024-01-10,C119,A0033,2,9.0
T-03608,2024-10-12,C247,A0001,3,23.0
T-03609,2024-01-16,C074,A0030,1,12.0
T-03610,2024-05-15,C245,A0022,1,8.5
T-03611,2024-08-24,C073,A0019,3,190.0
T-03612,2024-08-09,C114,A0030,1,12.0
T-03613,2024-01-20,C115,A0033,3,9.0
T-03614,2024-12-13,C117,A0006,2,14.5
T-03615,2024-10-06,C060,A0001,1,23.0
T-03616,2024-10-16,C164,A0032,1,9.0
T-03617,2024-08-21,C250,A0028,2,22.0
T-03618,2024-07-26,C099,A0014,1,32.0
T-03619,2024-04-17,C134,A0024,1,2.5
T-03620,2024-10-25,C150,A0032,3,9.0
T-03621,2024-07-17,C283,A0029,2,850.0
T-03622,2024-08-12,C224,A0032,1,9.0
T-03623,2024-07-19,C018,A0032,1,9.0
T-03624,2024-10-16,C166,A0017,3,9.5
T-03625,2024-02-07,C012,A0032,2,9.0
T-03626,2024-08-03,C260,A0032,1,9.0
T-03627,2024-03-22,C010,A0030,2,12.0
T-03628,2024-10-17,C300,A0008,2,155.0
T-03629,2024-10-02,C234,A0021,2,6.5
T-03630,2024-05-03,C289,A0031,3,12.0
T-03631,2024-12-18,C235,A0001,1,23.0
T-03632,2024-12-02,C202,A0004,3,14.5
T-03633,2024-09-25,C164,A0028,1,22.0
T-03634,2024-04-07,C270,A0019,1,190.0
T-03635,2024-01-08,C263,A0030,2,12.0
T-03636,2024-02-27,C145,A0002,2,23.0
T-03637,2024-10-21,C046,A0006,1,14.5
T-03638,2024-06-14,C003,A0030,3,12.0
T-03639,2024-07-11,C150,A0033,1,9.0
T-03640,2024-07-11,C283,A0028,2,22.0
T-03641,2024-12-10,C037,A0002,3,23.0
T-03642,2024-04-20,C182,A0030,3,12.0
T-03643,2024-12-10,C033,A0030,2,12.0
T-03644,2024-04-28,C111,A0018,2,9.5
T-03645,2024-08-17,C266,A0018,2,9.5
T-03646,2024-02-26,C248,A0018,2,9.5
T-03647,2024-11-03,C293,A0030,3,12.0
T-03648,2024-02-27,C297,A0022,3,8.5
T-03649,2024-01-07,C266,A0014,2,32.0
T-03650,2024-08-03,C192,A0014,2,32.0
T-03651,2024-09-06,C011,A0033,1,9.0
T-03652,2024-07-07,C284,A0032,2,9.0
T-03653,2024-05-26,C078,A0015,3,19.0
T-03654,2024-03-06,C151,A0033,3,9.0
T-03655,2024-09-23,C155,A0033,3,9.0
T-03656,2024-06-18,C155,A0032,1,9.0
T-03657,2024-03-17,C131,A0023,3,2.5
T-03658,2024-12-05,C057,A0005,3,14.5
T-03659,2024-06-04,C116,A0029,3,850.0
T-03660,2024-04-19,C012,A0032,3,9.0
T-03661,2024-12-27,C225,A0031,1,12.0
T-03662,2024-06-07,C071,A0029,3,850.0
T-03663,2024-07-25,C022,A0027,1,26.0
T-03664,2024-08-22,C002,A0029,2,850.0
T-03665,2024-10-15,C296,A0002,1,23.0
T-03666,2024-12-22,C118,A0024,2,2.5
T-03667,2024-08-14,C280,A0030,2,12.0
T-03668,2024-02-05,C210,A0030,3,12.0
T-03669,2024-08-16,C137,A0022,3,8.5
T-03670,2024-11-16,C100,A0007,1,9.0
T-03671,2024-08-28,C089,A0014,3,32.0
T-03672,2024-12-03,C071,A0018,2,9.5
T-03673,2024-01-08,C202,A0008,2,155.0
T-03674,2024-09-19,C119,A0017,3,9.5
T-03675,2024-03-19,C299,A0020,3,190.0
T-03676,2024-06-18,C291,A0030,1,12.0
T-03677,2024-10-17,C141,A0002,2,23.0
T-03678,2024-02-26,C211,A0002,1,23.0
T-03679,2024-11-25,C281,A0031,2,12.0
T-03680,2024-12-12,C208,A0001,2,23.0
T-03681,2024-11-03,C112,A0031,3,12.0
T-03682,2024-06-21,C003,A0026,2,26.0
T-03683,2024-06-11,C083,A0024,2,2.5
T-03684,2024-08-17,C022,A0027,3,26.0
T-03685,2024-08-07,C250,A0028,3,22.0
T-03686,2024-03-15,C137,A0021,3,6.5
T-03687,2024-06-23,C199,A0028,2,22.0
T-03688,2024-08-20,C177,A0020,2,190.0
T-03689,2024-11-23,C138,A0002,1,23.0
T-03690,2024-08-25,C283,A0029,2,850.0
T-03691,2024-12-13,C206,A0001,3,23.0
T-03692,2024-11-19,C148,A0033,1,9.0
T-03693,2024-12-14,C045,A0024,2,2.5
T-03694,2024-01-14,C058,A0032,3,9.0
T-03695,2024-07-09,C176,A0032,1,9.0
T-03696,2024-02-12,C117,A0002,2,23.0
T-03697,2024-01-04,C157,A0019,1,190.0
T-03698,2024-07-02,C140,A0028,2,22.0
T-03699,2024-12-06,C126,A0011,1,13.5
T-03700,2024-02-22,C049,A0001,1,23.0
T-03701,2024-06-25,C087,A0026,2,26.0
T-03702,2024-04-20,C043,A0019,2,190.0
T-03703,2024-01-01,C270,A0030,3,12.0
T-03704,2024-03-27,C225,A0030,3,12.0
T-03705,2024-11-26,C017,A0023,1,2.5
T-03706,2024-05-09,C012,A0032,3,9.0
T-03707,2024-10-25,C064,A0004,3,14.5
T-03708,2024-05-13,C192,A0015,3,19.0
T-03709,2024-05-07,C112,A0015,2,19.0
T-03710,2024-03-04,C274,A0032,1,9.0
T-03711,2024-04-19,C143,A0021,2,6.5
T-03712,2024-06-19,C208,A0032,2,9.0
T-03713,2024-07-08,C066,A0026,3,26.0
T-03714,2024-12-21,C084,A0022,2,8.5
T-03715,2024-04-10,C214,A0032,1,9.0
T-03716,2024-03-26,C093,A0033,1,9.0
T-03717,2024-02-22,C137,A0007,2,9.0
T-03718,2024-09-02,C151,A0032,2,9.0
T-03719,2024-05-21,C243,A0031,2,12.0
T-03720,2024-02-08,C047,A0004,2,14.5
T-03721,2024-08-28,C055,A0021,3,6.5
T-03722,2024-08-14,C061,A0032,1,9.0
T-03723,2024-01-27,C275,A0016,2,19.0
T-03724,2024-02-11,C036,A0030,2,12.0
T-03725,2024-10-14,C083,A0025,2,140.0
T-03726,2024-09-25,C084,A0025,1,140.0
T-03727,2024-11-27,C269,A0033,2,9.0
T-03728,2024-10-03,C012,A0033,3,9.0
T-03729,2024-08-19,C135,A0027,1,26.0
T-03730,2024-09-16,C114,A0031,3,12.0
T-03731,2024-10-17,C286,A0031,3,12.0
T-03732,2024-01-11,C101,A0033,1,9.0
T-03733,2024-10-19,C051,A0015,1,19.0
T-03734,2024-02-13,C177,A0007,3,9.0
T-03735,2024-09-06,C034,A0030,2,12.0
T-03736,2024-06-17,C179,A0028,3,22.0
T-03737,2024-01-10,C001,A0011,2,13.5
T-03738,2024-01-21,C150,A0019,2,190.0
T-03739,2024-04-01,C020,A0031,3,12.0
T-03740,2024-06-04,C291,A0031,2,12.0
T-03741,2024-09-21,C248,A0020,1,190.0
T-03742,2024-10-12,C221,A0008,3,155.0
T-03743,2024-10-06,C058,A0033,2,9.0
T-03744,2024-08-27,C258,A0033,2,9.0
T-03745,2024-03-08,C129,A0012,3,13.5
T-03746,2024-07-09,C029,A0027,3,26.0
T-03747,2024-11-19,C296,A0005,1,14.5
T-03748,2024-11-04,C299,A0014,3,32.0
T-03749,2024-10-11,C087,A0002,2,23.0
T-03750,2024-12-28,C142,A0023,3,2.5
T-03751,2024-10-01,C299,A0004,3,14.5
T-03752,2024-11-13,C064,A0002,2,23.0
T-03753,2024-01-13,C266,A0015,3,19.0
T-03754,2024-10-10,C037,A0008,1,155.0
T-03755,2024-01-27,C013,A0021,1,6.5
T-03756,2024-04-05,C300,A0023,1,2.5
T-03757,2024-03-17,C276,A0021,1,6.5
T-03758,2024-08-01,C210,A0030,3,12.0
T-03759,2024-09-10,C275,A0029,2,850.0
T-03760,2024-12-08,C046,A0005,1,14.5
T-03761,2024-07-04,C070,A0033,2,9.0
T-03762,2024-09-23,C288,A0028,3,22.0
T-03763,2024-01-10,C170,A0025,2,140.0
T-03764,2024-09-15,C019,A0029,3,850.0
T-03765,2024-07-22,C256,A0030,2,12.0
T-03766,2024-11-19,C014,A0002,2,23.0
T-03767,2024-10-07,C297,A0002,2,23.0
T-03768,2024-02-25,C202,A0005,1,14.5
T-03769,2024-10-26,C190,A0020,1,190.0
T-03770,2024-09-06,C095,A0022,1,8.5
T-03771,2024-02-20,C026,A0009,2,155.0
T-03772,2024-11-12,C070,A0001,2,23.0
T-03773,2024-11-10,C009,A0006,3,14.5
T-03774,2024-11-25,C005,A0032,1,9.0
T-03775,2024-01-21,C039,A0024,1,2.5
T-03776,2024-02-16,C089,A0014,3,32.0
T-03777,2024-02-20,C101,A0015,2,19.0
T-03778,2024-06-24,C083,A0027,3,26.0
T-03779,2024-12-13,C012,A0032,3,9.0
T-03780,2024-10-11,C277,A0016,2,19.0
T-03781,2024-11-05,C238,A0004,1,14.5
T-03782,2024-06-18,C003,A0023,3,2.5
T-03783,2024-02-09,C161,A0031,1,12.0
T-03784,2024-08-13,C197,A0026,1,26.0
T-03785,2024-08-03,C017,A0025,2,140.0
T-03786,2024-04-19,C034,A0031,3,12.0
T-03787,2024-03-08,C080,A0012,1,13.5
T-03788,2024-07-11,C039,A0023,1,2.5
T-03789,2024-12-06,C235,A0004,1,14.5
T-03790,2024-07-23,C187,A0025,1,140.0
T-03791,2024-08-27,C196,A0026,3,26.0
T-03792,2024-01-06,C173,A0031,1,12.0
T-03793,2024-07-14,C245,A0028,2,22.0
T-03794,2024-04-22,C200,A0021,2,6.5
T-03795,2024-07-18,C205,A0029,2,850.0
T-03796,2024-06-20,C086,A0028,1,22.0
T-03797,2024-05-05,C181,A0030,2,12.0
T-03798,2024-06-05,C034,A0012,2,13.5
T-03799,2024-11-13,C294,A0015,3,19.0
T-03800,2024-10-03,C251,A0033,2,9.0
T-03801,2024-08-01,C075,A0032,2,9.0
T-03802,2024-10-04,C173,A0030,1,12.0
T-03803,2024-01-10,C049,A0008,3,155.0
T-03804,2024-12-27,C200,A0023,1,2.5
T-03805,2024-10-08,C001,A0016,3,19.0
T-03806,2024-05-21,C154,A0033,1,9.0
T-03807,2024-07-15,C090,A0031,1,12.0
T-03808,2024-07-03,C044,A0019,3,190.0
T-03809,2024-01-23,C143,A0022,1,8.5
T-03810,2024-12-11,C203,A0023,1,2.5
T-03811,2024-01-12,C242,A0021,1,6.5
T-03812,2024-04-21,C174,A0032,2,9.0
T-03813,2024-06-28,C086,A0028,2,22.0
T-03814,2024-07-09,C253,A0027,2,26.0
T-03815,2024-07-24,C290,A0027,3,26.0
T-03816,2024-09-25,C267,A0027,2,26.0
T-03817,2024-05-03,C038,A0024,2,2.5
T-03818,2024-02-18,C057,A0001,3,23.0
T-03819,2024-06-10,C004,A0028,3,22.0
T-03820,2024-07-25,C196,A0027,2,26.0
T-03821,2024-06-23,C088,A0015,3,19.0
T-03822,2024-11-20,C046,A0003,1,23.0
T-03823,2024-10-20,C187,A0007,1,9.0
T-03824,2024-11-27,C025,A0030,1,12.0
T-03825,2024-08-10,C263,A0031,1,12.0
T-03826,2024-10-20,C091,A0033,3,9.0
T-03827,2024-05-12,C012,A0033,2,9.0
T-03828,2024-02-26,C180,A0032,1,9.0
T-03829,2024-11-03,C106,A0021,3,6.5
T-03830,2024-03-28,C173,A0030,3,12.0
T-03831,2024-10-13,C298,A0004,2,14.5
T-03832,2024-02-02,C271,A0030,2,12.0
T-03833,2024-06-25,C115,A0028,2,22.0
T-03834,2024-05-05,C160,A0019,2,190.0
T-03835,2024-05-08,C053,A0033,3,9.0
T-03836,2024-05-15,C035,A0030,3,12.0
T-03837,2024-06-27,C030,A0029,2,850.0
T-03838,2024-08-04,C028,A0027,3,26.0
T-03839,2024-09-15,C079,A0020,2,190.0
T-03840,2024-10-16,C139,A0031,1,12.0
T-03841,2024-09-12,C223,A0016,3,19.0
T-03842,2024-07-07,C286,A0030,3,12.0
T-03843,2024-12-13,C251,A0032,3,9.0
T-03844,2024-06-06,C010,A0030,2,12.0
T-03845,2024-04-08,C017,A0024,3,2.5
T-03846,2024-08-11,C149,A0013,3,32.0
T-03847,2024-06-03,C182,A0030,3,12.0
T-03848,2024-01-01,C021,A0009,3,155.0
T-03849,2024-04-01,C282,A0019,3,190.0
T-03850,2024-10-26,C084,A0013,1,32.0
T-03851,2024-09-20,C190,A0023,2,2.5
T-03852,2024-11-23,C087,A0003,2,23.0
T-03853,2024-08-01,C179,A0027,3,26.0
T-03854,2024-07-15,C092,A0027,1,26.0
T-03855,2024-05-01,C072,A0010,2,13.5
T-03856,2024-01-14,C159,A0025,1,140.0
T-03857,2024-11-15,C261,A0030,3,12.0
T-03858,2024-12-21,C057,A0004,2,14.5
T-03859,2024-12-17,C230,A0002,2,23.0
T-03860,2024-10-16,C052,A0004,2,14.5
T-03861,2024-12-06,C172,A0001,3,23.0
T-03862,2024-01-25,C014,A0005,1,14.5
T-03863,2024-12-22,C087,A0008,3,155.0
T-03864,2024-09-25,C239,A0029,2,850.0
T-03865,2024-10-01,C020,A0031,2,12.0
T-03866,2024-11-20,C156,A0009,1,155.0
T-03867,2024-04-06,C204,A0011,3,13.5
T-03868,2024-07-09,C300,A0025,1,140.0
T-03869,2024-12-28,C063,A0021,2,6.5
T-03870,2024-01-19,C230,A0033,3,9.0
T-03871,2024-08-24,C159,A0024,1,2.5
T-03872,2024-09-17,C194,A0022,2,8.5
T-03873,2024-09-26,C109,A0033,1,9.0
T-03874,2024-12-09,C008,A0004,2,14.5
T-03875,2024-01-20,C100,A0014,1,32.0
T-03876,2024-12-07,C186,A0033,2,9.0
T-03877,2024-07-11,C016,A0026,3,26.0
T-03878,2024-12-13,C010,A0031,2,12.0
T-03879,2024-01-26,C255,A0005,3,14.5
T-03880,2024-04-03,C073,A0023,3,2.5
T-03881,2024-02-27,C195,A0025,2,140.0
T-03882,2024-11-06,C237,A0004,3,14.5
T-03883,2024-06-02,C001,A0025,2,140.0
T-03884,2024-05-19,C281,A0031,2,12.0
T-03885,2024-09-21,C097,A0011,3,13.5
T-03886,2024-07-08,C135,A0028,3,22.0
T-03887,2024-12-05,C077,A0024,3,2.5
T-03888,2024-03-16,C169,A0032,1,9.0
T-03889,2024-03-05,C175,A0031,2,12.0
T-03890,2024-10-14,C105,A0010,3,13.5
T-03891,2024-01-02,C156,A0001,2,23.0
T-03892,2024-08-14,C109,A0033,2,9.0
T-03893,2024-02-08,C126,A0003,3,23.0
T-03894,2024-12-16,C005,A0033,3,9.0
T-03895,2024-06-18,C019,A0026,1,26.0
T-03896,2024-02-10,C223,A0032,2,9.0
T-03897,2024-02-27,C070,A0033,3,9.0
T-03898,2024-05-17,C101,A0033,3,9.0
T-03899,2024-04-17,C084,A0018,2,9.5
T-03900,2024-11-12,C288,A0013,1,32.0
T-03901,2024-12-26,C238,A0002,3,23.0
T-03902,2024-10-04,C215,A0004,3,14.5
T-03903,2024-12-26,C087,A0002,3,23.0
T-03904,2024-12-25,C165,A0002,2,23.0
T-03905,2024-12-25,C217,A0025,3,140.0
T-03906,2024-07-11,C019,A0027,1,26.0
T-03907,2024-07-03,C175,A0031,1,12.0
T-03908,2024-09-20,C135,A0026,2,26.0
T-03909,2024-04-21,C012,A0033,2,9.0
T-03910,2024-06-01,C251,A0033,2,9.0
T-03911,2024-09-01,C258,A0032,1,9.0
T-03912,2024-01-10,C087,A0002,2,23.0
T-03913,2024-06-09,C262,A0021,3,6.5
T-03914,2024-12-14,C231,A0006,2,14.5
T-03915,2024-01-06,C194,A0021,2,6.5
T-03916,2024-02-28,C082,A0031,1,12.0
T-03917,2024-10-13,C120,A0033,1,9.0
T-03918,2024-01-15,C194,A0023,2,2.5
T-03919,2024-10-02,C006,A0021,3,6.5
T-03920,2024-11-09,C300,A0025,2,140.0
T-03921,2024-08-08,C299,A0012,3,13.5
T-03922,2024-02-09,C245,A0024,2,2.5
T-03923,2024-09-10,C114,A0026,2,26.0
T-03924,2024-08-21,C055,A0021,2,6.5
T-03925,2024-02-21,C021,A0033,1,9.0
T-03926,2024-05-21,C186,A0033,2,9.0
T-03927,2024-12-16,C252,A0009,2,155.0
T-03928,2024-01-19,C170,A0022,2,8.5
T-03929,2024-09-16,C103,A0027,2,26.0
T-03930,2024-07-05,C149,A0032,3,9.0
T-03931,2024-10-24,C020,A0030,1,12.0
T-03932,2024-10-09,C213,A0002,3,23.0
T-03933,2024-06-23,C196,A0029,2,850.0
T-03934,2024-06-16,C227,A0033,2,9.0
T-03935,2024-08-01,C278,A0030,1,12.0
T-03936,2024-06-27,C004,A0028,2,22.0
T-03937,2024-11-26,C017,A0025,2,140.0
T-03938,2024-09-19,C172,A0024,3,2.5
T-03939,2024-11-10,C232,A0008,3,155.0
T-03940,2024-02-24,C066,A0021,1,6.5
T-03941,2024-01-22,C239,A0001,1,23.0
T-03942,2024-10-10,C120,A0008,3,155.0
T-03943,2024-01-08,C208,A0033,1,9.0
T-03944,2024-10-14,C225,A0031,2,12.0
T-03945,2024-11-24,C286,A0031,2,12.0
T-03946,2024-10-11,C259,A0001,3,23.0
T-03947,2024-12-11,C273,A0030,2,12.0
T-03948,2024-12-24,C231,A0005,1,14.5
T-03949,2024-10-14,C263,A0011,2,13.5
T-03950,2024-09-21,C239,A0026,3,26.0
T-03951,2024-02-08,C277,A0006,2,14.5
T-03952,2024-06-04,C107,A0027,2,26.0
T-03953,2024-11-15,C298,A0002,3,23.0
T-03954,2024-07-28,C022,A0027,2,26.0
T-03955,2024-02-16,C298,A0007,1,9.0
T-03956,2024-06-19,C236,A0022,3,8.5
T-03957,2024-11-03,C295,A0020,3,190.0
T-03958,2024-08-04,C190,A0032,3,9.0
T-03959,2024-11-02,C138,A0024,1,2.5
T-03960,2024-07-15,C268,A0033,1,9.0
T-03961,2024-08-06,C284,A0032,3,9.0
T-03962,2024-03-03,C256,A0030,2,12.0
T-03963,2024-09-19,C184,A0024,3,2.5
T-03964,2024-10-01,C095,A0021,1,6.5
T-03965,2024-08-11,C219,A0027,3,26.0
T-03966,2024-04-24,C170,A0025,3,140.0
T-03967,2024-02-10,C093,A0033,1,9.0
T-03968,2024-08-02,C168,A0015,1,19.0
T-03969,2024-03-07,C082,A0031,1,12.0
T-03970,2024-07-22,C204,A0018,2,9.5
T-03971,2024-10-03,C281,A0002,2,23.0
T-03972,2024-08-15,C107,A0029,2,850.0
T-03973,2024-08-11,C075,A0033,1,9.0
T-03974,2024-07-25,C204,A0014,1,32.0
T-03975,2024-03-02,C229,A0018,1,9.5
T-03976,2024-06-20,C096,A0027,1,26.0
T-03977,2024-12-03,C157,A0015,1,19.0
T-03978,2024-11-02,C191,A0022,2,8.5
T-03979,2024-08-28,C126,A0022,1,8.5
T-03980,2024-05-10,C262,A0021,3,6.5
T-03981,2024-03-27,C222,A0012,1,13.5
T-03982,2024-02-21,C013,A0022,2,8.5
T-03983,2024-11-12,C190,A0005,1,14.5
T-03984,2024-08-25,C143,A0022,3,8.5
T-03985,2024-01-27,C088,A0033,2,9.0
T-03986,2024-03-14,C191,A0024,3,2.5
T-03987,2024-05-09,C004,A0023,2,2.5
T-03988,2024-12-22,C051,A0014,3,32.0
T-03989,2024-10-15,C175,A0031,3,12.0
T-03990,2024-01-24,C203,A0015,3,19.0
T-03991,2024-10-23,C187,A0009,1,155.0
T-03992,2024-01-15,C292,A0011,3,13.5
T-03993,2024-07-17,C228,A0030,3,12.0
T-03994,2024-09-14,C110,A0022,2,8.5
T-03995,2024-06-03,C272,A0028,3,22.0
T-03996,2024-04-05,C005,A0032,3,9.0
T-03997,2024-09-17,C248,A0013,3,32.0
T-03998,2024-12-25,C148,A0032,1,9.0
T-03999,2024-02-09,C176,A0016,2,19.0
T-04000,2024-09-11,C246,A0028,1,22.0
T-04001,2024-11-14,C232,A0008,2,155.0
T-04002,2024-11-05,C101,A0032,3,9.0
T-04003,2024-05-26,C101,A0032,3,9.0
T-04004,2024-08-10,C055,A0025,1,140.0
T-04005,2024-10-10,C003,A0017,3,9.5
T-04006,2024-01-26,C161,A0031,1,12.0
T-04007,2024-04-14,C003,A0030,3,12.0
T-04008,2024-02-20,C027,A0006,3,14.5
T-04009,2024-08-10,C236,A0023,3,2.5
T-04010,2024-05-17,C011,A0033,3,9.0
T-04011,2024-06-24,C243,A0031,1,12.0
T-04012,2024-07-16,C079,A0017,2,9.5
T-04013,2024-06-28,C134,A0022,1,8.5
T-04014,2024-12-20,C245,A0009,1,155.0
T-04015,2024-12-24,C027,A0005,3,14.5
T-04016,2024-06-08,C292,A0028,1,22.0
T-04017,2024-10-03,C171,A0033,2,9.0
T-04018,2024-08-04,C185,A0026,2,26.0
T-04019,2024-06-05,C288,A0027,1,26.0
T-04020,2024-06-28,C122,A0030,2,12.0
T-04021,2024-07-07,C006,A0023,1,2.5
T-04022,2024-07-17,C173,A0030,3,12.0
T-04023,2024-03-12,C210,A0031,2,12.0
T-04024,2024-04-18,C111,A0019,2,190.0
T-04025,2024-12-15,C300,A0025,2,140.0
T-04026,2024-04-18,C109,A0032,1,9.0
T-04027,2024-01-27,C118,A0021,1,6.5
T-04028,2024-10-08,C070,A0010,3,13.5
T-04029,2024-04-04,C174,A0032,2,9.0
T-04030,2024-06-04,C105,A0011,3,13.5
T-04031,2024-11-18,C213,A0005,2,14.5
T-04032,2024-05-08,C152,A0024,1,2.5
T-04033,2024-02-27,C208,A0033,2,9.0
T-04034,2024-02-06,C266,A0016,2,19.0
T-04035,2024-05-09,C095,A0024,3,2.5
T-04036,2024-09-06,C040,A0027,2,26.0
T-04037,2024-10-16,C166,A0017,1,9.5
T-04038,2024-04-27,C195,A0023,2,2.5
T-04039,2024-03-23,C211,A0015,1,19.0
T-04040,2024-06-22,C158,A0032,1,9.0
T-04041,2024-01-19,C128,A0013,1,32.0
T-04042,2024-07-15,C236,A0021,1,6.5
T-04043,2024-03-19,C050,A0025,3,140.0
T-04044,2024-04-21,C136,A0033,2,9.0
T-04045,2024-11-26,C077,A0024,3,2.5
T-04046,2024-12-18,C221,A0003,2,23.0
T-04047,2024-09-02,C022,A0026,2,26.0
T-04048,2024-12-09,C259,A0005,2,14.5
T-04049,2024-04-17,C242,A0023,3,2.5
T-04050,2024-05-15,C152,A0023,1,2.5
T-04051,2024-10-07,C049,A0008,2,155.0
T-04052,2024-06-02,C133,A0029,2,850.0
T-04053,2024-06-06,C192,A0018,3,9.5
T-04054,2024-11-06,C117,A0002,1,23.0
T-04055,2024-11-20,C259,A0009,2,155.0
T-04056,2024-06-04,C269,A0032,2,9.0
T-04057,2024-03-20,C132,A0030,2,12.0
T-04058,2024-09-07,C267,A0028,1,22.0
T-04059,2024-01-07,C008,A0006,2,14.5
T-04060,2024-05-20,C234,A0021,1,6.5
T-04061,2024-08-14,C294,A0024,2,2.5
T-04062,2024-11-11,C289,A0031,3,12.0
T-04063,2024-12-23,C178,A0008,1,155.0
T-04064,2024-09-10,C080,A0012,2,13.5
T-04065,2024-12-10,C167,A0013,2,32.0
T-04066,2024-07-17,C116,A0026,1,26.0
T-04067,2024-07-21,C260,A0025,3,140.0
T-04068,2024-12-27,C095,A0018,1,9.5
T-04069,2024-01-18,C276,A0024,2,2.5
T-04070,2024-03-26,C137,A0021,3,6.5
T-04071,2024-12-09,C209,A0024,1,2.5
T-04072,2024-02-20,C238,A0005,3,14.5
T-04073,2024-09-15,C208,A0032,1,9.0
T-04074,2024-11-27,C167,A0020,3,190.0
T-04075,2024-07-28,C299,A0010,1,13.5
T-04076,2024-01-01,C297,A0024,3,2.5
T-04077,2024-09-27,C096,A0028,3,22.0
T-04078,2024-11-19,C299,A0001,1,23.0
T-04079,2024-12-21,C200,A0023,2,2.5
T-04080,2024-10-16,C278,A0018,3,9.5
T-04081,2024-01-21,C023,A0025,2,140.0
T-04082,2024-12-06,C255,A0033,1,9.0
T-04083,2024-01-16,C070,A0033,3,9.0
T-04084,2024-12-01,C055,A0004,1,14.5
T-04085,2024-11-01,C212,A0009,3,155.0
T-04086,2024-06-26,C104,A0032,2,9.0
T-04087,2024-10-05,C070,A0009,3,155.0
T-04088,2024-04-09,C040,A0030,1,12.0
T-04089,2024-05-12,C275,A0033,1,9.0
T-04090,2024-10-25,C255,A0033,3,9.0
T-04091,2024-08-04,C239,A0027,1,26.0
T-04092,2024-03-01,C214,A0033,2,9.0
T-04093,2024-11-14,C076,A0008,2,155.0
T-04094,2024-02-19,C068,A0030,2,12.0
T-04095,2024-11-09,C118,A0021,2,6.5
T-04096,2024-02-17,C010,A0004,1,14.5
T-04097,2024-09-15,C148,A0014,1,32.0
T-04098,2024-06-23,C031,A0031,3,12.0
T-04099,2024-10-13,C089,A0030,3,12.0
T-04100,2024-02-13,C006,A0021,3,6.5
T-04101,2024-06-18,C225,A0031,2,12.0
T-04102,2024-02-16,C178,A0006,1,14.5
T-04103,2024-06-05,C089,A0017,2,9.5
T-04104,2024-05-06,C062,A0030,1,12.0
T-04105,2024-12-24,C237,A0003,3,23.0
T-04106,2024-04-09,C281,A0031,2,12.0
T-04107,2024-01-02,C258,A0020,2,190.0
T-04108,2024-01-02,C021,A0032,3,9.0
T-04109,2024-01-21,C043,A0011,1,13.5
T-04110,2024-02-08,C179,A0007,2,9.0
T-04111,2024-02-21,C100,A0003,3,23.0
T-04112,2024-09-05,C267,A0026,1,26.0
T-04113,2024-05-15,C099,A0012,1,13.5
T-04114,2024-01-21,C163,A0014,3,32.0
T-04115,2024-11-07,C281,A0030,1,12.0
T-04116,2024-08-14,C138,A0025,1,140.0
T-04117,2024-07-24,C184,A0027,1,26.0
T-04118,2024-06-21,C080,A0030,1,12.0
T-04119,2024-09-24,C042,A0024,1,2.5
T-04120,2024-11-16,C008,A0001,1,23.0
T-04121,2024-05-15,C079,A0020,1,190.0
T-04122,2024-09-06,C199,A0026,2,26.0
T-04123,2024-02-08,C226,A0013,1,32.0
T-04124,2024-02-17,C161,A0030,1,12.0
T-04125,2024-07-10,C054,A0029,2,850.0
T-04126,2024-05-19,C174,A0032,1,9.0
T-04127,2024-09-10,C042,A0026,1,26.0
T-04128,2024-11-19,C296,A0002,2,23.0
T-04129,2024-11-25,C230,A0033,1,9.0
T-04130,2024-01-09,C077,A0006,3,14.5
T-04131,2024-05-19,C007,A0030,3,12.0
T-04132,2024-09-06,C032,A0021,1,6.5
T-04133,2024-02-23,C280,A0019,1,190.0
T-04134,2024-11-15,C242,A0015,1,19.0
T-04135,2024-02-27,C178,A0005,3,14.5
T-04136,2024-08-01,C107,A0029,1,850.0
T-04137,2024-05-21,C236,A0021,3,6.5
T-04138,2024-05-27,C263,A0030,1,12.0
T-04139,2024-12-06,C094,A0001,3,23.0
T-04140,2024-12-16,C101,A0032,3,9.0
T-04141,2024-10-11,C141,A0003,1,23.0
T-04142,2024-12-14,C084,A0024,3,2.5
T-04143,2024-05-24,C270,A0031,3,12.0
T-04144,2024-07-07,C266,A0016,2,19.0
T-04145,2024-07-08,C293,A0031,3,12.0
T-04146,2024-08-10,C138,A0022,2,8.5
T-04147,2024-08-02,C068,A0033,3,9.0
T-04148,2024-07-12,C293,A0031,1,12.0
T-04149,2024-04-17,C214,A0032,1,9.0
T-04150,2024-12-02,C125,A0001,1,23.0
T-04151,2024-02-08,C177,A0005,1,14.5
T-04152,2024-11-06,C112,A0001,2,23.0
T-04153,2024-02-17,C170,A0022,2,8.5
T-04154,2024-10-16,C145,A0004,1,14.5
T-04155,2024-02-16,C275,A0007,3,9.0
T-04156,2024-01-17,C128,A0017,3,9.5
T-04157,2024-08-09,C077,A0026,2,26.0
T-04158,2024-11-10,C138,A0023,1,2.5
T-04159,2024-08-05,C292,A0026,2,26.0
T-04160,2024-11-17,C274,A0032,1,9.0
T-04161,2024-05-23,C262,A0025,1,140.0
T-04162,2024-01-18,C044,A0010,2,13.5
T-04163,2024-12-23,C171,A0032,3,9.0
T-04164,2024-10-16,C018,A0032,2,9.0
T-04165,2024-03-13,C255,A0032,2,9.0
T-04166,2024-12-03,C232,A0005,1,14.5
T-04167,2024-09-01,C216,A0022,1,8.5
T-04168,2024-11-22,C222,A0032,1,9.0
T-04169,2024-05-28,C299,A0018,2,9.5
T-04170,2024-09-21,C276,A0025,3,140.0
T-04171,2024-03-10,C209,A0018,1,9.5
T-04172,2024-11-26,C247,A0007,3,9.0
T-04173,2024-03-23,C192,A0020,3,190.0
T-04174,2024-09-06,C114,A0026,3,26.0
T-04175,2024-07-23,C227,A0032,3,9.0
T-04176,2024-05-19,C176,A0033,3,9.0
T-04177,2024-04-23,C118,A0022,2,8.5
T-04178,2024-05-17,C020,A0024,2,2.5
T-04179,2024-09-13,C059,A0029,1,850.0
T-04180,2024-07-07,C015,A0022,3,8.5
T-04181,2024-02-19,C001,A0015,2,19.0
T-04182,2024-11-05,C189,A0003,3,23.0
T-04183,2024-11-11,C273,A0031,2,12.0
T-04184,2024-05-05,C063,A0022,1,8.5
T-04185,2024-09-10,C093,A0033,1,9.0
T-04186,2024-06-19,C106,A0029,2,850.0
T-04187,2024-03-06,C064,A0018,1,9.5
T-04188,2024-01-26,C194,A0025,3,140.0
T-04189,2024-04-20,C200,A0025,1,140.0
T-04190,2024-02-04,C032,A0022,2,8.5
T-04191,2024-11-21,C247,A0009,1,155.0
T-04192,2024-04-26,C089,A0011,3,13.5
T-04193,2024-01-02,C114,A0030,2,12.0
T-04194,2024-02-10,C160,A0023,3,2.5
T-04195,2024-03-22,C248,A0019,3,190.0
T-04196,2024-12-26,C232,A0009,3,155.0
T-04197,2024-07-04,C180,A0033,3,9.0
T-04198,2024-04-25,C076,A0033,2,9.0
T-04199,2024-09-12,C065,A0026,3,26.0
T-04200,2024-07-02,C189,A0028,1,22.0
T-04201,2024-04-14,C151,A0032,2,9.0
T-04202,2024-08-03,C177,A0011,3,13.5
T-04203,2024-04-21,C114,A0030,1,12.0
T-04204,2024-07-01,C004,A0026,1,26.0
T-04205,2024-02-25,C231,A0004,2,14.5
T-04206,2024-09-16,C279,A0025,3,140.0
T-04207,2024-07-28,C267,A0027,1,26.0
T-04208,2024-09-19,C155,A0032,1,9.0
T-04209,2024-06-12,C061,A0033,2,9.0
T-04210,2024-11-23,C100,A0008,1,155.0
T-04211,2024-12-09,C215,A0005,3,14.5
T-04212,2024-01-17,C094,A0016,2,19.0
T-04213,2024-03-10,C020,A0030,3,12.0
T-04214,2024-08-05,C249,A0023,1,2.5
T-04215,2024-04-22,C251,A0032,2,9.0
T-04216,2024-04-28,C194,A0022,2,8.5
T-04217,2024-02-12,C299,A0016,3,19.0
T-04218,2024-08-14,C250,A0026,1,26.0
T-04219,2024-06-05,C092,A0028,3,22.0
T-04220,2024-10-07,C078,A0021,1,6.5
T-04221,2024-08-20,C107,A0026,1,26.0
T-04222,2024-02-27,C012,A0033,1,9.0
T-04223,2024-01-20,C221,A0006,3,14.5
T-04224,2024-05-12,C007,A0031,1,12.0
T-04225,2024-09-20,C260,A0028,3,22.0
T-04226,2024-06-11,C107,A0026,1,26.0
T-04227,2024-05-10,C207,A0023,3,2.5
T-04228,2024-12-19,C152,A0023,2,2.5
T-04229,2024-06-13,C133,A0027,2,26.0
T-04230,2024-11-15,C106,A0006,2,14.5
T-04231,2024-07-20,C054,A0029,1,850.0
T-04232,2024-08-01,C299,A0014,3,32.0
T-04233,2024-07-17,C250,A0029,3,850.0
T-04234,2024-01-06,C067,A0017,3,9.5
T-04235,2024-08-06,C272,A0028,2,22.0
T-04236,2024-11-05,C057,A0001,3,23.0
T-04237,2024-06-17,C140,A0029,2,850.0
T-04238,2024-10-02,C004,A0023,1,2.5
T-04239,2024-02-02,C127,A0015,3,19.0
T-04240,2024-06-27,C292,A0027,3,26.0
T-04241,2024-10-13,C206,A0006,1,14.5
T-04242,2024-06-12,C256,A0030,1,12.0
T-04243,2024-02-15,C010,A0030,2,12.0
T-04244,2024-04-26,C015,A0033,3,9.0
T-04245,2024-11-08,C063,A0024,2,2.5
T-04246,2024-05-23,C119,A0033,2,9.0
T-04247,2024-03-13,C089,A0016,3,19.0
T-04248,2024-10-06,C155,A0033,3,9.0
T-04249,2024-01-26,C256,A0031,2,12.0
T-04250,2024-03-04,C111,A0030,1,12.0
T-04251,2024-10-03,C091,A0012,2,13.5
T-04252,2024-09-02,C197,A0028,3,22.0
T-04253,2024-01-20,C209,A0006,3,14.5
T-04254,2024-02-06,C003,A0030,2,12.0
T-04255,2024-12-23,C060,A0006,1,14.5
T-04256,2024-07-07,C193,A0029,2,850.0
T-04257,2024-04-26,C244,A0031,1,12.0
T-04258,2024-10-13,C178,A0002,2,23.0
T-04259,2024-12-17,C255,A0032,3,9.0
T-04260,2024-01-11,C212,A0007,1,9.0
T-04261,2024-03-04,C182,A0030,3,12.0
T-04262,2024-07-06,C257,A0023,1,2.5
T-04263,2024-07-22,C129,A0016,2,19.0
T-04264,2024-05-02,C254,A0025,2,140.0
T-04265,2024-10-13,C145,A0001,1,23.0
T-04266,2024-07-18,C142,A0032,1,9.0
T-04267,2024-01-26,C300,A0024,1,2.5
T-04268,2024-01-20,C010,A0031,3,12.0
T-04269,2024-03-03,C104,A0033,2,9.0
T-04270,2024-11-06,C198,A0033,1,9.0
T-04271,2024-06-21,C275,A0029,1,850.0
T-04272,2024-01-08,C270,A0030,1,12.0
T-04273,2024-11-13,C129,A0023,1,2.5
T-04274,2024-11-11,C277,A0015,3,19.0
T-04275,2024-03-10,C024,A0033,3,9.0
T-04276,2024-06-02,C144,A0032,2,9.0
T-04277,2024-06-18,C266,A0014,2,32.0
T-04278,2024-08-01,C228,A0030,3,12.0
T-04279,2024-06-05,C210,A0013,3,32.0
T-04280,2024-06-19,C022,A0028,1,22.0
T-04281,2024-08-28,C051,A0010,1,13.5
T-04282,2024-02-02,C233,A0008,2,155.0
T-04283,2024-07-27,C226,A0010,3,13.5
T-04284,2024-01-02,C052,A0003,1,23.0
T-04285,2024-07-25,C065,A0028,2,22.0
T-04286,2024-08-02,C009,A0032,1,9.0
T-04287,2024-05-08,C005,A0012,1,13.5
T-04288,2024-05-22,C091,A0033,2,9.0
T-04289,2024-03-07,C136,A0032,2,9.0
T-04290,2024-08-08,C271,A0030,3,12.0
T-04291,2024-09-08,C116,A0029,1,850.0
T-04292,2024-06-03,C293,A0030,1,12.0
T-04293,2024-05-08,C087,A0011,3,13.5
T-04294,2024-01-14,C057,A0008,3,155.0
T-04295,2024-01-22,C132,A0002,3,23.0
T-04296,2024-11-28,C291,A0031,1,12.0
T-04297,2024-07-24,C205,A0026,1,26.0
T-04298,2024-02-07,C052,A0003,1,23.0
T-04299,2024-11-12,C230,A0032,3,9.0
T-04300,2024-11-17,C201,A0023,1,2.5
T-04301,2024-10-21,C127,A0016,3,19.0
T-04302,2024-10-19,C182,A0031,1,12.0
T-04303,2024-06-25,C193,A0029,2,850.0
T-04304,2024-01-21,C284,A0032,3,9.0
T-04305,2024-01-04,C194,A0024,2,2.5
T-04306,2024-01-22,C017,A0022,2,8.5
T-04307,2024-09-05,C207,A0021,2,6.5
T-04308,2024-08-28,C086,A0027,3,26.0
T-04309,2024-07-02,C164,A0032,2,9.0
T-04310,2024-08-11,C173,A0030,1,12.0
T-04311,2024-01-01,C221,A0006,1,14.5
T-04312,2024-12-25,C037,A0019,1,190.0
T-04313,2024-02-27,C126,A0022,3,8.5
T-04314,2024-01-01,C012,A0032,3,9.0
T-04315,2024-02-20,C010,A0030,3,12.0
T-04316,2024-02-07,C012,A0033,1,9.0
T-04317,2024-04-21,C058,A0033,3,9.0
T-04318,2024-10-05,C181,A0002,2,23.0
T-04319,2024-11-15,C251,A0033,2,9.0
T-04320,2024-01-12,C100,A0004,2,14.5
T-04321,2024-04-20,C208,A0032,3,9.0
T-04322,2024-08-12,C174,A0027,1,26.0
T-04323,2024-10-06,C191,A0024,3,2.5
T-04324,2024-09-13,C116,A0027,1,26.0
T-04325,2024-07-09,C295,A0015,2,19.0
T-04326,2024-02-15,C200,A0022,1,8.5
T-04327,2024-01-28,C103,A0030,3,12.0
T-04328,2024-08-22,C252,A0011,2,13.5
T-04329,2024-07-23,C197,A0026,3,26.0
T-04330,2024-01-09,C105,A0001,2,23.0
T-04331,2024-07-03,C090,A0030,3,12.0
T-04332,2024-11-23,C087,A0001,2,23.0
T-04333,2024-02-07,C153,A0008,3,155.0
T-04334,2024-12-04,C189,A0009,1,155.0
T-04335,2024-09-13,C253,A0028,1,22.0
T-04336,2024-11-04,C141,A0004,3,14.5
T-04337,2024-12-12,C137,A0023,3,2.5
T-04338,2024-02-27,C215,A0003,2,23.0
T-04339,2024-12-18,C224,A0024,1,2.5
T-04340,2024-11-21,C202,A0002,1,23.0
T-04341,2024-11-05,C067,A0020,3,190.0
T-04342,2024-09-15,C207,A0032,2,9.0
T-04343,2024-09-13,C025,A0030,2,12.0
T-04344,2024-11-18,C201,A0024,2,2.5
T-04345,2024-02-06,C293,A0031,1,12.0
T-04346,2024-06-22,C015,A0032,2,9.0
T-04347,2024-11-17,C284,A0032,3,9.0
T-04348,2024-09-04,C093,A0033,3,9.0
T-04349,2024-11-16,C235,A0003,2,23.0
T-04350,2024-12-24,C134,A0024,2,2.5
T-04351,2024-12-18,C056,A0006,3,14.5
T-04352,2024-12-06,C279,A0006,3,14.5
T-04353,2024-09-28,C209,A0015,3,19.0
T-04354,2024-08-17,C071,A0026,1,26.0
T-04355,2024-12-06,C252,A0020,3,190.0
T-04356,2024-12-16,C199,A0004,3,14.5
T-04357,2024-02-14,C073,A0022,1,8.5
T-04358,2024-11-01,C231,A0007,1,9.0
T-04359,2024-09-16,C297,A0021,3,6.5
T-04360,2024-06-17,C194,A0023,2,2.5
T-04361,2024-05-05,C248,A0019,3,190.0
T-04362,2024-11-19,C128,A0013,1,32.0
T-04363,2024-12-12,C198,A0033,2,9.0
T-04364,2024-12-14,C254,A0033,3,9.0
T-04365,2024-10-14,C103,A0031,2,12.0
T-04366,2024-06-27,C211,A0012,1,13.5
T-04367,2024-10-16,C003,A0030,3,12.0
T-04368,2024-06-02,C193,A0026,2,26.0
T-04369,2024-02-14,C188,A0004,2,14.5
T-04370,2024-12-21,C274,A0032,3,9.0
T-04371,2024-05-13,C225,A0031,1,12.0
T-04372,2024-02-25,C085,A0031,2,12.0
T-04373,2024-05-15,C164,A0033,1,9.0
T-04374,2024-12-15,C186,A0004,1,14.5
T-04375,2024-06-04,C193,A0027,3,26.0
T-04376,2024-09-28,C006,A0025,2,140.0
T-04377,2024-02-13,C095,A0025,1,140.0
T-04378,2024-11-02,C024,A0033,2,9.0
T-04379,2024-11-22,C085,A0030,3,12.0
T-04380,2024-07-18,C096,A0028,3,22.0
T-04381,2024-07-24,C099,A0015,2,19.0
T-04382,2024-10-11,C248,A0018,1,9.5
T-04383,2024-12-05,C168,A0014,1,32.0
T-04384,2024-08-02,C180,A0032,1,9.0
T-04385,2024-06-04,C146,A0027,3,26.0
T-04386,2024-01-23,C228,A0030,2,12.0
T-04387,2024-07-04,C186,A0033,1,9.0
T-04388,2024-06-12,C033,A0031,2,12.0
T-04389,2024-06-04,C197,A0028,1,22.0
T-04390,2024-09-15,C287,A0027,3,26.0
T-04391,2024-11-02,C064,A0008,2,155.0
T-04392,2024-09-21,C006,A0029,3,850.0
T-04393,2024-04-25,C034,A0030,3,12.0
T-04394,2024-11-07,C297,A0023,1,2.5
T-04395,2024-03-11,C098,A0011,1,13.5
T-04396,2024-10-05,C235,A0004,3,14.5
T-04397,2024-09-19,C263,A0028,3,22.0
T-04398,2024-03-16,C248,A0012,1,13.5
T-04399,2024-10-25,C187,A0009,2,155.0
T-04400,2024-01-02,C010,A0031,1,12.0
T-04401,2024-03-11,C183,A0032,3,9.0
T-04402,2024-06-20,C050,A0021,2,6.5
T-04403,2024-04-14,C099,A0013,2,32.0
T-04404,2024-11-05,C120,A0006,1,14.5
T-04405,2024-06-09,C250,A0029,2,850.0
T-04406,2024-11-03,C118,A0021,3,6.5
T-04407,2024-09-07,C253,A0026,2,26.0
T-04408,2024-09-16,C022,A0027,3,26.0
T-04409,2024-06-16,C256,A0017,3,9.5
T-04410,2024-08-22,C279,A0021,2,6.5
T-04411,2024-12-07,C076,A0033,1,9.0
T-04412,2024-02-01,C120,A0004,1,14.5
T-04413,2024-08-24,C291,A0027,1,26.0
T-04414,2024-11-01,C145,A0001,1,23.0
T-04415,2024-10-10,C047,A0008,1,155.0
T-04416,2024-10-27,C094,A0002,3,23.0
T-04417,2024-10-23,C221,A0004,3,14.5
T-04418,2024-06-27,C258,A0032,2,9.0
T-04419,2024-11-07,C185,A0018,3,9.5
T-04420,2024-11-28,C015,A0033,2,9.0
T-04421,2024-05-02,C113,A0023,2,2.5
T-04422,2024-10-02,C235,A0003,3,23.0
T-04423,2024-03-09,C083,A0025,2,140.0
T-04424,2024-12-07,C246,A0002,3,23.0
T-04425,2024-09-02,C123,A0026,3,26.0
T-04426,2024-10-25,C162,A0004,1,14.5
T-04427,2024-08-16,C279,A0021,3,6.5
T-04428,2024-05-16,C151,A0032,1,9.0
T-04429,2024-07-07,C204,A0010,2,13.5
T-04430,2024-08-23,C025,A0021,1,6.5
T-04431,2024-03-11,C072,A0019,2,190.0
T-04432,2024-11-06,C030,A0025,1,140.0
T-04433,2024-10-08,C299,A0018,1,9.5
T-04434,2024-03-04,C280,A0031,3,12.0
T-04435,2024-06-03,C262,A0025,1,140.0
T-04436,2024-07-04,C199,A0028,2,22.0
T-04437,2024-11-26,C241,A0003,3,23.0
T-04438,2024-11-21,C189,A0004,3,14.5
T-04439,2024-12-27,C018,A0032,3,9.0
T-04440,2024-07-01,C260,A0025,3,140.0
T-04441,2024-06-23,C081,A0028,2,22.0
T-04442,2024-08-11,C226,A0029,1,850.0
T-04443,2024-12-01,C156,A0006,3,14.5
T-04444,2024-12-15,C205,A0009,2,155.0
T-04445,2024-07-01,C288,A0029,1,850.0
T-04446,2024-04-17,C090,A0015,3,19.0
T-04447,2024-09-17,C190,A0026,3,26.0
T-04448,2024-02-08,C151,A0033,3,9.0
T-04449,2024-02-13,C188,A0031,3,12.0
T-04450,2024-01-13,C060,A0003,1,23.0
T-04451,2024-08-12,C069,A0028,1,22.0
T-04452,2024-01-06,C189,A0025,3,140.0
T-04453,2024-12-08,C026,A0006,1,14.5
T-04454,2024-12-12,C277,A0016,3,19.0
T-04455,2024-02-14,C165,A0032,2,9.0
T-04456,2024-09-20,C190,A0032,1,9.0
T-04457,2024-01-07,C034,A0030,3,12.0
T-04458,2024-06-25,C140,A0026,1,26.0
T-04459,2024-02-26,C067,A0016,1,19.0
T-04460,2024-07-15,C250,A0028,1,22.0
T-04461,2024-02-16,C056,A0005,3,14.5
T-04462,2024-01-14,C052,A0004,1,14.5
T-04463,2024-07-22,C254,A0032,2,9.0
T-04464,2024-11-23,C270,A0030,2,12.0
T-04465,2024-06-25,C280,A0030,2,12.0
T-04466,2024-12-15,C175,A0032,1,9.0
T-04467,2024-07-13,C167,A0015,1,19.0
T-04468,2024-07-08,C113,A0029,1,850.0
T-04469,2024-11-12,C241,A0004,2,14.5
T-04470,2024-09-20,C204,A0012,3,13.5
T-04471,2024-10-23,C077,A0023,2,2.5
T-04472,2024-02-28,C237,A0005,1,14.5
T-04473,2024-11-18,C252,A0001,3,23.0
T-04474,2024-06-07,C225,A0031,2,12.0
T-04475,2024-09-07,C282,A0015,3,19.0
T-04476,2024-11-02,C244,A0031,3,12.0
T-04477,2024-10-19,C008,A0013,2,32.0
T-04478,2024-08-02,C170,A0025,3,140.0
T-04479,2024-05-23,C254,A0032,3,9.0
T-04480,2024-09-23,C172,A0023,2,2.5
T-04481,2024-08-08,C006,A0024,3,2.5
T-04482,2024-11-24,C188,A0030,1,12.0
T-04483,2024-01-23,C227,A0033,2,9.0
T-04484,2024-09-17,C032,A0032,2,9.0
T-04485,2024-08-07,C200,A0022,1,8.5
T-04486,2024-02-18,C202,A0007,2,9.0
T-04487,2024-08-19,C282,A0016,2,19.0
T-04488,2024-01-26,C094,A0005,2,14.5
T-04489,2024-06-19,C283,A0026,2,26.0
T-04490,2024-09-01,C204,A0023,2,2.5
T-04491,2024-09-23,C042,A0027,2,26.0
T-04492,2024-05-15,C094,A0012,3,13.5
T-04493,2024-12-23,C240,A0030,3,12.0
T-04494,2024-06-12,C175,A0030,2,12.0
T-04495,2024-07-04,C203,A0024,3,2.5
T-04496,2024-10-25,C064,A0023,1,2.5
T-04497,2024-09-22,C228,A0029,2,850.0
T-04498,2024-07-10,C076,A0032,2,9.0
T-04499,2024-08-21,C172,A0023,1,2.5
T-04500,2024-06-01,C009,A0020,2,190.0
T-04501,2024-03-25,C034,A0031,2,12.0
T-04502,2024-02-19,C050,A0021,2,6.5
T-04503,2024-09-26,C019,A0029,1,850.0
T-04504,2024-03-15,C098,A0017,3,9.5
T-04505,2024-07-19,C153,A0028,3,22.0
T-04506,2024-03-08,C104,A0010,2,13.5
T-04507,2024-10-04,C095,A0017,1,9.5
T-04508,2024-10-14,C088,A0033,3,9.0
T-04509,2024-02-19,C039,A0005,2,14.5
T-04510,2024-01-18,C300,A0024,1,2.5
T-04511,2024-05-06,C036,A0014,1,32.0
T-04512,2024-05-18,C284,A0032,3,9.0
T-04513,2024-04-02,C025,A0031,3,12.0
T-04514,2024-12-21,C247,A0007,2,9.0
T-04515,2024-08-17,C268,A0015,1,19.0
T-04516,2024-02-10,C144,A0023,1,2.5
T-04517,2024-12-27,C121,A0015,2,19.0
T-04518,2024-12-23,C067,A0016,3,19.0
T-04519,2024-12-22,C129,A0014,2,32.0
T-04520,2024-10-21,C091,A0032,1,9.0
T-04521,2024-01-05,C260,A0031,3,12.0
T-04522,2024-06-04,C097,A0012,2,13.5
T-04523,2024-09-10,C283,A0027,1,26.0
T-04524,2024-10-05,C111,A0020,1,190.0
T-04525,2024-03-03,C186,A0022,3,8.5
T-04526,2024-08-28,C006,A0022,2,8.5
T-04527,2024-03-18,C234,A0025,3,140.0
T-04528,2024-09-03,C186,A0033,2,9.0
T-04529,2024-12-16,C122,A0030,3,12.0
T-04530,2024-08-14,C053,A0032,1,9.0
T-04531,2024-03-01,C172,A0022,1,8.5
T-04532,2024-06-25,C203,A0024,1,2.5
T-04533,2024-06-19,C086,A0027,3,26.0
T-04534,2024-09-15,C089,A0026,2,26.0
T-04535,2024-09-11,C090,A0030,2,12.0
T-04536,2024-02-11,C052,A0004,2,14.5
T-04537,2024-02-20,C293,A0031,3,12.0
T-04538,2024-05-12,C204,A0014,3,32.0
T-04539,2024-12-27,C038,A0023,2,2.5
T-04540,2024-02-26,C231,A0007,3,9.0
T-04541,2024-03-27,C155,A0032,2,9.0
T-04542,2024-03-23,C164,A0032,3,9.0
T-04543,2024-01-02,C153,A0003,3,23.0
T-04544,2024-02-22,C101,A0032,2,9.0
T-04545,2024-08-15,C102,A0031,2,12.0
T-04546,2024-08-01,C208,A0032,2,9.0
T-04547,2024-09-21,C004,A0027,1,26.0
T-04548,2024-12-02,C271,A0030,1,12.0
T-04549,2024-10-23,C079,A0015,2,19.0
T-04550,2024-11-24,C162,A0009,2,155.0
T-04551,2024-09-23,C129,A0015,1,19.0
T-04552,2024-10-23,C049,A0006,1,14.5
T-04553,2024-07-15,C065,A0023,3,2.5
T-04554,2024-02-02,C295,A0011,1,13.5
T-04555,2024-12-12,C098,A0015,1,19.0
T-04556,2024-01-08,C145,A0002,2,23.0
T-04557,2024-03-26,C119,A0033,3,9.0
T-04558,2024-02-25,C153,A0005,2,14.5
T-04559,2024-11-21,C125,A0009,1,155.0
T-04560,2024-03-04,C076,A0032,3,9.0
T-04561,2024-05-25,C105,A0010,1,13.5
T-04562,2024-04-09,C110,A0023,1,2.5
T-04563,2024-04-10,C034,A0030,2,12.0
T-04564,2024-02-21,C090,A0005,2,14.5
T-04565,2024-06-12,C115,A0027,2,26.0
T-04566,2024-03-12,C230,A0017,1,9.5
T-04567,2024-11-10,C121,A0033,1,9.0
T-04568,2024-01-28,C120,A0005,1,14.5
T-04569,2024-01-08,C261,A0031,2,12.0
T-04570,2024-02-08,C074,A0031,3,12.0
T-04571,2024-01-11,C045,A0023,1,2.5
T-04572,2024-12-18,C073,A0022,1,8.5
T-04573,2024-07-28,C209,A0019,2,190.0
T-04574,2024-12-25,C229,A0011,2,13.5
T-04575,2024-06-16,C066,A0026,2,26.0
T-04576,2024-04-02,C269,A0032,2,9.0
T-04577,2024-12-27,C080,A0030,2,12.0
T-04578,2024-12-12,C167,A0013,2,32.0
T-04579,2024-02-15,C247,A0007,2,9.0
T-04580,2024-02-21,C285,A0033,2,9.0
T-04581,2024-06-06,C101,A0033,2,9.0
T-04582,2024-11-15,C216,A0020,3,190.0
T-04583,2024-05-19,C061,A0025,1,140.0
T-04584,2024-01-21,C014,A0009,2,155.0
T-04585,2024-06-27,C103,A0030,3,12.0
T-04586,2024-12-18,C091,A0032,1,9.0
T-04587,2024-06-20,C159,A0021,1,6.5
T-04588,2024-06-02,C123,A0028,2,22.0
T-04589,2024-11-19,C130,A0005,2,14.5
T-04590,2024-09-25,C191,A0024,2,2.5
T-04591,2024-12-16,C189,A0009,2,155.0
T-04592,2024-02-24,C274,A0032,2,9.0
T-04593,2024-10-26,C234,A0023,3,2.5
T-04594,2024-05-22,C300,A0021,1,6.5
T-04595,2024-07-12,C197,A0028,1,22.0
T-04596,2024-07-16,C123,A0027,3,26.0
T-04597,2024-07-13,C184,A0026,3,26.0
T-04598,2024-06-20,C073,A0029,2,850.0
T-04599,2024-02-24,C237,A0006,3,14.5
T-04600,2024-05-10,C184,A0024,2,2.5
T-04601,2024-10-19,C289,A0030,2,12.0
T-04602,2024-09-06,C288,A0028,3,22.0
T-04603,2024-01-01,C222,A0033,2,9.0
T-04604,2024-06-25,C106,A0025,1,140.0
T-04605,2024-07-15,C232,A0029,3,850.0
T-04606,2024-03-02,C162,A0020,1,190.0
T-04607,2024-04-28,C172,A0022,1,8.5
T-04608,2024-11-28,C032,A0006,2,14.5
T-04609,2024-07-18,C239,A0028,2,22.0
T-04610,2024-04-13,C011,A0032,2,9.0
T-04611,2024-09-15,C254,A0028,2,22.0
T-04612,2024-12-08,C234,A0022,2,8.5
T-04613,2024-02-19,C127,A0011,1,13.5
T-04614,2024-12-14,C200,A0003,3,23.0
T-04615,2024-02-01,C270,A0031,1,12.0
T-04616,2024-07-02,C127,A0016,1,19.0
T-04617,2024-05-10,C271,A0031,3,12.0
T-04618,2024-08-25,C108,A0015,1,19.0
T-04619,2024-12-20,C202,A0009,1,155.0
T-04620,2024-12-28,C035,A0004,2,14.5
T-04621,2024-01-05,C298,A0004,1,14.5
T-04622,2024-05-04,C235,A0024,2,2.5
T-04623,2024-07-05,C220,A0033,1,9.0
T-04624,2024-04-17,C166,A0017,1,9.5
T-04625,2024-08-08,C262,A0023,2,2.5
T-04626,2024-02-26,C119,A0033,3,9.0
T-04627,2024-07-02,C249,A0023,1,2.5
T-04628,2024-09-02,C262,A0024,2,2.5
T-04629,2024-09-28,C149,A0032,1,9.0
T-04630,2024-01-05,C227,A0006,1,14.5
T-04631,2024-09-26,C223,A0033,2,9.0
T-04632,2024-05-06,C229,A0019,2,190.0
T-04633,2024-12-19,C114,A0031,1,12.0
T-04634,2024-04-06,C136,A0033,2,9.0
T-04635,2024-08-17,C085,A0031,1,12.0
T-04636,2024-02-14,C224,A0025,2,140.0
T-04637,2024-01-22,C287,A0006,1,14.5
T-04638,2024-03-27,C061,A0032,1,9.0
T-04639,2024-02-06,C256,A0030,3,12.0
T-04640,2024-11-03,C134,A0022,3,8.5
T-04641,2024-12-06,C290,A0005,1,14.5
T-04642,2024-07-15,C239,A0027,1,26.0
T-04643,2024-01-15,C189,A0005,2,14.5
T-04644,2024-11-12,C052,A0009,3,155.0
T-04645,2024-06-18,C070,A0033,2,9.0
T-04646,2024-06-10,C164,A0026,1,26.0
T-04647,2024-03-26,C243,A0030,3,12.0
T-04648,2024-02-28,C274,A0033,3,9.0
T-04649,2024-01-13,C182,A0011,1,13.5
T-04650,2024-06-07,C002,A0026,3,26.0
T-04651,2024-11-17,C215,A0001,1,23.0
T-04652,2024-07-15,C014,A0029,1,850.0
T-04653,2024-07-26,C210,A0030,3,12.0
T-04654,2024-07-21,C285,A0032,1,9.0
T-04655,2024-05-09,C098,A0021,3,6.5
T-04656,2024-12-11,C121,A0005,3,14.5
T-04657,2024-09-17,C082,A0030,1,12.0
T-04658,2024-06-19,C243,A0030,1,12.0
T-04659,2024-04-05,C147,A0031,3,12.0
T-04660,2024-07-06,C287,A0026,3,26.0
T-04661,2024-01-22,C095,A0023,3,2.5
T-04662,2024-06-26,C103,A0028,2,22.0
T-04663,2024-02-11,C177,A0002,1,23.0
T-04664,2024-05-06,C038,A0025,1,140.0
T-04665,2024-10-05,C291,A0031,1,12.0
T-04666,2024-11-12,C084,A0023,2,2.5
T-04667,2024-02-12,C118,A0022,2,8.5
T-04668,2024-01-09,C248,A0003,1,23.0
T-04669,2024-07-17,C199,A0029,2,850.0
T-04670,2024-10-24,C183,A0006,2,14.5
T-04671,2024-11-22,C031,A0008,1,155.0
T-04672,2024-02-16,C027,A0003,1,23.0
T-04673,2024-01-21,C121,A0033,1,9.0
T-04674,2024-01-23,C048,A0012,2,13.5
T-04675,2024-12-04,C130,A0011,1,13.5
T-04676,2024-07-11,C079,A0012,2,13.5
T-04677,2024-04-07,C166,A0012,2,13.5
T-04678,2024-09-16,C206,A0030,2,12.0
T-04679,2024-11-15,C058,A0032,1,9.0
T-04680,2024-05-02,C152,A0023,3,2.5
T-04681,2024-11-03,C265,A0019,3,190.0
T-04682,2024-11-15,C020,A0005,3,14.5
T-04683,2024-02-16,C223,A0008,1,155.0
T-04684,2024-10-08,C290,A0003,3,23.0
T-04685,2024-10-26,C001,A0020,3,190.0
T-04686,2024-09-10,C184,A0023,3,2.5
T-04687,2024-02-21,C053,A0033,1,9.0
T-04688,2024-08-02,C180,A0033,2,9.0
T-04689,2024-11-21,C026,A0009,1,155.0
T-04690,2024-03-18,C109,A0032,2,9.0
T-04691,2024-06-24,C019,A0027,1,26.0
T-04692,2024-10-06,C191,A0021,1,6.5
T-04693,2024-07-02,C170,A0021,2,6.5
T-04694,2024-02-14,C292,A0033,2,9.0
T-04695,2024-08-16,C137,A0023,1,2.5
T-04696,2024-10-27,C168,A0007,3,9.0
T-04697,2024-03-03,C161,A0031,3,12.0
T-04698,2024-12-03,C285,A0032,3,9.0
T-04699,2024-12-22,C056,A0009,1,155.0
T-04700,2024-09-22,C123,A0027,3,26.0
T-04701,2024-04-01,C038,A0025,1,140.0
T-04702,2024-02-07,C213,A0002,2,23.0
T-04703,2024-10-09,C278,A0011,3,13.5
T-04704,2024-11-11,C251,A0033,3,9.0
T-04705,2024-02-21,C221,A0001,3,23.0
T-04706,2024-09-28,C266,A0020,3,190.0
T-04707,2024-08-17,C295,A0017,1,9.5
T-04708,2024-12-10,C213,A0009,3,155.0
T-04709,2024-11-07,C179,A0018,2,9.5
T-04710,2024-02-27,C195,A0023,2,2.5
T-04711,2024-03-18,C248,A0013,1,32.0
T-04712,2024-10-03,C046,A0004,1,14.5
T-04713,2024-11-24,C106,A0002,1,23.0
T-04714,2024-04-25,C166,A0013,3,32.0
T-04715,2024-01-28,C094,A0004,3,14.5
T-04716,2024-11-09,C046,A0009,3,155.0
T-04717,2024-10-16,C096,A0005,2,14.5
T-04718,2024-07-27,C005,A0032,3,9.0
T-04719,2024-12-25,C078,A0022,2,8.5
T-04720,2024-12-04,C153,A0002,2,23.0
T-04721,2024-01-23,C003,A0030,2,12.0
T-04722,2024-09-04,C004,A0026,1,26.0
T-04723,2024-07-17,C126,A0029,1,850.0
T-04724,2024-02-15,C117,A0009,3,155.0
T-04725,2024-10-04,C221,A0004,2,14.5
T-04726,2024-05-08,C244,A0031,3,12.0
T-04727,2024-09-09,C300,A0024,3,2.5
T-04728,2024-02-13,C076,A0032,1,9.0
T-04729,2024-07-05,C079,A0020,1,190.0
T-04730,2024-05-07,C233,A0022,1,8.5
T-04731,2024-01-17,C259,A0007,2,9.0
T-04732,2024-12-26,C098,A0016,1,19.0
T-04733,2024-09-22,C019,A0027,2,26.0
T-04734,2024-07-18,C244,A0031,3,12.0
T-04735,2024-04-15,C126,A0022,3,8.5
T-04736,2024-10-28,C228,A0031,3,12.0
T-04737,2024-12-16,C153,A0004,2,14.5
T-04738,2024-05-23,C270,A0031,3,12.0
T-04739,2024-09-03,C022,A0029,1,850.0
T-04740,2024-04-24,C067,A0017,1,9.5
T-04741,2024-04-12,C025,A0030,2,12.0
T-04742,2024-01-19,C293,A0033,1,9.0
T-04743,2024-12-27,C275,A0019,3,190.0
T-04744,2024-04-05,C228,A0030,3,12.0
T-04745,2024-05-17,C122,A0015,1,19.0
T-04746,2024-09-12,C002,A0027,2,26.0
T-04747,2024-07-26,C087,A0026,1,26.0
T-04748,2024-11-10,C112,A0031,1,12.0
T-04749,2024-01-09,C077,A0021,2,6.5
T-04750,2024-02-05,C078,A0031,2,12.0
T-04751,2024-02-18,C150,A0032,3,9.0
T-04752,2024-01-21,C254,A0032,2,9.0
T-04753,2024-11-04,C056,A0008,3,155.0
T-04754,2024-01-15,C200,A0025,3,140.0
T-04755,2024-01-16,C232,A0003,3,23.0
T-04756,2024-05-18,C149,A0032,2,9.0
T-04757,2024-01-14,C064,A0005,3,14.5
T-04758,2024-10-09,C298,A0003,2,23.0
T-04759,2024-06-17,C073,A0011,2,13.5
T-04760,2024-10-06,C156,A0001,3,23.0
T-04761,2024-02-18,C241,A0002,2,23.0
T-04762,2024-11-15,C014,A0030,1,12.0
T-04763,2024-08-04,C163,A0027,3,26.0
T-04764,2024-09-04,C119,A0032,2,9.0
T-04765,2024-09-11,C020,A0031,3,12.0
T-04766,2024-05-17,C284,A0033,3,9.0
T-04767,2024-08-07,C282,A0016,2,19.0
T-04768,2024-10-27,C130,A0013,1,32.0
T-04769,2024-10-19,C162,A0005,3,14.5
T-04770,2024-02-20,C243,A0031,3,12.0
T-04771,2024-10-25,C269,A0012,3,13.5
T-04772,2024-10-18,C070,A0006,2,14.5
T-04773,2024-12-28,C270,A0005,1,14.5
T-04774,2024-06-08,C242,A0024,1,2.5
T-04775,2024-06-22,C137,A0023,2,2.5
T-04776,2024-07-26,C083,A0021,1,6.5
T-04777,2024-12-02,C095,A0025,1,140.0
T-04778,2024-03-10,C136,A0032,1,9.0
T-04779,2024-07-12,C164,A0032,2,9.0
T-04780,2024-11-11,C177,A0003,2,23.0
T-04781,2024-04-13,C066,A0025,1,140.0
T-04782,2024-06-25,C299,A0028,1,22.0
T-04783,2024-07-03,C208,A0032,1,9.0
T-04784,2024-12-10,C235,A0008,3,155.0
T-04785,2024-08-24,C026,A0023,3,2.5
T-04786,2024-03-17,C297,A0023,1,2.5
T-04787,2024-07-22,C240,A0030,3,12.0
T-04788,2024-02-06,C136,A0019,1,190.0
T-04789,2024-09-11,C277,A0012,1,13.5
T-04790,2024-11-12,C047,A0003,3,23.0
T-04791,2024-06-19,C006,A0021,3,6.5
T-04792,2024-11-12,C234,A0001,1,23.0
T-04793,2024-09-11,C233,A0021,2,6.5
T-04794,2024-07-17,C006,A0022,3,8.5
T-04795,2024-07-20,C223,A0033,1,9.0
T-04796,2024-07-10,C282,A0015,1,19.0
T-04797,2024-02-25,C218,A0002,3,23.0
T-04798,2024-11-05,C215,A0004,2,14.5
T-04799,2024-08-19,C154,A0017,1,9.5
T-04800,2024-08-27,C071,A0014,3,32.0
T-04801,2024-06-01,C182,A0031,3,12.0
T-04802,2024-09-04,C089,A0011,2,13.5
T-04803,2024-12-08,C284,A0032,2,9.0
T-04804,2024-10-09,C046,A0008,1,155.0
T-04805,2024-11-28,C151,A0032,2,9.0
T-04806,2024-02-16,C259,A0005,2,14.5
T-04807,2024-02-06,C220,A0033,2,9.0
T-04808,2024-04-13,C299,A0016,1,19.0
T-04809,2024-09-10,C066,A0023,1,2.5
T-04810,2024-01-23,C252,A0005,1,14.5
T-04811,2024-02-08,C251,A0032,1,9.0
T-04812,2024-06-17,C293,A0031,2,12.0
T-04813,2024-10-15,C106,A0022,1,8.5
T-04814,2024-08-19,C227,A0033,2,9.0
T-04815,2024-07-16,C270,A0031,2,12.0
T-04816,2024-04-05,C150,A0017,2,9.5
T-04817,2024-09-15,C220,A0019,2,190.0
T-04818,2024-05-21,C075,A0032,3,9.0
T-04819,2024-07-12,C144,A0033,2,9.0
T-04820,2024-06-23,C222,A0033,3,9.0
T-04821,2024-12-26,C204,A0015,3,19.0
T-04822,2024-06-09,C025,A0026,1,26.0
T-04823,2024-08-03,C077,A0023,3,2.5
T-04824,2024-12-22,C091,A0023,1,2.5
T-04825,2024-10-18,C092,A0003,2,23.0
T-04826,2024-05-11,C295,A0010,2,13.5
T-04827,2024-12-08,C254,A0033,2,9.0
T-04828,2024-12-06,C020,A0003,2,23.0
T-04829,2024-09-18,C065,A0027,1,26.0
T-04830,2024-07-21,C220,A0033,3,9.0
T-04831,2024-02-09,C264,A0025,1,140.0
T-04832,2024-03-14,C139,A0030,3,12.0
T-04833,2024-10-09,C170,A0025,3,140.0
T-04834,2024-01-14,C106,A0023,2,2.5
T-04835,2024-03-24,C278,A0024,1,2.5
T-04836,2024-11-03,C094,A0008,2,155.0
T-04837,2024-03-21,C133,A0012,1,13.5
T-04838,2024-05-05,C044,A0012,1,13.5
T-04839,2024-12-16,C263,A0031,3,12.0
T-04840,2024-03-25,C008,A0033,1,9.0
T-04841,2024-08-08,C029,A0028,2,22.0
T-04842,2024-11-22,C204,A0020,2,190.0
T-04843,2024-03-27,C066,A0023,2,2.5
T-04844,2024-08-06,C114,A0028,2,22.0
T-04845,2024-08-11,C112,A0031,3,12.0
T-04846,2024-01-05,C248,A0011,3,13.5
T-04847,2024-07-18,C061,A0032,2,9.0
T-04848,2024-02-19,C007,A0030,1,12.0
T-04849,2024-09-17,C116,A0026,3,26.0
T-04850,2024-01-24,C168,A0015,2,19.0
T-04851,2024-07-28,C246,A0025,2,140.0
T-04852,2024-08-21,C050,A0022,1,8.5
T-04853,2024-06-22,C042,A0029,2,850.0
T-04854,2024-10-09,C232,A0003,2,23.0
T-04855,2024-11-06,C208,A0033,2,9.0
T-04856,2024-06-23,C072,A0014,1,32.0
T-04857,2024-09-17,C226,A0012,1,13.5
T-04858,2024-11-11,C030,A0023,3,2.5
T-04859,2024-01-23,C078,A0021,2,6.5
T-04860,2024-07-05,C058,A0028,1,22.0
T-04861,2024-07-19,C077,A0021,3,6.5
T-04862,2024-02-06,C280,A0030,3,12.0
T-04863,2024-12-20,C144,A0032,3,9.0
T-04864,2024-11-17,C126,A0023,1,2.5
T-04865,2024-04-13,C158,A0032,3,9.0
T-04866,2024-07-16,C072,A0017,3,9.5
T-04867,2024-12-02,C153,A0025,2,140.0
T-04868,2024-01-23,C276,A0021,3,6.5
T-04869,2024-06-05,C009,A0033,1,9.0
T-04870,2024-08-26,C270,A0031,3,12.0
T-04871,2024-08-22,C205,A0027,2,26.0
T-04872,2024-05-02,C175,A0031,1,12.0
T-04873,2024-06-23,C022,A0028,3,22.0
T-04874,2024-02-06,C063,A0024,2,2.5
T-04875,2024-06-28,C185,A0031,3,12.0
T-04876,2024-12-22,C066,A0022,1,8.5
T-04877,2024-05-17,C273,A0031,2,12.0
T-04878,2024-10-09,C230,A0032,3,9.0
T-04879,2024-07-25,C292,A0029,2,850.0
T-04880,2024-06-27,C002,A0027,2,26.0
T-04881,2024-04-17,C055,A0021,1,6.5
T-04882,2024-02-09,C155,A0033,1,9.0
T-04883,2024-11-10,C130,A0019,3,190.0
T-04884,2024-08-18,C023,A0023,1,2.5
T-04885,2024-06-11,C279,A0024,1,2.5
T-04886,2024-06-09,C027,A0028,1,22.0
T-04887,2024-02-12,C234,A0022,2,8.5
T-04888,2024-09-09,C233,A0025,2,140.0
T-04889,2024-07-11,C090,A0031,2,12.0
T-04890,2024-07-10,C128,A0010,3,13.5
T-04891,2024-01-11,C169,A0006,1,14.5
T-04892,2024-05-23,C076,A0032,2,9.0
T-04893,2024-09-10,C205,A0028,2,22.0
T-04894,2024-10-09,C058,A0008,3,155.0
T-04895,2024-10-17,C252,A0008,2,155.0
T-04896,2024-01-18,C074,A0018,3,9.5
T-04897,2024-11-01,C122,A0009,2,155.0
T-04898,2024-09-08,C258,A0029,1,850.0
T-04899,2024-12-04,C082,A0030,1,12.0
T-04900,2024-10-21,C091,A0032,2,9.0
T-04901,2024-10-19,C097,A0012,1,13.5
T-04902,2024-06-07,C003,A0031,2,12.0
T-04903,2024-07-17,C179,A0027,3,26.0
T-04904,2024-12-14,C151,A0002,3,23.0
T-04905,2024-01-19,C271,A0031,3,12.0
T-04906,2024-10-19,C084,A0021,3,6.5
T-04907,2024-03-05,C007,A0030,2,12.0
T-04908,2024-12-11,C067,A0016,3,19.0
T-04909,2024-01-23,C164,A0011,2,13.5
T-04910,2024-09-22,C045,A0021,1,6.5
T-04911,2024-11-25,C256,A0030,1,12.0
T-04912,2024-03-20,C100,A0019,2,190.0
T-04913,2024-05-27,C224,A0022,3,8.5
T-04914,2024-11-13,C047,A0004,1,14.5
T-04915,2024-06-08,C299,A0013,2,32.0
T-04916,2024-02-01,C184,A0023,1,2.5
T-04917,2024-07-08,C157,A0010,1,13.5
T-04918,2024-08-04,C199,A0029,2,850.0
T-04919,2024-01-22,C027,A0008,2,155.0
T-04920,2024-07-25,C163,A0027,1,26.0
T-04921,2024-10-28,C298,A0008,3,155.0
T-04922,2024-06-16,C066,A0024,3,2.5
T-04923,2024-05-19,C166,A0012,3,13.5
T-04924,2024-09-20,C148,A0011,1,13.5
T-04925,2024-12-07,C125,A0031,1,12.0
T-04926,2024-04-09,C174,A0033,3,9.0
T-04927,2024-11-09,C101,A0033,1,9.0
T-04928,2024-11-27,C091,A0033,2,9.0
T-04929,2024-11-12,C145,A0001,1,23.0
T-04930,2024-11-01,C057,A0001,3,23.0
T-04931,2024-12-18,C129,A0007,1,9.0
T-04932,2024-09-19,C085,A0031,1,12.0
T-04933,2024-06-14,C297,A0025,3,140.0
T-04934,2024-06-02,C144,A0033,2,9.0
T-04935,2024-08-01,C081,A0026,1,26.0
T-04936,2024-01-21,C290,A0004,1,14.5
T-04937,2024-10-18,C291,A0031,1,12.0
T-04938,2024-02-07,C047,A0006,2,14.5
T-04939,2024-04-22,C226,A0011,1,13.5
T-04940,2024-03-26,C142,A0023,2,2.5
T-04941,2024-09-13,C082,A0030,3,12.0
T-04942,2024-03-06,C148,A0032,1,9.0
T-04943,2024-01-10,C118,A0007,2,9.0
T-04944,2024-06-26,C269,A0033,3,9.0
T-04945,2024-12-27,C282,A0011,3,13.5
T-04946,2024-10-19,C063,A0007,3,9.0
T-04947,2024-04-18,C127,A0018,3,9.5
T-04948,2024-07-27,C095,A0021,3,6.5
T-04949,2024-09-23,C242,A0023,2,2.5
T-04950,2024-10-03,C025,A0030,1,12.0
T-04951,2024-04-06,C169,A0032,3,9.0
T-04952,2024-10-15,C105,A0017,2,9.5
T-04953,2024-01-13,C221,A0004,2,14.5
T-04954,2024-08-08,C223,A0026,1,26.0
T-04955,2024-11-09,C178,A0004,3,14.5
T-04956,2024-10-03,C290,A0005,3,14.5
T-04957,2024-09-08,C224,A0022,3,8.5
T-04958,2024-11-18,C233,A0024,2,2.5
T-04959,2024-08-26,C089,A0018,2,9.5
T-04960,2024-03-20,C077,A0024,1,2.5
T-04961,2024-08-14,C087,A0028,1,22.0
T-04962,2024-10-15,C276,A0021,3,6.5
T-04963,2024-09-06,C170,A0023,1,2.5
T-04964,2024-09-19,C107,A0026,3,26.0
T-04965,2024-06-23,C021,A0033,2,9.0
T-04966,2024-01-20,C243,A0031,2,12.0
T-04967,2024-04-19,C080,A0030,3,12.0
T-04968,2024-11-23,C233,A0023,3,2.5
T-04969,2024-06-15,C035,A0024,3,2.5
T-04970,2024-10-06,C104,A0033,1,9.0
T-04971,2024-07-11,C205,A0026,1,26.0
T-04972,2024-07-20,C110,A0025,3,140.0
T-04973,2024-03-25,C010,A0031,2,12.0
T-04974,2024-03-10,C137,A0024,2,2.5
T-04975,2024-08-16,C007,A0030,1,12.0
T-04976,2024-01-15,C027,A0007,1,9.0
T-04977,2024-07-25,C071,A0028,2,22.0
T-04978,2024-06-03,C097,A0029,1,850.0
T-04979,2024-07-25,C268,A0032,3,9.0
T-04980,2024-08-14,C203,A0022,2,8.5
T-04981,2024-04-15,C013,A0023,2,2.5
T-04982,2024-09-22,C119,A0032,2,9.0
T-04983,2024-01-22,C188,A0030,3,12.0
T-04984,2024-01-12,C023,A0024,3,2.5
T-04985,2024-07-01,C106,A0023,2,2.5
T-04986,2024-07-04,C004,A0029,2,850.0
T-04987,2024-02-09,C212,A0007,3,9.0
T-04988,2024-06-28,C185,A0026,2,26.0
T-04989,2024-02-15,C007,A0031,3,12.0
T-04990,2024-01-21,C039,A0021,1,6.5
T-04991,2024-05-13,C223,A0033,3,9.0
T-04992,2024-12-20,C150,A0033,2,9.0
T-04993,2024-08-19,C134,A0011,2,13.5
T-04994,2024-02-14,C158,A0013,1,32.0
T-04995,2024-01-20,C245,A0024,1,2.5
T-04996,2024-12-25,C050,A0022,2,8.5
T-04997,2024-01-13,C263,A0005,1,14.5
T-04998,2024-11-09,C138,A0025,2,140.0
T-04999,2024-12-06,C237,A0009,2,155.0
T-05000,2024-08-06,C135,A0028,3,22.0
T-05001,2024-03-25,C059,A0025,2,140.0
T-05002,2024-07-24,C081,A0029,2,850.0
T-05003,2024-08-17,C110,A0023,2,2.5
T-05004,2024-12-15,C014,A0007,3,9.0
T-05005,2024-10-14,C131,A0024,2,2.5
T-05006,2024-07-05,C065,A0027,2,26.0
T-05007,2024-04-15,C080,A0030,2,12.0
T-05008,2024-02-22,C264,A0024,1,2.5
T-05009,2024-11-11,C145,A0005,3,14.5
T-05010,2024-01-01,C261,A0031,2,12.0
T-05011,2024-11-15,C246,A0008,2,155.0
T-05012,2024-09-04,C251,A0028,1,22.0
T-05013,2024-01-16,C141,A0006,1,14.5
T-05014,2024-02-11,C237,A0007,3,9.0
T-05015,2024-12-03,C208,A0033,3,9.0
T-05016,2024-10-16,C028,A0004,3,14.5
T-05017,2024-08-19,C220,A0032,2,9.0
T-05018,2024-09-26,C174,A0033,1,9.0
T-05019,2024-01-10,C110,A0011,1,13.5
T-05020,2024-07-27,C175,A0030,2,12.0
T-05021,2024-12-20,C036,A0031,3,12.0
T-05022,2024-11-17,C010,A0030,1,12.0
T-05023,2024-12-02,C236,A0021,3,6.5
T-05024,2024-07-08,C167,A0020,2,190.0
T-05025,2024-08-11,C175,A0031,1,12.0
T-05026,2024-10-01,C172,A0025,2,140.0
T-05027,2024-12-05,C076,A0033,2,9.0
T-05028,2024-01-21,C057,A0005,3,14.5
T-05029,2024-10-06,C251,A0032,2,9.0
T-05030,2024-10-23,C117,A0005,3,14.5
T-05031,2024-06-20,C096,A0026,1,26.0
T-05032,2024-03-06,C025,A0030,1,12.0
T-05033,2024-09-05,C163,A0029,1,850.0
T-05034,2024-09-02,C288,A0028,1,22.0
T-05035,2024-01-11,C103,A0031,1,12.0
T-05036,2024-09-21,C013,A0022,2,8.5
T-05037,2024-11-28,C047,A0006,2,14.5
T-05038,2024-04-19,C298,A0024,1,2.5
T-05039,2024-09-25,C173,A0031,2,12.0
T-05040,2024-01-11,C018,A0008,2,155.0
T-05041,2024-07-18,C296,A0030,3,12.0
T-05042,2024-04-21,C211,A0013,2,32.0
T-05043,2024-06-23,C151,A0032,1,9.0
T-05044,2024-12-14,C156,A0008,1,155.0
T-05045,2024-02-22,C216,A0022,3,8.5
T-05046,2024-10-26,C265,A0002,3,23.0
T-05047,2024-07-12,C199,A0029,2,850.0
T-05048,2024-01-10,C235,A0006,2,14.5
T-05049,2024-10-07,C259,A0002,3,23.0
T-05050,2024-02-15,C236,A0001,3,23.0
T-05051,2024-02-02,C023,A0024,2,2.5
T-05052,2024-06-12,C173,A0031,3,12.0
T-05053,2024-05-11,C266,A0014,2,32.0
T-05054,2024-11-21,C153,A0005,1,14.5
T-05055,2024-10-15,C120,A0002,2,23.0
T-05056,2024-02-20,C167,A0013,2,32.0
T-05057,2024-05-27,C104,A0033,2,9.0
T-05058,2024-09-19,C172,A0021,3,6.5
T-05059,2024-02-15,C276,A0006,2,14.5
T-05060,2024-03-23,C226,A0016,3,19.0
T-05061,2024-02-19,C129,A0014,2,32.0
T-05062,2024-04-07,C129,A0017,2,9.5
T-05063,2024-05-16,C258,A0032,1,9.0
T-05064,2024-03-08,C255,A0032,3,9.0
T-05065,2024-05-15,C112,A0030,1,12.0
T-05066,2024-06-11,C212,A0023,1,2.5
T-05067,2024-06-20,C101,A0032,3,9.0
T-05068,2024-09-16,C173,A0031,3,12.0
T-05069,2024-02-08,C029,A0008,2,155.0
T-05070,2024-08-02,C196,A0028,2,22.0
T-05071,2024-01-08,C147,A0030,1,12.0
T-05072,2024-02-06,C018,A0032,1,9.0
T-05073,2024-03-18,C255,A0033,1,9.0
T-05074,2024-12-21,C220,A0032,1,9.0
T-05075,2024-04-25,C030,A0024,2,2.5
T-05076,2024-02-08,C062,A0030,1,12.0
T-05077,2024-07-15,C139,A0030,1,12.0
T-05078,2024-09-26,C253,A0028,2,22.0
T-05079,2024-06-11,C209,A0018,2,9.5
T-05080,2024-08-23,C109,A0033,1,9.0
T-05081,2024-12-27,C010,A0007,1,9.0
T-05082,2024-01-01,C164,A0001,3,23.0
T-05083,2024-10-12,C111,A0011,2,13.5
T-05084,2024-04-16,C159,A0012,1,13.5
T-05085,2024-01-10,C255,A0033,3,9.0
T-05086,2024-03-05,C105,A0019,2,190.0
T-05087,2024-06-28,C287,A0026,2,26.0
T-05088,2024-08-23,C158,A0015,1,19.0
T-05089,2024-09-14,C089,A0017,3,9.5
T-05090,2024-11-16,C206,A0004,1,14.5
T-05091,2024-12-02,C248,A0019,2,190.0
T-05092,2024-12-21,C120,A0007,2,9.0
T-05093,2024-08-02,C257,A0024,1,2.5
T-05094,2024-01-25,C210,A0030,1,12.0
T-05095,2024-08-25,C196,A0027,1,26.0
T-05096,2024-06-04,C147,A0030,1,12.0
T-05097,2024-04-02,C080,A0030,3,12.0
T-05098,2024-01-05,C030,A0021,1,6.5
T-05099,2024-02-14,C075,A0033,1,9.0
T-05100,2024-11-05,C235,A0006,1,14.5
T-05101,2024-02-02,C252,A0002,3,23.0
T-05102,2024-09-08,C081,A0027,1,26.0
T-05103,2024-09-24,C114,A0031,1,12.0
T-05104,2024-10-08,C186,A0032,2,9.0
T-05105,2024-07-07,C226,A0018,3,9.5
T-05106,2024-01-01,C100,A0005,3,14.5
T-05107,2024-12-26,C014,A0002,3,23.0
T-05108,2024-02-01,C232,A0009,2,155.0
T-05109,2024-03-13,C264,A0025,3,140.0
T-05110,2024-04-11,C038,A0025,3,140.0
T-05111,2024-01-01,C197,A0025,2,140.0
T-05112,2024-07-06,C194,A0022,1,8.5
T-05113,2024-12-26,C204,A0016,3,19.0
T-05114,2024-09-25,C161,A0030,3,12.0
T-05115,2024-11-14,C069,A0032,1,9.0
T-05116,2024-12-25,C187,A0006,3,14.5
T-05117,2024-10-24,C018,A0032,1,9.0
T-05118,2024-06-09,C217,A0021,3,6.5
T-05119,2024-12-28,C293,A0031,1,12.0
T-05120,2024-09-17,C196,A0026,2,26.0
T-05121,2024-03-17,C277,A0017,1,9.5
T-05122,2024-12-07,C038,A0022,3,8.5
T-05123,2024-10-21,C052,A0001,2,23.0
T-05124,2024-09-22,C219,A0028,3,22.0
T-05125,2024-11-17,C145,A0007,1,9.0
T-05126,2024-11-16,C120,A0004,1,14.5
T-05127,2024-06-10,C148,A0033,3,9.0
T-05128,2024-06-01,C191,A0025,3,140.0
T-05129,2024-09-08,C191,A0025,2,140.0
T-05130,2024-11-28,C187,A0003,3,23.0
T-05131,2024-06-25,C272,A0026,1,26.0
T-05132,2024-10-08,C290,A0008,3,155.0
T-05133,2024-12-02,C137,A0025,1,140.0
T-05134,2024-06-23,C086,A0028,1,22.0
T-05135,2024-06-17,C021,A0032,3,9.0
T-05136,2024-11-20,C047,A0006,3,14.5
T-05137,2024-08-03,C184,A0024,1,2.5
T-05138,2024-01-16,C299,A0015,2,19.0
T-05139,2024-06-21,C016,A0029,3,850.0
T-05140,2024-02-08,C198,A0032,3,9.0
T-05141,2024-11-04,C241,A0007,2,9.0
T-05142,2024-08-11,C239,A0028,1,22.0
T-05143,2024-04-10,C167,A0011,2,13.5
T-05144,2024-11-04,C120,A0007,2,9.0
T-05145,2024-06-02,C239,A0027,1,26.0
T-05146,2024-11-19,C195,A0023,2,2.5
T-05147,2024-11-19,C268,A0033,2,9.0
T-05148,2024-05-25,C200,A0022,3,8.5
T-05149,2024-07-13,C254,A0032,2,9.0
T-05150,2024-09-03,C038,A0024,3,2.5
T-05151,2024-02-16,C117,A0008,1,155.0
T-05152,2024-07-03,C239,A0026,1,26.0
T-05153,2024-03-15,C210,A0031,1,12.0
T-05154,2024-08-04,C004,A0017,2,9.5
T-05155,2024-11-18,C299,A0009,3,155.0
T-05156,2024-05-28,C118,A0022,1,8.5
T-05157,2024-08-27,C243,A0030,1,12.0
T-05158,2024-08-17,C097,A0029,2,850.0
T-05159,2024-08-01,C040,A0028,1,22.0
T-05160,2024-10-25,C028,A0001,2,23.0
T-05161,2024-10-01,C271,A0001,2,23.0
T-05162,2024-04-20,C208,A0032,3,9.0
T-05163,2024-09-05,C065,A0026,3,26.0
T-05164,2024-06-26,C101,A0033,3,9.0
T-05165,2024-02-16,C058,A0032,1,9.0
T-05166,2024-10-23,C099,A0019,1,190.0
T-05167,2024-06-01,C081,A0027,1,26.0
T-05168,2024-01-19,C053,A0032,2,9.0
T-05169,2024-11-24,C160,A0025,3,140.0
T-05170,2024-10-18,C049,A0002,1,23.0
T-05171,2024-06-08,C262,A0025,2,140.0
T-05172,2024-03-01,C078,A0025,2,140.0
T-05173,2024-02-08,C177,A0004,1,14.5
T-05174,2024-09-16,C289,A0031,1,12.0
T-05175,2024-06-03,C198,A0027,1,26.0
T-05176,2024-11-22,C117,A0008,2,155.0
T-05177,2024-10-13,C280,A0015,2,19.0
T-05178,2024-03-20,C240,A0030,1,12.0
T-05179,2024-06-07,C143,A0023,2,2.5
T-05180,2024-06-10,C019,A0028,3,22.0
T-05181,2024-07-24,C114,A0031,3,12.0
T-05182,2024-11-10,C122,A0030,1,12.0
T-05183,2024-08-16,C133,A0028,1,22.0
T-05184,2024-09-25,C250,A0029,1,850.0
T-05185,2024-02-01,C188,A0030,3,12.0
T-05186,2024-09-17,C239,A0028,2,22.0
T-05187,2024-02-16,C136,A0033,2,9.0
T-05188,2024-01-01,C054,A0017,1,9.5
T-05189,2024-07-05,C022,A0028,2,22.0
T-05190,2024-02-03,C279,A0022,1,8.5
T-05191,2024-01-17,C203,A0021,2,6.5
T-05192,2024-08-24,C274,A0032,2,9.0
T-05193,2024-08-11,C166,A0017,2,9.5
T-05194,2024-07-10,C144,A0032,3,9.0
T-05195,2024-08-08,C112,A0030,2,12.0
T-05196,2024-07-21,C012,A0032,2,9.0
T-05197,2024-10-20,C015,A0017,2,9.5
T-05198,2024-06-05,C165,A0033,2,9.0
T-05199,2024-04-06,C053,A0033,2,9.0
T-05200,2024-11-23,C090,A0031,1,12.0
T-05201,2024-03-09,C110,A0024,2,2.5
T-05202,2024-06-07,C071,A0027,2,26.0
T-05203,2024-07-25,C033,A0030,3,12.0
T-05204,2024-02-24,C105,A0015,3,19.0
T-05205,2024-01-17,C070,A0033,1,9.0
T-05206,2024-12-01,C176,A0022,3,8.5
T-05207,2024-06-18,C054,A0029,1,850.0
T-05208,2024-02-09,C238,A0016,1,19.0
T-05209,2024-02-15,C227,A0032,2,9.0
T-05210,2024-02-17,C214,A0030,1,12.0
T-05211,2024-06-22,C039,A0025,1,140.0
T-05212,2024-11-06,C147,A0030,3,12.0
T-05213,2024-04-05,C187,A0031,3,12.0
T-05214,2024-08-04,C009,A0032,1,9.0
T-05215,2024-09-17,C297,A0024,1,2.5
T-05216,2024-05-19,C278,A0031,3,12.0
T-05217,2024-07-02,C260,A0022,2,8.5
T-05218,2024-07-13,C141,A0019,3,190.0
T-05219,2024-12-16,C189,A0006,1,14.5
T-05220,2024-01-27,C094,A0004,1,14.5
T-05221,2024-08-02,C054,A0027,2,26.0
T-05222,2024-01-23,C030,A0025,2,140.0
T-05223,2024-08-09,C293,A0031,3,12.0
T-05224,2024-01-12,C300,A0033,1,9.0
T-05225,2024-10-22,C060,A0007,1,9.0
T-05226,2024-09-16,C275,A0028,1,22.0
T-05227,2024-05-15,C230,A0033,1,9.0
T-05228,2024-10-07,C141,A0031,2,12.0
T-05229,2024-02-24,C238,A0024,2,2.5
T-05230,2024-12-18,C008,A0006,3,14.5
T-05231,2024-07-01,C278,A0029,1,850.0
T-05232,2024-01-09,C066,A0025,3,140.0
T-05233,2024-01-14,C046,A0005,3,14.5
T-05234,2024-07-17,C267,A0026,1,26.0
T-05235,2024-02-04,C121,A0032,2,9.0
T-05236,2024-09-17,C300,A0024,1,2.5
T-05237,2024-08-10,C066,A0020,3,190.0
T-05238,2024-10-27,C091,A0005,2,14.5
T-05239,2024-11-08,C221,A0001,3,23.0
T-05240,2024-01-04,C119,A0032,2,9.0
T-05241,2024-01-11,C229,A0019,2,190.0
T-05242,2024-05-26,C272,A0012,1,13.5
T-05243,2024-12-18,C129,A0009,3,155.0
T-05244,2024-09-16,C249,A0023,1,2.5
T-05245,2024-09-19,C133,A0029,1,850.0
T-05246,2024-11-27,C216,A0025,2,140.0
T-05247,2024-07-02,C205,A0028,1,22.0
T-05248,2024-05-10,C005,A0033,2,9.0
T-05249,2024-06-07,C130,A0011,1,13.5
T-05250,2024-04-11,C294,A0033,2,9.0
T-05251,2024-04-02,C160,A0025,3,140.0
T-05252,2024-12-11,C052,A0008,2,155.0
T-05253,2024-03-07,C245,A0025,3,140.0
T-05254,2024-06-23,C065,A0026,1,26.0
T-05255,2024-06-05,C199,A0027,3,26.0
T-05256,2024-02-28,C187,A0003,3,23.0
T-05257,2024-05-14,C129,A0015,3,19.0
T-05258,2024-05-02,C074,A0031,3,12.0
T-05259,2024-11-20,C091,A0033,2,9.0
T-05260,2024-09-25,C097,A0028,3,22.0
T-05261,2024-04-15,C080,A0031,3,12.0
T-05262,2024-10-09,C294,A0030,2,12.0
T-05263,2024-06-14,C003,A0030,3,12.0
T-05264,2024-04-25,C092,A0033,3,9.0
T-05265,2024-10-03,C095,A0010,3,13.5
T-05266,2024-05-15,C062,A0030,3,12.0
T-05267,2024-11-07,C084,A0022,3,8.5
T-05268,2024-02-08,C047,A0009,2,155.0
T-05269,2024-12-02,C169,A0032,1,9.0
T-05270,2024-01-04,C273,A0031,2,12.0
T-05271,2024-07-04,C066,A0023,2,2.5
T-05272,2024-09-18,C139,A0031,3,12.0
T-05273,2024-02-21,C073,A0022,1,8.5
T-05274,2024-10-26,C121,A0033,1,9.0
T-05275,2024-11-07,C008,A0009,2,155.0
T-05276,2024-02-09,C048,A0025,1,140.0
T-05277,2024-02-18,C130,A0011,1,13.5
T-05278,2024-12-02,C281,A0030,3,12.0
T-05279,2024-03-24,C066,A0032,2,9.0
T-05280,2024-10-24,C297,A0022,2,8.5
T-05281,2024-05-07,C162,A0021,3,6.5
T-05282,2024-10-16,C154,A0032,2,9.0
T-05283,2024-02-15,C220,A0032,3,9.0
T-05284,2024-05-18,C262,A0011,1,13.5
T-05285,2024-07-16,C266,A0011,2,13.5
T-05286,2024-11-02,C005,A0033,1,9.0
T-05287,2024-10-28,C238,A0002,3,23.0
T-05288,2024-04-22,C005,A0033,1,9.0
T-05289,2024-10-03,C023,A0024,2,2.5
T-05290,2024-06-20,C032,A0024,1,2.5
T-05291,2024-02-24,C165,A0032,2,9.0
T-05292,2024-02-10,C292,A0014,1,32.0
T-05293,2024-12-20,C129,A0019,2,190.0
T-05294,2024-12-24,C212,A0002,2,23.0
T-05295,2024-09-27,C123,A0027,2,26.0
T-05296,2024-01-07,C127,A0023,1,2.5
T-05297,2024-02-10,C125,A0002,1,23.0
T-05298,2024-06-25,C048,A0017,3,9.5
T-05299,2024-01-14,C265,A0009,2,155.0
T-05300,2024-09-26,C042,A0029,2,850.0
T-05301,2024-09-11,C300,A0025,1,140.0
T-05302,2024-11-08,C178,A0004,1,14.5
T-05303,2024-10-15,C276,A0021,2,6.5
T-05304,2024-09-23,C128,A0029,3,850.0
T-05305,2024-02-18,C254,A0032,3,9.0
T-05306,2024-09-26,C199,A0029,1,850.0
T-05307,2024-01-27,C221,A0002,1,23.0
T-05308,2024-07-01,C233,A0024,1,2.5
T-05309,2024-01-28,C125,A0007,1,9.0
T-05310,2024-08-24,C247,A0018,3,9.5
T-05311,2024-03-28,C101,A0033,2,9.0
T-05312,2024-10-27,C131,A0025,3,140.0
T-05313,2024-11-03,C068,A0033,1,9.0
T-05314,2024-06-13,C151,A0028,3,22.0
T-05315,2024-01-17,C138,A0023,1,2.5
T-05316,2024-02-06,C141,A0004,3,14.5
T-05317,2024-11-09,C238,A0004,1,14.5
T-05318,2024-07-15,C270,A0031,3,12.0
T-05319,2024-11-05,C063,A0021,2,6.5
T-05320,2024-11-17,C290,A0006,1,14.5
T-05321,2024-07-26,C258,A0033,1,9.0
T-05322,2024-11-11,C149,A0033,2,9.0
T-05323,2024-02-25,C130,A0012,1,13.5
T-05324,2024-06-25,C061,A0032,1,9.0
T-05325,2024-05-14,C010,A0017,1,9.5
T-05326,2024-10-06,C276,A0021,1,6.5
T-05327,2024-07-10,C097,A0029,2,850.0
T-05328,2024-05-05,C104,A0033,1,9.0
T-05329,2024-02-23,C172,A0025,2,140.0
T-05330,2024-02-16,C056,A0007,2,9.0
T-05331,2024-07-19,C233,A0023,1,2.5
T-05332,2024-11-03,C037,A0001,3,23.0
T-05333,2024-07-18,C100,A0022,2,8.5
T-05334,2024-02-27,C235,A0019,1,190.0
T-05335,2024-06-23,C238,A0022,3,8.5
T-05336,2024-02-02,C158,A0033,1,9.0
T-05337,2024-09-25,C081,A0028,2,22.0
T-05338,2024-01-10,C290,A0005,2,14.5
T-05339,2024-04-14,C282,A0013,3,32.0
T-05340,2024-05-07,C011,A0033,3,9.0
T-05341,2024-03-02,C057,A0015,3,19.0
T-05342,2024-12-14,C297,A0005,2,14.5
T-05343,2024-03-09,C208,A0033,1,9.0
T-05344,2024-05-06,C182,A0030,1,12.0
T-05345,2024-12-05,C161,A0031,2,12.0
T-05346,2024-08-07,C081,A0029,3,850.0
T-05347,2024-11-25,C110,A0021,1,6.5
T-05348,2024-11-21,C037,A0008,2,155.0
T-05349,2024-07-06,C029,A0026,3,26.0
T-05350,2024-04-21,C102,A0031,2,12.0
T-05351,2024-05-17,C274,A0033,1,9.0
T-05352,2024-05-18,C249,A0023,3,2.5
T-05353,2024-02-17,C153,A0001,1,23.0
T-05354,2024-01-21,C220,A0032,2,9.0
T-05355,2024-11-13,C076,A0010,1,13.5
T-05356,2024-02-28,C106,A0018,1,9.5
T-05357,2024-07-06,C185,A0029,1,850.0
T-05358,2024-11-22,C108,A0030,3,12.0
T-05359,2024-07-20,C185,A0029,1,850.0
T-05360,2024-05-24,C062,A0030,1,12.0
T-05361,2024-12-14,C227,A0002,1,23.0
T-05362,2024-09-21,C165,A0010,2,13.5
T-05363,2024-07-02,C033,A0031,2,12.0
T-05364,2024-03-08,C165,A0033,1,9.0
T-05365,2024-03-01,C051,A0019,3,190.0
T-05366,2024-04-16,C279,A0022,1,8.5
T-05367,2024-05-08,C038,A0025,3,140.0
T-05368,2024-12-13,C270,A0008,3,155.0
T-05369,2024-10-22,C078,A0021,1,6.5
T-05370,2024-06-03,C175,A0030,1,12.0
T-05371,2024-03-02,C159,A0025,3,140.0
T-05372,2024-06-25,C001,A0013,1,32.0
T-05373,2024-07-14,C135,A0028,1,22.0
T-05374,2024-06-04,C199,A0028,1,22.0
T-05375,2024-09-28,C157,A0010,1,13.5
T-05376,2024-11-22,C212,A0005,2,14.5
T-05377,2024-12-23,C135,A0033,1,9.0
T-05378,2024-10-15,C020,A0031,3,12.0
T-05379,2024-08-10,C171,A0033,1,9.0
T-05380,2024-06-11,C280,A0030,3,12.0
T-05381,2024-01-07,C266,A0015,3,19.0
T-05382,2024-09-17,C190,A0032,2,9.0
T-05383,2024-07-03,C126,A0025,1,140.0
T-05384,2024-12-04,C233,A0024,1,2.5
T-05385,2024-08-07,C001,A0015,3,19.0
T-05386,2024-06-07,C170,A0025,3,140.0
T-05387,2024-05-05,C200,A0025,1,140.0
T-05388,2024-11-03,C226,A0014,3,32.0
T-05389,2024-11-28,C070,A0033,1,9.0
T-05390,2024-01-26,C187,A0009,1,155.0
T-05391,2024-04-19,C182,A0031,2,12.0
T-05392,2024-10-22,C064,A0006,3,14.5
T-05393,2024-11-08,C038,A0022,1,8.5
T-05394,2024-10-02,C063,A0024,3,2.5
T-05395,2024-08-28,C200,A0022,2,8.5
T-05396,2024-12-26,C248,A0020,1,190.0
T-05397,2024-01-13,C128,A0011,3,13.5
T-05398,2024-10-07,C020,A0010,3,13.5
T-05399,2024-12-10,C096,A0003,3,23.0
T-05400,2024-07-02,C004,A0029,1,850.0
T-05401,2024-07-06,C115,A0026,2,26.0
T-05402,2024-03-09,C035,A0017,3,9.5
T-05403,2024-10-13,C051,A0016,1,19.0
T-05404,2024-06-25,C030,A0024,2,2.5
T-05405,2024-04-04,C080,A0030,1,12.0
T-05406,2024-05-25,C148,A0033,1,9.0
T-05407,2024-08-28,C197,A0028,2,22.0
T-05408,2024-02-05,C066,A0023,1,2.5
T-05409,2024-08-19,C129,A0016,1,19.0
T-05410,2024-04-16,C270,A0017,2,9.5
T-05411,2024-11-04,C215,A0008,1,155.0
T-05412,2024-10-03,C258,A0032,1,9.0
T-05413,2024-11-17,C236,A0008,2,155.0
T-05414,2024-09-16,C163,A0027,1,26.0
T-05415,2024-01-10,C246,A0008,3,155.0
T-05416,2024-07-17,C286,A0030,3,12.0
T-05417,2024-01-16,C252,A0007,2,9.0
T-05418,2024-03-25,C217,A0021,1,6.5
T-05419,2024-12-24,C050,A0024,3,2.5
T-05420,2024-10-27,C237,A0008,1,155.0
T-05421,2024-01-08,C034,A0008,3,155.0
T-05422,2024-10-20,C064,A0007,1,9.0
T-05423,2024-07-08,C181,A0026,2,26.0
T-05424,2024-07-11,C151,A0032,2,9.0
T-05425,2024-09-20,C142,A0024,1,2.5
T-05426,2024-11-11,C057,A0009,1,155.0
T-05427,2024-05-13,C284,A0033,3,9.0
T-05428,2024-08-18,C167,A0015,1,19.0
T-05429,2024-07-23,C182,A0031,1,12.0
T-05430,2024-02-24,C229,A0011,1,13.5
T-05431,2024-09-11,C006,A0022,2,8.5
T-05432,2024-12-01,C180,A0033,3,9.0
T-05433,2024-03-28,C001,A0010,1,13.5
T-05434,2024-07-08,C293,A0018,1,9.5
T-05435,2024-08-16,C131,A0021,3,6.5
T-05436,2024-04-11,C262,A0025,1,140.0
T-05437,2024-07-26,C002,A0028,1,22.0
T-05438,2024-03-25,C085,A0011,1,13.5
T-05439,2024-01-17,C082,A0031,3,12.0
T-05440,2024-07-09,C280,A0030,2,12.0
T-05441,2024-11-08,C138,A0022,3,8.5
T-05442,2024-01-28,C102,A0030,1,12.0
T-05443,2024-08-22,C146,A0012,3,13.5
T-05444,2024-08-11,C096,A0026,2,26.0
T-05445,2024-09-18,C069,A0027,2,26.0
T-05446,2024-04-13,C148,A0032,1,9.0
T-05447,2024-06-02,C151,A0033,3,9.0
T-05448,2024-02-27,C234,A0002,1,23.0
T-05449,2024-10-01,C128,A0009,3,155.0
T-05450,2024-02-25,C187,A0008,3,155.0
T-05451,2024-04-27,C269,A0033,3,9.0
T-05452,2024-06-26,C005,A0033,3,9.0
T-05453,2024-02-21,C222,A0023,1,2.5
T-05454,2024-01-19,C295,A0014,3,32.0
T-05455,2024-08-15,C090,A0031,2,12.0
T-05456,2024-08-05,C031,A0014,2,32.0
T-05457,2024-01-12,C072,A0016,2,19.0
T-05458,2024-07-26,C257,A0010,3,13.5
T-05459,2024-02-07,C206,A0003,3,23.0
T-05460,2024-11-06,C290,A0032,2,9.0
T-05461,2024-09-05,C104,A0032,2,9.0
T-05462,2024-11-04,C046,A0001,1,23.0
T-05463,2024-10-05,C128,A0011,2,13.5
T-05464,2024-04-11,C033,A0030,2,12.0
T-05465,2024-12-15,C202,A0002,2,23.0
T-05466,2024-04-02,C116,A0014,2,32.0
T-05467,2024-07-16,C093,A0032,2,9.0
T-05468,2024-02-02,C174,A0025,1,140.0
T-05469,2024-10-06,C168,A0019,2,190.0
T-05470,2024-12-27,C182,A0019,1,190.0
T-05471,2024-08-21,C152,A0025,3,140.0
T-05472,2024-04-26,C152,A0022,2,8.5
T-05473,2024-03-21,C271,A0031,1,12.0
T-05474,2024-10-20,C047,A0008,3,155.0
T-05475,2024-11-01,C089,A0010,2,13.5
T-05476,2024-02-10,C235,A0004,2,14.5
T-05477,2024-05-05,C226,A0023,1,2.5
T-05478,2024-12-24,C200,A0001,1,23.0
T-05479,2024-06-08,C194,A0029,2,850.0
T-05480,2024-11-24,C244,A0013,3,32.0
T-05481,2024-09-02,C039,A0012,1,13.5
T-05482,2024-07-09,C148,A0033,2,9.0
T-05483,2024-12-01,C223,A0033,2,9.0
T-05484,2024-04-14,C245,A0025,1,140.0
T-05485,2024-04-10,C195,A0021,1,6.5
T-05486,2024-11-04,C137,A0024,3,2.5
T-05487,2024-06-13,C291,A0030,3,12.0
T-05488,2024-01-09,C112,A0030,2,12.0
T-05489,2024-06-09,C186,A0033,3,9.0
T-05490,2024-07-25,C078,A0021,3,6.5
T-05491,2024-03-13,C234,A0025,2,140.0
T-05492,2024-02-23,C023,A0032,2,9.0
T-05493,2024-10-19,C008,A0006,2,14.5
T-05494,2024-12-05,C066,A0024,3,2.5
T-05495,2024-06-28,C224,A0025,1,140.0
T-05496,2024-10-01,C154,A0033,3,9.0
T-05497,2024-12-24,C089,A0014,1,32.0
T-05498,2024-08-20,C072,A0018,2,9.5
T-05499,2024-03-26,C079,A0010,2,13.5
T-05500,2024-05-23,C107,A0013,3,32.0
T-05501,2024-12-01,C021,A0033,1,9.0
T-05502,2024-07-27,C077,A0024,1,2.5
T-05503,2024-09-25,C124,A0033,2,9.0
T-05504,2024-11-15,C252,A0004,1,14.5
T-05505,2024-06-01,C019,A0029,1,850.0
T-05506,2024-12-05,C121,A0008,1,155.0
T-05507,2024-04-25,C100,A0022,3,8.5
T-05508,2024-10-11,C056,A0003,1,23.0
T-05509,2024-10-21,C238,A0024,3,2.5
T-05510,2024-09-15,C037,A0010,1,13.5
T-05511,2024-05-23,C262,A0024,1,2.5
T-05512,2024-02-05,C043,A0015,1,19.0
T-05513,2024-01-26,C202,A0008,3,155.0
T-05514,2024-10-13,C023,A0023,2,2.5
T-05515,2024-01-15,C272,A0004,1,14.5
T-05516,2024-09-28,C016,A0026,1,26.0
T-05517,2024-07-01,C154,A0028,3,22.0
T-05518,2024-06-07,C170,A0025,3,140.0
T-05519,2024-08-08,C007,A0031,3,12.0
T-05520,2024-11-14,C238,A0030,3,12.0
T-05521,2024-02-07,C222,A0032,1,9.0
T-05522,2024-07-23,C079,A0017,3,9.5
T-05523,2024-02-07,C147,A0030,3,12.0
T-05524,2024-02-04,C269,A0033,3,9.0
T-05525,2024-02-11,C134,A0024,3,2.5
T-05526,2024-07-12,C230,A0033,2,9.0
T-05527,2024-02-11,C077,A0023,1,2.5
T-05528,2024-04-01,C244,A0031,1,12.0
T-05529,2024-01-22,C217,A0023,1,2.5
T-05530,2024-11-22,C162,A0003,3,23.0
T-05531,2024-08-16,C222,A0026,3,26.0
T-05532,2024-07-03,C054,A0026,2,26.0
T-05533,2024-04-19,C285,A0011,3,13.5
T-05534,2024-07-18,C067,A0018,1,9.5
T-05535,2024-06-05,C276,A0024,3,2.5
T-05536,2024-01-28,C048,A0014,3,32.0
T-05537,2024-05-02,C011,A0017,3,9.5
T-05538,2024-04-14,C233,A0025,3,140.0
T-05539,2024-06-08,C110,A0021,2,6.5
T-05540,2024-01-04,C085,A0031,3,12.0
T-05541,2024-03-14,C044,A0013,3,32.0
T-05542,2024-09-02,C282,A0010,2,13.5
T-05543,2024-05-03,C090,A0031,1,12.0
T-05544,2024-02-01,C145,A0005,2,14.5
T-05545,2024-08-18,C139,A0031,2,12.0
T-05546,2024-01-03,C125,A0001,3,23.0
T-05547,2024-08-01,C299,A0016,2,19.0
T-05548,2024-09-10,C097,A0028,2,22.0
T-05549,2024-08-06,C256,A0030,2,12.0
T-05550,2024-12-13,C134,A0024,2,2.5
T-05551,2024-06-04,C054,A0026,3,26.0
T-05552,2024-01-23,C087,A0003,1,23.0
T-05553,2024-11-10,C060,A0004,1,14.5
T-05554,2024-05-18,C125,A0018,1,9.5
T-05555,2024-12-10,C125,A0005,3,14.5
T-05556,2024-03-06,C194,A0024,1,2.5
T-05557,2024-01-15,C014,A0008,2,155.0
T-05558,2024-06-27,C184,A0016,2,19.0
T-05559,2024-02-11,C145,A0004,2,14.5
T-05560,2024-05-26,C234,A0025,1,140.0
T-05561,2024-07-13,C029,A0027,2,26.0
T-05562,2024-12-19,C218,A0005,1,14.5
T-05563,2024-08-17,C054,A0026,2,26.0
T-05564,2024-10-20,C060,A0009,3,155.0
T-05565,2024-11-28,C091,A0033,2,9.0
T-05566,2024-01-03,C259,A0007,3,9.0
T-05567,2024-08-08,C287,A0027,1,26.0
T-05568,2024-05-12,C084,A0021,1,6.5
T-05569,2024-03-20,C204,A0011,3,13.5
T-05570,2024-10-21,C231,A0002,3,23.0
T-05571,2024-09-05,C016,A0028,2,22.0
T-05572,2024-12-14,C241,A0001,1,23.0
T-05573,2024-02-11,C144,A0032,2,9.0
T-05574,2024-10-08,C200,A0024,3,2.5
T-05575,2024-05-14,C236,A0023,3,2.5
T-05576,2024-03-28,C232,A0015,2,19.0
T-05577,2024-01-10,C134,A0025,3,140.0
T-05578,2024-10-24,C008,A0009,3,155.0
T-05579,2024-09-14,C113,A0028,3,22.0
T-05580,2024-07-27,C015,A0026,2,26.0
T-05581,2024-03-22,C073,A0023,3,2.5
T-05582,2024-08-26,C146,A0026,1,26.0
T-05583,2024-06-06,C147,A0030,1,12.0
T-05584,2024-08-25,C055,A0024,1,2.5
T-05585,2024-06-05,C118,A0024,3,2.5
T-05586,2024-04-19,C263,A0030,2,12.0
T-05587,2024-02-10,C147,A0007,2,9.0
T-05588,2024-07-24,C041,A0032,2,9.0
T-05589,2024-02-19,C020,A0031,1,12.0
T-05590,2024-12-03,C147,A0031,3,12.0
T-05591,2024-01-27,C195,A0015,2,19.0
T-05592,2024-08-03,C086,A0029,3,850.0
T-05593,2024-07-26,C034,A0031,3,12.0
T-05594,2024-02-22,C038,A0025,2,140.0
T-05595,2024-04-21,C170,A0021,3,6.5
T-05596,2024-10-07,C288,A0003,2,23.0
T-05597,2024-10-23,C086,A0002,2,23.0
T-05598,2024-08-23,C205,A0028,3,22.0
T-05599,2024-11-18,C046,A0004,2,14.5
T-05600,2024-02-16,C180,A0033,2,9.0
T-05601,2024-06-24,C151,A0011,2,13.5
T-05602,2024-08-06,C137,A0022,1,8.5
T-05603,2024-07-10,C069,A0027,3,26.0
T-05604,2024-08-28,C264,A0021,3,6.5
T-05605,2024-04-05,C080,A0030,3,12.0
T-05606,2024-08-07,C044,A0015,2,19.0
T-05607,2024-01-07,C003,A0030,2,12.0
T-05608,2024-02-26,C295,A0018,3,9.5
T-05609,2024-01-11,C261,A0030,1,12.0
T-05610,2024-09-08,C107,A0029,2,850.0
T-05611,2024-01-22,C014,A0005,1,14.5
T-05612,2024-11-26,C276,A0022,3,8.5
T-05613,2024-03-09,C035,A0019,2,190.0
T-05614,2024-11-01,C297,A0023,2,2.5
T-05615,2024-04-12,C286,A0032,1,9.0
T-05616,2024-02-07,C059,A0025,3,140.0
T-05617,2024-09-28,C073,A0028,1,22.0
T-05618,2024-10-27,C297,A0022,2,8.5
T-05619,2024-02-26,C186,A0033,1,9.0
T-05620,2024-05-14,C160,A0024,2,2.5
T-05621,2024-11-28,C064,A0003,1,23.0
T-05622,2024-03-25,C099,A0015,2,19.0
T-05623,2024-09-01,C184,A0025,1,140.0
T-05624,2024-09-16,C192,A0019,2,190.0
T-05625,2024-01-09,C178,A0007,3,9.0
T-05626,2024-05-17,C201,A0025,3,140.0
T-05627,2024-11-12,C200,A0023,2,2.5
T-05628,2024-08-25,C106,A0023,2,2.5
T-05629,2024-03-09,C091,A0033,2,9.0
T-05630,2024-06-25,C275,A0027,1,26.0
T-05631,2024-08-04,C133,A0028,3,22.0
T-05632,2024-11-23,C238,A0004,2,14.5
T-05633,2024-12-07,C023,A0022,2,8.5
T-05634,2024-10-07,C228,A0003,3,23.0
T-05635,2024-10-26,C070,A0032,1,9.0
T-05636,2024-05-22,C035,A0031,2,12.0
T-05637,2024-05-24,C285,A0032,2,9.0
T-05638,2024-11-11,C109,A0002,1,23.0
T-05639,2024-02-21,C020,A0031,3,12.0
T-05640,2024-09-21,C112,A0030,2,12.0
T-05641,2024-08-23,C240,A0031,1,12.0
T-05642,2024-09-25,C088,A0032,3,9.0
T-05643,2024-01-22,C294,A0025,1,140.0
T-05644,2024-09-15,C101,A0026,2,26.0
T-05645,2024-01-06,C073,A0023,2,2.5
T-05646,2024-04-27,C068,A0033,3,9.0
T-05647,2024-01-27,C138,A0022,2,8.5
T-05648,2024-10-17,C294,A0023,2,2.5
T-05649,2024-08-03,C099,A0016,3,19.0
T-05650,2024-06-24,C220,A0033,2,9.0
T-05651,2024-01-04,C256,A0030,1,12.0
T-05652,2024-02-11,C049,A0008,2,155.0
T-05653,2024-06-22,C190,A0026,3,26.0
T-05654,2024-10-18,C008,A0002,3,23.0
T-05655,2024-10-10,C052,A0008,3,155.0
T-05656,2024-04-12,C157,A0018,1,9.5
T-05657,2024-09-04,C107,A0029,2,850.0
T-05658,2024-05-21,C165,A0032,3,9.0
T-05659,2024-01-11,C243,A0004,2,14.5
T-05660,2024-01-24,C026,A0003,1,23.0
T-05661,2024-09-26,C071,A0027,2,26.0
T-05662,2024-09-08,C272,A0029,2,850.0
T-05663,2024-07-28,C165,A0033,3,9.0
T-05664,2024-09-04,C171,A0026,3,26.0
T-05665,2024-08-20,C128,A0010,3,13.5
T-05666,2024-09-21,C058,A0033,1,9.0
T-05667,2024-01-12,C140,A0033,2,9.0
T-05668,2024-01-04,C106,A0025,3,140.0
T-05669,2024-10-14,C247,A0001,3,23.0
T-05670,2024-02-03,C088,A0032,2,9.0
T-05671,2024-10-07,C124,A0033,3,9.0
T-05672,2024-06-10,C197,A0027,1,26.0
T-05673,2024-10-12,C093,A0032,1,9.0
T-05674,2024-12-17,C216,A0023,3,2.5
T-05675,2024-07-16,C208,A0032,2,9.0
T-05676,2024-02-21,C231,A0006,1,14.5
T-05677,2024-02-25,C258,A0033,3,9.0
T-05678,2024-10-01,C274,A0033,3,9.0
T-05679,2024-11-01,C161,A0004,1,14.5
T-05680,2024-12-14,C187,A0006,2,14.5
T-05681,2024-03-10,C284,A0033,1,9.0
T-05682,2024-05-18,C121,A0023,1,2.5
T-05683,2024-07-08,C286,A0031,3,12.0
T-05684,2024-08-07,C199,A0028,2,22.0
T-05685,2024-08-07,C074,A0031,2,12.0
T-05686,2024-09-09,C184,A0023,1,2.5
T-05687,2024-02-24,C021,A0012,2,13.5
T-05688,2024-08-14,C273,A0027,2,26.0
T-05689,2024-10-27,C239,A0022,3,8.5
T-05690,2024-10-13,C255,A0032,3,9.0
T-05691,2024-09-14,C118,A0021,2,6.5
T-05692,2024-05-19,C258,A0033,1,9.0
T-05693,2024-10-01,C268,A0032,2,9.0
T-05694,2024-02-19,C240,A0010,2,13.5
T-05695,2024-10-09,C288,A0007,2,9.0
T-05696,2024-08-25,C071,A0021,2,6.5
T-05697,2024-07-22,C083,A0022,1,8.5
T-05698,2024-04-18,C222,A0032,2,9.0
T-05699,2024-10-15,C202,A0005,3,14.5
T-05700,2024-12-23,C215,A0009,1,155.0
T-05701,2024-12-05,C156,A0019,3,190.0
T-05702,2024-05-17,C053,A0033,2,9.0
T-05703,2024-01-15,C153,A0001,1,23.0
T-05704,2024-12-08,C107,A0031,2,12.0
T-05705,2024-05-08,C077,A0022,2,8.5
T-05706,2024-11-09,C299,A0017,3,9.5
T-05707,2024-10-21,C231,A0006,2,14.5
T-05708,2024-10-14,C247,A0007,2,9.0
T-05709,2024-02-10,C256,A0030,1,12.0
T-05710,2024-12-28,C125,A0007,2,9.0
T-05711,2024-11-12,C186,A0032,1,9.0
T-05712,2024-05-10,C124,A0033,2,9.0
T-05713,2024-08-10,C069,A0027,2,26.0
T-05714,2024-06-10,C196,A0029,2,850.0
T-05715,2024-12-13,C216,A0021,2,6.5
T-05716,2024-02-20,C296,A0006,2,14.5
T-05717,2024-08-23,C044,A0018,1,9.5
T-05718,2024-02-15,C201,A0023,3,2.5
T-05719,2024-12-15,C130,A0015,1,19.0
T-05720,2024-07-07,C251,A0033,1,9.0
T-05721,2024-07-02,C239,A0027,2,26.0
T-05722,2024-07-12,C042,A0028,3,22.0
T-05723,2024-11-14,C298,A0005,1,14.5
T-05724,2024-10-26,C036,A0031,2,12.0
T-05725,2024-05-21,C233,A0024,1,2.5
T-05726,2024-07-10,C091,A0033,2,9.0
T-05727,2024-03-19,C150,A0016,1,19.0
T-05728,2024-06-09,C197,A0027,2,26.0
T-05729,2024-10-07,C175,A0031,2,12.0
T-05730,2024-10-22,C212,A0005,1,14.5
T-05731,2024-01-11,C279,A0022,3,8.5
T-05732,2024-05-02,C258,A0033,2,9.0
T-05733,2024-12-26,C145,A0006,3,14.5
T-05734,2024-05-09,C105,A0024,1,2.5
T-05735,2024-09-09,C146,A0029,3,850.0
T-05736,2024-12-24,C038,A0022,3,8.5
T-05737,2024-06-09,C045,A0032,2,9.0
T-05738,2024-03-07,C048,A0018,1,9.5
T-05739,2024-06-11,C021,A0032,1,9.0
T-05740,2024-06-08,C005,A0033,2,9.0
T-05741,2024-12-12,C126,A0023,1,2.5
T-05742,2024-01-07,C018,A0003,3,23.0
T-05743,2024-07-28,C224,A0021,3,6.5
T-05744,2024-07-10,C176,A0032,2,9.0
T-05745,2024-06-18,C035,A0030,2,12.0
T-05746,2024-06-04,C159,A0024,2,2.5
T-05747,2024-08-05,C253,A0027,1,26.0
T-05748,2024-08-19,C144,A0033,2,9.0
T-05749,2024-03-01,C003,A0031,3,12.0
T-05750,2024-04-04,C093,A0033,1,9.0
T-05751,2024-07-05,C065,A0027,2,26.0
T-05752,2024-03-16,C106,A0023,1,2.5
T-05753,2024-06-19,C126,A0012,1,13.5
T-05754,2024-02-03,C079,A0004,2,14.5
T-05755,2024-01-22,C068,A0033,3,9.0
T-05756,2024-07-08,C257,A0021,1,6.5
T-05757,2024-12-04,C207,A0021,2,6.5
T-05758,2024-08-02,C223,A0032,2,9.0
T-05759,2024-02-02,C145,A0005,3,14.5
T-05760,2024-12-27,C254,A0001,2,23.0
T-05761,2024-10-18,C187,A0004,2,14.5
T-05762,2024-09-21,C055,A0022,3,8.5
T-05763,2024-03-17,C068,A0033,1,9.0
T-05764,2024-03-12,C152,A0023,3,2.5
T-05765,2024-06-13,C002,A0029,3,850.0
T-05766,2024-11-17,C264,A0022,3,8.5
T-05767,2024-01-17,C033,A0031,1,12.0
T-05768,2024-02-11,C241,A0006,3,14.5
T-05769,2024-05-21,C171,A0033,3,9.0
T-05770,2024-02-16,C076,A0032,2,9.0
T-05771,2024-08-06,C047,A0028,3,22.0
T-05772,2024-02-15,C189,A0004,1,14.5
T-05773,2024-02-18,C245,A0010,1,13.5
T-05774,2024-11-19,C151,A0033,2,9.0
T-05775,2024-12-21,C105,A0011,2,13.5
T-05776,2024-07-20,C054,A0027,2,26.0
T-05777,2024-05-18,C053,A0033,1,9.0
T-05778,2024-01-03,C261,A0030,2,12.0
T-05779,2024-08-22,C262,A0022,3,8.5
T-05780,2024-01-27,C142,A0025,3,140.0
T-05781,2024-07-25,C015,A0032,1,9.0
T-05782,2024-10-16,C125,A0008,2,155.0
T-05783,2024-07-03,C071,A0027,1,26.0
T-05784,2024-09-18,C017,A0022,3,8.5
T-05785,2024-02-18,C118,A0024,3,2.5
T-05786,2024-11-20,C058,A0033,1,9.0
T-05787,2024-09-02,C276,A0021,3,6.5
T-05788,2024-12-14,C106,A0021,1,6.5
T-05789,2024-02-19,C108,A0031,2,12.0
T-05790,2024-12-06,C282,A0018,3,9.5
T-05791,2024-03-13,C294,A0022,3,8.5
T-05792,2024-07-09,C096,A0026,3,26.0
T-05793,2024-08-10,C053,A0015,1,19.0
T-05794,2024-01-14,C296,A0004,2,14.5
T-05795,2024-11-13,C231,A0007,2,9.0
T-05796,2024-11-28,C061,A0033,1,9.0
T-05797,2024-05-02,C006,A0024,3,2.5
T-05798,2024-11-17,C050,A0007,2,9.0
T-05799,2024-10-18,C229,A0018,2,9.5
T-05800,2024-11-04,C255,A0033,3,9.0
T-05801,2024-03-24,C224,A0024,2,2.5
T-05802,2024-07-02,C016,A0027,2,26.0
T-05803,2024-09-11,C192,A0020,3,190.0
T-05804,2024-02-26,C197,A0003,3,23.0
T-05805,2024-12-02,C167,A0012,2,13.5
T-05806,2024-04-02,C146,A0019,3,190.0
T-05807,2024-12-01,C032,A0025,2,140.0
T-05808,2024-12-19,C156,A0002,1,23.0
T-05809,2024-06-01,C050,A0016,3,19.0
T-05810,2024-05-25,C131,A0019,2,190.0
T-05811,2024-05-13,C279,A0021,1,6.5
T-05812,2024-07-01,C092,A0026,2,26.0
T-05813,2024-12-12,C220,A0007,3,9.0
T-05814,2024-09-14,C089,A0010,1,13.5
T-05815,2024-11-21,C150,A0032,2,9.0
T-05816,2024-11-12,C064,A0003,2,23.0
T-05817,2024-03-08,C151,A0032,1,9.0
T-05818,2024-09-11,C200,A0021,2,6.5
T-05819,2024-12-12,C273,A0030,2,12.0
T-05820,2024-06-22,C237,A0018,2,9.5
T-05821,2024-07-10,C272,A0026,2,26.0
T-05822,2024-10-24,C046,A0006,2,14.5
T-05823,2024-07-22,C019,A0029,2,850.0
T-05824,2024-08-14,C124,A0033,1,9.0
T-05825,2024-10-27,C187,A0008,3,155.0
T-05826,2024-08-06,C243,A0010,1,13.5
T-05827,2024-02-01,C237,A0004,3,14.5
T-05828,2024-07-19,C096,A0026,1,26.0
T-05829,2024-01-19,C243,A0031,3,12.0
T-05830,2024-08-10,C204,A0012,2,13.5
T-05831,2024-11-13,C296,A0008,3,155.0
T-05832,2024-07-18,C152,A0021,3,6.5
T-05833,2024-02-22,C015,A0033,3,9.0
T-05834,2024-09-07,C217,A0023,3,2.5
T-05835,2024-02-20,C131,A0025,2,140.0
T-05836,2024-06-08,C009,A0033,1,9.0
T-05837,2024-09-20,C123,A0029,3,850.0
T-05838,2024-11-15,C174,A0032,3,9.0
T-05839,2024-09-12,C095,A0018,2,9.5
T-05840,2024-04-20,C079,A0018,1,9.5
T-05841,2024-11-06,C062,A0030,2,12.0
T-05842,2024-11-01,C237,A0008,1,155.0
T-05843,2024-11-08,C195,A0024,1,2.5
T-05844,2024-10-20,C241,A0005,2,14.5
T-05845,2024-03-18,C122,A0031,1,12.0
T-05846,2024-12-02,C094,A0005,3,14.5
T-05847,2024-12-07,C236,A0022,3,8.5
T-05848,2024-12-19,C162,A0006,3,14.5
T-05849,2024-02-22,C255,A0032,2,9.0
T-05850,2024-02-25,C300,A0023,2,2.5
T-05851,2024-01-16,C177,A0004,1,14.5
T-05852,2024-09-13,C063,A0025,2,140.0
T-05853,2024-04-10,C033,A0031,3,12.0
T-05854,2024-10-28,C046,A0001,2,23.0
T-05855,2024-11-08,C271,A0030,2,12.0
T-05856,2024-06-11,C171,A0032,1,9.0
T-05857,2024-07-14,C264,A0022,3,8.5
T-05858,2024-09-17,C115,A0029,2,850.0
T-05859,2024-10-22,C290,A0007,3,9.0
T-05860,2024-04-07,C045,A0021,2,6.5
T-05861,2024-07-24,C228,A0030,3,12.0
T-05862,2024-04-18,C223,A0033,1,9.0
T-05863,2024-06-19,C133,A0028,3,22.0
T-05864,2024-12-13,C099,A0014,3,32.0
T-05865,2024-12-28,C252,A0002,2,23.0
T-05866,2024-07-20,C288,A0026,1,26.0
T-05867,2024-06-27,C293,A0031,2,12.0
T-05868,2024-02-07,C242,A0021,2,6.5
T-05869,2024-09-06,C216,A0025,1,140.0
T-05870,2024-08-24,C296,A0018,1,9.5
T-05871,2024-10-11,C177,A0009,2,155.0
T-05872,2024-08-12,C193,A0026,1,26.0
T-05873,2024-11-02,C087,A0003,1,23.0
T-05874,2024-06-14,C001,A0021,1,6.5
T-05875,2024-03-11,C277,A0011,2,13.5
T-05876,2024-08-20,C271,A0031,1,12.0
T-05877,2024-02-28,C171,A0033,1,9.0
T-05878,2024-09-26,C054,A0029,2,850.0
T-05879,2024-12-06,C296,A0003,3,23.0
T-05880,2024-11-14,C273,A0030,1,12.0
T-05881,2024-12-15,C182,A0030,2,12.0
T-05882,2024-12-14,C015,A0032,3,9.0
T-05883,2024-06-19,C040,A0026,2,26.0
T-05884,2024-11-14,C238,A0005,2,14.5
T-05885,2024-01-06,C282,A0019,3,190.0
T-05886,2024-02-17,C015,A0032,2,9.0
T-05887,2024-03-08,C182,A0013,1,32.0
T-05888,2024-03-26,C246,A0011,3,13.5
T-05889,2024-12-25,C108,A0030,1,12.0
T-05890,2024-09-28,C126,A0021,1,6.5
T-05891,2024-02-04,C211,A0012,1,13.5
T-05892,2024-01-02,C182,A0031,1,12.0
T-05893,2024-01-26,C265,A0001,3,23.0
T-05894,2024-06-14,C114,A0030,1,12.0
T-05895,2024-12-20,C100,A0003,2,23.0
T-05896,2024-07-19,C180,A0032,3,9.0
T-05897,2024-08-01,C299,A0016,3,19.0
T-05898,2024-09-24,C263,A0030,1,12.0
T-05899,2024-04-13,C030,A0024,2,2.5
T-05900,2024-11-15,C091,A0032,1,9.0
T-05901,2024-04-11,C058,A0032,1,9.0
T-05902,2024-04-14,C055,A0021,3,6.5
T-05903,2024-09-23,C251,A0033,2,9.0
T-05904,2024-11-13,C124,A0033,1,9.0
T-05905,2024-04-18,C257,A0024,1,2.5
T-05906,2024-05-08,C157,A0019,2,190.0
T-05907,2024-09-20,C146,A0026,2,26.0
T-05908,2024-12-13,C260,A0021,2,6.5
T-05909,2024-07-20,C165,A0033,3,9.0
T-05910,2024-01-02,C145,A0009,3,155.0
T-05911,2024-06-27,C117,A0032,1,9.0
T-05912,2024-11-09,C037,A0008,2,155.0
T-05913,2024-10-23,C036,A0009,2,155.0
T-05914,2024-10-17,C149,A0032,3,9.0
T-05915,2024-11-06,C281,A0031,3,12.0
T-05916,2024-10-11,C055,A0023,2,2.5
T-05917,2024-11-05,C057,A0004,2,14.5
T-05918,2024-04-02,C151,A0033,1,9.0
T-05919,2024-12-18,C049,A0008,3,155.0
T-05920,2024-10-16,C060,A0008,3,155.0
T-05921,2024-10-26,C047,A0002,3,23.0
T-05922,2024-01-15,C281,A0031,2,12.0
T-05923,2024-12-23,C060,A0001,1,23.0
T-05924,2024-07-03,C261,A0030,1,12.0
T-05925,2024-05-19,C108,A0031,2,12.0
T-05926,2024-08-18,C086,A0027,1,26.0
T-05927,2024-12-02,C023,A0010,3,13.5
T-05928,2024-02-12,C102,A0030,1,12.0
T-05929,2024-11-23,C189,A0002,3,23.0
T-05930,2024-12-28,C005,A0033,3,9.0
T-05931,2024-12-27,C300,A0024,3,2.5
T-05932,2024-02-07,C138,A0024,1,2.5
T-05933,2024-08-14,C121,A0033,2,9.0
T-05934,2024-09-01,C137,A0021,1,6.5
T-05935,2024-05-15,C127,A0017,3,9.5
T-05936,2024-07-05,C143,A0025,1,140.0
T-05937,2024-06-13,C074,A0030,2,12.0
T-05938,2024-03-09,C262,A0022,3,8.5
T-05939,2024-09-24,C216,A0022,2,8.5
T-05940,2024-05-02,C185,A0014,2,32.0
T-05941,2024-09-05,C055,A0027,1,26.0
T-05942,2024-09-23,C150,A0027,1,26.0
T-05943,2024-05-24,C157,A0022,3,8.5
T-05944,2024-10-26,C142,A0023,1,2.5
T-05945,2024-07-18,C253,A0027,2,26.0
T-05946,2024-02-10,C048,A0002,2,23.0
T-05947,2024-07-27,C264,A0025,1,140.0
T-05948,2024-05-09,C003,A0030,3,12.0
T-05949,2024-02-14,C152,A0024,2,2.5
T-05950,2024-11-13,C156,A0009,2,155.0
T-05951,2024-09-27,C239,A0029,2,850.0
T-05952,2024-02-13,C184,A0022,1,8.5
T-05953,2024-08-21,C122,A0019,3,190.0
T-05954,2024-06-22,C128,A0010,1,13.5
T-05955,2024-11-24,C147,A0009,2,155.0
T-05956,2024-11-26,C117,A0001,2,23.0
T-05957,2024-09-27,C021,A0033,2,9.0
T-05958,2024-10-14,C277,A0005,1,14.5
T-05959,2024-10-26,C215,A0001,3,23.0
T-05960,2024-11-26,C145,A0003,2,23.0
T-05961,2024-04-04,C168,A0012,1,13.5
T-05962,2024-05-10,C111,A0019,2,190.0
T-05963,2024-10-09,C057,A0002,3,23.0
T-05964,2024-05-25,C108,A0031,2,12.0
T-05965,2024-06-21,C058,A0033,2,9.0
T-05966,2024-06-08,C086,A0029,3,850.0
T-05967,2024-04-14,C240,A0030,2,12.0
T-05968,2024-12-28,C080,A0008,2,155.0
T-05969,2024-06-15,C074,A0029,3,850.0
T-05970,2024-12-19,C038,A0022,2,8.5
T-05971,2024-08-15,C196,A0028,2,22.0
T-05972,2024-08-23,C139,A0032,2,9.0
T-05973,2024-11-25,C152,A0023,3,2.5
T-05974,2024-12-15,C001,A0009,2,155.0
T-05975,2024-02-01,C103,A0031,3,12.0
T-05976,2024-12-14,C247,A0008,1,155.0
T-05977,2024-07-24,C249,A0021,3,6.5
T-05978,2024-06-25,C292,A0027,1,26.0
T-05979,2024-10-05,C026,A0020,2,190.0
T-05980,2024-06-25,C042,A0027,1,26.0
T-05981,2024-02-15,C024,A0032,2,9.0
T-05982,2024-09-15,C029,A0026,3,26.0
T-05983,2024-11-13,C155,A0033,3,9.0
T-05984,2024-01-23,C227,A0033,2,9.0
T-05985,2024-11-22,C134,A0024,1,2.5
T-05986,2024-05-19,C095,A0025,3,140.0
T-05987,2024-12-03,C246,A0003,1,23.0
T-05988,2024-01-16,C111,A0021,3,6.5
T-05989,2024-10-09,C114,A0031,1,12.0
T-05990,2024-07-02,C280,A0030,2,12.0
T-05991,2024-07-01,C193,A0027,2,26.0
T-05992,2024-09-28,C073,A0025,3,140.0
T-05993,2024-10-07,C088,A0033,2,9.0
T-05994,2024-08-04,C279,A0014,1,32.0
T-05995,2024-06-11,C040,A0028,1,22.0
T-05996,2024-08-28,C167,A0019,3,190.0
T-05997,2024-09-17,C188,A0027,3,26.0
T-05998,2024-11-27,C189,A0004,2,14.5
T-05999,2024-05-03,C082,A0030,1,12.0
T-06000,2024-11-21,C100,A0002,3,23.0
