id_captura,fecha,id_cliente,especie,peso,articulo_usado,zona
CAP-1,2024-07-04,C147,Anjova,4.4,A0018,Ria
CAP-2,2024-07-15,C147,Lubina,4.63,A0018,Playa
CAP-3,2024-05-27,C105,Espeton,1.61,A0011,Playa
CAP-4,2024-06-13,C105,Baila,1.05,A0011,Playa
CAP-5,2024-12-09,C178,Calamar,1.12,A0006,Playa
CAP-6,2024-10-30,C076,Herrera,0.47,A0022,Espigon
CAP-7,2024-11-01,C076,Herrera,0.46,A0022,Espigon
CAP-8,2024-11-26,C076,Herrera,0.38,A0022,Alta Mar
CAP-9,2024-08-31,C069,Bonito del Norte,11.66,A0028,Ria
CAP-10,2024-12-15,C044,Lubina,2.85,A0016,Espigon
CAP-11,2024-03-05,C129,Serviola,0.62,A0016,Ria
CAP-12,2024-03-23,C129,Baila,1.68,A0016,Espigon
CAP-13,2024-02-12,C088,Serviola,0.75,A0032,Espigon
CAP-14,2024-02-17,C088,Denton,3.42,A0032,Alta Mar
CAP-15,2024-10-20,C272,Llampuga,2.32,A0027,Espigon
CAP-16,2024-10-31,C272,Bonito del Norte,8.58,A0027,Espigon
CAP-17,2025-01-05,C062,Cabrilla,1.2,A0031,Ria
CAP-18,2024-12-30,C062,Denton,7.22,A0031,Alta Mar
CAP-19,2024-12-19,C296,Calamar,0.55,A0001,Alta Mar
CAP-20,2024-12-22,C296,Sepia,1.73,A0001,Alta Mar
CAP-21,2025-01-14,C296,Sepia,1.25,A0001,Alta Mar
CAP-22,2024-12-24,C296,Sepia,0.76,A0001,Alta Mar
CAP-23,2024-06-22,C157,Anjova,4.59,A0018,Alta Mar
CAP-24,2024-07-24,C157,Palometon,14.66,A0018,Playa
CAP-25,2024-07-30,C157,Jurel,1.06,A0018,Playa
CAP-26,2024-07-30,C157,Anjova,6.14,A0018,Espigon
CAP-27,2024-09-30,C113,Bonito del Norte,7.68,A0027,Ria
CAP-28,2024-04-04,C265,Calamar,1.15,A0005,Espigon
CAP-29,2024-03-29,C265,Calamar,0.99,A0005,Espigon
CAP-30,2024-04-04,C265,Calamar,0.74,A0005,Espigon
CAP-31,2024-06-05,C280,Cabrilla,1.44,A0030,Alta Mar
CAP-32,2024-02-15,C166,Anjova,6.45,A0011,Ria
CAP-33,2024-03-01,C166,Espeton,0.69,A0011,Espigon
CAP-34,2024-03-13,C166,Lubina,1.65,A0011,Espigon
CAP-35,2024-03-03,C166,Espeton,1.85,A0011,Ria
CAP-36,2024-06-29,C174,Serviola,1.56,A0032,Espigon
CAP-37,2024-04-22,C233,Lubina,2.28,A0021,Alta Mar
CAP-38,2024-05-12,C233,Herrera,0.28,A0021,Ria
CAP-39,2024-05-17,C293,Lubina,4.58,A0011,Ria
CAP-40,2024-06-08,C293,Baila,1.45,A0011,Alta Mar
CAP-41,2024-06-11,C293,Anjova,4.8,A0011,Ria
CAP-42,2024-07-01,C293,Baila,0.95,A0011,Alta Mar
CAP-43,2024-06-06,C195,San Pedro,0.87,A0030,Espigon
CAP-44,2024-05-11,C130,Lubina,1.58,A0017,Alta Mar
CAP-45,2024-12-18,C067,Lubina,1.09,A0013,Playa
CAP-46,2024-09-08,C040,Bonito del Norte,7.74,A0026,Alta Mar
CAP-47,2024-07-30,C175,Llampuga,6.56,A0027,Playa
CAP-48,2024-07-18,C175,Llampuga,2.37,A0027,Ria
CAP-49,2024-08-04,C175,Bonito del Norte,7.17,A0027,Alta Mar
CAP-50,2024-06-06,C128,Anjova,5.87,A0012,Alta Mar
CAP-51,2024-04-23,C282,Jurel,0.75,A0017,Ria
CAP-52,2024-05-11,C282,Lubina,1.29,A0017,Playa
CAP-53,2024-05-12,C282,Lubina,1.5,A0017,Espigon
CAP-54,2024-03-05,C129,Jurel,1.03,A0017,Playa
CAP-55,2024-02-24,C129,Baila,0.96,A0017,Playa
CAP-56,2024-09-10,C042,Llampuga,3.9,A0028,Espigon
CAP-57,2024-11-15,C188,Pargo,0.67,A0030,Espigon
CAP-58,2024-12-14,C188,Pargo,1.8,A0030,Playa
CAP-59,2024-08-08,C116,Melva,0.88,A0027,Ria
CAP-60,2024-08-25,C116,Llampuga,8.71,A0027,Playa
CAP-61,2024-01-25,C134,Corvina,13.55,A0021,Espigon
CAP-62,2024-02-15,C134,Lubina,1.22,A0021,Alta Mar
CAP-63,2024-02-04,C134,Herrera,0.51,A0021,Alta Mar
CAP-64,2024-09-19,C133,Llampuga,3.46,A0027,Alta Mar
CAP-65,2024-05-24,C210,Sama,8.07,A0031,Ria
CAP-66,2025-01-13,C036,Denton,2.66,A0031,Ria
CAP-67,2024-11-22,C182,Gallineta,1.09,A0031,Ria
CAP-68,2024-07-06,C048,Lubina,4.15,A0014,Ria
CAP-69,2024-09-02,C300,Sargo,0.47,A0021,Alta Mar
CAP-70,2024-08-31,C067,Lubina,3.77,A0013,Playa
CAP-71,2024-10-20,C029,Llampuga,5.18,A0027,Espigon
CAP-72,2024-10-24,C029,Bacoreta,1.12,A0027,Espigon
CAP-73,2024-08-12,C044,Baila,1.65,A0010,Espigon
CAP-74,2024-08-19,C044,Palometon,12.39,A0010,Playa
CAP-75,2024-09-11,C044,Anjova,3.16,A0010,Ria
CAP-76,2024-12-21,C188,Sama,6.26,A0031,Playa
CAP-77,2025-01-24,C188,Pargo,1.58,A0031,Playa
CAP-78,2025-01-24,C188,San Pedro,2.43,A0031,Playa
CAP-79,2024-03-24,C038,Baila,1.59,A0013,Ria
CAP-80,2024-04-04,C038,Lubina,1.65,A0013,Alta Mar
CAP-81,2024-04-13,C038,Palometon,12.05,A0013,Alta Mar
CAP-82,2024-04-06,C038,Lubina,4.55,A0013,Alta Mar
CAP-83,2024-05-03,C038,Baila,0.6,A0013,Playa
CAP-84,2024-05-11,C294,Mabra,1.12,A0022,Alta Mar
CAP-85,2024-05-12,C294,Sargo,0.9,A0022,Alta Mar
CAP-86,2024-05-03,C294,Sargo,0.9,A0022,Alta Mar
CAP-87,2024-05-19,C294,Mabra,0.78,A0022,Ria
CAP-88,2024-08-12,C299,Anjova,4.31,A0017,Alta Mar
CAP-89,2024-08-02,C299,Lubina,4.27,A0017,Espigon
CAP-90,2024-06-24,C230,Denton,3.45,A0033,Ria
CAP-91,2024-07-26,C230,Denton,2.96,A0033,Ria
CAP-92,2024-07-19,C230,Serviola,1.03,A0033,Playa
CAP-93,2024-11-30,C056,Calamar,0.38,A0001,Playa
CAP-94,2024-12-04,C056,Sepia,1.83,A0001,Playa
CAP-95,2024-12-29,C056,Sepia,1.77,A0001,Ria
CAP-96,2024-12-24,C056,Sepia,1.16,A0001,Playa
CAP-97,2024-06-23,C148,Bonito del Norte,4.96,A0028,Espigon
CAP-98,2024-07-06,C148,Llampuga,7.32,A0028,Ria
CAP-99,2024-07-28,C185,Bonito del Norte,12.37,A0027,Alta Mar
CAP-100,2024-07-21,C185,Bonito del Norte,14.6,A0027,Espigon
CAP-101,2024-05-09,C270,Cabrilla,1.26,A0030,Playa
CAP-102,2024-07-27,C089,Anjova,5.11,A0011,Alta Mar
CAP-103,2024-08-07,C089,Lubina,3.5,A0011,Ria
CAP-104,2024-09-03,C089,Anjova,4.63,A0011,Alta Mar
CAP-105,2024-09-02,C089,Lubina,4.21,A0011,Alta Mar
CAP-106,2024-09-03,C072,Lubina,0.99,A0014,Playa
CAP-107,2024-08-19,C072,Palometon,10.14,A0014,Ria
CAP-108,2024-10-25,C225,Lubina,3.84,A0018,Playa
CAP-109,2024-10-16,C225,Lubina,0.71,A0018,Ria
CAP-110,2024-10-25,C225,Serviola,1.44,A0018,Playa
CAP-111,2024-11-23,C225,Lubina,3.32,A0018,Playa
CAP-112,2024-03-09,C006,Herrera,0.28,A0022,Espigon
CAP-113,2024-03-24,C006,Mabra,0.88,A0022,Playa
CAP-114,2024-02-26,C001,Lubina,1.52,A0014,Playa
CAP-115,2024-02-29,C001,Baila,0.71,A0014,Alta Mar
CAP-116,2024-12-18,C047,Calamar,0.91,A0005,Alta Mar
CAP-117,2024-08-10,C199,Marlin Blanco,38.98,A0026,Playa
CAP-118,2024-08-23,C199,Bonito del Norte,10.86,A0026,Playa
CAP-119,2024-08-28,C199,Llampuga,7.94,A0026,Playa
CAP-120,2024-06-07,C121,Denton,5.02,A0032,Espigon
CAP-121,2024-06-17,C121,Serviola,1.78,A0032,Alta Mar
CAP-122,2024-06-28,C121,Denton,2.74,A0032,Playa
CAP-123,2024-02-29,C226,Lubina,2.8,A0010,Espigon
CAP-124,2024-05-14,C233,Mabra,0.53,A0021,Playa
CAP-125,2024-12-12,C223,Serviola,0.82,A0033,Espigon
CAP-126,2025-01-10,C223,Denton,7.72,A0033,Espigon
CAP-127,2024-06-23,C079,Baila,1.12,A0018,Alta Mar
CAP-128,2024-12-24,C237,Calamar,0.26,A0003,Alta Mar
CAP-129,2024-12-16,C237,Calamar,1.36,A0003,Ria
CAP-130,2024-12-30,C237,Calamar,0.53,A0003,Espigon
CAP-131,2025-01-23,C237,Pulpo,4.38,A0003,Espigon
CAP-132,2024-04-22,C080,Lubina,4.58,A0013,Espigon
CAP-133,2024-05-07,C080,Anjova,3.97,A0013,Ria
CAP-134,2024-05-11,C080,Espeton,1.94,A0013,Ria
CAP-135,2024-07-18,C171,Serviola,1.53,A0033,Playa
CAP-136,2024-12-05,C131,Sargo,0.4,A0022,Alta Mar
CAP-137,2024-12-12,C131,Sargo,0.77,A0022,Espigon
CAP-138,2024-12-19,C131,Herrera,0.43,A0022,Espigon
CAP-139,2024-12-30,C131,Herrera,0.68,A0022,Espigon
CAP-140,2024-12-17,C131,Herrera,0.73,A0022,Playa
CAP-141,2024-01-29,C190,Calamar,1.34,A0005,Ria
CAP-142,2024-01-21,C190,Calamar,0.76,A0005,Espigon
CAP-143,2024-01-30,C190,Calamar,0.32,A0005,Alta Mar
CAP-144,2024-06-19,C261,Cabrilla,1.95,A0031,Alta Mar
CAP-145,2024-06-21,C261,Cabrilla,1.3,A0031,Ria
CAP-146,2024-09-30,C272,Llampuga,5.76,A0027,Playa
CAP-147,2024-10-24,C272,Bonito del Norte,10.36,A0027,Espigon
CAP-148,2024-09-21,C169,Mero,11.35,A0032,Ria
CAP-149,2024-05-18,C158,Espeton,0.72,A0012,Espigon
CAP-150,2024-06-09,C158,Espeton,1.23,A0012,Espigon
CAP-151,2024-12-19,C064,Anjova,2.55,A0016,Playa
CAP-152,2024-12-15,C064,Palometon,14.51,A0016,Ria
CAP-153,2024-10-27,C049,Pulpo,1.97,A0006,Alta Mar
CAP-154,2025-01-03,C151,Serviola,0.89,A0033,Espigon
CAP-155,2024-11-26,C111,Lubina,2.81,A0013,Espigon
CAP-156,2024-12-09,C111,Anjova,5.33,A0013,Espigon
CAP-157,2024-11-30,C180,Serviola,1.86,A0033,Ria
CAP-158,2024-12-22,C180,Mero,9.49,A0033,Espigon
CAP-159,2025-01-04,C180,Denton,2.85,A0033,Alta Mar
CAP-160,2025-01-10,C180,Denton,2.86,A0033,Playa
CAP-161,2024-09-06,C151,Denton,1.54,A0032,Alta Mar
CAP-162,2024-05-18,C289,Mero,9.78,A0030,Alta Mar
CAP-163,2024-05-29,C289,Pargo,0.7,A0030,Playa
CAP-164,2024-06-07,C289,Sama,6.05,A0030,Espigon
CAP-165,2024-06-15,C289,Sama,8.47,A0030,Playa
CAP-166,2024-06-27,C289,Sama,3.6,A0030,Espigon
CAP-167,2024-11-02,C001,Mero,3.67,A0033,Espigon
CAP-168,2024-12-08,C001,Denton,4.58,A0033,Alta Mar
CAP-169,2024-12-10,C001,Denton,1.54,A0033,Ria
CAP-170,2024-02-02,C182,Denton,2.51,A0031,Espigon
CAP-171,2024-02-13,C182,Cabrilla,1.36,A0031,Ria
CAP-172,2024-03-10,C068,Mero,14.82,A0032,Espigon
CAP-173,2024-03-05,C068,Denton,3.2,A0032,Espigon
CAP-174,2024-01-12,C215,Sepia,0.7,A0006,Playa
CAP-175,2024-01-25,C215,Calamar,0.43,A0006,Espigon
CAP-176,2024-02-05,C215,Calamar,1.14,A0006,Playa
CAP-177,2024-01-16,C215,Calamar,1.11,A0006,Ria
CAP-178,2024-02-02,C215,Calamar,0.74,A0006,Ria
CAP-179,2024-03-24,C108,Denton,3.22,A0030,Ria
CAP-180,2024-04-20,C108,Gallineta,1.36,A0030,Playa
CAP-181,2024-12-08,C261,Lubina,2.16,A0012,Playa
CAP-182,2024-11-25,C261,Anjova,4.32,A0012,Ria
CAP-183,2024-03-08,C169,Denton,6.63,A0033,Espigon
CAP-184,2024-02-06,C060,Pulpo,4.78,A0003,Ria
CAP-185,2024-02-16,C060,Pulpo,1.84,A0003,Playa
CAP-186,2024-03-18,C060,Calamar,1.05,A0003,Espigon
CAP-187,2024-03-12,C060,Calamar,0.27,A0003,Playa
CAP-188,2024-11-04,C059,Sargo,0.8,A0022,Alta Mar
CAP-189,2024-11-07,C059,Sargo,0.58,A0022,Ria
CAP-190,2024-11-16,C059,Herrera,0.63,A0022,Ria
CAP-191,2024-11-17,C059,Herrera,0.39,A0022,Playa
CAP-192,2024-12-03,C059,Mabra,1.48,A0022,Espigon
CAP-193,2024-11-11,C059,Mabra,1.26,A0022,Espigon
CAP-194,2024-09-15,C203,Mabra,1.23,A0022,Alta Mar
CAP-195,2024-08-29,C203,Mabra,0.82,A0022,Alta Mar
CAP-196,2024-09-17,C203,Mabra,1.79,A0022,Playa
CAP-197,2024-09-02,C203,Lubina,1.91,A0022,Espigon
CAP-198,2024-10-20,C161,Sama,7.04,A0030,Ria
CAP-199,2024-09-09,C173,Cabrilla,1.15,A0030,Ria
CAP-200,2024-07-18,C089,Lubina,2.99,A0017,Playa
CAP-201,2024-07-23,C089,Jurel,0.75,A0017,Espigon
CAP-202,2024-08-07,C089,Jurel,1.07,A0017,Ria
CAP-203,2025-02-02,C068,Denton,7.68,A0032,Ria
CAP-204,2024-02-09,C080,Denton,4.57,A0030,Alta Mar
CAP-205,2024-02-20,C080,Sama,7.06,A0030,Ria
CAP-206,2024-02-12,C080,Sama,8.13,A0030,Alta Mar
CAP-207,2024-03-04,C080,Cabrilla,0.96,A0030,Ria
CAP-208,2024-07-09,C240,Pargo,1.84,A0031,Espigon
CAP-209,2024-07-25,C240,Pargo,1.57,A0031,Alta Mar
CAP-210,2024-07-25,C240,San Pedro,1.23,A0031,Playa
CAP-211,2024-03-19,C021,Denton,6.76,A0033,Playa
CAP-212,2024-08-17,C092,Bacoreta,1.75,A0026,Ria
CAP-213,2024-05-15,C211,Baila,0.51,A0013,Playa
CAP-214,2024-07-20,C175,Cabrilla,1.52,A0030,Alta Mar
CAP-215,2024-07-20,C001,Lubina,1.9,A0010,Playa
CAP-216,2024-02-29,C110,Calamar,1.48,A0005,Ria
CAP-217,2024-04-02,C110,Calamar,0.57,A0005,Espigon
CAP-218,2024-11-13,C062,Sama,5.95,A0031,Espigon
CAP-219,2024-09-08,C002,Llampuga,6.18,A0027,Playa
CAP-220,2024-09-07,C002,Llampuga,2.81,A0027,Espigon
CAP-221,2024-12-02,C238,Calamar,1.17,A0006,Playa
CAP-222,2024-12-09,C238,Sepia,0.54,A0006,Ria
CAP-223,2025-01-23,C165,Serviola,1.63,A0032,Playa
CAP-224,2025-01-16,C165,Serviola,1.14,A0032,Espigon
CAP-225,2024-05-31,C181,Lubina,4.88,A0012,Playa
CAP-226,2024-05-31,C181,Lubina,2.95,A0012,Espigon
CAP-227,2024-06-20,C181,Espeton,1.03,A0012,Ria
CAP-228,2024-07-09,C181,Lubina,4.15,A0012,Ria
CAP-229,2024-07-04,C073,Rodaballo,1.97,A0021,Playa
CAP-230,2024-07-12,C073,Sargo,1.15,A0021,Playa
CAP-231,2024-12-04,C189,Sepia,1.51,A0005,Espigon
CAP-232,2024-11-18,C189,Sepia,1.67,A0005,Playa
CAP-233,2024-07-17,C071,Serviola,0.9,A0032,Playa
CAP-234,2024-11-04,C252,Lubina,2.2,A0016,Ria
CAP-235,2024-11-13,C252,Palometon,7.87,A0016,Ria
CAP-236,2024-10-01,C261,Denton,2.85,A0031,Alta Mar
CAP-237,2024-06-13,C088,Mero,6.43,A0033,Alta Mar
CAP-238,2024-06-01,C088,Mero,9.51,A0033,Playa
CAP-239,2024-05-23,C160,Herrera,0.48,A0021,Espigon
CAP-240,2024-05-28,C160,Mabra,1.13,A0021,Playa
CAP-241,2024-06-12,C078,Herrera,0.69,A0021,Playa
CAP-242,2024-06-09,C078,Dorada,2.14,A0021,Alta Mar
CAP-243,2024-05-29,C078,Dorada,0.59,A0021,Playa
CAP-244,2024-10-14,C184,Baila,0.69,A0018,Alta Mar
CAP-245,2024-06-07,C181,Cabrilla,1.78,A0031,Ria
CAP-246,2024-06-15,C181,Pargo,1.84,A0031,Playa
CAP-247,2024-07-03,C181,Pargo,0.88,A0031,Alta Mar
CAP-248,2024-09-02,C065,Llampuga,5.72,A0028,Espigon
CAP-249,2024-08-24,C065,Bacoreta,1.77,A0028,Playa
CAP-250,2025-01-07,C109,Mero,14.01,A0032,Alta Mar
CAP-251,2025-01-04,C241,Calamar,0.99,A0005,Espigon
CAP-252,2024-12-06,C231,Calamar,0.36,A0005,Ria
CAP-253,2024-08-10,C051,Llampuga,6.35,A0028,Alta Mar
CAP-254,2024-08-16,C051,Bonito del Norte,11.13,A0028,Alta Mar
CAP-255,2024-09-23,C135,Llampuga,5.09,A0027,Ria
CAP-256,2024-10-03,C135,Bacoreta,1.29,A0027,Espigon
CAP-257,2024-10-07,C135,Llampuga,7.93,A0027,Alta Mar
CAP-258,2024-12-06,C298,Calamar,0.37,A0003,Alta Mar
CAP-259,2024-12-07,C298,Calamar,0.98,A0003,Ria
CAP-260,2024-08-28,C104,Serviola,1.17,A0032,Alta Mar
CAP-261,2024-08-16,C104,Denton,3.6,A0032,Alta Mar
CAP-262,2024-08-21,C104,Serviola,1.27,A0032,Alta Mar
CAP-263,2024-12-01,C067,Lubina,4.69,A0014,Espigon
CAP-264,2024-12-23,C067,Lubina,2.46,A0014,Alta Mar
CAP-265,2024-03-05,C240,Pargo,1.34,A0031,Ria
CAP-266,2024-10-15,C113,Bonito del Norte,12.4,A0026,Alta Mar
CAP-267,2024-10-21,C113,Llampuga,3.17,A0026,Playa
CAP-268,2024-11-07,C113,Melva,1.73,A0026,Espigon
CAP-269,2024-04-15,C144,Denton,3.77,A0033,Alta Mar
CAP-270,2024-11-22,C268,Calamar,1.29,A0001,Espigon
CAP-271,2024-12-01,C268,Calamar,1.06,A0001,Playa
CAP-272,2024-01-04,C177,Pulpo,2.29,A0003,Playa
CAP-273,2024-01-26,C177,Pulpo,3.44,A0003,Ria
CAP-274,2024-12-31,C051,Lubina,1.3,A0017,Espigon
CAP-275,2025-01-09,C051,Serviola,0.6,A0017,Espigon
CAP-276,2025-01-12,C051,Palometon,8.45,A0017,Espigon
CAP-277,2024-05-28,C241,Lubina,1.7,A0012,Ria
CAP-278,2024-10-31,C077,Mabra,1.71,A0022,Alta Mar
CAP-279,2024-11-03,C077,Mabra,1.22,A0022,Espigon
CAP-280,2024-11-06,C077,Mabra,1.99,A0022,Playa
CAP-281,2024-11-15,C077,Dorada,0.78,A0022,Espigon
CAP-282,2024-11-24,C077,Dorada,0.63,A0022,Playa
CAP-283,2024-11-26,C093,Denton,2.04,A0033,Espigon
CAP-284,2024-12-08,C093,Serviola,0.55,A0033,Playa
CAP-285,2025-01-04,C093,Denton,5.19,A0033,Espigon
CAP-286,2024-12-28,C093,Denton,4.26,A0033,Ria
CAP-287,2024-04-22,C299,Baila,0.8,A0017,Espigon
CAP-288,2024-04-28,C299,Lubina,3.25,A0017,Ria
CAP-289,2024-05-01,C299,Baila,0.87,A0017,Ria
CAP-290,2024-08-21,C249,Bonito del Norte,7.13,A0027,Ria
CAP-291,2024-09-10,C249,Marlin Blanco,26.97,A0027,Alta Mar
CAP-292,2024-08-29,C249,Bacoreta,2.0,A0027,Ria
CAP-293,2024-09-22,C249,Bonito del Norte,10.8,A0027,Alta Mar
CAP-294,2025-01-02,C049,Calamar,0.57,A0006,Espigon
CAP-295,2024-06-29,C021,Mero,14.33,A0032,Ria
CAP-296,2024-07-09,C021,Denton,3.76,A0032,Playa
CAP-297,2024-06-23,C228,Lubina,3.8,A0015,Playa
CAP-298,2025-01-11,C141,Calamar,1.13,A0003,Alta Mar
CAP-299,2024-12-24,C153,Calamar,0.67,A0004,Playa
CAP-300,2024-12-18,C153,Calamar,0.36,A0004,Playa
CAP-301,2024-12-18,C153,Pulpo,4.5,A0004,Alta Mar
CAP-302,2024-04-25,C299,Anjova,5.21,A0015,Espigon
CAP-303,2024-04-06,C263,Sama,5.32,A0030,Ria
CAP-304,2024-04-27,C263,Denton,3.39,A0030,Playa
CAP-305,2024-04-26,C263,Cabrilla,1.73,A0030,Espigon
CAP-306,2024-07-01,C004,Melva,1.06,A0027,Playa
CAP-307,2024-07-03,C004,Bonito del Norte,12.5,A0027,Alta Mar
CAP-308,2024-07-10,C004,Llampuga,4.41,A0027,Playa
CAP-309,2024-07-06,C004,Bacoreta,1.86,A0027,Espigon
CAP-310,2024-10-19,C277,Serviola,0.91,A0017,Espigon
CAP-311,2024-11-09,C277,Lubina,2.16,A0017,Espigon
CAP-312,2024-11-18,C277,Anjova,5.63,A0017,Alta Mar
CAP-313,2024-12-06,C277,Lubina,3.52,A0017,Espigon
CAP-314,2024-08-23,C137,Mabra,1.49,A0022,Espigon
CAP-315,2024-04-11,C277,Lubina,2.11,A0017,Ria
CAP-316,2024-03-25,C277,Lubina,4.56,A0017,Alta Mar
CAP-317,2024-12-15,C259,Sepia,0.3,A0005,Ria
CAP-318,2025-01-02,C259,Calamar,0.99,A0005,Alta Mar
CAP-319,2024-12-15,C259,Calamar,1.06,A0005,Alta Mar
CAP-320,2025-01-05,C259,Sepia,0.42,A0005,Ria
CAP-321,2025-01-08,C259,Sepia,0.85,A0005,Ria
CAP-322,2024-06-12,C101,Denton,1.59,A0033,Playa
CAP-323,2024-06-21,C101,Serviola,1.8,A0033,Alta Mar
CAP-324,2024-01-21,C099,Sama,2.24,A0031,Playa
CAP-325,2024-07-22,C024,Serviola,1.1,A0033,Espigon
CAP-326,2024-10-11,C100,Calamar,0.72,A0005,Espigon
CAP-327,2024-10-09,C100,Calamar,1.44,A0005,Ria
CAP-328,2024-10-29,C100,Calamar,0.8,A0005,Espigon
CAP-329,2024-11-05,C100,Calamar,1.34,A0005,Ria
CAP-330,2024-11-02,C100,Calamar,0.29,A0005,Espigon
CAP-331,2024-11-05,C100,Calamar,1.19,A0005,Espigon
CAP-332,2024-07-01,C065,Llampuga,2.99,A0027,Alta Mar
CAP-333,2024-03-07,C006,Sargo,0.67,A0021,Playa
CAP-334,2024-03-07,C006,Sargo,0.5,A0021,Ria
CAP-335,2024-03-20,C006,Sargo,0.34,A0021,Espigon
CAP-336,2024-03-07,C006,Herrera,0.73,A0021,Playa
CAP-337,2024-03-14,C006,Herrera,0.42,A0021,Ria
CAP-338,2024-04-09,C006,Herrera,0.34,A0021,Espigon
CAP-339,2024-01-22,C041,Mero,14.7,A0032,Ria
CAP-340,2024-01-29,C041,Denton,5.93,A0032,Playa
CAP-341,2024-02-13,C041,Mero,9.33,A0032,Playa
CAP-342,2024-10-11,C261,Cabrilla,1.88,A0030,Alta Mar
CAP-343,2024-09-27,C261,Cabrilla,1.36,A0030,Playa
CAP-344,2024-03-04,C021,Mero,11.12,A0032,Ria
CAP-345,2024-03-29,C021,Denton,5.72,A0032,Espigon
CAP-346,2024-09-12,C018,Serviola,1.31,A0033,Playa
CAP-347,2024-11-24,C149,Denton,6.02,A0032,Ria
CAP-348,2024-03-29,C088,Mero,8.05,A0033,Espigon
CAP-349,2024-10-16,C266,Lubina,2.34,A0014,Espigon
CAP-350,2024-10-19,C266,Anjova,6.92,A0014,Espigon
CAP-351,2024-10-15,C266,Jurel,1.25,A0014,Alta Mar
CAP-352,2025-01-30,C220,Sepia,1.98,A0007,Ria
CAP-353,2024-03-09,C278,Pargo,1.49,A0030,Playa
CAP-354,2024-03-05,C278,Pargo,1.41,A0030,Espigon
CAP-355,2024-03-25,C278,Denton,1.87,A0030,Alta Mar
CAP-356,2024-04-03,C278,Cabrilla,1.76,A0030,Alta Mar
CAP-357,2024-10-06,C294,Bonito del Norte,4.52,A0027,Espigon
CAP-358,2024-10-31,C294,Llampuga,5.79,A0027,Playa
CAP-359,2024-04-11,C108,Mero,4.17,A0031,Alta Mar
CAP-360,2024-04-19,C108,Sama,9.82,A0031,Espigon
CAP-361,2024-04-04,C108,Sama,2.65,A0031,Ria
CAP-362,2024-01-05,C298,Calamar,0.57,A0004,Alta Mar
CAP-363,2024-03-01,C092,Calamar,0.43,A0003,Ria
CAP-364,2024-03-04,C169,Mero,11.11,A0032,Espigon
CAP-365,2024-09-02,C250,Llampuga,6.57,A0027,Alta Mar
CAP-366,2024-08-26,C250,Bacoreta,1.69,A0027,Ria
CAP-367,2024-08-24,C250,Melva,0.62,A0027,Ria
CAP-368,2024-09-19,C250,Bacoreta,1.39,A0027,Espigon
CAP-369,2024-09-29,C250,Llampuga,8.36,A0027,Alta Mar
CAP-370,2024-01-11,C194,Herrera,0.54,A0021,Alta Mar
CAP-371,2024-01-30,C194,Mabra,0.59,A0021,Alta Mar
CAP-372,2024-09-27,C208,Serviola,1.65,A0032,Alta Mar
CAP-373,2024-03-11,C114,San Pedro,1.12,A0031,Alta Mar
CAP-374,2024-07-09,C023,Dorada,1.25,A0022,Espigon
CAP-375,2024-07-19,C023,Mabra,1.84,A0022,Ria
CAP-376,2024-07-25,C023,Sargo,0.81,A0022,Espigon
CAP-377,2024-07-28,C023,Sargo,1.1,A0022,Ria
CAP-378,2024-07-17,C023,Herrera,0.77,A0022,Playa
CAP-379,2024-04-24,C174,Serviola,0.5,A0033,Playa
CAP-380,2024-04-30,C174,Serviola,1.05,A0033,Alta Mar
CAP-381,2024-03-04,C270,Cabrilla,1.27,A0031,Playa
CAP-382,2024-02-04,C221,Calamar,1.1,A0003,Playa
CAP-383,2024-05-13,C254,Mero,9.58,A0033,Alta Mar
CAP-384,2024-06-03,C254,Denton,2.3,A0033,Alta Mar
CAP-385,2024-03-14,C181,San Pedro,1.41,A0030,Ria
CAP-386,2024-12-27,C155,Denton,6.02,A0033,Alta Mar
CAP-387,2024-12-24,C155,Denton,7.47,A0033,Playa
CAP-388,2024-11-22,C215,Calamar,0.78,A0001,Alta Mar
CAP-389,2024-12-13,C215,Calamar,1.36,A0001,Ria
CAP-390,2024-12-06,C215,Calamar,0.59,A0001,Playa
CAP-391,2024-12-18,C215,Calamar,0.57,A0001,Alta Mar
CAP-392,2024-12-01,C215,Calamar,1.34,A0001,Ria
CAP-393,2024-12-08,C215,Calamar,0.5,A0001,Espigon
CAP-394,2024-12-11,C215,Calamar,0.28,A0001,Alta Mar
CAP-395,2024-02-25,C090,Mero,5.57,A0030,Ria
CAP-396,2024-02-12,C090,Pargo,0.62,A0030,Playa
CAP-397,2024-02-26,C090,Denton,3.67,A0030,Playa
CAP-398,2024-03-16,C090,San Pedro,0.57,A0030,Ria
CAP-399,2024-06-23,C096,Llampuga,4.88,A0027,Alta Mar
CAP-400,2024-07-19,C096,Bonito del Norte,13.91,A0027,Alta Mar
CAP-401,2024-07-28,C096,Llampuga,5.34,A0027,Alta Mar
CAP-402,2024-05-31,C291,Sama,3.98,A0030,Espigon
CAP-403,2024-06-15,C291,Sama,9.54,A0030,Playa
CAP-404,2024-05-26,C291,San Pedro,2.03,A0030,Ria
CAP-405,2024-06-28,C291,San Pedro,1.04,A0030,Playa
CAP-406,2025-01-25,C178,Calamar,1.39,A0007,Ria
CAP-407,2025-01-16,C178,Calamar,0.29,A0007,Ria
CAP-408,2025-01-11,C178,Calamar,1.36,A0007,Ria
CAP-409,2025-01-14,C178,Pulpo,4.37,A0007,Espigon
CAP-410,2024-11-25,C213,Calamar,1.14,A0005,Alta Mar
CAP-411,2024-12-06,C213,Pulpo,2.25,A0005,Playa
CAP-412,2024-12-01,C213,Pulpo,3.88,A0005,Espigon
CAP-413,2024-08-14,C275,Melva,0.75,A0027,Espigon
CAP-414,2024-09-05,C275,Bacoreta,1.38,A0027,Espigon
CAP-415,2024-09-02,C275,Bonito del Norte,7.59,A0027,Espigon
CAP-416,2024-09-08,C275,Llampuga,2.02,A0027,Alta Mar
CAP-417,2024-08-14,C176,Denton,4.14,A0032,Alta Mar
CAP-418,2024-08-09,C176,Serviola,1.29,A0032,Ria
CAP-419,2024-08-08,C176,Mero,10.11,A0032,Alta Mar
CAP-420,2024-08-15,C176,Serviola,1.48,A0032,Espigon
CAP-421,2024-12-30,C184,Jurel,1.15,A0013,Playa
CAP-422,2024-12-28,C184,Lubina,4.99,A0013,Playa
CAP-423,2025-01-25,C184,Jurel,1.94,A0013,Playa
CAP-424,2025-01-13,C184,Serviola,1.6,A0013,Espigon
CAP-425,2024-10-06,C135,Llampuga,5.25,A0027,Alta Mar
CAP-426,2024-10-14,C135,Llampuga,4.62,A0027,Playa
CAP-427,2024-10-02,C135,Bacoreta,1.74,A0027,Ria
CAP-428,2024-03-09,C204,Pulpo,3.57,A0002,Espigon
CAP-429,2024-03-15,C204,Calamar,0.9,A0002,Alta Mar
CAP-430,2025-01-21,C124,Denton,3.03,A0033,Espigon
CAP-431,2024-05-16,C236,Herrera,0.33,A0022,Ria
CAP-432,2024-05-16,C236,Herrera,0.35,A0022,Alta Mar
CAP-433,2024-05-08,C236,Herrera,0.35,A0022,Espigon
CAP-434,2024-06-01,C236,Sargo,0.41,A0022,Alta Mar
CAP-435,2024-05-27,C236,Sargo,0.5,A0022,Espigon
CAP-436,2024-05-16,C236,Herrera,0.77,A0022,Ria
CAP-437,2024-09-07,C001,Jurel,1.16,A0014,Ria
CAP-438,2024-09-25,C001,Anjova,2.27,A0014,Espigon
CAP-439,2024-09-02,C287,Bacoreta,1.41,A0028,Ria
CAP-440,2024-11-10,C132,Sama,5.97,A0030,Espigon
CAP-441,2024-10-22,C076,Mero,5.41,A0033,Playa
CAP-442,2025-01-01,C156,Calamar,0.42,A0002,Alta Mar
CAP-443,2024-12-19,C156,Calamar,0.99,A0002,Espigon
CAP-444,2025-01-01,C156,Calamar,1.28,A0002,Alta Mar
CAP-445,2024-12-22,C156,Calamar,0.77,A0002,Alta Mar
CAP-446,2025-01-18,C156,Sepia,1.03,A0002,Alta Mar
CAP-447,2025-01-24,C156,Calamar,0.95,A0002,Espigon
CAP-448,2024-07-04,C058,Denton,7.48,A0033,Espigon
CAP-449,2024-07-07,C058,Serviola,1.24,A0033,Playa
CAP-450,2024-07-02,C165,Denton,7.51,A0032,Alta Mar
CAP-451,2024-07-03,C165,Serviola,1.7,A0032,Playa
CAP-452,2024-09-28,C017,Herrera,0.59,A0022,Playa
CAP-453,2024-10-09,C017,Herrera,0.78,A0022,Espigon
CAP-454,2024-10-16,C017,Lubina,2.87,A0022,Espigon
CAP-455,2024-10-02,C017,Corvina,14.89,A0022,Espigon
CAP-456,2024-08-30,C035,Pargo,1.84,A0030,Alta Mar
CAP-457,2024-09-09,C035,San Pedro,2.33,A0030,Alta Mar
CAP-458,2024-03-30,C213,Sepia,0.6,A0002,Ria
CAP-459,2024-03-12,C213,Calamar,0.48,A0002,Alta Mar
CAP-460,2024-03-10,C213,Calamar,0.22,A0002,Ria
CAP-461,2024-11-10,C080,San Pedro,1.93,A0030,Alta Mar
CAP-462,2024-08-06,C081,Bonito del Norte,7.23,A0027,Espigon
CAP-463,2024-08-29,C081,Llampuga,4.86,A0027,Playa
CAP-464,2024-09-02,C081,Llampuga,3.09,A0027,Alta Mar
CAP-465,2024-02-23,C298,Calamar,1.28,A0003,Espigon
CAP-466,2024-02-27,C298,Calamar,1.32,A0003,Espigon
CAP-467,2024-03-01,C298,Calamar,0.5,A0003,Alta Mar
CAP-468,2024-06-02,C214,Mero,7.58,A0033,Espigon
CAP-469,2024-06-28,C214,Denton,4.53,A0033,Espigon
CAP-470,2024-12-08,C062,Denton,4.73,A0031,Ria
CAP-471,2024-10-08,C153,Calamar,1.21,A0002,Ria
CAP-472,2024-10-10,C153,Calamar,0.77,A0002,Ria
CAP-473,2024-12-09,C070,Calamar,1.42,A0001,Ria
CAP-474,2024-12-17,C070,Pulpo,2.0,A0001,Ria
CAP-475,2024-10-05,C118,Sargo,0.97,A0022,Espigon
CAP-476,2024-10-10,C118,Sargo,0.67,A0022,Alta Mar
CAP-477,2024-09-27,C118,Corvina,5.6,A0022,Alta Mar
CAP-478,2024-10-19,C118,Dorada,2.89,A0022,Ria
CAP-479,2024-11-02,C044,Baila,1.84,A0016,Espigon
CAP-480,2024-07-08,C114,Sama,7.02,A0030,Playa
CAP-481,2024-07-09,C114,Denton,5.37,A0030,Playa
CAP-482,2024-07-14,C071,Bonito del Norte,12.64,A0028,Alta Mar
CAP-483,2024-08-02,C071,Llampuga,7.12,A0028,Alta Mar
CAP-484,2024-02-29,C212,Pulpo,4.43,A0002,Espigon
CAP-485,2024-02-21,C115,Calamar,0.81,A0002,Espigon
CAP-486,2024-02-09,C115,Calamar,1.2,A0002,Espigon
CAP-487,2024-02-29,C115,Sepia,0.64,A0002,Playa
CAP-488,2024-02-22,C115,Sepia,0.44,A0002,Ria
CAP-489,2024-02-22,C115,Sepia,1.81,A0002,Alta Mar
CAP-490,2024-02-11,C115,Sepia,1.55,A0002,Alta Mar
CAP-491,2024-03-05,C115,Sepia,1.79,A0002,Ria
CAP-492,2024-02-24,C115,Sepia,0.92,A0002,Alta Mar
CAP-493,2024-02-28,C060,Calamar,0.34,A0001,Espigon
CAP-494,2024-03-28,C060,Calamar,1.4,A0001,Playa
CAP-495,2024-04-06,C181,San Pedro,1.16,A0030,Alta Mar
CAP-496,2024-04-26,C181,Pargo,1.74,A0030,Playa
CAP-497,2024-10-11,C086,Bacoreta,0.92,A0027,Playa
CAP-498,2024-09-30,C086,Bacoreta,1.41,A0027,Playa
CAP-499,2024-10-02,C086,Melva,1.84,A0027,Ria
CAP-500,2024-02-16,C242,Mabra,1.74,A0022,Espigon
CAP-501,2024-01-25,C242,Mabra,0.72,A0022,Ria
CAP-502,2024-02-13,C242,Dorada,1.55,A0022,Espigon
CAP-503,2024-09-13,C171,Serviola,1.29,A0032,Espigon
CAP-504,2024-03-29,C100,Sargo,1.17,A0022,Alta Mar
CAP-505,2024-04-09,C100,Mabra,1.57,A0022,Alta Mar
CAP-506,2024-04-16,C100,Mabra,0.58,A0022,Alta Mar
CAP-507,2024-04-02,C100,Mabra,1.26,A0022,Playa
CAP-508,2024-04-14,C100,Herrera,0.21,A0022,Ria
CAP-509,2024-05-02,C100,Herrera,0.8,A0022,Alta Mar
CAP-510,2024-05-08,C100,Herrera,0.32,A0022,Ria
CAP-511,2024-03-07,C290,Pulpo,1.93,A0004,Espigon
CAP-512,2024-07-12,C292,Bacoreta,1.62,A0027,Espigon
CAP-513,2024-07-10,C292,Bacoreta,1.41,A0027,Ria
CAP-514,2024-03-02,C235,Calamar,1.39,A0004,Alta Mar
CAP-515,2024-02-14,C235,Calamar,0.69,A0004,Espigon
CAP-516,2024-12-26,C036,Pargo,1.53,A0030,Playa
CAP-517,2025-01-10,C036,Sama,9.97,A0030,Ria
CAP-518,2025-01-20,C036,Cabrilla,0.82,A0030,Alta Mar
CAP-519,2025-01-02,C209,Calamar,0.96,A0005,Playa
CAP-520,2024-12-28,C184,Mabra,1.7,A0021,Alta Mar
CAP-521,2025-02-01,C184,Mabra,1.8,A0021,Alta Mar
CAP-522,2025-01-18,C184,Mabra,1.81,A0021,Alta Mar
CAP-523,2025-01-24,C184,Mabra,1.96,A0021,Alta Mar
CAP-524,2025-01-21,C184,Herrera,0.23,A0021,Playa
CAP-525,2025-02-02,C184,Herrera,0.64,A0021,Alta Mar
CAP-526,2024-06-15,C295,Espeton,1.35,A0018,Alta Mar
CAP-527,2024-06-16,C295,Anjova,4.8,A0018,Playa
CAP-528,2024-06-06,C295,Palometon,10.34,A0018,Alta Mar
CAP-529,2024-12-11,C232,Pulpo,4.14,A0004,Ria
CAP-530,2024-06-16,C091,Serviola,0.62,A0033,Playa
CAP-531,2024-06-27,C091,Serviola,0.52,A0033,Espigon
CAP-532,2024-07-03,C091,Denton,2.88,A0033,Espigon
CAP-533,2024-07-31,C091,Serviola,1.75,A0033,Alta Mar
CAP-534,2024-08-20,C242,Espeton,1.26,A0012,Playa
CAP-535,2024-08-29,C242,Lubina,3.08,A0012,Ria
CAP-536,2024-08-19,C286,Mero,9.08,A0030,Espigon
CAP-537,2024-08-25,C286,Cabrilla,1.75,A0030,Espigon
CAP-538,2024-06-04,C088,Denton,7.27,A0033,Playa
CAP-539,2024-09-20,C091,Mero,10.83,A0033,Ria
CAP-540,2024-10-25,C032,Herrera,0.58,A0021,Alta Mar
CAP-541,2024-10-28,C032,Herrera,0.54,A0021,Espigon
CAP-542,2024-11-21,C032,Herrera,0.39,A0021,Ria
CAP-543,2024-11-18,C214,Serviola,1.69,A0033,Ria
CAP-544,2024-12-09,C214,Serviola,0.74,A0033,Ria
CAP-545,2024-09-01,C219,Bacoreta,0.63,A0026,Alta Mar
CAP-546,2024-08-31,C219,Llampuga,7.35,A0026,Espigon
CAP-547,2024-09-16,C219,Llampuga,3.73,A0026,Espigon
CAP-548,2024-04-23,C090,Cabrilla,1.49,A0030,Playa
CAP-549,2024-04-13,C090,San Pedro,2.08,A0030,Espigon
CAP-550,2024-07-19,C019,Llampuga,8.12,A0026,Espigon
CAP-551,2024-08-06,C019,Bonito del Norte,9.78,A0026,Ria
CAP-552,2024-08-10,C019,Llampuga,2.36,A0026,Playa
CAP-553,2024-07-15,C123,Bonito del Norte,14.23,A0028,Ria
CAP-554,2024-07-16,C123,Bonito del Norte,10.75,A0028,Ria
CAP-555,2024-07-25,C123,Llampuga,9.73,A0028,Espigon
CAP-556,2024-06-16,C219,Marlin Blanco,48.51,A0028,Playa
CAP-557,2024-07-09,C219,Bacoreta,0.73,A0028,Ria
CAP-558,2024-07-11,C219,Bonito del Norte,5.89,A0028,Espigon
CAP-559,2024-07-15,C219,Bonito del Norte,9.95,A0028,Ria
CAP-560,2024-04-10,C172,Jurel,1.83,A0014,Ria
CAP-561,2024-09-01,C112,Pargo,1.7,A0030,Playa
CAP-562,2024-09-01,C112,Denton,1.72,A0030,Alta Mar
CAP-563,2024-11-12,C148,Denton,5.53,A0032,Espigon
CAP-564,2024-12-30,C213,Pulpo,4.8,A0005,Espigon
CAP-565,2024-12-22,C213,Pulpo,2.41,A0005,Alta Mar
CAP-566,2024-04-01,C003,Pargo,1.63,A0031,Espigon
CAP-567,2024-03-14,C003,Pargo,0.74,A0031,Ria
CAP-568,2024-04-04,C003,Denton,3.31,A0031,Ria
CAP-569,2024-07-19,C197,Llampuga,7.66,A0026,Espigon
CAP-570,2024-07-28,C197,Bacoreta,0.89,A0026,Playa
CAP-571,2024-08-30,C195,Llampuga,2.33,A0027,Espigon
CAP-572,2024-08-19,C195,Llampuga,2.6,A0027,Espigon
CAP-573,2024-09-14,C195,Bonito del Norte,8.88,A0027,Playa
CAP-574,2024-08-16,C135,Llampuga,5.94,A0028,Ria
CAP-575,2024-09-05,C135,Bonito del Norte,12.76,A0028,Espigon
CAP-576,2024-09-16,C135,Bonito del Norte,14.38,A0028,Ria
CAP-577,2024-03-01,C139,Sepia,1.4,A0003,Espigon
CAP-578,2024-08-02,C116,Marlin Blanco,45.35,A0028,Playa
CAP-579,2024-07-31,C116,Llampuga,8.47,A0028,Espigon
CAP-580,2024-03-07,C034,Cabrilla,1.23,A0030,Espigon
CAP-581,2024-09-19,C139,Cabrilla,0.81,A0031,Espigon
CAP-582,2024-02-25,C269,Denton,4.74,A0033,Alta Mar
CAP-583,2024-03-04,C269,Denton,7.07,A0033,Alta Mar
CAP-584,2024-09-08,C029,Melva,0.94,A0026,Alta Mar
CAP-585,2024-05-26,C204,Lubina,2.81,A0017,Ria
CAP-586,2024-06-14,C204,Lubina,3.09,A0017,Playa
CAP-587,2024-06-19,C204,Serviola,1.15,A0017,Espigon
CAP-588,2024-06-01,C204,Jurel,1.18,A0017,Ria
CAP-589,2024-07-20,C151,Serviola,1.71,A0032,Alta Mar
CAP-590,2024-09-11,C186,Serviola,1.01,A0033,Ria
CAP-591,2024-10-10,C186,Denton,2.74,A0033,Espigon
CAP-592,2024-10-18,C186,Denton,6.79,A0033,Ria
CAP-593,2024-11-22,C153,Sepia,1.59,A0003,Espigon
CAP-594,2024-11-20,C153,Sepia,0.64,A0003,Playa
CAP-595,2024-04-06,C279,Mabra,1.51,A0022,Playa
CAP-596,2024-03-11,C279,Mabra,1.04,A0022,Playa
CAP-597,2024-08-18,C197,Bonito del Norte,6.14,A0026,Playa
CAP-598,2024-08-26,C197,Bonito del Norte,7.19,A0026,Ria
CAP-599,2024-08-31,C197,Bonito del Norte,8.0,A0026,Ria
CAP-600,2024-09-09,C197,Bonito del Norte,9.39,A0026,Ria
CAP-601,2024-12-02,C180,Serviola,0.63,A0032,Espigon
CAP-602,2024-02-20,C216,Mabra,1.8,A0022,Alta Mar
CAP-603,2024-03-10,C216,Dorada,0.49,A0022,Ria
CAP-604,2024-07-10,C249,Mabra,1.15,A0022,Playa
CAP-605,2024-07-11,C249,Mabra,1.11,A0022,Playa
CAP-606,2024-07-06,C249,Mabra,1.67,A0022,Playa
CAP-607,2024-08-03,C249,Herrera,0.32,A0022,Alta Mar
CAP-608,2024-05-26,C216,Serviola,1.2,A0032,Playa
CAP-609,2024-08-15,C267,Dorada,0.86,A0022,Ria
CAP-610,2024-01-30,C167,Jurel,0.89,A0016,Espigon
CAP-611,2024-02-15,C167,Lubina,0.58,A0016,Ria
CAP-612,2025-01-01,C183,Baila,0.67,A0012,Playa
CAP-613,2024-07-15,C299,Anjova,6.88,A0012,Alta Mar
CAP-614,2024-07-10,C299,Palometon,14.46,A0012,Playa
CAP-615,2024-07-15,C299,Anjova,5.89,A0012,Alta Mar
CAP-616,2024-06-05,C277,Lubina,1.98,A0016,Alta Mar
CAP-617,2024-05-23,C277,Espeton,0.68,A0016,Ria
CAP-618,2024-10-23,C221,Sepia,1.54,A0001,Ria
CAP-619,2024-10-20,C221,Pulpo,1.0,A0001,Playa
CAP-620,2024-10-04,C245,Dorada,0.4,A0022,Espigon
CAP-621,2024-10-07,C245,Herrera,0.46,A0022,Ria
CAP-622,2024-09-28,C245,Herrera,0.68,A0022,Playa
CAP-623,2024-10-03,C245,Herrera,0.67,A0022,Playa
CAP-624,2024-10-02,C245,Herrera,0.26,A0022,Ria
CAP-625,2024-10-11,C245,Mabra,1.94,A0022,Espigon
CAP-626,2025-01-15,C141,Calamar,0.46,A0006,Playa
CAP-627,2025-01-04,C141,Calamar,1.48,A0006,Alta Mar
CAP-628,2025-01-04,C221,Calamar,0.6,A0003,Alta Mar
CAP-629,2025-01-19,C221,Calamar,0.54,A0003,Espigon
CAP-630,2025-01-13,C174,Denton,5.55,A0032,Ria
CAP-631,2024-08-18,C067,Lubina,1.23,A0010,Espigon
CAP-632,2024-08-04,C067,Jurel,1.96,A0010,Ria
CAP-633,2024-11-06,C276,Mero,7.41,A0030,Espigon
CAP-634,2024-11-02,C276,Gallineta,1.12,A0030,Alta Mar
CAP-635,2024-11-23,C276,Pargo,0.54,A0030,Espigon
CAP-636,2024-07-09,C210,Sama,3.65,A0030,Espigon
CAP-637,2024-07-17,C210,Sama,9.49,A0030,Espigon
CAP-638,2024-07-11,C210,Pargo,1.0,A0030,Playa
CAP-639,2024-04-12,C174,Denton,6.29,A0033,Ria
CAP-640,2024-05-03,C174,Serviola,1.22,A0033,Playa
CAP-641,2024-05-22,C174,Denton,2.75,A0033,Ria
CAP-642,2024-11-09,C200,Sargo,0.78,A0022,Playa
CAP-643,2024-11-17,C200,Sargo,0.55,A0022,Alta Mar
CAP-644,2024-11-30,C200,Sargo,0.61,A0022,Espigon
CAP-645,2024-12-06,C200,Herrera,0.5,A0022,Espigon
CAP-646,2024-11-21,C200,Herrera,0.75,A0022,Espigon
CAP-647,2024-11-21,C200,Herrera,0.54,A0022,Ria
CAP-648,2024-12-02,C200,Mabra,1.49,A0022,Playa
CAP-649,2024-12-02,C200,Mabra,1.6,A0022,Espigon
CAP-650,2024-02-11,C241,Sepia,1.77,A0001,Playa
CAP-651,2024-03-08,C241,Sepia,0.97,A0001,Playa
CAP-652,2024-03-14,C241,Calamar,0.63,A0001,Espigon
CAP-653,2024-03-22,C003,Denton,6.05,A0030,Ria
CAP-654,2024-09-26,C093,Serviola,1.08,A0033,Alta Mar
CAP-655,2024-02-27,C028,Pulpo,1.66,A0004,Espigon
CAP-656,2024-02-05,C028,Pulpo,3.33,A0004,Alta Mar
CAP-657,2024-07-13,C276,Sargo,0.94,A0021,Alta Mar
CAP-658,2024-09-23,C089,Jurel,1.72,A0018,Ria
CAP-659,2024-09-08,C209,Espeton,1.76,A0012,Ria
CAP-660,2024-09-09,C209,Lubina,4.43,A0012,Alta Mar
CAP-661,2024-10-15,C042,Bacoreta,1.54,A0026,Espigon
CAP-662,2024-10-18,C042,Bonito del Norte,12.16,A0026,Espigon
CAP-663,2024-06-05,C240,Sama,6.29,A0030,Playa
CAP-664,2024-02-15,C239,Sepia,1.8,A0002,Espigon
CAP-665,2024-02-25,C239,Sepia,0.38,A0002,Espigon
CAP-666,2024-02-13,C239,Sepia,0.79,A0002,Ria
CAP-667,2024-02-16,C239,Sepia,0.45,A0002,Espigon
CAP-668,2024-03-04,C239,Sepia,0.57,A0002,Alta Mar
CAP-669,2024-02-15,C239,Sepia,1.32,A0002,Playa
CAP-670,2024-07-11,C022,Llampuga,7.01,A0026,Alta Mar
CAP-671,2024-07-14,C022,Melva,1.68,A0026,Ria
CAP-672,2024-07-18,C022,Marlin Blanco,46.04,A0026,Espigon
CAP-673,2024-07-24,C022,Llampuga,2.22,A0026,Alta Mar
CAP-674,2024-06-16,C154,Denton,4.89,A0032,Alta Mar
CAP-675,2024-05-10,C251,Serviola,1.57,A0032,Espigon
CAP-676,2024-09-01,C074,Bonito del Norte,14.7,A0026,Playa
CAP-677,2024-09-25,C074,Bonito del Norte,7.92,A0026,Espigon
CAP-678,2024-01-31,C026,Sepia,1.92,A0005,Ria
CAP-679,2024-03-24,C155,Serviola,0.92,A0033,Alta Mar
CAP-680,2024-04-19,C155,Denton,7.43,A0033,Espigon
CAP-681,2024-03-18,C080,Calamar,0.7,A0006,Ria
CAP-682,2024-03-04,C080,Calamar,1.21,A0006,Ria
CAP-683,2024-06-07,C193,Serviola,0.59,A0032,Alta Mar
CAP-684,2024-06-24,C234,Herrera,0.41,A0021,Ria
CAP-685,2024-06-29,C234,Herrera,0.56,A0021,Ria
CAP-686,2024-07-09,C234,Dorada,2.37,A0021,Playa
CAP-687,2024-08-03,C234,Sargo,0.61,A0021,Espigon
CAP-688,2024-07-30,C234,Sargo,0.9,A0021,Espigon
CAP-689,2024-07-24,C234,Herrera,0.31,A0021,Ria
CAP-690,2024-07-26,C234,Herrera,0.25,A0021,Alta Mar
CAP-691,2024-09-05,C110,Mabra,1.2,A0022,Ria
CAP-692,2024-09-08,C110,Herrera,0.53,A0022,Ria
CAP-693,2024-05-09,C050,Sargo,0.69,A0021,Alta Mar
CAP-694,2024-05-05,C050,Sargo,0.87,A0021,Ria
CAP-695,2024-05-11,C050,Sargo,0.48,A0021,Ria
CAP-696,2024-03-22,C035,Cabrilla,0.66,A0030,Espigon
CAP-697,2024-04-08,C035,Cabrilla,0.73,A0030,Espigon
CAP-698,2024-08-13,C177,Bonito del Norte,8.98,A0027,Espigon
CAP-699,2024-08-13,C177,Llampuga,6.9,A0027,Playa
CAP-700,2024-09-06,C177,Bacoreta,1.2,A0027,Ria
CAP-701,2024-03-23,C001,Lubina,0.92,A0016,Alta Mar
CAP-702,2024-03-29,C001,Lubina,3.46,A0016,Ria
CAP-703,2024-04-21,C001,Palometon,5.19,A0016,Playa
CAP-704,2024-04-01,C001,Palometon,14.64,A0016,Playa
CAP-705,2024-05-04,C001,Jurel,1.09,A0016,Alta Mar
CAP-706,2024-08-12,C101,Serviola,0.97,A0033,Espigon
CAP-707,2024-01-29,C149,Denton,3.19,A0033,Ria
CAP-708,2024-02-12,C149,Denton,5.76,A0033,Alta Mar
CAP-709,2024-02-08,C280,Calamar,1.07,A0004,Ria
CAP-710,2024-01-08,C059,Herrera,0.55,A0022,Ria
CAP-711,2024-02-22,C231,Sargo,0.81,A0022,Espigon
CAP-712,2024-12-19,C228,San Pedro,1.43,A0031,Alta Mar
CAP-713,2024-04-11,C093,Serviola,1.28,A0033,Ria
CAP-714,2024-05-16,C093,Denton,7.95,A0033,Espigon
CAP-715,2024-02-25,C227,Mero,10.63,A0032,Alta Mar
CAP-716,2024-03-28,C227,Denton,4.42,A0032,Alta Mar
CAP-717,2024-09-08,C174,Serviola,1.03,A0032,Ria
CAP-718,2024-09-17,C174,Serviola,1.61,A0032,Alta Mar
CAP-719,2024-12-04,C086,Calamar,0.98,A0005,Playa
CAP-720,2024-09-06,C107,Bonito del Norte,4.01,A0027,Espigon
CAP-721,2024-07-21,C146,Bonito del Norte,4.61,A0028,Ria
CAP-722,2024-08-01,C146,Bonito del Norte,12.88,A0028,Playa
CAP-723,2024-08-20,C146,Bacoreta,1.89,A0028,Ria
CAP-724,2024-03-08,C100,Herrera,0.34,A0022,Ria
CAP-725,2024-02-29,C100,Herrera,0.54,A0022,Ria
CAP-726,2024-03-15,C100,Herrera,0.43,A0022,Espigon
CAP-727,2024-02-22,C270,Calamar,0.99,A0001,Playa
CAP-728,2024-03-07,C270,Calamar,1.19,A0001,Ria
CAP-729,2024-02-26,C270,Calamar,1.18,A0001,Ria
CAP-730,2024-06-05,C041,Denton,4.82,A0033,Espigon
CAP-731,2024-06-15,C041,Serviola,1.98,A0033,Ria
CAP-732,2024-06-12,C041,Serviola,0.71,A0033,Espigon
CAP-733,2024-05-30,C256,Sama,6.32,A0031,Alta Mar
CAP-734,2024-06-20,C256,Sama,7.93,A0031,Alta Mar
CAP-735,2024-06-18,C256,Pargo,1.56,A0031,Playa
CAP-736,2024-11-10,C171,Denton,4.12,A0032,Espigon
CAP-737,2024-11-23,C171,Serviola,1.63,A0032,Alta Mar
CAP-738,2025-01-06,C114,Denton,7.18,A0033,Ria
CAP-739,2025-01-11,C114,Denton,1.6,A0033,Alta Mar
CAP-740,2024-05-17,C293,Sama,7.67,A0030,Playa
CAP-741,2024-03-02,C176,Lubina,4.37,A0016,Playa
CAP-742,2024-03-21,C176,Palometon,13.17,A0016,Ria
CAP-743,2024-11-18,C094,Calamar,0.76,A0001,Ria
CAP-744,2024-02-19,C018,Serviola,1.76,A0033,Alta Mar
CAP-745,2024-07-19,C083,Herrera,0.28,A0022,Espigon
CAP-746,2024-07-28,C083,Dorada,2.77,A0022,Espigon
CAP-747,2024-08-03,C083,Dorada,1.83,A0022,Playa
CAP-748,2024-08-02,C083,Dorada,2.6,A0022,Alta Mar
CAP-749,2024-02-12,C157,Baila,0.78,A0017,Espigon
CAP-750,2024-12-18,C087,Sepia,1.81,A0007,Espigon
CAP-751,2024-12-25,C087,Sepia,1.24,A0007,Espigon
CAP-752,2024-07-09,C005,Denton,3.5,A0033,Espigon
CAP-753,2024-07-20,C005,Denton,2.52,A0033,Ria
CAP-754,2024-09-12,C196,Melva,1.78,A0028,Playa
CAP-755,2024-11-19,C192,Lubina,2.66,A0012,Playa
CAP-756,2024-11-12,C192,Espeton,1.92,A0012,Playa
CAP-757,2024-10-12,C202,Sepia,1.52,A0005,Ria
CAP-758,2024-11-06,C202,Calamar,1.18,A0005,Playa
CAP-759,2024-05-29,C040,Jurel,0.9,A0014,Espigon
CAP-760,2024-11-10,C168,Lubina,2.89,A0016,Espigon
CAP-761,2024-11-17,C168,Anjova,2.64,A0016,Espigon
CAP-762,2024-08-31,C026,Mero,6.28,A0033,Ria
CAP-763,2024-09-04,C026,Serviola,0.86,A0033,Ria
CAP-764,2024-04-26,C085,Cabrilla,1.55,A0030,Ria
CAP-765,2024-04-30,C085,Sama,5.9,A0030,Ria
CAP-766,2024-05-25,C085,Cabrilla,1.73,A0030,Playa
CAP-767,2024-03-16,C089,Anjova,6.68,A0015,Ria
CAP-768,2024-03-18,C089,Espeton,1.63,A0015,Alta Mar
CAP-769,2024-03-31,C214,Serviola,1.77,A0032,Playa
CAP-770,2024-04-10,C214,Mero,6.0,A0032,Ria
CAP-771,2024-04-24,C214,Denton,3.68,A0032,Playa
CAP-772,2024-08-29,C101,Serviola,1.28,A0032,Ria
CAP-773,2024-11-04,C036,Cabrilla,1.9,A0030,Espigon
CAP-774,2024-06-03,C227,Denton,3.25,A0032,Ria
CAP-775,2024-05-14,C227,Serviola,1.71,A0032,Ria
CAP-776,2024-12-27,C044,Espeton,1.05,A0013,Playa
CAP-777,2024-12-19,C044,Lubina,1.33,A0013,Alta Mar
CAP-778,2025-01-15,C044,Serviola,0.75,A0013,Ria
CAP-779,2024-11-04,C043,Baila,0.56,A0014,Playa
CAP-780,2024-11-08,C043,Espeton,0.81,A0014,Alta Mar
CAP-781,2024-01-26,C053,Mero,7.13,A0033,Espigon
CAP-782,2024-02-05,C053,Mero,13.67,A0033,Ria
CAP-783,2024-01-30,C053,Denton,7.25,A0033,Playa
CAP-784,2024-01-26,C101,Denton,2.86,A0033,Espigon
CAP-785,2024-02-01,C101,Serviola,1.63,A0033,Playa
CAP-786,2025-01-02,C128,Serviola,1.35,A0016,Ria
CAP-787,2025-01-09,C128,Lubina,1.98,A0016,Alta Mar
CAP-788,2025-01-12,C128,Espeton,0.75,A0016,Alta Mar
CAP-789,2024-03-29,C166,Anjova,4.53,A0013,Espigon
CAP-790,2024-03-30,C166,Anjova,3.76,A0013,Playa
CAP-791,2024-04-12,C166,Espeton,0.57,A0013,Ria
CAP-792,2024-05-06,C166,Lubina,3.16,A0013,Ria
CAP-793,2024-05-01,C166,Palometon,5.42,A0013,Espigon
CAP-794,2024-05-19,C158,Serviola,0.94,A0032,Playa
CAP-795,2024-10-23,C097,Bacoreta,0.84,A0028,Alta Mar
CAP-796,2025-01-02,C084,Herrera,0.32,A0021,Espigon
CAP-797,2024-12-27,C084,Herrera,0.3,A0021,Alta Mar
CAP-798,2025-01-19,C084,Herrera,0.79,A0021,Ria
CAP-799,2024-04-25,C130,Anjova,2.69,A0012,Alta Mar
CAP-800,2024-12-28,C098,Lubina,0.72,A0018,Ria
CAP-801,2024-09-14,C223,Mero,12.24,A0032,Espigon
CAP-802,2024-09-19,C029,Bonito del Norte,11.6,A0028,Espigon
CAP-803,2024-09-18,C029,Bonito del Norte,6.36,A0028,Alta Mar
CAP-804,2024-07-05,C287,Llampuga,9.86,A0028,Playa
CAP-805,2024-07-18,C287,Llampuga,3.68,A0028,Alta Mar
CAP-806,2024-07-20,C287,Melva,1.94,A0028,Alta Mar
CAP-807,2024-12-24,C296,Calamar,0.59,A0006,Espigon
CAP-808,2025-01-15,C296,Calamar,0.99,A0006,Ria
CAP-809,2025-01-17,C296,Calamar,0.42,A0006,Espigon
CAP-810,2024-09-14,C275,Bonito del Norte,13.88,A0028,Ria
CAP-811,2024-03-03,C034,Gallineta,0.73,A0030,Espigon
CAP-812,2024-01-23,C047,Calamar,1.43,A0002,Playa
CAP-813,2024-02-03,C047,Calamar,0.4,A0002,Espigon
CAP-814,2024-02-03,C047,Calamar,0.23,A0002,Ria
CAP-815,2024-02-14,C047,Calamar,0.67,A0002,Espigon
CAP-816,2024-05-24,C129,Anjova,2.01,A0014,Espigon
CAP-817,2024-06-09,C129,Anjova,2.93,A0014,Alta Mar
CAP-818,2024-06-08,C129,Jurel,1.32,A0014,Espigon
CAP-819,2024-10-26,C143,Lubina,1.92,A0013,Espigon
CAP-820,2024-11-06,C143,Anjova,3.08,A0013,Alta Mar
CAP-821,2024-11-15,C143,Jurel,1.19,A0013,Playa
CAP-822,2024-11-10,C143,Anjova,3.48,A0013,Ria
CAP-823,2024-10-03,C196,Bonito del Norte,12.57,A0028,Playa
CAP-824,2024-09-29,C196,Llampuga,4.44,A0028,Espigon
CAP-825,2024-06-24,C148,Serviola,1.65,A0033,Playa
CAP-826,2025-01-08,C114,Cabrilla,0.92,A0031,Espigon
CAP-827,2024-09-23,C299,Palometon,13.66,A0013,Ria
CAP-828,2024-07-12,C088,Denton,6.02,A0033,Playa
CAP-829,2024-08-06,C088,Denton,5.06,A0033,Playa
CAP-830,2024-05-08,C151,Serviola,0.82,A0033,Ria
CAP-831,2024-05-26,C151,Denton,6.12,A0033,Espigon
CAP-832,2024-11-12,C134,Herrera,0.25,A0021,Espigon
CAP-833,2024-11-24,C134,Corvina,5.67,A0021,Ria
CAP-834,2024-12-03,C134,Herrera,0.71,A0021,Espigon
CAP-835,2024-12-12,C090,Sama,8.48,A0030,Alta Mar
CAP-836,2025-01-03,C090,Pargo,1.82,A0030,Espigon
CAP-837,2024-04-16,C023,Mabra,1.36,A0021,Playa
CAP-838,2024-05-12,C023,Mabra,1.27,A0021,Espigon
CAP-839,2024-04-20,C023,Mabra,1.54,A0021,Ria
CAP-840,2024-04-29,C023,Mabra,1.98,A0021,Alta Mar
CAP-841,2024-05-22,C023,Mabra,1.86,A0021,Alta Mar
CAP-842,2024-05-16,C023,Herrera,0.25,A0021,Playa
CAP-843,2024-11-23,C167,Jurel,1.27,A0012,Alta Mar
CAP-844,2024-11-13,C167,Baila,1.51,A0012,Alta Mar
CAP-845,2024-11-17,C273,Denton,7.59,A0031,Ria
CAP-846,2024-12-13,C273,Sama,8.41,A0031,Playa
CAP-847,2024-12-10,C100,Calamar,1.37,A0003,Espigon
CAP-848,2024-11-27,C100,Sepia,1.7,A0003,Espigon
CAP-849,2024-12-16,C100,Pulpo,4.97,A0003,Ria
CAP-850,2024-08-29,C205,Llampuga,6.08,A0028,Alta Mar
CAP-851,2024-09-06,C205,Llampuga,6.87,A0028,Ria
CAP-852,2024-09-11,C135,Bonito del Norte,6.59,A0027,Playa
CAP-853,2024-10-04,C135,Bacoreta,0.98,A0027,Espigon
CAP-854,2024-10-01,C193,Llampuga,8.71,A0026,Espigon
CAP-855,2024-09-25,C193,Melva,1.65,A0026,Alta Mar
CAP-856,2024-01-20,C189,Sepia,1.71,A0005,Alta Mar
CAP-857,2024-01-10,C189,Sepia,0.63,A0005,Espigon
CAP-858,2024-02-01,C189,Sepia,1.99,A0005,Ria
CAP-859,2024-02-07,C189,Sepia,1.91,A0005,Ria
CAP-860,2024-04-27,C295,Cabrilla,0.56,A0030,Ria
CAP-861,2024-05-19,C295,Gallineta,0.59,A0030,Espigon
CAP-862,2024-10-27,C074,Sargo,0.3,A0021,Ria
CAP-863,2024-04-03,C085,Pargo,0.93,A0031,Alta Mar
CAP-864,2024-04-13,C085,San Pedro,1.79,A0031,Espigon
CAP-865,2024-10-12,C042,Bonito del Norte,14.49,A0026,Espigon
CAP-866,2024-11-21,C244,Sama,3.27,A0030,Ria
CAP-867,2024-11-30,C244,Gallineta,1.12,A0030,Alta Mar
CAP-868,2024-09-25,C196,Bonito del Norte,14.61,A0026,Alta Mar
CAP-869,2024-06-22,C243,Denton,4.7,A0030,Playa
CAP-870,2024-06-13,C063,Herrera,0.32,A0021,Espigon
CAP-871,2024-06-03,C063,Sargo,0.92,A0021,Alta Mar
CAP-872,2024-06-13,C063,Sargo,0.7,A0021,Espigon
CAP-873,2024-06-26,C127,Jurel,1.03,A0015,Alta Mar
CAP-874,2024-07-23,C127,Serviola,1.08,A0015,Ria
CAP-875,2024-10-09,C085,San Pedro,1.04,A0031,Playa
CAP-876,2024-10-08,C085,Cabrilla,1.75,A0031,Espigon
CAP-877,2024-11-08,C085,Cabrilla,1.99,A0031,Espigon
CAP-878,2024-08-26,C143,Jurel,1.56,A0015,Playa
CAP-879,2024-08-12,C143,Rodaballo,1.68,A0021,Espigon
CAP-880,2024-08-21,C143,Herrera,0.37,A0021,Espigon
CAP-881,2024-08-11,C143,Sargo,0.55,A0021,Alta Mar
CAP-882,2024-11-15,C064,Calamar,0.21,A0001,Alta Mar
CAP-883,2024-12-04,C064,Calamar,0.89,A0001,Ria
CAP-884,2024-12-10,C064,Calamar,0.75,A0001,Ria
CAP-885,2025-01-01,C064,Calamar,0.88,A0001,Alta Mar
CAP-886,2024-04-11,C181,Cabrilla,1.31,A0030,Playa
CAP-887,2024-04-27,C181,Denton,4.58,A0030,Espigon
CAP-888,2024-04-12,C181,Denton,1.6,A0030,Alta Mar
CAP-889,2024-05-02,C181,Cabrilla,1.35,A0030,Espigon
CAP-890,2024-12-22,C150,Denton,3.07,A0033,Alta Mar
CAP-891,2025-01-15,C150,Mero,13.04,A0033,Alta Mar
CAP-892,2024-10-25,C004,Bonito del Norte,9.48,A0026,Playa
CAP-893,2024-11-02,C004,Marlin Blanco,28.89,A0026,Espigon
CAP-894,2024-10-28,C004,Llampuga,4.16,A0026,Ria
CAP-895,2025-01-01,C154,Serviola,1.71,A0033,Espigon
CAP-896,2024-07-19,C029,Marlin Blanco,48.51,A0028,Alta Mar
CAP-897,2024-07-29,C029,Llampuga,7.88,A0028,Ria
CAP-898,2024-12-03,C243,Denton,3.19,A0031,Ria
CAP-899,2024-12-02,C190,Mero,10.81,A0032,Alta Mar
CAP-900,2024-12-20,C052,Calamar,0.9,A0005,Ria
CAP-901,2024-02-06,C007,Sama,3.51,A0031,Espigon
CAP-902,2024-03-03,C009,Serviola,0.74,A0033,Espigon
CAP-903,2024-03-17,C009,Denton,3.42,A0033,Alta Mar
CAP-904,2024-08-17,C258,Mero,9.03,A0033,Ria
CAP-905,2024-09-23,C258,Denton,6.51,A0033,Ria
CAP-906,2024-05-15,C155,Denton,6.05,A0033,Alta Mar
CAP-907,2024-06-14,C155,Mero,7.2,A0033,Ria
CAP-908,2024-10-31,C269,Calamar,0.28,A0003,Alta Mar
CAP-909,2024-10-14,C269,Calamar,0.71,A0003,Espigon
CAP-910,2024-10-19,C269,Calamar,0.31,A0003,Playa
CAP-911,2024-11-17,C269,Calamar,1.19,A0003,Espigon
CAP-912,2024-11-15,C269,Calamar,0.31,A0003,Alta Mar
CAP-913,2024-12-02,C049,Sepia,1.47,A0005,Playa
CAP-914,2024-10-22,C283,Bonito del Norte,14.86,A0028,Alta Mar
CAP-915,2024-06-27,C083,Bacoreta,1.84,A0027,Playa
CAP-916,2024-07-15,C083,Bacoreta,1.57,A0027,Playa
CAP-917,2024-08-31,C134,Herrera,0.26,A0022,Ria
CAP-918,2024-06-10,C051,Jurel,1.46,A0016,Ria
CAP-919,2024-08-09,C012,Denton,3.45,A0032,Ria
CAP-920,2024-01-22,C060,Lubina,1.47,A0012,Ria
CAP-921,2024-01-28,C060,Serviola,0.79,A0012,Espigon
CAP-922,2024-04-05,C223,Serviola,0.67,A0032,Playa
CAP-923,2024-04-29,C223,Serviola,1.59,A0032,Espigon
CAP-924,2024-04-24,C223,Serviola,1.27,A0032,Alta Mar
CAP-925,2024-07-22,C061,Denton,1.84,A0033,Espigon
CAP-926,2024-08-04,C061,Mero,5.51,A0033,Playa
CAP-927,2024-03-07,C202,Calamar,1.01,A0004,Espigon
CAP-928,2024-12-23,C144,Denton,4.6,A0032,Ria
CAP-929,2024-04-03,C173,Cabrilla,0.68,A0030,Ria
CAP-930,2024-04-23,C173,Denton,4.06,A0030,Ria
CAP-931,2024-08-06,C123,Bacoreta,1.81,A0027,Alta Mar
CAP-932,2024-08-06,C123,Llampuga,6.67,A0027,Playa
CAP-933,2024-08-23,C123,Marlin Blanco,21.37,A0027,Alta Mar
CAP-934,2024-08-21,C123,Bonito del Norte,14.99,A0027,Ria
CAP-935,2024-08-26,C123,Bonito del Norte,4.0,A0027,Ria
CAP-936,2024-12-16,C138,Sepia,1.91,A0005,Alta Mar
CAP-937,2024-02-06,C279,Sargo,1.0,A0021,Espigon
CAP-938,2024-02-24,C279,Mabra,1.31,A0021,Espigon
CAP-939,2024-02-26,C279,Sargo,0.42,A0021,Playa
CAP-940,2024-02-26,C279,Sargo,0.38,A0021,Ria
CAP-941,2025-01-02,C089,Sepia,1.65,A0002,Alta Mar
CAP-942,2024-12-16,C089,Sepia,1.57,A0002,Espigon
CAP-943,2024-12-23,C089,Calamar,1.25,A0002,Espigon
CAP-944,2025-01-23,C089,Calamar,0.85,A0002,Playa
CAP-945,2025-01-19,C089,Calamar,0.77,A0002,Ria
CAP-946,2024-06-21,C188,Pargo,1.84,A0031,Alta Mar
CAP-947,2024-07-07,C188,Denton,6.46,A0031,Espigon
CAP-948,2024-10-06,C157,Llampuga,5.17,A0026,Playa
CAP-949,2024-09-25,C157,Bonito del Norte,7.65,A0026,Ria
CAP-950,2024-10-19,C157,Bacoreta,1.29,A0026,Alta Mar
CAP-951,2024-10-21,C157,Llampuga,4.35,A0026,Ria
CAP-952,2024-07-23,C098,Lubina,1.98,A0012,Espigon
CAP-953,2024-07-19,C098,Espeton,1.15,A0012,Playa
CAP-954,2024-08-09,C098,Espeton,1.3,A0012,Alta Mar
CAP-955,2024-04-07,C203,Mabra,0.74,A0021,Espigon
CAP-956,2024-04-11,C203,Mabra,1.26,A0021,Alta Mar
CAP-957,2024-03-28,C203,Mabra,1.47,A0021,Ria
CAP-958,2024-12-23,C235,Sepia,0.4,A0004,Playa
CAP-959,2024-09-03,C241,Llampuga,9.97,A0026,Alta Mar
CAP-960,2024-09-02,C241,Marlin Blanco,24.38,A0026,Espigon
CAP-961,2024-09-28,C241,Bonito del Norte,8.41,A0026,Alta Mar
CAP-962,2024-08-29,C274,Bacoreta,0.56,A0027,Espigon
CAP-963,2024-08-11,C159,Mabra,1.05,A0021,Espigon
CAP-964,2024-08-28,C159,Sargo,0.23,A0021,Alta Mar
CAP-965,2024-02-21,C227,Sepia,1.79,A0004,Alta Mar
CAP-966,2024-03-10,C227,Calamar,0.58,A0004,Espigon
CAP-967,2024-07-03,C282,Espeton,1.88,A0011,Alta Mar
CAP-968,2024-07-12,C282,Jurel,0.93,A0011,Ria
CAP-969,2024-08-06,C282,Baila,1.4,A0011,Alta Mar
CAP-970,2024-08-02,C282,Lubina,3.91,A0011,Espigon
CAP-971,2024-04-30,C157,Espeton,1.76,A0015,Espigon
CAP-972,2024-04-23,C157,Baila,1.02,A0015,Ria
CAP-973,2024-05-13,C157,Lubina,2.01,A0015,Alta Mar
CAP-974,2024-02-14,C159,Dorada,1.96,A0021,Playa
CAP-975,2024-02-07,C159,Sargo,0.23,A0021,Playa
CAP-976,2024-01-31,C159,Sargo,0.76,A0021,Ria
CAP-977,2024-02-23,C159,Mabra,0.84,A0021,Playa
CAP-978,2024-02-15,C159,Mabra,1.64,A0021,Espigon
CAP-979,2024-02-16,C159,Mabra,1.53,A0021,Playa
CAP-980,2024-07-25,C183,Mero,5.91,A0033,Espigon
CAP-981,2024-08-13,C183,Serviola,0.96,A0033,Alta Mar
CAP-982,2024-08-10,C183,Denton,3.71,A0033,Ria
CAP-983,2024-10-01,C277,Lubina,1.06,A0013,Playa
CAP-984,2024-02-29,C141,Calamar,0.73,A0006,Alta Mar
CAP-985,2025-01-02,C053,Denton,2.3,A0032,Espigon
CAP-986,2024-05-11,C256,San Pedro,1.06,A0031,Espigon
CAP-987,2024-05-14,C256,Pargo,1.14,A0031,Ria
CAP-988,2024-06-06,C256,Pargo,0.77,A0031,Espigon
CAP-989,2024-06-11,C256,Pargo,0.71,A0031,Alta Mar
CAP-990,2024-06-19,C256,Sama,5.25,A0031,Playa
CAP-991,2024-11-28,C200,Sargo,0.68,A0022,Ria
CAP-992,2024-12-18,C200,Mabra,0.99,A0022,Playa
CAP-993,2024-12-19,C200,Herrera,0.25,A0022,Playa
CAP-994,2024-12-26,C200,Herrera,0.51,A0022,Alta Mar
CAP-995,2024-12-16,C200,Herrera,0.22,A0022,Espigon
CAP-996,2025-01-08,C200,Sargo,0.77,A0022,Espigon
CAP-997,2024-06-15,C140,Llampuga,5.34,A0026,Alta Mar
CAP-998,2024-07-02,C140,Bonito del Norte,14.36,A0026,Espigon
CAP-999,2024-11-17,C248,Lubina,2.22,A0013,Playa
CAP-1000,2024-11-14,C248,Anjova,6.34,A0013,Playa
CAP-1001,2024-12-13,C039,Lubina,3.06,A0021,Playa
CAP-1002,2024-12-28,C039,Sargo,0.83,A0021,Playa
CAP-1003,2025-01-23,C112,Cabrilla,1.53,A0031,Alta Mar
CAP-1004,2025-01-01,C061,Serviola,0.87,A0032,Ria
CAP-1005,2024-12-25,C061,Mero,3.34,A0032,Espigon
CAP-1006,2024-12-18,C156,Pulpo,3.11,A0003,Ria
CAP-1007,2025-01-04,C156,Sepia,1.49,A0003,Playa
CAP-1008,2024-03-06,C063,Dorada,1.56,A0022,Espigon
CAP-1009,2024-03-13,C063,Dorada,0.45,A0022,Ria
CAP-1010,2024-03-18,C063,Dorada,0.4,A0022,Ria
CAP-1011,2024-07-03,C167,Palometon,12.85,A0013,Alta Mar
CAP-1012,2024-07-12,C167,Lubina,3.41,A0013,Playa
CAP-1013,2024-11-30,C212,Pulpo,2.22,A0003,Ria
CAP-1014,2024-12-28,C212,Pulpo,4.82,A0003,Espigon
CAP-1015,2024-12-09,C212,Pulpo,4.29,A0003,Ria
CAP-1016,2024-04-20,C066,Sargo,0.78,A0022,Playa
CAP-1017,2024-04-15,C066,Sargo,1.04,A0022,Espigon
CAP-1018,2024-04-29,C066,Mabra,0.87,A0022,Alta Mar
CAP-1019,2024-04-15,C066,Mabra,1.83,A0022,Espigon
CAP-1020,2024-05-04,C066,Mabra,1.44,A0022,Playa
CAP-1021,2024-05-04,C066,Rodaballo,1.25,A0022,Espigon
CAP-1022,2024-04-30,C066,Rodaballo,1.07,A0022,Playa
CAP-1023,2024-05-02,C066,Dorada,2.38,A0022,Alta Mar
CAP-1024,2024-08-09,C228,Denton,7.3,A0031,Ria
CAP-1025,2024-12-08,C132,San Pedro,0.97,A0030,Ria
CAP-1026,2024-12-13,C132,Gallineta,1.84,A0030,Ria
CAP-1027,2024-12-26,C132,San Pedro,1.55,A0030,Alta Mar
CAP-1028,2025-01-04,C269,Serviola,1.55,A0032,Playa
CAP-1029,2024-01-18,C212,Sepia,1.7,A0003,Ria
CAP-1030,2024-09-26,C122,Mero,3.2,A0031,Playa
CAP-1031,2024-08-05,C086,Llampuga,3.29,A0028,Playa
CAP-1032,2024-02-21,C254,Denton,6.22,A0032,Alta Mar
CAP-1033,2024-03-09,C254,Denton,5.25,A0032,Playa
CAP-1034,2024-03-26,C254,Serviola,0.75,A0032,Alta Mar
CAP-1035,2024-09-02,C288,Bonito del Norte,7.15,A0028,Playa
CAP-1036,2024-09-07,C288,Bonito del Norte,11.6,A0028,Espigon
CAP-1037,2024-12-31,C296,Pulpo,4.15,A0001,Playa
CAP-1038,2025-01-20,C296,Pulpo,1.86,A0001,Ria
CAP-1039,2024-02-14,C234,Mabra,0.95,A0022,Ria
CAP-1040,2024-01-21,C234,Mabra,1.61,A0022,Ria
CAP-1041,2024-02-15,C234,Mabra,1.55,A0022,Alta Mar
CAP-1042,2024-11-11,C289,San Pedro,0.72,A0031,Espigon
CAP-1043,2024-12-05,C289,San Pedro,2.29,A0031,Playa
CAP-1044,2024-12-28,C289,Pargo,1.8,A0031,Alta Mar
CAP-1045,2024-01-30,C098,Herrera,0.71,A0022,Playa
CAP-1046,2024-01-26,C098,Sargo,1.12,A0022,Alta Mar
CAP-1047,2024-07-12,C243,Mero,8.84,A0031,Ria
CAP-1048,2024-07-02,C243,Cabrilla,1.59,A0031,Espigon
CAP-1049,2024-07-18,C124,Serviola,1.74,A0033,Espigon
CAP-1050,2024-07-24,C124,Mero,11.19,A0033,Espigon
CAP-1051,2024-08-25,C124,Mero,5.15,A0033,Playa
CAP-1052,2024-02-28,C145,Calamar,0.97,A0005,Espigon
CAP-1053,2024-03-16,C145,Calamar,1.18,A0005,Alta Mar
CAP-1054,2024-10-01,C092,Bonito del Norte,10.31,A0028,Playa
CAP-1055,2024-11-04,C092,Bacoreta,1.35,A0028,Espigon
CAP-1056,2024-10-21,C092,Bonito del Norte,12.13,A0028,Espigon
CAP-1057,2024-07-12,C022,Bonito del Norte,8.44,A0028,Espigon
CAP-1058,2024-07-25,C022,Bonito del Norte,8.61,A0028,Alta Mar
CAP-1059,2024-08-04,C022,Bonito del Norte,8.15,A0028,Alta Mar
CAP-1060,2024-02-17,C254,Gallineta,0.57,A0030,Playa
CAP-1061,2024-02-18,C254,Sama,5.65,A0030,Alta Mar
CAP-1062,2024-02-27,C254,Cabrilla,0.92,A0030,Ria
CAP-1063,2024-09-16,C093,Denton,2.13,A0033,Ria
CAP-1064,2024-08-30,C277,Lubina,2.63,A0016,Playa
CAP-1065,2024-09-26,C277,Lubina,2.34,A0016,Playa
CAP-1066,2024-02-22,C232,Calamar,0.39,A0004,Ria
CAP-1067,2024-03-01,C232,Calamar,0.33,A0004,Playa
CAP-1068,2024-02-14,C122,Cabrilla,1.1,A0030,Ria
CAP-1069,2024-02-12,C094,Pulpo,1.13,A0004,Espigon
CAP-1070,2024-11-01,C047,Calamar,0.4,A0006,Ria
CAP-1071,2024-06-23,C286,Denton,7.44,A0030,Playa
CAP-1072,2024-07-21,C286,Cabrilla,1.25,A0030,Playa
CAP-1073,2024-08-16,C146,Bonito del Norte,9.89,A0026,Ria
CAP-1074,2024-08-13,C146,Bonito del Norte,5.1,A0026,Espigon
CAP-1075,2024-10-28,C151,Serviola,1.21,A0033,Espigon
CAP-1076,2024-11-06,C151,Serviola,1.36,A0033,Espigon
CAP-1077,2024-10-12,C018,Mero,9.8,A0033,Ria
CAP-1078,2024-10-15,C018,Serviola,1.66,A0033,Ria
CAP-1079,2024-03-30,C062,San Pedro,2.19,A0031,Alta Mar
CAP-1080,2024-04-10,C062,Mero,10.05,A0031,Ria
CAP-1081,2024-04-30,C062,Sama,8.87,A0031,Ria
CAP-1082,2024-04-26,C062,Cabrilla,0.76,A0031,Espigon
CAP-1083,2024-05-03,C062,Sama,9.61,A0031,Ria
CAP-1084,2024-07-10,C002,Bonito del Norte,6.24,A0027,Playa
CAP-1085,2024-07-07,C002,Bacoreta,0.76,A0027,Ria
CAP-1086,2024-06-26,C002,Bacoreta,1.61,A0027,Espigon
CAP-1087,2024-07-18,C292,Melva,0.84,A0027,Ria
CAP-1088,2024-07-21,C292,Llampuga,7.36,A0027,Ria
CAP-1089,2024-08-01,C292,Llampuga,5.89,A0027,Playa
CAP-1090,2024-08-06,C292,Melva,1.19,A0027,Espigon
CAP-1091,2024-07-02,C082,Mero,10.44,A0030,Playa
CAP-1092,2024-07-27,C082,Mero,3.8,A0030,Alta Mar
CAP-1093,2024-07-08,C082,Sama,5.74,A0030,Alta Mar
CAP-1094,2024-04-01,C110,Herrera,0.76,A0022,Ria
CAP-1095,2024-04-22,C110,Herrera,0.58,A0022,Ria
CAP-1096,2024-04-09,C110,Sargo,0.76,A0022,Espigon
CAP-1097,2024-05-07,C110,Herrera,0.52,A0022,Playa
CAP-1098,2024-02-20,C144,Denton,2.85,A0032,Alta Mar
CAP-1099,2024-03-01,C144,Serviola,1.9,A0032,Ria
CAP-1100,2024-02-07,C168,Lubina,2.52,A0013,Espigon
CAP-1101,2024-01-23,C168,Jurel,1.15,A0013,Playa
CAP-1102,2024-02-18,C168,Lubina,4.8,A0013,Alta Mar
CAP-1103,2024-08-20,C085,Mero,13.88,A0030,Ria
CAP-1104,2024-04-27,C192,Sargo,0.53,A0022,Alta Mar
CAP-1105,2024-04-23,C192,Sargo,0.69,A0022,Espigon
CAP-1106,2024-05-11,C192,Sargo,0.21,A0022,Espigon
CAP-1107,2024-08-16,C016,Lubina,4.93,A0017,Espigon
CAP-1108,2024-12-05,C202,Calamar,0.49,A0006,Ria
CAP-1109,2024-11-14,C202,Calamar,1.43,A0006,Alta Mar
CAP-1110,2024-08-02,C265,Palometon,13.0,A0017,Playa
CAP-1111,2024-08-14,C265,Lubina,1.53,A0017,Playa
CAP-1112,2024-09-11,C250,Bonito del Norte,12.82,A0027,Ria
CAP-1113,2024-09-22,C250,Bonito del Norte,7.74,A0027,Alta Mar
CAP-1114,2024-09-11,C250,Melva,1.44,A0027,Alta Mar
CAP-1115,2024-03-13,C090,Denton,3.58,A0030,Playa
CAP-1116,2024-08-27,C055,Llampuga,9.54,A0027,Espigon
CAP-1117,2024-02-28,C221,Calamar,1.39,A0001,Playa
CAP-1118,2024-03-14,C221,Calamar,0.81,A0001,Ria
CAP-1119,2024-03-09,C221,Calamar,0.37,A0001,Espigon
CAP-1120,2024-04-02,C221,Calamar,0.94,A0001,Playa
CAP-1121,2024-12-03,C125,Calamar,0.5,A0001,Ria
CAP-1122,2024-11-24,C125,Pulpo,2.17,A0001,Espigon
CAP-1123,2024-11-22,C125,Pulpo,3.86,A0001,Playa
CAP-1124,2024-12-04,C125,Pulpo,2.75,A0001,Playa
CAP-1125,2024-11-30,C142,Dorada,2.0,A0021,Alta Mar
CAP-1126,2024-11-30,C142,Mabra,1.61,A0021,Alta Mar
CAP-1127,2024-12-13,C248,Anjova,2.26,A0014,Alta Mar
CAP-1128,2024-12-25,C161,Denton,7.74,A0031,Espigon
CAP-1129,2024-05-05,C256,Sama,9.43,A0031,Espigon
CAP-1130,2024-05-14,C256,Denton,5.77,A0031,Espigon
CAP-1131,2024-05-08,C256,Denton,4.07,A0031,Ria
CAP-1132,2024-05-08,C256,Pargo,0.97,A0031,Ria
CAP-1133,2024-08-15,C116,Bonito del Norte,4.32,A0027,Alta Mar
CAP-1134,2024-10-06,C116,Bonito del Norte,12.79,A0027,Espigon
CAP-1135,2024-06-15,C042,Bacoreta,1.42,A0026,Ria
CAP-1136,2024-07-01,C042,Bonito del Norte,8.03,A0026,Playa
CAP-1137,2024-01-18,C025,San Pedro,0.87,A0031,Ria
CAP-1138,2024-01-27,C025,Pargo,1.21,A0031,Playa
CAP-1139,2024-12-27,C241,Calamar,1.37,A0001,Playa
CAP-1140,2024-12-13,C241,Calamar,0.21,A0001,Alta Mar
CAP-1141,2024-10-03,C173,Pargo,1.74,A0031,Espigon
CAP-1142,2024-10-05,C173,Pargo,1.84,A0031,Playa
CAP-1143,2025-01-18,C017,Mabra,1.97,A0022,Playa
CAP-1144,2025-01-24,C017,Sargo,0.66,A0022,Alta Mar
CAP-1145,2025-01-22,C017,Sargo,0.26,A0022,Ria
CAP-1146,2025-02-06,C017,Sargo,0.88,A0022,Espigon
CAP-1147,2025-01-31,C017,Mabra,1.02,A0022,Ria
CAP-1148,2025-02-07,C017,Mabra,1.12,A0022,Espigon
CAP-1149,2025-02-15,C017,Mabra,0.87,A0022,Alta Mar
CAP-1150,2024-08-31,C140,Bonito del Norte,12.95,A0028,Playa
CAP-1151,2024-12-20,C028,Calamar,1.03,A0004,Playa
CAP-1152,2024-03-19,C139,Pargo,0.84,A0031,Espigon
CAP-1153,2024-04-01,C139,Sama,6.06,A0031,Alta Mar
CAP-1154,2024-02-06,C167,Espeton,1.3,A0011,Playa
CAP-1155,2024-02-05,C167,Baila,1.42,A0011,Playa
CAP-1156,2024-02-18,C167,Lubina,1.76,A0011,Playa
CAP-1157,2024-09-16,C168,Jurel,0.64,A0018,Alta Mar
CAP-1158,2024-03-10,C001,Jurel,1.56,A0010,Espigon
CAP-1159,2024-05-11,C083,Lubina,4.67,A0021,Ria
CAP-1160,2024-05-25,C083,Lubina,3.29,A0021,Alta Mar
CAP-1161,2024-06-05,C083,Dorada,1.59,A0021,Ria
CAP-1162,2024-06-01,C083,Dorada,1.56,A0021,Playa
CAP-1163,2024-06-06,C083,Dorada,2.0,A0021,Alta Mar
CAP-1164,2024-06-13,C041,Mero,14.1,A0032,Espigon
CAP-1165,2024-06-13,C041,Serviola,1.61,A0032,Alta Mar
CAP-1166,2024-05-26,C131,Mabra,0.96,A0022,Ria
CAP-1167,2024-08-29,C060,Jurel,1.16,A0010,Playa
CAP-1168,2024-08-31,C060,Jurel,1.64,A0010,Playa
CAP-1169,2024-09-24,C060,Baila,0.9,A0010,Ria
CAP-1170,2024-07-12,C133,Bacoreta,0.65,A0026,Playa
CAP-1171,2024-07-16,C133,Bonito del Norte,6.64,A0026,Ria
CAP-1172,2024-01-30,C298,Pulpo,4.44,A0006,Playa
CAP-1173,2024-03-22,C279,Palometon,8.83,A0017,Ria
CAP-1174,2024-04-03,C279,Lubina,2.26,A0017,Playa
CAP-1175,2024-10-23,C039,Rodaballo,1.15,A0022,Playa
CAP-1176,2024-10-04,C039,Rodaballo,1.55,A0022,Alta Mar
CAP-1177,2024-09-29,C039,Rodaballo,1.6,A0022,Espigon
CAP-1178,2024-01-18,C042,Gallineta,0.75,A0030,Ria
CAP-1179,2024-01-29,C042,Sama,7.46,A0030,Espigon
CAP-1180,2024-07-18,C285,Mero,11.45,A0033,Espigon
CAP-1181,2024-07-16,C285,Denton,5.78,A0033,Playa
CAP-1182,2024-07-22,C285,Denton,6.69,A0033,Playa
CAP-1183,2024-08-07,C285,Serviola,1.39,A0033,Playa
CAP-1184,2024-10-20,C222,Serviola,1.03,A0033,Playa
CAP-1185,2024-02-24,C065,Sepia,1.56,A0005,Alta Mar
CAP-1186,2024-02-10,C050,Sargo,0.27,A0021,Alta Mar
CAP-1187,2024-02-10,C050,Mabra,1.65,A0021,Playa
CAP-1188,2024-02-21,C050,Herrera,0.49,A0021,Ria
CAP-1189,2024-03-04,C050,Herrera,0.64,A0021,Ria
CAP-1190,2024-02-12,C050,Dorada,1.33,A0021,Alta Mar
CAP-1191,2024-02-12,C050,Dorada,1.92,A0021,Alta Mar
CAP-1192,2024-02-27,C050,Mabra,1.16,A0021,Ria
CAP-1193,2024-10-10,C248,Lubina,2.01,A0013,Alta Mar
CAP-1194,2024-03-14,C223,Denton,7.29,A0033,Espigon
CAP-1195,2024-12-29,C221,Calamar,1.23,A0003,Espigon
CAP-1196,2025-01-08,C221,Calamar,1.21,A0003,Ria
CAP-1197,2024-07-23,C163,Bonito del Norte,9.3,A0026,Playa
CAP-1198,2024-07-31,C163,Llampuga,7.36,A0026,Playa
CAP-1199,2024-08-13,C163,Bonito del Norte,13.59,A0026,Alta Mar
CAP-1200,2024-08-19,C163,Llampuga,2.5,A0026,Alta Mar
CAP-1201,2024-12-01,C143,Sargo,0.28,A0022,Ria
CAP-1202,2024-12-14,C143,Herrera,0.49,A0022,Alta Mar
CAP-1203,2025-01-09,C143,Mabra,0.57,A0022,Alta Mar
CAP-1204,2024-11-24,C260,Mabra,1.59,A0021,Alta Mar
CAP-1205,2024-11-25,C260,Mabra,0.92,A0021,Playa
CAP-1206,2024-01-30,C097,Sama,2.93,A0031,Ria
CAP-1207,2024-01-31,C097,Denton,7.06,A0031,Alta Mar
CAP-1208,2024-09-17,C006,Sargo,0.94,A0021,Alta Mar
CAP-1209,2024-10-13,C006,Dorada,0.87,A0021,Ria
CAP-1210,2024-11-18,C221,Calamar,0.31,A0002,Alta Mar
CAP-1211,2024-02-20,C188,Gallineta,1.21,A0030,Ria
CAP-1212,2024-03-02,C188,Pargo,1.94,A0030,Ria
CAP-1213,2024-02-03,C291,San Pedro,2.06,A0031,Ria
CAP-1214,2024-01-20,C291,Cabrilla,1.53,A0031,Alta Mar
CAP-1215,2024-08-01,C187,Cabrilla,1.64,A0031,Playa
CAP-1216,2024-08-26,C187,Pargo,0.97,A0031,Espigon
CAP-1217,2024-12-19,C183,Serviola,1.83,A0033,Espigon
CAP-1218,2024-10-01,C106,Sargo,0.65,A0021,Ria
CAP-1219,2024-10-02,C106,Sargo,0.74,A0021,Playa
CAP-1220,2024-10-04,C106,Sargo,0.81,A0021,Ria
CAP-1221,2024-10-01,C106,Sargo,0.86,A0021,Ria
CAP-1222,2024-10-07,C106,Mabra,0.51,A0021,Playa
CAP-1223,2024-10-06,C106,Rodaballo,1.07,A0021,Ria
CAP-1224,2024-06-29,C258,Serviola,1.6,A0032,Alta Mar
CAP-1225,2024-07-01,C258,Serviola,0.69,A0032,Alta Mar
CAP-1226,2024-02-05,C191,Calamar,0.57,A0004,Playa
CAP-1227,2024-12-31,C176,Serviola,0.87,A0032,Espigon
CAP-1228,2024-12-28,C176,Denton,3.63,A0032,Espigon
CAP-1229,2024-02-20,C154,Mero,9.01,A0033,Espigon
CAP-1230,2024-11-06,C236,Herrera,0.62,A0021,Espigon
CAP-1231,2024-10-20,C236,Herrera,0.47,A0021,Ria
CAP-1232,2024-11-14,C236,Sargo,0.74,A0021,Espigon
CAP-1233,2024-09-30,C289,Denton,2.33,A0031,Alta Mar
CAP-1234,2024-10-31,C289,Denton,6.96,A0031,Ria
CAP-1235,2024-11-04,C289,Pargo,1.51,A0031,Alta Mar
CAP-1236,2024-07-11,C278,Gallineta,1.93,A0030,Playa
CAP-1237,2024-02-03,C189,Calamar,0.75,A0002,Alta Mar
CAP-1238,2024-01-20,C189,Pulpo,1.62,A0002,Playa
CAP-1239,2024-02-19,C189,Sepia,1.14,A0002,Ria
CAP-1240,2024-07-03,C282,Denton,6.75,A0033,Alta Mar
CAP-1241,2024-12-07,C266,Anjova,2.92,A0018,Playa
CAP-1242,2024-11-11,C154,Denton,5.48,A0032,Playa
CAP-1243,2024-11-21,C154,Denton,7.06,A0032,Ria
CAP-1244,2024-03-19,C235,Denton,4.6,A0033,Playa
CAP-1245,2024-04-14,C235,Denton,7.33,A0033,Espigon
CAP-1246,2024-02-03,C103,Cabrilla,1.22,A0030,Ria
CAP-1247,2024-02-29,C103,Denton,3.19,A0030,Alta Mar
CAP-1248,2024-12-06,C047,Calamar,1.12,A0006,Espigon
CAP-1249,2024-07-15,C202,Lubina,1.43,A0010,Ria
CAP-1250,2024-07-13,C202,Lubina,1.27,A0010,Alta Mar
CAP-1251,2024-10-07,C199,Bonito del Norte,12.55,A0027,Playa
CAP-1252,2024-10-03,C199,Bonito del Norte,8.21,A0027,Espigon
CAP-1253,2024-11-02,C199,Melva,1.46,A0027,Espigon
CAP-1254,2024-11-05,C199,Bonito del Norte,13.45,A0027,Playa
CAP-1255,2024-11-09,C273,Mero,7.44,A0030,Alta Mar
CAP-1256,2024-11-09,C273,Cabrilla,1.2,A0030,Playa
CAP-1257,2024-11-12,C273,Mero,3.82,A0030,Alta Mar
CAP-1258,2024-12-02,C273,Denton,2.36,A0030,Alta Mar
CAP-1259,2024-05-19,C294,Herrera,0.67,A0021,Ria
CAP-1260,2024-04-27,C294,Herrera,0.34,A0021,Ria
CAP-1261,2024-05-02,C294,Herrera,0.68,A0021,Alta Mar
CAP-1262,2024-05-27,C294,Mabra,1.98,A0021,Alta Mar
CAP-1263,2024-05-15,C294,Mabra,1.09,A0021,Ria
CAP-1264,2024-05-07,C294,Mabra,0.99,A0021,Espigon
CAP-1265,2025-01-01,C125,Sepia,1.11,A0004,Alta Mar
CAP-1266,2025-01-08,C125,Sepia,0.35,A0004,Alta Mar
CAP-1267,2024-05-07,C164,Denton,1.79,A0033,Playa
CAP-1268,2024-06-05,C124,Denton,4.08,A0032,Playa
CAP-1269,2024-06-14,C124,Denton,4.03,A0032,Espigon
CAP-1270,2024-09-29,C065,Bacoreta,1.4,A0027,Playa
CAP-1271,2024-08-06,C243,Palometon,10.76,A0011,Espigon
CAP-1272,2024-08-16,C243,Lubina,4.69,A0011,Ria
CAP-1273,2024-10-11,C061,Denton,7.2,A0033,Alta Mar
CAP-1274,2024-07-23,C040,Bonito del Norte,9.16,A0028,Espigon
CAP-1275,2024-07-18,C040,Bonito del Norte,6.95,A0028,Alta Mar
CAP-1276,2024-07-14,C040,Llampuga,6.31,A0028,Alta Mar
CAP-1277,2025-01-01,C282,Baila,0.92,A0015,Espigon
CAP-1278,2024-08-01,C043,Bonito del Norte,5.53,A0026,Espigon
CAP-1279,2024-08-22,C043,Bonito del Norte,7.3,A0026,Alta Mar
CAP-1280,2024-03-21,C125,Calamar,0.3,A0005,Ria
CAP-1281,2024-03-26,C125,Calamar,1.47,A0005,Alta Mar
CAP-1282,2024-02-29,C125,Calamar,0.35,A0005,Playa
CAP-1283,2024-05-29,C214,Serviola,1.25,A0033,Playa
CAP-1284,2024-05-23,C214,Mero,3.47,A0033,Alta Mar
CAP-1285,2024-10-27,C263,Calamar,0.52,A0003,Alta Mar
CAP-1286,2024-11-19,C263,Calamar,0.39,A0003,Alta Mar
CAP-1287,2024-10-22,C007,Cabrilla,0.66,A0030,Ria
CAP-1288,2024-05-25,C286,Pargo,1.34,A0030,Playa
CAP-1289,2024-05-23,C286,Pargo,1.31,A0030,Ria
CAP-1290,2024-06-04,C286,Sama,5.34,A0030,Espigon
CAP-1291,2024-05-29,C286,Gallineta,0.95,A0030,Espigon
CAP-1292,2024-03-13,C145,Sepia,0.32,A0003,Espigon
CAP-1293,2024-03-20,C145,Sepia,0.56,A0003,Ria
CAP-1294,2024-03-11,C145,Sepia,0.71,A0003,Espigon
CAP-1295,2024-03-17,C132,Pargo,1.92,A0031,Playa
CAP-1296,2024-03-18,C132,Cabrilla,1.47,A0031,Alta Mar
CAP-1297,2024-05-01,C268,Serviola,1.48,A0033,Ria
CAP-1298,2024-02-23,C106,Pulpo,4.31,A0007,Alta Mar
CAP-1299,2024-02-17,C106,Calamar,0.77,A0007,Espigon
CAP-1300,2024-12-15,C089,Lubina,3.45,A0017,Alta Mar
CAP-1301,2024-12-20,C089,Serviola,1.48,A0017,Ria
CAP-1302,2024-12-05,C089,Palometon,7.28,A0017,Ria
CAP-1303,2025-01-01,C089,Serviola,1.55,A0017,Alta Mar
CAP-1304,2024-10-25,C046,Calamar,0.75,A0003,Playa
CAP-1305,2024-10-26,C206,Sepia,0.88,A0006,Ria
CAP-1306,2024-10-29,C206,Sepia,0.44,A0006,Alta Mar
CAP-1307,2024-07-25,C283,Llampuga,9.41,A0028,Playa
CAP-1308,2024-07-24,C283,Llampuga,3.31,A0028,Espigon
CAP-1309,2024-11-27,C063,Dorada,1.01,A0022,Ria
CAP-1310,2024-11-19,C063,Dorada,2.9,A0022,Espigon
CAP-1311,2024-11-28,C063,Dorada,1.12,A0022,Alta Mar
CAP-1312,2024-11-29,C063,Herrera,0.54,A0022,Espigon
CAP-1313,2024-06-30,C269,Denton,5.42,A0032,Ria
CAP-1314,2024-04-23,C291,Sama,6.42,A0031,Alta Mar
CAP-1315,2024-07-08,C016,Melva,1.94,A0026,Ria
CAP-1316,2024-07-25,C016,Llampuga,4.69,A0026,Alta Mar
CAP-1317,2024-07-11,C020,Denton,2.32,A0031,Ria
CAP-1318,2024-07-16,C020,Mero,13.98,A0031,Alta Mar
CAP-1319,2024-08-09,C020,Cabrilla,0.85,A0031,Playa
CAP-1320,2024-08-09,C070,Serviola,1.1,A0032,Alta Mar
CAP-1321,2024-08-21,C070,Serviola,1.0,A0032,Espigon
CAP-1322,2024-08-28,C070,Denton,7.21,A0032,Ria
CAP-1323,2024-07-20,C288,Baila,0.91,A0017,Playa
CAP-1324,2024-08-03,C288,Lubina,2.24,A0017,Ria
CAP-1325,2024-02-19,C147,Cabrilla,1.25,A0031,Playa
CAP-1326,2024-03-19,C012,Mero,7.72,A0033,Playa
CAP-1327,2024-07-29,C135,Bonito del Norte,9.97,A0028,Playa
CAP-1328,2024-07-31,C135,Llampuga,2.03,A0028,Alta Mar
CAP-1329,2024-02-26,C260,Pulpo,4.48,A0006,Ria
CAP-1330,2024-03-22,C260,Calamar,1.39,A0006,Ria
CAP-1331,2024-03-23,C260,Calamar,0.26,A0006,Ria
CAP-1332,2024-03-30,C260,Calamar,1.31,A0006,Playa
CAP-1333,2024-02-21,C187,Sepia,1.51,A0001,Ria
CAP-1334,2024-02-28,C187,Sepia,1.35,A0001,Alta Mar
CAP-1335,2024-09-09,C142,Herrera,0.24,A0022,Alta Mar
CAP-1336,2024-08-31,C142,Mabra,1.93,A0022,Ria
CAP-1337,2024-08-19,C142,Mabra,1.31,A0022,Alta Mar
CAP-1338,2024-09-16,C142,Sargo,1.09,A0022,Ria
CAP-1339,2024-08-04,C263,Cabrilla,0.53,A0031,Ria
CAP-1340,2024-02-21,C231,Pulpo,4.55,A0004,Playa
CAP-1341,2024-02-18,C231,Pulpo,4.69,A0004,Alta Mar
CAP-1342,2025-01-07,C237,Calamar,1.19,A0004,Ria
CAP-1343,2025-01-05,C237,Pulpo,2.27,A0004,Playa
CAP-1344,2024-08-17,C065,Marlin Blanco,37.17,A0026,Alta Mar
CAP-1345,2024-02-08,C170,Herrera,0.35,A0022,Ria
CAP-1346,2024-02-15,C170,Herrera,0.41,A0022,Playa
CAP-1347,2024-02-25,C170,Herrera,0.56,A0022,Playa
CAP-1348,2024-06-11,C288,Bacoreta,1.54,A0026,Ria
CAP-1349,2024-06-20,C288,Llampuga,2.89,A0026,Alta Mar
CAP-1350,2024-07-24,C288,Bonito del Norte,9.74,A0026,Ria
CAP-1351,2024-09-28,C283,Bacoreta,1.0,A0027,Espigon
CAP-1352,2024-10-02,C283,Bonito del Norte,11.37,A0027,Alta Mar
CAP-1353,2024-10-12,C283,Bonito del Norte,12.81,A0027,Alta Mar
CAP-1354,2024-10-29,C283,Melva,1.62,A0027,Alta Mar
CAP-1355,2024-03-28,C222,Serviola,0.84,A0033,Playa
CAP-1356,2024-11-24,C265,Calamar,0.96,A0004,Espigon
CAP-1357,2024-11-18,C265,Sepia,1.07,A0004,Ria
CAP-1358,2024-02-13,C192,Lubina,1.38,A0012,Playa
CAP-1359,2024-03-03,C192,Jurel,1.68,A0012,Playa
CAP-1360,2024-08-30,C065,Bonito del Norte,12.01,A0026,Ria
CAP-1361,2024-09-15,C065,Bonito del Norte,6.02,A0026,Ria
CAP-1362,2024-10-20,C192,Lubina,0.92,A0014,Ria
CAP-1363,2024-10-15,C192,Anjova,2.82,A0014,Alta Mar
CAP-1364,2024-10-11,C192,Lubina,3.67,A0014,Espigon
CAP-1365,2024-07-18,C197,Marlin Blanco,38.58,A0027,Ria
CAP-1366,2024-07-17,C197,Llampuga,5.13,A0027,Alta Mar
CAP-1367,2024-03-18,C056,Calamar,1.15,A0007,Alta Mar
CAP-1368,2025-01-16,C192,Denton,3.37,A0030,Alta Mar
CAP-1369,2025-01-21,C192,Pargo,1.85,A0030,Ria
CAP-1370,2024-04-15,C031,San Pedro,2.47,A0030,Playa
CAP-1371,2024-04-29,C031,Sama,2.51,A0030,Ria
CAP-1372,2024-04-29,C031,Cabrilla,1.79,A0030,Alta Mar
CAP-1373,2024-02-05,C068,Serviola,0.74,A0032,Playa
CAP-1374,2024-02-20,C068,Mero,9.69,A0032,Espigon
CAP-1375,2024-02-12,C068,Denton,5.03,A0032,Playa
CAP-1376,2024-02-28,C037,Sepia,1.86,A0006,Ria
CAP-1377,2024-02-26,C037,Calamar,1.09,A0006,Espigon
CAP-1378,2024-08-14,C054,Melva,1.71,A0027,Playa
CAP-1379,2024-08-18,C054,Bonito del Norte,7.33,A0027,Alta Mar
CAP-1380,2024-06-12,C012,Serviola,0.9,A0032,Ria
CAP-1381,2024-07-02,C012,Mero,10.66,A0032,Alta Mar
CAP-1382,2024-06-12,C012,Mero,11.08,A0032,Ria
CAP-1383,2024-09-16,C188,Lubina,4.59,A0014,Espigon
CAP-1384,2024-09-13,C188,Lubina,4.18,A0014,Espigon
CAP-1385,2024-01-03,C108,Cabrilla,1.83,A0030,Alta Mar
CAP-1386,2024-01-19,C108,Cabrilla,1.97,A0030,Espigon
CAP-1387,2024-08-15,C193,Bonito del Norte,10.6,A0028,Espigon
CAP-1388,2024-01-25,C238,Calamar,0.31,A0002,Ria
CAP-1389,2024-01-25,C238,Calamar,0.23,A0002,Playa
CAP-1390,2024-02-18,C238,Calamar,0.42,A0002,Espigon
CAP-1391,2025-01-08,C155,Mero,5.11,A0033,Playa
CAP-1392,2025-01-18,C155,Serviola,1.31,A0033,Espigon
CAP-1393,2025-01-21,C155,Serviola,1.59,A0033,Ria
CAP-1394,2024-12-06,C038,Herrera,0.61,A0021,Playa
CAP-1395,2024-10-07,C086,Bonito del Norte,12.91,A0026,Alta Mar
CAP-1396,2024-10-13,C086,Melva,1.65,A0026,Alta Mar
CAP-1397,2024-09-28,C086,Llampuga,9.67,A0026,Ria
CAP-1398,2024-12-15,C082,Anjova,6.69,A0012,Ria
CAP-1399,2024-12-17,C082,Lubina,0.95,A0012,Playa
CAP-1400,2024-03-18,C186,Serviola,0.88,A0032,Alta Mar
CAP-1401,2024-04-18,C186,Denton,7.69,A0032,Playa
CAP-1402,2024-07-01,C293,Pargo,0.59,A0030,Ria
CAP-1403,2024-02-29,C106,Sargo,1.16,A0021,Alta Mar
CAP-1404,2024-08-17,C042,Bonito del Norte,5.45,A0028,Alta Mar
CAP-1405,2024-08-01,C012,Serviola,1.97,A0033,Alta Mar
CAP-1406,2024-05-31,C044,Lubina,2.18,A0010,Playa
CAP-1407,2024-06-11,C044,Jurel,1.1,A0010,Espigon
CAP-1408,2024-08-03,C270,Cabrilla,1.99,A0031,Alta Mar
CAP-1409,2024-08-17,C270,Cabrilla,1.75,A0031,Alta Mar
CAP-1410,2025-01-09,C124,Mero,6.19,A0033,Alta Mar
CAP-1411,2025-01-21,C124,Serviola,1.45,A0033,Espigon
CAP-1412,2024-04-01,C263,Sama,4.27,A0030,Ria
CAP-1413,2024-09-10,C197,Llampuga,9.52,A0028,Playa
CAP-1414,2024-01-22,C020,San Pedro,1.62,A0030,Alta Mar
CAP-1415,2024-01-25,C020,San Pedro,1.83,A0030,Ria
CAP-1416,2024-02-12,C020,Sama,8.31,A0030,Espigon
CAP-1417,2024-02-27,C020,Pargo,0.72,A0030,Espigon
CAP-1418,2024-02-26,C020,Cabrilla,0.81,A0030,Alta Mar
CAP-1419,2024-06-07,C089,Lubina,2.8,A0011,Espigon
CAP-1420,2024-06-23,C089,Anjova,5.63,A0011,Espigon
CAP-1421,2024-07-16,C081,Melva,0.78,A0028,Espigon
CAP-1422,2024-08-02,C081,Llampuga,3.36,A0028,Playa
CAP-1423,2024-12-21,C217,Sargo,0.89,A0022,Ria
CAP-1424,2024-12-07,C217,Sargo,0.5,A0022,Alta Mar
CAP-1425,2024-11-29,C217,Sargo,0.9,A0022,Ria
CAP-1426,2024-12-28,C217,Sargo,1.04,A0022,Espigon
CAP-1427,2024-11-14,C084,Mabra,1.84,A0022,Ria
CAP-1428,2024-11-18,C084,Mabra,1.62,A0022,Alta Mar
CAP-1429,2024-11-30,C084,Sargo,0.61,A0022,Alta Mar
CAP-1430,2024-12-04,C084,Herrera,0.22,A0022,Alta Mar
CAP-1431,2024-12-16,C084,Dorada,0.62,A0022,Playa
CAP-1432,2024-12-13,C084,Dorada,1.36,A0022,Espigon
CAP-1433,2024-09-30,C240,Pargo,0.98,A0031,Espigon
CAP-1434,2024-09-28,C240,Mero,9.26,A0031,Espigon
CAP-1435,2024-11-13,C280,Calamar,0.29,A0001,Espigon
CAP-1436,2024-12-11,C280,Calamar,0.9,A0001,Espigon
CAP-1437,2024-03-11,C286,Pargo,1.79,A0031,Playa
CAP-1438,2024-03-03,C286,Sama,6.36,A0031,Ria
CAP-1439,2024-11-10,C055,Lubina,3.94,A0016,Playa
CAP-1440,2024-11-11,C055,Anjova,4.61,A0016,Alta Mar
CAP-1441,2024-02-24,C001,Jurel,0.73,A0011,Alta Mar
CAP-1442,2024-02-17,C001,Lubina,1.29,A0011,Alta Mar
CAP-1443,2025-01-03,C137,Sargo,0.95,A0022,Espigon
CAP-1444,2025-01-07,C137,Sargo,0.32,A0022,Espigon
CAP-1445,2025-01-27,C137,Sargo,1.1,A0022,Playa
CAP-1446,2025-01-25,C137,Sargo,1.17,A0022,Espigon
CAP-1447,2025-01-15,C137,Corvina,9.06,A0022,Playa
CAP-1448,2025-01-18,C137,Corvina,4.69,A0022,Ria
CAP-1449,2025-02-04,C137,Sargo,0.85,A0022,Alta Mar
CAP-1450,2024-01-30,C204,Pulpo,2.81,A0002,Ria
CAP-1451,2024-06-03,C083,Herrera,0.27,A0021,Ria
CAP-1452,2024-06-12,C083,Herrera,0.61,A0021,Alta Mar
CAP-1453,2024-11-26,C189,Sepia,0.64,A0002,Playa
CAP-1454,2024-12-14,C189,Calamar,1.38,A0002,Espigon
CAP-1455,2025-01-03,C130,Baila,1.26,A0015,Playa
CAP-1456,2024-12-27,C130,Lubina,1.74,A0015,Alta Mar
CAP-1457,2024-12-31,C130,Anjova,3.06,A0015,Alta Mar
CAP-1458,2024-03-08,C060,Sepia,1.21,A0005,Alta Mar
CAP-1459,2024-02-23,C060,Pulpo,4.07,A0005,Ria
CAP-1460,2024-03-23,C060,Calamar,0.66,A0005,Playa
CAP-1461,2024-03-16,C060,Calamar,0.54,A0005,Espigon
CAP-1462,2024-07-06,C106,Mabra,0.72,A0021,Alta Mar
CAP-1463,2024-06-22,C106,Mabra,1.11,A0021,Playa
CAP-1464,2024-12-01,C290,Sepia,1.23,A0006,Alta Mar
CAP-1465,2024-11-26,C290,Calamar,0.92,A0006,Ria
CAP-1466,2024-09-09,C248,Lubina,4.2,A0015,Alta Mar
CAP-1467,2024-10-03,C248,Jurel,0.75,A0015,Playa
CAP-1468,2024-09-25,C248,Espeton,0.73,A0015,Alta Mar
CAP-1469,2024-12-04,C057,Calamar,0.91,A0003,Ria
CAP-1470,2024-12-14,C057,Sepia,1.64,A0003,Alta Mar
CAP-1471,2024-06-29,C006,Herrera,0.42,A0021,Espigon
CAP-1472,2024-07-06,C006,Herrera,0.41,A0021,Ria
CAP-1473,2024-03-07,C100,Calamar,0.67,A0004,Espigon
CAP-1474,2024-03-02,C100,Calamar,1.4,A0004,Ria
CAP-1475,2024-02-27,C100,Calamar,1.22,A0004,Ria
CAP-1476,2024-10-15,C222,Mero,9.74,A0032,Espigon
CAP-1477,2024-10-29,C174,Denton,2.56,A0033,Ria
CAP-1478,2024-11-12,C174,Mero,4.2,A0033,Playa
CAP-1479,2024-05-12,C066,Mabra,0.62,A0021,Playa
CAP-1480,2024-05-18,C066,Mabra,1.5,A0021,Espigon
CAP-1481,2024-12-14,C294,Corvina,10.98,A0021,Alta Mar
CAP-1482,2024-12-29,C294,Mabra,1.98,A0021,Alta Mar
CAP-1483,2024-12-17,C294,Herrera,0.24,A0021,Alta Mar
CAP-1484,2024-06-08,C267,Bonito del Norte,6.29,A0028,Ria
CAP-1485,2024-08-22,C113,Bonito del Norte,6.34,A0027,Playa
CAP-1486,2024-02-24,C240,Pargo,0.55,A0031,Ria
CAP-1487,2024-02-11,C240,Sama,3.95,A0031,Espigon
CAP-1488,2024-03-01,C240,Pargo,1.39,A0031,Alta Mar
CAP-1489,2024-02-18,C240,Sama,7.05,A0031,Alta Mar
CAP-1490,2024-01-18,C155,Denton,6.74,A0032,Alta Mar
CAP-1491,2024-04-10,C070,Denton,3.8,A0032,Ria
CAP-1492,2024-10-09,C199,Bonito del Norte,9.0,A0028,Alta Mar
CAP-1493,2024-06-09,C045,Dorada,1.91,A0022,Playa
CAP-1494,2024-06-10,C045,Dorada,0.61,A0022,Playa
CAP-1495,2024-06-30,C045,Herrera,0.34,A0022,Playa
CAP-1496,2024-03-19,C194,Sargo,0.92,A0021,Ria
CAP-1497,2024-01-25,C124,Calamar,0.84,A0002,Ria
CAP-1498,2024-01-27,C124,Calamar,1.36,A0002,Playa
CAP-1499,2024-02-25,C124,Sepia,0.63,A0002,Alta Mar
CAP-1500,2024-03-05,C124,Sepia,1.43,A0002,Ria
CAP-1501,2024-02-18,C124,Sepia,1.05,A0002,Playa
CAP-1502,2024-01-11,C166,Jurel,1.36,A0014,Espigon
CAP-1503,2024-06-02,C003,Denton,4.96,A0031,Espigon
CAP-1504,2024-06-20,C003,Sama,9.62,A0031,Espigon
CAP-1505,2024-06-06,C179,Bonito del Norte,9.74,A0026,Espigon
CAP-1506,2024-06-23,C179,Llampuga,3.6,A0026,Ria
CAP-1507,2025-01-02,C052,Sama,9.26,A0031,Playa
CAP-1508,2024-12-29,C052,Denton,2.46,A0031,Playa
CAP-1509,2024-07-30,C279,Sargo,0.84,A0022,Alta Mar
CAP-1510,2024-08-09,C279,Herrera,0.75,A0022,Ria
CAP-1511,2024-07-16,C279,Herrera,0.71,A0022,Playa
CAP-1512,2024-08-13,C279,Sargo,1.04,A0022,Espigon
CAP-1513,2024-07-30,C279,Sargo,0.53,A0022,Ria
CAP-1514,2024-07-29,C279,Sargo,0.9,A0022,Espigon
CAP-1515,2024-06-19,C285,Serviola,1.13,A0032,Alta Mar
CAP-1516,2024-06-30,C285,Denton,5.92,A0032,Espigon
CAP-1517,2024-06-14,C023,Herrera,0.28,A0022,Espigon
CAP-1518,2024-06-18,C023,Dorada,2.36,A0022,Alta Mar
CAP-1519,2024-06-29,C023,Herrera,0.3,A0022,Alta Mar
CAP-1520,2024-07-06,C023,Herrera,0.73,A0022,Espigon
CAP-1521,2024-10-17,C084,Calamar,1.08,A0002,Ria
CAP-1522,2024-10-15,C084,Calamar,1.4,A0002,Ria
CAP-1523,2024-10-21,C084,Calamar,1.25,A0002,Playa
CAP-1524,2024-03-26,C252,Pulpo,3.69,A0005,Playa
CAP-1525,2024-03-11,C252,Pulpo,2.03,A0005,Ria
CAP-1526,2024-03-13,C252,Pulpo,3.92,A0005,Alta Mar
CAP-1527,2024-04-10,C252,Pulpo,1.0,A0005,Ria
CAP-1528,2024-03-29,C252,Sepia,1.47,A0005,Playa
CAP-1529,2024-06-07,C007,Denton,6.27,A0031,Ria
CAP-1530,2024-06-16,C007,Mero,6.28,A0031,Playa
CAP-1531,2024-07-16,C007,Denton,5.18,A0031,Alta Mar
CAP-1532,2024-09-22,C199,Bonito del Norte,12.75,A0028,Alta Mar
CAP-1533,2024-09-25,C199,Bonito del Norte,8.03,A0028,Espigon
CAP-1534,2024-10-16,C199,Melva,1.21,A0028,Espigon
CAP-1535,2024-11-01,C229,Lubina,4.73,A0014,Espigon
CAP-1536,2024-11-02,C229,Anjova,5.2,A0014,Alta Mar
CAP-1537,2024-11-16,C229,Baila,0.74,A0014,Playa
CAP-1538,2024-11-07,C229,Anjova,6.66,A0014,Ria
CAP-1539,2024-08-22,C116,Llampuga,6.59,A0027,Ria
CAP-1540,2024-09-02,C116,Melva,0.55,A0027,Alta Mar
CAP-1541,2024-09-13,C116,Bonito del Norte,5.82,A0027,Ria
CAP-1542,2024-12-29,C027,Calamar,1.24,A0003,Playa
CAP-1543,2024-12-28,C027,Calamar,1.18,A0003,Espigon
CAP-1544,2024-05-28,C017,Dorada,1.39,A0022,Espigon
CAP-1545,2024-05-28,C017,Dorada,0.99,A0022,Alta Mar
CAP-1546,2024-06-04,C017,Dorada,0.38,A0022,Espigon
CAP-1547,2024-05-22,C017,Dorada,0.71,A0022,Alta Mar
CAP-1548,2024-06-03,C017,Sargo,0.73,A0022,Ria
CAP-1549,2024-06-17,C017,Sargo,0.83,A0022,Playa
CAP-1550,2024-06-11,C017,Dorada,3.0,A0022,Espigon
CAP-1551,2024-06-25,C185,Llampuga,7.33,A0026,Alta Mar
CAP-1552,2024-03-26,C244,San Pedro,1.02,A0030,Espigon
CAP-1553,2024-05-24,C010,Cabrilla,1.54,A0030,Alta Mar
CAP-1554,2024-05-23,C010,San Pedro,2.09,A0030,Espigon
CAP-1555,2024-04-13,C105,Jurel,0.65,A0012,Espigon
CAP-1556,2024-04-09,C105,Baila,1.02,A0012,Playa
CAP-1557,2024-04-06,C105,Jurel,0.7,A0012,Espigon
CAP-1558,2024-04-12,C105,Palometon,8.07,A0012,Ria
CAP-1559,2024-12-21,C008,Jurel,0.74,A0011,Espigon
CAP-1560,2024-12-27,C008,Serviola,1.76,A0011,Alta Mar
CAP-1561,2025-01-18,C008,Lubina,4.11,A0011,Alta Mar
CAP-1562,2024-12-25,C298,Sepia,0.57,A0004,Alta Mar
CAP-1563,2024-12-14,C298,Sepia,1.29,A0004,Alta Mar
CAP-1564,2024-12-16,C298,Sepia,1.92,A0004,Playa
CAP-1565,2024-12-29,C298,Calamar,0.25,A0004,Espigon
CAP-1566,2024-05-25,C039,Herrera,0.25,A0022,Alta Mar
CAP-1567,2024-11-24,C120,Calamar,0.66,A0005,Ria
CAP-1568,2024-11-03,C120,Calamar,0.89,A0005,Espigon
CAP-1569,2024-11-25,C120,Calamar,1.26,A0005,Alta Mar
CAP-1570,2024-11-28,C120,Calamar,1.01,A0005,Alta Mar
CAP-1571,2024-05-11,C203,Mabra,1.3,A0021,Playa
CAP-1572,2024-05-10,C203,Dorada,2.44,A0021,Espigon
CAP-1573,2024-05-14,C203,Dorada,0.33,A0021,Espigon
CAP-1574,2024-05-09,C203,Herrera,0.75,A0021,Ria
CAP-1575,2025-01-04,C111,Jurel,1.71,A0015,Alta Mar
CAP-1576,2024-12-23,C108,Sepia,0.73,A0007,Ria
CAP-1577,2024-12-31,C108,Sepia,1.25,A0007,Espigon
CAP-1578,2024-12-31,C108,Sepia,1.16,A0007,Ria
CAP-1579,2025-01-04,C108,Calamar,0.69,A0007,Espigon
CAP-1580,2024-09-30,C276,Herrera,0.77,A0022,Espigon
CAP-1581,2024-10-16,C276,Corvina,8.83,A0022,Ria
CAP-1582,2024-10-05,C276,Sargo,1.15,A0022,Ria
CAP-1583,2024-10-29,C276,Sargo,0.42,A0022,Playa
CAP-1584,2024-04-06,C044,Lubina,2.79,A0010,Playa
CAP-1585,2024-03-28,C044,Lubina,2.98,A0010,Espigon
CAP-1586,2024-04-20,C044,Anjova,5.32,A0010,Alta Mar
CAP-1587,2024-12-23,C298,Calamar,0.99,A0001,Ria
CAP-1588,2025-01-05,C298,Sepia,1.88,A0001,Espigon
CAP-1589,2025-01-01,C287,Pulpo,1.15,A0004,Ria
CAP-1590,2024-07-24,C208,Serviola,1.6,A0033,Alta Mar
CAP-1591,2024-07-29,C208,Serviola,1.1,A0033,Ria
CAP-1592,2024-09-16,C285,Serviola,1.51,A0032,Playa
CAP-1593,2024-09-10,C285,Mero,11.01,A0032,Playa
CAP-1594,2024-05-18,C210,San Pedro,2.37,A0030,Alta Mar
CAP-1595,2024-06-14,C210,Cabrilla,1.79,A0030,Playa
CAP-1596,2024-11-30,C012,Anjova,5.11,A0013,Ria
CAP-1597,2024-12-06,C012,Lubina,3.83,A0013,Espigon
CAP-1598,2024-11-29,C012,Palometon,9.84,A0013,Ria
CAP-1599,2024-12-22,C012,Jurel,0.55,A0013,Playa
CAP-1600,2024-02-02,C125,Sepia,0.94,A0005,Alta Mar
CAP-1601,2024-02-12,C125,Sepia,1.31,A0005,Alta Mar
CAP-1602,2024-08-27,C012,Serviola,0.6,A0032,Playa
CAP-1603,2024-09-21,C012,Serviola,1.47,A0032,Playa
CAP-1604,2024-06-29,C149,Serviola,0.69,A0033,Alta Mar
CAP-1605,2024-07-03,C149,Denton,1.69,A0033,Espigon
CAP-1606,2024-07-24,C149,Serviola,1.66,A0033,Playa
CAP-1607,2024-03-24,C094,Calamar,0.44,A0001,Alta Mar
CAP-1608,2024-03-10,C094,Calamar,0.41,A0001,Ria
CAP-1609,2024-10-21,C008,Calamar,1.06,A0004,Alta Mar
CAP-1610,2024-06-10,C174,Serviola,1.8,A0033,Alta Mar
CAP-1611,2024-06-12,C174,Serviola,1.38,A0033,Playa
CAP-1612,2024-03-10,C100,Calamar,0.21,A0004,Alta Mar
CAP-1613,2024-02-26,C100,Calamar,0.58,A0004,Espigon
CAP-1614,2024-03-13,C100,Calamar,0.92,A0004,Ria
CAP-1615,2024-03-12,C100,Calamar,1.34,A0004,Espigon
CAP-1616,2024-07-02,C163,Bonito del Norte,12.73,A0028,Ria
CAP-1617,2024-07-10,C163,Bonito del Norte,4.71,A0028,Ria
CAP-1618,2024-08-06,C163,Bonito del Norte,5.97,A0028,Espigon
CAP-1619,2024-05-15,C029,Baila,0.79,A0017,Espigon
CAP-1620,2024-04-24,C282,Anjova,4.35,A0018,Alta Mar
CAP-1621,2024-12-27,C141,Calamar,1.11,A0006,Ria
CAP-1622,2024-10-22,C179,Bacoreta,1.11,A0027,Espigon
CAP-1623,2024-10-17,C179,Bacoreta,0.94,A0027,Playa
CAP-1624,2024-11-11,C179,Bacoreta,0.99,A0027,Espigon
CAP-1625,2024-11-11,C179,Llampuga,5.44,A0027,Alta Mar
CAP-1626,2024-02-10,C119,Calamar,1.12,A0003,Playa
CAP-1627,2024-02-14,C119,Sepia,1.32,A0003,Espigon
CAP-1628,2024-02-09,C119,Sepia,1.64,A0003,Alta Mar
CAP-1629,2024-02-18,C119,Sepia,0.6,A0003,Ria
CAP-1630,2024-02-19,C119,Calamar,0.52,A0003,Alta Mar
CAP-1631,2024-11-24,C211,San Pedro,0.74,A0031,Espigon
CAP-1632,2024-02-12,C120,Calamar,0.52,A0004,Espigon
CAP-1633,2025-01-19,C052,Sepia,0.36,A0005,Playa
CAP-1634,2024-12-28,C052,Sepia,1.48,A0005,Alta Mar
CAP-1635,2024-12-24,C052,Sepia,1.95,A0005,Playa
CAP-1636,2024-11-02,C206,Calamar,0.5,A0006,Espigon
CAP-1637,2024-11-01,C206,Calamar,0.41,A0006,Playa
CAP-1638,2024-11-19,C206,Calamar,0.45,A0006,Espigon
CAP-1639,2024-11-18,C206,Calamar,0.47,A0006,Playa
CAP-1640,2024-12-04,C206,Calamar,0.53,A0006,Playa
CAP-1641,2024-01-21,C221,Calamar,1.19,A0007,Ria
CAP-1642,2024-02-19,C221,Calamar,1.24,A0007,Playa
CAP-1643,2024-02-03,C221,Calamar,0.74,A0007,Playa
CAP-1644,2024-08-27,C074,Cabrilla,0.81,A0030,Alta Mar
CAP-1645,2024-03-02,C118,Sepia,0.74,A0003,Ria
CAP-1646,2024-03-10,C118,Calamar,1.24,A0003,Ria
CAP-1647,2024-02-23,C118,Calamar,0.54,A0003,Playa
CAP-1648,2024-03-03,C118,Sepia,1.2,A0003,Ria
CAP-1649,2024-03-06,C118,Sepia,1.61,A0003,Alta Mar
CAP-1650,2024-03-03,C118,Sepia,0.93,A0003,Espigon
CAP-1651,2024-02-10,C215,Calamar,0.87,A0007,Ria
CAP-1652,2024-03-08,C215,Calamar,0.66,A0007,Ria
CAP-1653,2024-10-28,C009,Serviola,1.23,A0033,Ria
CAP-1654,2024-01-31,C028,Calamar,1.34,A0001,Ria
CAP-1655,2024-02-05,C028,Calamar,1.32,A0001,Alta Mar
CAP-1656,2024-12-12,C166,Lubina,1.0,A0010,Alta Mar
CAP-1657,2024-12-05,C166,Jurel,0.97,A0010,Playa
CAP-1658,2024-02-27,C021,Mero,9.41,A0033,Alta Mar
CAP-1659,2024-02-23,C021,Serviola,1.79,A0033,Espigon
CAP-1660,2024-10-02,C109,Denton,2.34,A0033,Espigon
CAP-1661,2024-12-08,C150,Mero,7.47,A0032,Playa
CAP-1662,2024-08-04,C250,Bonito del Norte,4.34,A0026,Alta Mar
CAP-1663,2024-09-01,C250,Llampuga,4.43,A0026,Espigon
CAP-1664,2024-07-30,C162,Baila,1.64,A0014,Espigon
CAP-1665,2024-07-19,C162,Espeton,1.64,A0014,Ria
CAP-1666,2024-10-14,C236,Sargo,0.52,A0021,Alta Mar
CAP-1667,2024-11-03,C236,Sargo,1.16,A0021,Playa
CAP-1668,2024-11-11,C236,Sargo,1.03,A0021,Alta Mar
CAP-1669,2024-11-12,C236,Herrera,0.38,A0021,Playa
CAP-1670,2024-10-29,C236,Sargo,0.84,A0021,Espigon
CAP-1671,2024-11-19,C236,Sargo,0.88,A0021,Alta Mar
CAP-1672,2024-11-25,C236,Sargo,1.15,A0021,Ria
CAP-1673,2024-03-06,C210,San Pedro,0.93,A0031,Ria
CAP-1674,2024-01-14,C082,Cabrilla,1.33,A0031,Ria
CAP-1675,2024-02-07,C082,Cabrilla,1.6,A0031,Playa
CAP-1676,2024-02-09,C082,Pargo,1.79,A0031,Ria
CAP-1677,2024-05-28,C150,Denton,2.06,A0033,Espigon
CAP-1678,2024-06-19,C150,Mero,14.69,A0033,Alta Mar
CAP-1679,2024-08-16,C128,Anjova,4.53,A0018,Espigon
CAP-1680,2025-01-15,C237,Calamar,1.16,A0002,Playa
CAP-1681,2025-01-01,C237,Calamar,1.46,A0002,Espigon
CAP-1682,2024-02-23,C293,Sama,4.08,A0031,Ria
CAP-1683,2024-05-16,C211,Palometon,7.89,A0010,Espigon
CAP-1684,2024-11-13,C075,Denton,2.45,A0032,Playa
CAP-1685,2024-12-22,C075,Mero,3.41,A0032,Playa
CAP-1686,2024-07-20,C287,Bonito del Norte,8.17,A0026,Alta Mar
CAP-1687,2024-07-19,C050,Bacoreta,1.75,A0026,Ria
CAP-1688,2024-08-03,C050,Bonito del Norte,10.94,A0026,Playa
CAP-1689,2024-07-22,C050,Bonito del Norte,7.6,A0026,Ria
CAP-1690,2024-03-11,C299,Lubina,4.18,A0013,Playa
CAP-1691,2024-02-29,C299,Serviola,1.08,A0013,Alta Mar
CAP-1692,2024-03-03,C299,Espeton,0.83,A0013,Alta Mar
CAP-1693,2024-03-26,C299,Jurel,0.83,A0013,Espigon
CAP-1694,2024-04-07,C299,Anjova,2.48,A0013,Espigon
CAP-1695,2024-10-06,C176,Mero,7.81,A0032,Alta Mar
CAP-1696,2024-02-08,C174,Serviola,0.7,A0033,Playa
CAP-1697,2024-02-03,C174,Mero,5.15,A0033,Playa
CAP-1698,2024-02-19,C174,Denton,2.55,A0033,Ria
CAP-1699,2024-12-03,C046,Calamar,1.23,A0004,Playa
CAP-1700,2024-12-27,C046,Calamar,1.27,A0004,Playa
CAP-1701,2024-08-23,C099,Anjova,6.9,A0013,Ria
CAP-1702,2024-09-09,C099,Anjova,5.63,A0013,Playa
CAP-1703,2024-01-09,C064,Calamar,1.27,A0006,Ria
CAP-1704,2024-01-24,C064,Calamar,0.65,A0006,Playa
CAP-1705,2024-02-15,C064,Calamar,1.02,A0006,Espigon
CAP-1706,2024-02-15,C064,Sepia,1.51,A0006,Alta Mar
CAP-1707,2024-02-15,C064,Calamar,0.98,A0006,Espigon
CAP-1708,2024-05-03,C010,Cabrilla,1.93,A0030,Espigon
CAP-1709,2024-05-16,C010,San Pedro,0.64,A0030,Ria
CAP-1710,2024-05-06,C010,Sama,7.67,A0030,Alta Mar
CAP-1711,2024-08-21,C275,Bonito del Norte,4.49,A0026,Ria
CAP-1712,2024-10-30,C018,Serviola,1.89,A0032,Ria
CAP-1713,2024-10-21,C178,Sepia,1.77,A0003,Espigon
CAP-1714,2024-10-26,C178,Sepia,1.33,A0003,Playa
CAP-1715,2024-10-12,C178,Sepia,0.45,A0003,Espigon
CAP-1716,2024-01-27,C141,Calamar,0.66,A0002,Espigon
CAP-1717,2024-02-22,C141,Calamar,1.44,A0002,Alta Mar
CAP-1718,2024-02-28,C141,Sepia,1.73,A0002,Ria
CAP-1719,2024-01-29,C085,Sepia,0.43,A0004,Alta Mar
CAP-1720,2024-02-08,C085,Sepia,0.56,A0004,Alta Mar
CAP-1721,2024-02-09,C085,Sepia,1.89,A0004,Alta Mar
CAP-1722,2024-02-05,C085,Calamar,0.48,A0004,Espigon
CAP-1723,2024-10-01,C285,Corvina,10.97,A0021,Ria
CAP-1724,2024-10-21,C285,Mabra,0.62,A0021,Ria
CAP-1725,2024-11-01,C285,Mabra,1.1,A0021,Ria
CAP-1726,2024-10-22,C285,Mabra,0.99,A0021,Espigon
CAP-1727,2024-10-30,C270,Pargo,0.85,A0030,Ria
CAP-1728,2024-11-11,C270,Cabrilla,1.78,A0030,Alta Mar
CAP-1729,2024-12-09,C270,Pargo,1.57,A0030,Playa
CAP-1730,2024-06-16,C239,Bonito del Norte,9.79,A0027,Ria
CAP-1731,2024-06-29,C239,Marlin Blanco,36.51,A0027,Ria
CAP-1732,2024-07-16,C239,Bonito del Norte,10.99,A0027,Playa
CAP-1733,2024-12-18,C148,Mero,9.05,A0032,Playa
CAP-1734,2024-08-28,C071,Llampuga,6.23,A0027,Playa
CAP-1735,2024-08-22,C071,Bonito del Norte,8.72,A0027,Espigon
CAP-1736,2024-10-13,C043,Jurel,0.64,A0016,Alta Mar
CAP-1737,2024-03-30,C103,Cabrilla,1.41,A0030,Alta Mar
CAP-1738,2024-04-01,C103,Cabrilla,0.82,A0030,Alta Mar
CAP-1739,2024-04-14,C103,Cabrilla,1.66,A0030,Espigon
CAP-1740,2024-08-20,C270,Serviola,0.55,A0033,Espigon
CAP-1741,2024-08-10,C270,Serviola,0.64,A0033,Ria
CAP-1742,2024-09-05,C222,Denton,2.3,A0032,Ria
CAP-1743,2024-08-29,C222,Mero,7.51,A0032,Ria
CAP-1744,2024-07-30,C167,Lubina,2.89,A0012,Espigon
CAP-1745,2024-08-12,C167,Jurel,0.61,A0012,Ria
CAP-1746,2024-12-17,C100,Pulpo,1.69,A0003,Espigon
CAP-1747,2024-05-02,C142,Lubina,2.25,A0015,Ria
CAP-1748,2024-05-05,C142,Baila,0.87,A0015,Playa
CAP-1749,2024-11-23,C132,Anjova,3.95,A0017,Playa
CAP-1750,2024-03-15,C024,Denton,2.35,A0032,Espigon
CAP-1751,2024-10-24,C049,Calamar,1.29,A0002,Playa
CAP-1752,2024-10-16,C049,Calamar,1.24,A0002,Alta Mar
CAP-1753,2024-10-14,C049,Calamar,1.22,A0002,Espigon
CAP-1754,2024-10-30,C049,Calamar,1.25,A0002,Playa
CAP-1755,2024-02-10,C141,Sepia,1.59,A0004,Ria
CAP-1756,2024-02-07,C141,Calamar,1.04,A0004,Playa
CAP-1757,2024-02-15,C141,Calamar,1.2,A0004,Playa
CAP-1758,2024-02-01,C141,Calamar,1.25,A0004,Ria
CAP-1759,2024-02-12,C141,Calamar,1.36,A0004,Playa
CAP-1760,2024-08-10,C069,Bonito del Norte,5.95,A0027,Playa
CAP-1761,2024-08-20,C069,Bacoreta,1.37,A0027,Alta Mar
CAP-1762,2024-08-30,C069,Bonito del Norte,8.09,A0027,Playa
CAP-1763,2024-03-03,C153,Sepia,0.95,A0003,Playa
CAP-1764,2024-03-27,C153,Calamar,1.31,A0003,Alta Mar
CAP-1765,2024-11-13,C027,Calamar,0.61,A0004,Alta Mar
CAP-1766,2024-11-07,C094,Sepia,1.29,A0007,Ria
CAP-1767,2024-11-16,C094,Sepia,1.5,A0007,Alta Mar
CAP-1768,2024-11-05,C094,Sepia,1.84,A0007,Playa
CAP-1769,2024-06-02,C093,Denton,7.17,A0033,Espigon
CAP-1770,2024-06-30,C093,Denton,4.3,A0033,Ria
CAP-1771,2024-01-08,C225,Denton,7.33,A0031,Alta Mar
CAP-1772,2024-02-04,C225,Sama,7.18,A0031,Alta Mar
CAP-1773,2024-10-27,C016,Bonito del Norte,8.2,A0028,Playa
CAP-1774,2024-10-19,C016,Marlin Blanco,16.88,A0028,Ria
CAP-1775,2024-05-25,C227,Denton,7.8,A0032,Espigon
CAP-1776,2024-12-28,C273,Herrera,0.68,A0021,Playa
CAP-1777,2025-01-09,C273,Herrera,0.45,A0021,Espigon
CAP-1778,2025-01-17,C273,Dorada,2.58,A0021,Playa
CAP-1779,2024-03-01,C289,Denton,6.14,A0031,Espigon
CAP-1780,2024-02-12,C289,Pargo,1.28,A0031,Playa
CAP-1781,2024-03-03,C289,Mero,13.05,A0031,Alta Mar
CAP-1782,2024-02-28,C289,Pargo,1.85,A0031,Alta Mar
CAP-1783,2024-03-23,C122,Denton,4.75,A0032,Playa
CAP-1784,2024-04-06,C122,Mero,11.52,A0032,Ria
CAP-1785,2024-04-23,C122,Serviola,1.88,A0032,Alta Mar
CAP-1786,2024-11-27,C039,Sepia,1.1,A0003,Espigon
CAP-1787,2025-01-01,C039,Calamar,0.95,A0003,Espigon
CAP-1788,2024-12-22,C039,Calamar,0.81,A0003,Playa
CAP-1789,2024-12-14,C039,Calamar,0.41,A0003,Ria
CAP-1790,2024-12-26,C039,Calamar,1.08,A0003,Alta Mar
CAP-1791,2024-10-03,C082,Pargo,1.55,A0031,Ria
CAP-1792,2024-11-07,C300,Herrera,0.26,A0021,Espigon
CAP-1793,2024-09-30,C274,Serviola,1.42,A0032,Ria
CAP-1794,2024-09-29,C274,Denton,5.23,A0032,Alta Mar
CAP-1795,2024-01-26,C085,Pargo,0.53,A0031,Alta Mar
CAP-1796,2024-01-23,C085,Sama,3.03,A0031,Playa
CAP-1797,2024-02-08,C085,Pargo,0.57,A0031,Espigon
CAP-1798,2024-02-15,C085,Pargo,0.58,A0031,Alta Mar
CAP-1799,2025-01-03,C009,Serviola,1.42,A0032,Alta Mar
CAP-1800,2024-12-03,C221,Calamar,0.81,A0002,Espigon
CAP-1801,2024-12-21,C221,Pulpo,4.33,A0002,Playa
CAP-1802,2024-06-08,C150,Denton,2.83,A0033,Espigon
CAP-1803,2024-07-08,C150,Denton,4.03,A0033,Playa
CAP-1804,2024-05-02,C061,Denton,1.83,A0033,Playa
CAP-1805,2024-02-28,C100,Calamar,1.02,A0006,Ria
CAP-1806,2024-03-01,C100,Calamar,1.15,A0006,Espigon
CAP-1807,2024-03-22,C100,Calamar,0.48,A0006,Espigon
CAP-1808,2024-03-12,C100,Sepia,0.82,A0006,Playa
CAP-1809,2024-11-07,C132,San Pedro,2.33,A0030,Ria
CAP-1810,2024-11-14,C132,Sama,4.39,A0030,Alta Mar
CAP-1811,2024-03-26,C075,Lubina,0.97,A0017,Playa
CAP-1812,2024-06-12,C138,Herrera,0.36,A0022,Espigon
CAP-1813,2024-06-17,C138,Herrera,0.55,A0022,Ria
CAP-1814,2024-07-16,C042,Bonito del Norte,12.88,A0027,Alta Mar
CAP-1815,2024-11-24,C023,Herrera,0.45,A0021,Playa
CAP-1816,2024-12-12,C023,Sargo,1.11,A0021,Playa
CAP-1817,2024-12-14,C023,Mabra,0.97,A0021,Playa
CAP-1818,2025-01-02,C023,Mabra,0.94,A0021,Playa
CAP-1819,2024-12-21,C023,Mabra,1.54,A0021,Alta Mar
CAP-1820,2024-12-15,C023,Herrera,0.2,A0021,Alta Mar
CAP-1821,2025-01-11,C023,Rodaballo,1.4,A0021,Ria
CAP-1822,2024-08-27,C167,Lubina,4.12,A0011,Playa
CAP-1823,2024-08-22,C167,Lubina,1.95,A0011,Espigon
CAP-1824,2024-06-01,C034,San Pedro,2.04,A0031,Alta Mar
CAP-1825,2024-06-08,C034,Cabrilla,0.78,A0031,Espigon
CAP-1826,2024-07-01,C034,Pargo,1.96,A0031,Alta Mar
CAP-1827,2024-07-27,C086,Bonito del Norte,12.28,A0026,Espigon
CAP-1828,2024-08-21,C086,Melva,0.96,A0026,Ria
CAP-1829,2024-04-29,C032,Jurel,0.79,A0013,Playa
CAP-1830,2024-05-15,C032,Lubina,4.41,A0013,Espigon
CAP-1831,2024-05-09,C032,Palometon,6.31,A0013,Ria
CAP-1832,2024-05-07,C032,Lubina,1.73,A0013,Alta Mar
CAP-1833,2024-02-22,C290,Calamar,0.56,A0006,Espigon
CAP-1834,2024-02-27,C290,Calamar,0.26,A0006,Ria
CAP-1835,2024-04-23,C044,Palometon,12.23,A0016,Ria
CAP-1836,2024-05-08,C044,Lubina,4.65,A0016,Ria
CAP-1837,2024-05-04,C044,Jurel,1.61,A0016,Espigon
CAP-1838,2024-05-02,C044,Anjova,5.55,A0016,Playa
CAP-1839,2024-03-24,C281,Denton,1.51,A0031,Alta Mar
CAP-1840,2024-03-21,C281,Gallineta,1.22,A0031,Playa
CAP-1841,2024-10-31,C088,Sepia,1.94,A0003,Playa
CAP-1842,2024-12-13,C035,Serviola,0.89,A0011,Ria
CAP-1843,2024-12-23,C035,Anjova,4.08,A0011,Alta Mar
CAP-1844,2025-01-14,C035,Jurel,1.92,A0011,Alta Mar
CAP-1845,2025-01-15,C035,Jurel,0.6,A0011,Ria
CAP-1846,2024-09-06,C292,Bonito del Norte,13.06,A0026,Playa
CAP-1847,2024-09-13,C292,Bonito del Norte,14.5,A0026,Ria
CAP-1848,2024-10-03,C292,Llampuga,6.25,A0026,Ria
CAP-1849,2024-11-08,C161,Pargo,1.97,A0030,Espigon
CAP-1850,2024-11-11,C161,Cabrilla,0.7,A0030,Ria
CAP-1851,2024-11-19,C161,Sama,7.03,A0030,Playa
CAP-1852,2024-06-30,C293,San Pedro,1.56,A0030,Alta Mar
CAP-1853,2024-06-12,C293,Sama,3.49,A0030,Espigon
CAP-1854,2024-07-05,C293,Sama,3.73,A0030,Playa
CAP-1855,2024-11-14,C277,Jurel,0.89,A0010,Playa
CAP-1856,2024-12-11,C277,Jurel,1.9,A0010,Playa
CAP-1857,2024-08-22,C115,Llampuga,2.53,A0027,Espigon
CAP-1858,2024-08-28,C161,Cabrilla,1.82,A0030,Espigon
CAP-1859,2024-02-22,C037,Sepia,1.2,A0005,Espigon
CAP-1860,2024-08-24,C161,Pargo,1.12,A0030,Alta Mar
CAP-1861,2024-10-18,C086,Baila,1.77,A0014,Playa
CAP-1862,2024-03-09,C068,Denton,3.81,A0033,Espigon
CAP-1863,2024-12-06,C214,Serviola,1.04,A0032,Espigon
CAP-1864,2024-12-18,C214,Mero,4.55,A0032,Ria
CAP-1865,2024-03-23,C058,Serviola,0.59,A0032,Alta Mar
CAP-1866,2024-07-27,C004,Marlin Blanco,41.63,A0028,Alta Mar
CAP-1867,2024-08-21,C004,Bacoreta,0.74,A0028,Alta Mar
CAP-1868,2025-01-16,C102,Mero,7.32,A0030,Espigon
CAP-1869,2024-10-07,C242,Baila,1.25,A0011,Alta Mar
CAP-1870,2024-10-29,C242,Jurel,1.94,A0011,Alta Mar
CAP-1871,2024-10-17,C242,Anjova,6.37,A0011,Alta Mar
CAP-1872,2024-12-08,C121,Sepia,1.51,A0003,Alta Mar
CAP-1873,2024-12-19,C121,Sepia,0.98,A0003,Playa
CAP-1874,2024-12-21,C121,Sepia,1.86,A0003,Playa
CAP-1875,2024-12-04,C121,Calamar,0.74,A0003,Espigon
CAP-1876,2024-12-07,C121,Calamar,0.83,A0003,Espigon
CAP-1877,2024-12-17,C155,Denton,2.67,A0033,Playa
CAP-1878,2025-01-10,C155,Mero,9.66,A0033,Espigon
CAP-1879,2025-01-14,C084,Mabra,1.9,A0021,Alta Mar
CAP-1880,2025-02-01,C084,Dorada,0.83,A0021,Espigon
CAP-1881,2025-01-25,C084,Herrera,0.74,A0021,Espigon
CAP-1882,2025-02-19,C084,Dorada,2.73,A0021,Playa
CAP-1883,2025-01-27,C084,Dorada,1.18,A0021,Alta Mar
CAP-1884,2025-02-20,C084,Dorada,1.88,A0021,Ria
CAP-1885,2024-06-14,C295,Jurel,0.53,A0016,Alta Mar
CAP-1886,2024-06-21,C295,Jurel,1.62,A0016,Ria
CAP-1887,2024-08-12,C018,Mero,3.85,A0033,Alta Mar
CAP-1888,2024-06-03,C191,Espeton,0.76,A0010,Playa
CAP-1889,2024-11-06,C195,Herrera,0.25,A0021,Espigon
CAP-1890,2024-11-19,C195,Herrera,0.23,A0021,Espigon
CAP-1891,2024-11-29,C195,Herrera,0.33,A0021,Ria
CAP-1892,2024-12-01,C195,Mabra,1.4,A0021,Playa
CAP-1893,2025-01-04,C027,Calamar,0.35,A0006,Alta Mar
CAP-1894,2024-08-16,C296,Llampuga,6.52,A0028,Ria
CAP-1895,2024-09-05,C296,Bonito del Norte,12.15,A0028,Espigon
CAP-1896,2024-09-26,C288,Llampuga,8.33,A0027,Playa
CAP-1897,2024-10-24,C192,Calamar,1.44,A0002,Espigon
CAP-1898,2024-11-01,C192,Pulpo,3.01,A0002,Alta Mar
CAP-1899,2024-10-26,C192,Calamar,1.03,A0002,Espigon
CAP-1900,2024-11-03,C192,Calamar,0.57,A0002,Ria
CAP-1901,2024-06-23,C240,Denton,5.54,A0031,Espigon
CAP-1902,2024-06-19,C240,San Pedro,0.88,A0031,Alta Mar
CAP-1903,2024-12-20,C269,Mero,11.47,A0032,Espigon
CAP-1904,2025-01-04,C120,Sepia,1.48,A0001,Alta Mar
CAP-1905,2025-01-06,C120,Sepia,0.62,A0001,Playa
CAP-1906,2025-02-04,C120,Calamar,0.94,A0001,Playa
CAP-1907,2025-01-23,C120,Sepia,1.9,A0001,Alta Mar
CAP-1908,2024-02-02,C094,Calamar,0.98,A0002,Playa
CAP-1909,2024-02-09,C094,Sepia,1.42,A0002,Playa
CAP-1910,2024-02-20,C043,Baila,1.3,A0011,Playa
CAP-1911,2024-03-08,C169,Denton,5.03,A0033,Playa
CAP-1912,2024-06-11,C228,Denton,3.33,A0031,Ria
CAP-1913,2024-06-06,C228,Pargo,0.57,A0031,Espigon
CAP-1914,2024-12-18,C174,Serviola,1.19,A0032,Espigon
CAP-1915,2024-02-04,C168,Serviola,1.79,A0011,Alta Mar
CAP-1916,2024-02-20,C168,Anjova,5.82,A0011,Alta Mar
CAP-1917,2024-02-25,C243,Pargo,1.22,A0030,Espigon
CAP-1918,2024-12-06,C100,Calamar,0.91,A0002,Playa
CAP-1919,2024-12-17,C100,Calamar,0.94,A0002,Alta Mar
CAP-1920,2024-12-28,C100,Calamar,0.91,A0002,Ria
CAP-1921,2025-01-06,C100,Sepia,1.49,A0002,Alta Mar
CAP-1922,2025-01-08,C100,Sepia,0.33,A0002,Ria
CAP-1923,2024-01-29,C165,Calamar,0.35,A0002,Ria
CAP-1924,2024-02-14,C165,Calamar,1.13,A0002,Playa
CAP-1925,2024-02-01,C165,Calamar,1.0,A0002,Espigon
CAP-1926,2024-08-09,C260,Herrera,0.49,A0022,Playa
CAP-1927,2024-08-19,C260,Rodaballo,1.93,A0022,Espigon
CAP-1928,2024-08-13,C260,Herrera,0.54,A0022,Alta Mar
CAP-1929,2024-07-05,C249,Herrera,0.63,A0021,Ria
CAP-1930,2024-06-30,C249,Mabra,1.72,A0021,Ria
CAP-1931,2024-07-10,C249,Mabra,0.66,A0021,Ria
CAP-1932,2024-06-15,C249,Mabra,1.75,A0021,Espigon
CAP-1933,2024-07-21,C249,Dorada,1.75,A0021,Ria
CAP-1934,2024-09-05,C045,Lubina,3.31,A0021,Alta Mar
CAP-1935,2024-09-17,C045,Herrera,0.46,A0021,Alta Mar
CAP-1936,2024-09-26,C045,Herrera,0.54,A0021,Espigon
CAP-1937,2024-02-15,C126,Sargo,0.22,A0022,Ria
CAP-1938,2024-02-17,C126,Herrera,0.39,A0022,Espigon
CAP-1939,2024-02-03,C126,Mabra,0.81,A0022,Espigon
CAP-1940,2024-01-05,C135,Calamar,0.87,A0002,Ria
CAP-1941,2024-01-28,C135,Sepia,1.05,A0002,Alta Mar
CAP-1942,2024-02-19,C135,Calamar,0.24,A0002,Alta Mar
CAP-1943,2024-09-21,C217,Marlin Blanco,17.01,A0028,Espigon
CAP-1944,2024-09-24,C217,Melva,1.27,A0028,Alta Mar
CAP-1945,2024-10-02,C217,Bonito del Norte,4.93,A0028,Ria
CAP-1946,2024-10-26,C041,Serviola,1.23,A0033,Ria
CAP-1947,2024-10-30,C041,Denton,3.18,A0033,Alta Mar
CAP-1948,2024-01-31,C270,Sama,3.44,A0030,Ria
CAP-1949,2024-02-21,C270,Cabrilla,1.6,A0030,Alta Mar
CAP-1950,2024-10-29,C216,Corvina,3.77,A0022,Espigon
CAP-1951,2024-11-24,C216,Herrera,0.42,A0022,Espigon
CAP-1952,2024-11-10,C216,Herrera,0.32,A0022,Alta Mar
CAP-1953,2024-07-26,C222,Denton,2.54,A0032,Ria
CAP-1954,2024-11-14,C059,Anjova,4.59,A0016,Espigon
CAP-1955,2024-11-28,C059,Lubina,2.2,A0016,Playa
CAP-1956,2024-03-07,C090,Denton,7.72,A0031,Espigon
CAP-1957,2024-03-06,C090,Pargo,0.82,A0031,Ria
CAP-1958,2024-03-12,C090,Pargo,1.36,A0031,Espigon
CAP-1959,2024-03-25,C090,Pargo,1.89,A0031,Espigon
CAP-1960,2024-06-07,C292,Bonito del Norte,13.85,A0027,Alta Mar
CAP-1961,2024-06-30,C292,Llampuga,3.63,A0027,Ria
CAP-1962,2025-01-03,C067,Sargo,0.62,A0021,Espigon
CAP-1963,2025-01-08,C067,Corvina,6.79,A0021,Ria
CAP-1964,2024-12-14,C067,Corvina,6.45,A0021,Alta Mar
CAP-1965,2024-04-14,C114,Mero,8.7,A0030,Ria
CAP-1966,2024-04-02,C114,Cabrilla,0.56,A0030,Ria
CAP-1967,2024-07-26,C050,Mabra,1.67,A0021,Alta Mar
CAP-1968,2024-07-22,C050,Mabra,1.41,A0021,Espigon
CAP-1969,2024-05-14,C286,Sama,9.07,A0031,Playa
CAP-1970,2024-05-05,C286,Cabrilla,0.57,A0031,Playa
CAP-1971,2024-11-22,C085,Cabrilla,1.38,A0030,Espigon
CAP-1972,2024-11-16,C111,Jurel,1.08,A0017,Espigon
CAP-1973,2024-08-31,C012,Serviola,1.18,A0032,Ria
CAP-1974,2024-09-03,C012,Denton,4.19,A0032,Ria
CAP-1975,2024-12-23,C132,Sama,8.17,A0031,Playa
CAP-1976,2024-12-30,C132,Sama,8.98,A0031,Espigon
CAP-1977,2025-01-07,C132,Denton,7.32,A0031,Ria
CAP-1978,2024-08-06,C199,Bacoreta,1.28,A0027,Alta Mar
CAP-1979,2024-07-28,C199,Bonito del Norte,7.57,A0027,Playa
CAP-1980,2024-09-02,C199,Llampuga,6.78,A0027,Espigon
CAP-1981,2024-12-12,C006,Sargo,1.15,A0021,Ria
CAP-1982,2025-01-03,C006,Sargo,1.2,A0021,Espigon
CAP-1983,2025-01-04,C006,Mabra,1.1,A0021,Ria
CAP-1984,2024-04-26,C184,Lubina,2.14,A0022,Playa
CAP-1985,2024-05-20,C184,Mabra,0.59,A0022,Alta Mar
CAP-1986,2024-05-07,C184,Mabra,1.32,A0022,Ria
CAP-1987,2024-05-16,C184,Mabra,1.61,A0022,Ria
CAP-1988,2024-06-07,C184,Dorada,2.17,A0022,Ria
CAP-1989,2024-04-26,C243,Lubina,2.23,A0018,Espigon
CAP-1990,2024-04-21,C243,Anjova,5.04,A0018,Alta Mar
CAP-1991,2024-05-10,C243,Lubina,4.11,A0018,Ria
CAP-1992,2024-02-02,C298,Calamar,0.57,A0005,Ria
CAP-1993,2024-02-29,C298,Sepia,1.25,A0005,Playa
CAP-1994,2024-07-30,C059,Mabra,1.79,A0021,Ria
CAP-1995,2024-07-20,C059,Mabra,1.25,A0021,Alta Mar
CAP-1996,2024-08-08,C059,Herrera,0.39,A0021,Alta Mar
CAP-1997,2024-08-12,C059,Herrera,0.39,A0021,Espigon
CAP-1998,2024-07-29,C059,Herrera,0.23,A0021,Ria
CAP-1999,2024-08-29,C185,Llampuga,4.4,A0027,Playa
CAP-2000,2024-08-24,C185,Llampuga,5.93,A0027,Playa
CAP-2001,2024-09-10,C185,Bacoreta,1.8,A0027,Playa
CAP-2002,2024-12-02,C031,Pargo,0.62,A0030,Ria
CAP-2003,2024-12-24,C031,Sama,6.96,A0030,Alta Mar
CAP-2004,2024-09-19,C047,Anjova,3.87,A0012,Espigon
CAP-2005,2024-10-02,C047,Lubina,1.25,A0012,Ria
CAP-2006,2024-10-11,C047,Jurel,1.51,A0012,Ria
CAP-2007,2025-01-18,C033,Pargo,0.96,A0031,Espigon
CAP-2008,2025-01-14,C033,Denton,5.48,A0031,Alta Mar
CAP-2009,2025-01-16,C033,Denton,3.89,A0031,Espigon
CAP-2010,2025-01-22,C033,Sama,2.51,A0031,Alta Mar
CAP-2011,2024-08-03,C069,Llampuga,6.0,A0027,Espigon
CAP-2012,2024-08-08,C069,Bonito del Norte,12.61,A0027,Ria
CAP-2013,2025-01-25,C211,Baila,1.08,A0018,Espigon
CAP-2014,2024-03-06,C144,Denton,7.52,A0032,Playa
CAP-2015,2024-03-29,C285,Mero,7.55,A0032,Espigon
CAP-2016,2024-04-05,C285,Mero,7.86,A0032,Playa
CAP-2017,2024-04-10,C285,Denton,2.84,A0032,Alta Mar
CAP-2018,2024-07-10,C022,Marlin Blanco,26.89,A0026,Espigon
CAP-2019,2024-07-14,C022,Llampuga,5.06,A0026,Alta Mar
CAP-2020,2024-08-08,C022,Marlin Blanco,26.83,A0026,Playa
CAP-2021,2024-09-28,C248,Baila,1.18,A0013,Alta Mar
CAP-2022,2024-10-17,C248,Palometon,6.33,A0013,Ria
CAP-2023,2024-10-18,C174,Denton,2.87,A0032,Ria
CAP-2024,2024-11-06,C174,Denton,2.86,A0032,Playa
CAP-2025,2024-09-23,C287,Bacoreta,1.48,A0028,Playa
CAP-2026,2024-10-09,C287,Llampuga,2.95,A0028,Playa
CAP-2027,2024-03-16,C215,Calamar,0.25,A0003,Ria
CAP-2028,2024-03-07,C215,Calamar,0.98,A0003,Ria
CAP-2029,2024-03-09,C215,Calamar,1.32,A0003,Alta Mar
CAP-2030,2024-05-05,C167,Lubina,0.58,A0011,Alta Mar
CAP-2031,2024-12-23,C064,Calamar,1.41,A0007,Ria
CAP-2032,2024-07-18,C021,Llampuga,7.58,A0026,Espigon
CAP-2033,2024-07-28,C021,Bacoreta,1.13,A0026,Playa
CAP-2034,2024-08-17,C021,Bonito del Norte,12.84,A0026,Espigon
CAP-2035,2024-08-06,C021,Llampuga,5.67,A0026,Playa
CAP-2036,2024-06-10,C090,Mero,3.42,A0031,Alta Mar
CAP-2037,2024-07-10,C006,Mabra,1.11,A0022,Alta Mar
CAP-2038,2024-07-25,C006,Mabra,1.35,A0022,Alta Mar
CAP-2039,2024-08-04,C006,Mabra,1.87,A0022,Alta Mar
CAP-2040,2024-06-23,C086,Llampuga,4.92,A0028,Espigon
CAP-2041,2025-01-02,C007,Jurel,0.59,A0016,Espigon
CAP-2042,2024-01-14,C035,Lubina,1.23,A0013,Ria
CAP-2043,2024-02-10,C035,Jurel,1.2,A0013,Playa
CAP-2044,2024-02-01,C035,Lubina,3.74,A0013,Espigon
CAP-2045,2024-11-16,C095,Calamar,0.43,A0004,Espigon
CAP-2046,2024-10-31,C095,Calamar,0.92,A0004,Alta Mar
CAP-2047,2024-02-20,C157,Baila,0.59,A0011,Alta Mar
CAP-2048,2024-02-26,C157,Lubina,0.93,A0011,Playa
CAP-2049,2024-11-25,C156,Sepia,1.71,A0007,Ria
CAP-2050,2024-09-06,C244,San Pedro,1.64,A0030,Espigon
CAP-2051,2024-08-30,C244,Cabrilla,1.98,A0030,Playa
CAP-2052,2024-12-01,C151,Serviola,1.79,A0032,Ria
CAP-2053,2024-12-17,C151,Serviola,0.63,A0032,Alta Mar
CAP-2054,2024-09-19,C127,Lubina,3.99,A0014,Espigon
CAP-2055,2024-09-27,C127,Serviola,0.6,A0014,Ria
CAP-2056,2024-10-23,C127,Jurel,1.59,A0014,Ria
CAP-2057,2024-12-01,C206,Calamar,1.22,A0001,Playa
CAP-2058,2024-12-08,C206,Sepia,0.31,A0001,Alta Mar
CAP-2059,2024-12-03,C206,Sepia,0.88,A0001,Alta Mar
CAP-2060,2024-08-29,C186,Mero,12.38,A0032,Espigon
CAP-2061,2024-10-05,C186,Serviola,0.89,A0032,Espigon
CAP-2062,2024-10-07,C186,Serviola,1.97,A0032,Espigon
CAP-2063,2024-07-15,C199,Melva,1.71,A0028,Alta Mar
CAP-2064,2024-07-17,C199,Llampuga,3.02,A0028,Playa
CAP-2065,2024-07-02,C199,Bonito del Norte,14.09,A0028,Espigon
CAP-2066,2024-02-12,C274,Serviola,0.97,A0032,Ria
CAP-2067,2024-01-27,C274,Denton,7.89,A0032,Playa
CAP-2068,2024-02-07,C274,Mero,12.9,A0032,Espigon
CAP-2069,2024-09-03,C222,Denton,4.05,A0032,Alta Mar
CAP-2070,2024-09-02,C222,Mero,7.71,A0032,Playa
CAP-2071,2024-05-11,C279,Espeton,1.21,A0017,Espigon
CAP-2072,2024-03-31,C021,Denton,4.85,A0033,Playa
CAP-2073,2024-04-06,C021,Denton,4.65,A0033,Ria
CAP-2074,2024-03-14,C129,Pulpo,3.87,A0004,Playa
CAP-2075,2024-03-02,C129,Calamar,1.09,A0004,Ria
CAP-2076,2024-12-09,C177,Calamar,0.33,A0002,Playa
CAP-2077,2024-08-08,C115,Melva,1.23,A0026,Ria
CAP-2078,2024-08-17,C115,Llampuga,5.26,A0026,Alta Mar
CAP-2079,2024-09-09,C275,Melva,0.97,A0028,Alta Mar
CAP-2080,2024-10-04,C275,Marlin Blanco,40.72,A0028,Alta Mar
CAP-2081,2024-09-21,C275,Llampuga,8.78,A0028,Playa
CAP-2082,2024-08-18,C283,Lubina,3.34,A0010,Espigon
CAP-2083,2024-09-04,C283,Lubina,4.52,A0010,Ria
CAP-2084,2024-03-20,C141,Cabrilla,1.97,A0031,Playa
CAP-2085,2024-09-15,C219,Bonito del Norte,8.35,A0028,Playa
CAP-2086,2024-09-15,C219,Marlin Blanco,28.35,A0028,Ria
CAP-2087,2024-06-30,C106,Sargo,0.72,A0021,Espigon
CAP-2088,2024-07-02,C106,Sargo,0.27,A0021,Espigon
CAP-2089,2024-06-30,C106,Sargo,1.06,A0021,Espigon
CAP-2090,2024-06-30,C106,Sargo,0.4,A0021,Ria
CAP-2091,2024-02-04,C173,Cabrilla,1.7,A0030,Playa
CAP-2092,2024-02-18,C173,Sama,6.37,A0030,Espigon
CAP-2093,2024-03-01,C209,Lubina,4.03,A0013,Playa
CAP-2094,2024-03-01,C209,Lubina,3.14,A0013,Ria
CAP-2095,2024-03-13,C291,Denton,6.54,A0031,Espigon
CAP-2096,2024-03-12,C291,Sama,9.55,A0031,Espigon
CAP-2097,2024-10-19,C014,Sepia,1.07,A0006,Ria
CAP-2098,2024-11-09,C014,Sepia,1.5,A0006,Playa
CAP-2099,2024-11-11,C014,Pulpo,2.22,A0006,Alta Mar
CAP-2100,2024-11-16,C014,Pulpo,3.61,A0006,Playa
CAP-2101,2024-11-10,C014,Pulpo,4.14,A0006,Espigon
CAP-2102,2024-04-01,C061,Mero,6.55,A0033,Playa
CAP-2103,2024-04-25,C061,Serviola,0.62,A0033,Alta Mar
CAP-2104,2024-09-04,C254,Mero,3.68,A0033,Espigon
CAP-2105,2024-10-09,C254,Mero,5.89,A0033,Playa
CAP-2106,2024-03-30,C132,Cabrilla,1.54,A0031,Alta Mar
CAP-2107,2024-07-20,C011,Serviola,1.07,A0011,Ria
CAP-2108,2024-07-25,C011,Jurel,1.73,A0011,Playa
CAP-2109,2024-06-10,C203,Sargo,1.05,A0022,Playa
CAP-2110,2024-06-19,C203,Sargo,0.22,A0022,Alta Mar
CAP-2111,2024-06-23,C203,Dorada,1.84,A0022,Playa
CAP-2112,2024-06-19,C203,Sargo,0.68,A0022,Playa
CAP-2113,2024-06-17,C203,Mabra,1.08,A0022,Playa
CAP-2114,2025-01-10,C206,Pulpo,4.39,A0005,Ria
CAP-2115,2024-12-31,C206,Calamar,0.51,A0005,Ria
CAP-2116,2024-06-20,C239,Baila,1.68,A0014,Espigon
CAP-2117,2024-06-03,C220,Denton,2.26,A0032,Espigon
CAP-2118,2024-08-18,C112,Baila,1.49,A0018,Alta Mar
CAP-2119,2024-08-08,C112,Lubina,4.21,A0018,Ria
CAP-2120,2024-09-05,C112,Lubina,1.79,A0018,Playa
CAP-2121,2024-08-26,C112,Espeton,1.03,A0018,Alta Mar
CAP-2122,2024-03-16,C050,Rodaballo,0.8,A0021,Ria
CAP-2123,2024-03-23,C050,Rodaballo,1.9,A0021,Alta Mar
CAP-2124,2024-03-26,C050,Mabra,1.26,A0021,Alta Mar
CAP-2125,2024-04-11,C050,Mabra,1.67,A0021,Alta Mar
CAP-2126,2024-07-04,C199,Herrera,0.55,A0021,Ria
CAP-2127,2024-07-18,C199,Mabra,1.53,A0021,Ria
CAP-2128,2024-08-09,C199,Rodaballo,1.1,A0021,Playa
CAP-2129,2024-08-01,C199,Sargo,0.85,A0021,Ria
CAP-2130,2024-08-17,C199,Mabra,0.86,A0021,Espigon
CAP-2131,2024-08-12,C199,Mabra,1.61,A0021,Ria
CAP-2132,2024-02-06,C261,Sama,3.44,A0031,Ria
CAP-2133,2024-01-30,C261,Pargo,1.29,A0031,Playa
CAP-2134,2024-09-08,C269,Denton,7.35,A0032,Alta Mar
CAP-2135,2024-09-03,C269,Mero,3.29,A0032,Playa
CAP-2136,2024-04-12,C268,Mero,14.45,A0033,Ria
CAP-2137,2024-04-17,C268,Mero,12.99,A0033,Espigon
CAP-2138,2024-02-15,C223,Sepia,0.8,A0001,Ria
CAP-2139,2024-02-15,C223,Sepia,0.7,A0001,Ria
CAP-2140,2024-03-16,C223,Calamar,1.01,A0001,Alta Mar
CAP-2141,2024-03-01,C223,Calamar,0.64,A0001,Alta Mar
CAP-2142,2024-03-11,C223,Calamar,0.37,A0001,Playa
CAP-2143,2024-03-17,C223,Calamar,1.27,A0001,Espigon
CAP-2144,2024-05-24,C186,Denton,5.12,A0033,Playa
CAP-2145,2024-07-11,C051,Serviola,1.08,A0014,Ria
CAP-2146,2024-08-16,C008,Llampuga,2.1,A0027,Ria
CAP-2147,2024-11-10,C230,Calamar,0.21,A0006,Espigon
CAP-2148,2024-11-28,C230,Calamar,0.25,A0006,Playa
CAP-2149,2024-11-18,C230,Calamar,1.3,A0006,Alta Mar
CAP-2150,2024-11-26,C230,Calamar,0.98,A0006,Alta Mar
CAP-2151,2024-08-11,C073,Dorada,0.62,A0021,Ria
CAP-2152,2024-08-12,C073,Dorada,0.46,A0021,Alta Mar
CAP-2153,2024-10-09,C174,Serviola,0.67,A0033,Espigon
CAP-2154,2024-03-07,C145,Sepia,1.34,A0007,Playa
CAP-2155,2024-03-19,C145,Calamar,1.45,A0007,Playa
CAP-2156,2024-12-19,C014,Sepia,0.95,A0004,Ria
CAP-2157,2024-12-30,C014,Calamar,0.4,A0004,Playa
CAP-2158,2024-06-06,C179,Espeton,1.26,A0018,Alta Mar
CAP-2159,2024-03-13,C210,Pargo,1.04,A0031,Ria
CAP-2160,2024-04-03,C210,Denton,4.16,A0031,Playa
CAP-2161,2024-07-03,C104,Serviola,1.6,A0033,Playa
CAP-2162,2024-07-19,C104,Denton,5.92,A0033,Alta Mar
CAP-2163,2024-08-10,C104,Serviola,1.68,A0033,Ria
CAP-2164,2024-02-26,C009,Serviola,1.71,A0032,Ria
CAP-2165,2024-03-12,C009,Serviola,1.34,A0032,Playa
CAP-2166,2024-12-12,C233,Sepia,0.64,A0006,Espigon
CAP-2167,2024-07-15,C040,Bacoreta,1.96,A0027,Espigon
CAP-2168,2024-08-11,C040,Bonito del Norte,5.81,A0027,Playa
CAP-2169,2024-09-01,C040,Llampuga,7.77,A0027,Ria
CAP-2170,2024-08-12,C040,Melva,1.28,A0027,Playa
CAP-2171,2024-10-14,C119,Serviola,0.72,A0033,Playa
CAP-2172,2024-11-23,C011,Serviola,1.56,A0032,Alta Mar
CAP-2173,2024-12-25,C011,Denton,2.41,A0032,Espigon
CAP-2174,2024-10-26,C083,Sargo,0.39,A0021,Playa
CAP-2175,2024-11-02,C083,Herrera,0.46,A0021,Alta Mar
CAP-2176,2024-03-15,C067,Sepia,0.83,A0006,Alta Mar
CAP-2177,2024-11-21,C223,Serviola,1.83,A0032,Playa
CAP-2178,2024-06-09,C278,Cabrilla,1.07,A0030,Playa
CAP-2179,2024-06-08,C065,Baila,0.66,A0011,Playa
CAP-2180,2024-03-03,C233,Lubina,2.9,A0021,Ria
CAP-2181,2024-02-23,C233,Lubina,4.87,A0021,Ria
CAP-2182,2024-11-21,C164,Mero,10.86,A0032,Alta Mar
CAP-2183,2024-11-27,C164,Denton,1.64,A0032,Playa
CAP-2184,2024-08-18,C161,Sama,9.99,A0031,Espigon
CAP-2185,2024-11-16,C204,Anjova,6.44,A0011,Alta Mar
CAP-2186,2024-05-06,C061,Mero,9.79,A0032,Ria
CAP-2187,2024-04-29,C061,Denton,2.09,A0032,Ria
CAP-2188,2024-05-24,C061,Serviola,1.46,A0032,Playa
CAP-2189,2024-09-28,C150,Serviola,1.95,A0032,Espigon
CAP-2190,2024-09-17,C150,Denton,3.64,A0032,Ria
CAP-2191,2024-08-26,C288,Melva,1.97,A0027,Alta Mar
CAP-2192,2024-09-14,C288,Bonito del Norte,6.19,A0027,Alta Mar
CAP-2193,2024-12-12,C027,Calamar,1.14,A0001,Ria
CAP-2194,2024-11-29,C027,Calamar,1.48,A0001,Alta Mar
CAP-2195,2024-08-08,C098,Espeton,0.92,A0017,Playa
CAP-2196,2024-08-28,C098,Baila,0.74,A0017,Alta Mar
CAP-2197,2024-09-05,C201,Sargo,0.56,A0021,Espigon
CAP-2198,2024-09-13,C201,Dorada,1.39,A0021,Ria
CAP-2199,2024-08-31,C201,Corvina,12.93,A0021,Playa
CAP-2200,2024-09-28,C201,Sargo,0.93,A0021,Playa
CAP-2201,2024-06-29,C233,Sargo,1.09,A0022,Ria
CAP-2202,2024-07-12,C233,Sargo,0.74,A0022,Alta Mar
CAP-2203,2024-07-01,C233,Sargo,0.69,A0022,Espigon
CAP-2204,2024-09-03,C103,Gallineta,1.93,A0030,Playa
CAP-2205,2024-09-17,C103,Sama,3.09,A0030,Espigon
CAP-2206,2024-03-19,C053,Serviola,0.85,A0032,Ria
CAP-2207,2024-03-28,C053,Serviola,1.81,A0032,Espigon
CAP-2208,2024-07-31,C115,Llampuga,9.07,A0028,Playa
CAP-2209,2024-09-08,C116,Llampuga,9.42,A0026,Playa
CAP-2210,2024-09-20,C116,Bacoreta,0.73,A0026,Alta Mar
CAP-2211,2024-10-03,C116,Bonito del Norte,12.02,A0026,Alta Mar
CAP-2212,2024-10-28,C116,Bonito del Norte,7.51,A0026,Alta Mar
CAP-2213,2024-11-22,C263,Sama,4.31,A0031,Playa
CAP-2214,2024-12-17,C263,San Pedro,1.52,A0031,Ria
CAP-2215,2024-12-22,C263,Cabrilla,0.54,A0031,Ria
CAP-2216,2024-04-07,C244,Sama,2.58,A0031,Alta Mar
CAP-2217,2024-04-12,C244,Cabrilla,0.72,A0031,Playa
CAP-2218,2024-05-01,C244,Sama,2.99,A0031,Ria
CAP-2219,2024-08-01,C030,Anjova,3.89,A0010,Espigon
CAP-2220,2024-07-28,C030,Lubina,4.0,A0010,Alta Mar
CAP-2221,2024-08-22,C030,Jurel,1.77,A0010,Alta Mar
CAP-2222,2024-12-20,C058,Serviola,1.54,A0032,Playa
CAP-2223,2024-10-11,C090,Sama,5.76,A0031,Playa
CAP-2224,2024-10-04,C090,Sama,8.4,A0031,Ria
CAP-2225,2024-10-29,C090,Pargo,1.07,A0031,Playa
CAP-2226,2024-11-10,C090,San Pedro,2.26,A0031,Playa
CAP-2227,2024-11-19,C090,Sama,8.86,A0031,Playa
CAP-2228,2024-08-11,C283,Bonito del Norte,12.57,A0026,Alta Mar
CAP-2229,2024-09-10,C283,Bonito del Norte,10.69,A0026,Alta Mar
CAP-2230,2024-07-21,C268,Serviola,1.2,A0032,Alta Mar
CAP-2231,2024-07-29,C268,Serviola,0.57,A0032,Ria
CAP-2232,2024-07-28,C020,Pargo,0.68,A0030,Ria
CAP-2233,2024-08-08,C020,Pargo,0.7,A0030,Ria
CAP-2234,2024-07-24,C020,Cabrilla,1.1,A0030,Alta Mar
CAP-2235,2024-08-14,C020,Pargo,1.98,A0030,Espigon
CAP-2236,2024-08-20,C020,Pargo,0.55,A0030,Playa
CAP-2237,2024-04-29,C089,Anjova,5.6,A0012,Alta Mar
CAP-2238,2024-05-08,C089,Anjova,3.5,A0012,Alta Mar
CAP-2239,2024-11-18,C231,Calamar,0.81,A0004,Playa
CAP-2240,2024-02-29,C186,Mero,13.72,A0032,Espigon
CAP-2241,2024-03-23,C186,Mero,7.71,A0032,Playa
CAP-2242,2024-03-28,C186,Denton,5.93,A0032,Espigon
CAP-2243,2024-01-20,C231,Pargo,1.19,A0031,Espigon
CAP-2244,2024-02-09,C231,Sama,5.49,A0031,Ria
CAP-2245,2024-01-26,C010,Mero,4.95,A0031,Ria
CAP-2246,2024-01-28,C010,Denton,4.9,A0031,Alta Mar
CAP-2247,2024-02-10,C010,San Pedro,1.01,A0031,Playa
CAP-2248,2024-07-27,C219,Llampuga,2.84,A0027,Espigon
CAP-2249,2024-08-13,C219,Bonito del Norte,13.56,A0027,Ria
CAP-2250,2024-06-27,C112,Gallineta,1.3,A0031,Playa
CAP-2251,2024-07-24,C112,Cabrilla,1.84,A0031,Espigon
CAP-2252,2024-08-20,C197,Llampuga,7.56,A0027,Espigon
CAP-2253,2024-09-14,C197,Bacoreta,1.05,A0027,Playa
CAP-2254,2024-06-09,C060,Lubina,4.28,A0017,Ria
CAP-2255,2024-08-16,C258,Serviola,0.82,A0033,Alta Mar
CAP-2256,2024-07-06,C040,Bonito del Norte,4.53,A0027,Espigon
CAP-2257,2024-07-13,C040,Melva,0.74,A0027,Espigon
CAP-2258,2024-08-23,C012,Mero,3.83,A0032,Playa
CAP-2259,2024-08-13,C012,Denton,4.41,A0032,Espigon
CAP-2260,2024-11-08,C274,Denton,7.61,A0033,Playa
CAP-2261,2024-11-14,C274,Serviola,1.8,A0033,Playa
CAP-2262,2024-11-22,C274,Denton,3.5,A0033,Espigon
CAP-2263,2024-10-24,C030,Dorada,1.63,A0022,Alta Mar
CAP-2264,2024-10-31,C030,Mabra,1.22,A0022,Ria
CAP-2265,2024-11-08,C030,Dorada,2.12,A0022,Espigon
CAP-2266,2024-11-14,C030,Dorada,1.16,A0022,Espigon
CAP-2267,2024-11-20,C161,Denton,2.1,A0031,Ria
CAP-2268,2024-11-22,C161,Pargo,0.51,A0031,Espigon
CAP-2269,2024-12-30,C226,Espeton,0.53,A0010,Ria
CAP-2270,2024-03-24,C129,Sargo,0.48,A0021,Playa
CAP-2271,2024-03-25,C129,Sargo,0.68,A0021,Alta Mar
CAP-2272,2024-04-25,C129,Mabra,1.07,A0021,Playa
CAP-2273,2024-06-14,C024,Denton,2.8,A0033,Espigon
CAP-2274,2024-01-23,C117,Sepia,1.01,A0001,Espigon
CAP-2275,2024-02-09,C208,Serviola,1.0,A0033,Alta Mar
CAP-2276,2024-01-09,C154,Denton,4.58,A0032,Espigon
CAP-2277,2024-01-28,C154,Serviola,1.11,A0032,Ria
CAP-2278,2024-09-20,C031,Lubina,3.28,A0015,Alta Mar
CAP-2279,2024-07-16,C142,Mabra,0.7,A0022,Alta Mar
CAP-2280,2024-08-15,C142,Sargo,0.25,A0022,Espigon
CAP-2281,2024-08-10,C142,Sargo,0.33,A0022,Ria
CAP-2282,2024-08-04,C142,Sargo,0.82,A0022,Alta Mar
CAP-2283,2024-07-29,C142,Herrera,0.61,A0022,Ria
CAP-2284,2024-08-23,C142,Dorada,1.74,A0022,Espigon
CAP-2285,2024-08-16,C142,Dorada,1.11,A0022,Ria
CAP-2286,2024-07-13,C269,Lubina,2.27,A0011,Playa
CAP-2287,2024-07-16,C269,Baila,1.53,A0011,Ria
CAP-2288,2024-11-16,C025,Gallineta,1.28,A0030,Playa
CAP-2289,2024-11-21,C127,Anjova,6.54,A0016,Ria
CAP-2290,2024-11-18,C127,Lubina,1.43,A0016,Ria
CAP-2291,2024-01-14,C114,San Pedro,1.25,A0031,Ria
CAP-2292,2024-01-28,C114,Sama,8.03,A0031,Playa
CAP-2293,2024-06-11,C069,Herrera,0.37,A0021,Espigon
CAP-2294,2024-06-18,C069,Dorada,2.44,A0021,Ria
CAP-2295,2024-06-20,C069,Dorada,1.5,A0021,Playa
CAP-2296,2024-06-24,C069,Dorada,1.87,A0021,Ria
CAP-2297,2024-07-03,C069,Herrera,0.39,A0021,Ria
CAP-2298,2024-12-09,C273,Cabrilla,0.5,A0031,Playa
CAP-2299,2025-01-01,C273,Denton,2.95,A0031,Playa
CAP-2300,2024-08-28,C123,Melva,0.72,A0028,Espigon
CAP-2301,2024-09-14,C123,Bonito del Norte,13.96,A0028,Ria
CAP-2302,2024-12-18,C278,Pulpo,3.0,A0006,Alta Mar
CAP-2303,2024-12-22,C278,Calamar,1.16,A0006,Playa
CAP-2304,2025-01-12,C278,Sepia,1.17,A0006,Ria
CAP-2305,2024-12-02,C078,Denton,5.02,A0031,Alta Mar
CAP-2306,2024-12-25,C078,Denton,6.53,A0031,Espigon
CAP-2307,2024-12-28,C078,Pargo,1.45,A0031,Espigon
CAP-2308,2024-12-16,C034,Gallineta,1.45,A0031,Playa
CAP-2309,2024-12-17,C034,Cabrilla,1.68,A0031,Ria
CAP-2310,2024-09-27,C192,Sargo,1.14,A0021,Alta Mar
CAP-2311,2024-10-23,C192,Mabra,0.54,A0021,Alta Mar
CAP-2312,2024-10-14,C192,Mabra,0.62,A0021,Espigon
CAP-2313,2024-10-16,C192,Mabra,1.7,A0021,Playa
CAP-2314,2024-09-15,C096,Llampuga,9.84,A0026,Playa
CAP-2315,2024-09-03,C096,Llampuga,9.01,A0026,Ria
CAP-2316,2024-09-03,C096,Bonito del Norte,7.83,A0026,Ria
CAP-2317,2024-01-15,C169,Anjova,6.4,A0017,Playa
CAP-2318,2024-08-02,C197,Bonito del Norte,11.73,A0026,Playa
CAP-2319,2024-02-02,C249,Serviola,1.48,A0018,Alta Mar
CAP-2320,2024-02-25,C249,Lubina,1.09,A0018,Alta Mar
CAP-2321,2024-11-18,C265,Pulpo,3.65,A0004,Alta Mar
CAP-2322,2024-12-06,C265,Pulpo,1.43,A0004,Espigon
CAP-2323,2024-05-19,C105,Lubina,1.02,A0012,Espigon
CAP-2324,2024-09-20,C003,Cabrilla,0.55,A0031,Alta Mar
CAP-2325,2024-09-15,C003,Gallineta,1.05,A0031,Alta Mar
CAP-2326,2024-03-04,C027,Calamar,0.27,A0003,Playa
CAP-2327,2024-03-17,C027,Pulpo,2.8,A0003,Playa
CAP-2328,2024-03-31,C027,Calamar,1.17,A0003,Alta Mar
CAP-2329,2024-03-16,C027,Calamar,0.81,A0003,Alta Mar
CAP-2330,2024-04-09,C293,Pargo,1.87,A0031,Playa
CAP-2331,2024-04-27,C293,Mero,11.04,A0031,Alta Mar
CAP-2332,2024-05-03,C293,Sama,4.18,A0031,Playa
CAP-2333,2025-01-05,C144,Denton,2.93,A0032,Playa
CAP-2334,2024-12-17,C144,Denton,7.2,A0032,Espigon
CAP-2335,2024-11-30,C293,San Pedro,0.89,A0030,Alta Mar
CAP-2336,2024-12-16,C293,Denton,2.11,A0030,Ria
CAP-2337,2024-09-23,C230,Llampuga,3.34,A0026,Playa
CAP-2338,2024-10-15,C230,Bacoreta,0.53,A0026,Playa
CAP-2339,2024-12-15,C021,Denton,7.93,A0033,Ria
CAP-2340,2025-01-06,C021,Serviola,0.68,A0033,Ria
CAP-2341,2024-12-22,C021,Serviola,1.04,A0033,Alta Mar
CAP-2342,2024-03-09,C020,Pargo,1.1,A0031,Ria
CAP-2343,2024-03-27,C020,San Pedro,1.45,A0031,Playa
CAP-2344,2024-04-03,C020,Denton,5.46,A0031,Espigon
CAP-2345,2024-01-27,C087,Pulpo,1.51,A0007,Espigon
CAP-2346,2024-02-10,C087,Pulpo,1.46,A0007,Ria
CAP-2347,2024-01-26,C087,Pulpo,2.69,A0007,Ria
CAP-2348,2024-02-29,C087,Calamar,0.99,A0007,Ria
CAP-2349,2024-10-02,C204,Palometon,6.3,A0010,Ria
CAP-2350,2024-10-05,C128,Palometon,12.48,A0011,Espigon
CAP-2351,2024-10-06,C128,Anjova,5.33,A0011,Playa
CAP-2352,2024-10-26,C128,Espeton,0.76,A0011,Playa
CAP-2353,2025-02-02,C230,Serviola,1.33,A0032,Alta Mar
CAP-2354,2025-02-01,C125,Calamar,0.4,A0005,Playa
CAP-2355,2024-02-12,C153,Sepia,0.61,A0006,Espigon
CAP-2356,2024-03-15,C153,Calamar,1.37,A0006,Playa
CAP-2357,2024-02-29,C153,Sepia,0.84,A0006,Espigon
CAP-2358,2024-10-26,C050,Sargo,0.75,A0022,Ria
CAP-2359,2024-11-20,C050,Herrera,0.63,A0022,Espigon
CAP-2360,2024-11-16,C050,Herrera,0.4,A0022,Espigon
CAP-2361,2024-11-30,C050,Herrera,0.31,A0022,Playa
CAP-2362,2024-07-04,C248,Baila,0.97,A0010,Espigon
CAP-2363,2024-07-23,C248,Lubina,4.09,A0010,Ria
CAP-2364,2024-07-30,C248,Palometon,10.79,A0010,Playa
CAP-2365,2024-09-01,C282,Lubina,4.58,A0012,Ria
CAP-2366,2024-09-10,C282,Jurel,1.54,A0012,Playa
CAP-2367,2024-04-30,C126,Corvina,12.66,A0022,Alta Mar
CAP-2368,2024-04-06,C126,Corvina,2.5,A0022,Espigon
CAP-2369,2024-04-23,C126,Corvina,13.42,A0022,Ria
CAP-2370,2024-04-26,C126,Herrera,0.6,A0022,Espigon
CAP-2371,2024-04-29,C126,Rodaballo,1.89,A0022,Espigon
CAP-2372,2024-11-13,C158,Serviola,1.45,A0033,Ria
CAP-2373,2024-11-20,C158,Mero,7.52,A0033,Espigon
CAP-2374,2024-07-31,C188,San Pedro,0.87,A0031,Espigon
CAP-2375,2024-07-21,C188,Gallineta,1.95,A0031,Espigon
CAP-2376,2024-08-11,C188,Denton,6.82,A0031,Playa
CAP-2377,2024-08-05,C054,Melva,1.37,A0028,Playa
CAP-2378,2024-08-05,C054,Bonito del Norte,14.36,A0028,Alta Mar
CAP-2379,2024-05-08,C201,Sargo,0.79,A0021,Alta Mar
CAP-2380,2024-05-04,C201,Herrera,0.74,A0021,Playa
CAP-2381,2024-05-09,C201,Herrera,0.38,A0021,Ria
CAP-2382,2024-05-14,C201,Herrera,0.51,A0021,Alta Mar
CAP-2383,2024-09-30,C076,Denton,6.67,A0033,Playa
CAP-2384,2024-10-01,C076,Serviola,1.24,A0033,Playa
CAP-2385,2024-10-24,C076,Mero,14.92,A0033,Alta Mar
CAP-2386,2024-10-30,C079,Anjova,3.43,A0012,Espigon
CAP-2387,2024-10-16,C079,Baila,1.46,A0012,Alta Mar
CAP-2388,2024-11-04,C079,Anjova,5.76,A0012,Playa
CAP-2389,2024-11-03,C079,Serviola,1.72,A0012,Espigon
CAP-2390,2024-11-14,C207,Sargo,0.43,A0021,Alta Mar
CAP-2391,2024-11-26,C207,Sargo,0.8,A0021,Espigon
CAP-2392,2024-11-27,C207,Mabra,1.88,A0021,Alta Mar
CAP-2393,2024-12-05,C207,Dorada,2.05,A0021,Espigon
CAP-2394,2024-07-25,C185,Bacoreta,1.64,A0026,Espigon
CAP-2395,2024-07-27,C185,Marlin Blanco,37.93,A0026,Espigon
CAP-2396,2024-11-07,C273,Cabrilla,1.37,A0031,Alta Mar
CAP-2397,2024-10-29,C273,Sama,7.2,A0031,Ria
CAP-2398,2024-05-05,C174,Denton,4.13,A0032,Playa
CAP-2399,2024-06-03,C174,Serviola,1.99,A0032,Playa
CAP-2400,2024-07-23,C223,Denton,3.08,A0033,Espigon
CAP-2401,2025-01-05,C034,Mero,8.69,A0031,Espigon
CAP-2402,2024-08-20,C239,Mabra,0.69,A0021,Alta Mar
CAP-2403,2024-08-17,C239,Sargo,0.93,A0021,Espigon
CAP-2404,2024-08-27,C239,Herrera,0.49,A0021,Alta Mar
CAP-2405,2024-11-01,C169,Mero,7.16,A0032,Espigon
CAP-2406,2024-11-22,C169,Denton,6.89,A0032,Playa
CAP-2407,2024-08-05,C149,Serviola,0.53,A0033,Alta Mar
CAP-2408,2024-08-01,C149,Denton,6.49,A0033,Alta Mar
CAP-2409,2024-07-30,C149,Mero,9.96,A0033,Playa
CAP-2410,2024-09-01,C016,Bonito del Norte,5.8,A0028,Playa
CAP-2411,2024-10-04,C249,Mabra,1.99,A0022,Espigon
CAP-2412,2024-09-22,C249,Mabra,1.77,A0022,Alta Mar
CAP-2413,2024-06-01,C257,Dorada,2.24,A0022,Espigon
CAP-2414,2024-05-19,C257,Dorada,0.72,A0022,Ria
CAP-2415,2024-06-14,C257,Mabra,1.08,A0022,Alta Mar
CAP-2416,2024-06-19,C257,Lubina,2.37,A0022,Espigon
CAP-2417,2024-06-06,C257,Mabra,0.66,A0022,Playa
CAP-2418,2024-06-28,C257,Herrera,0.68,A0022,Espigon
CAP-2419,2024-12-09,C109,Mero,4.73,A0032,Playa
CAP-2420,2025-01-03,C109,Serviola,1.55,A0032,Playa
CAP-2421,2024-09-15,C065,Bonito del Norte,6.75,A0027,Playa
CAP-2422,2024-09-21,C065,Bonito del Norte,9.64,A0027,Espigon
CAP-2423,2024-05-28,C082,Pargo,1.79,A0030,Playa
CAP-2424,2024-07-25,C035,Pargo,0.97,A0031,Alta Mar
CAP-2425,2024-09-27,C048,Espeton,1.65,A0017,Ria
CAP-2426,2024-07-20,C005,Mero,12.54,A0032,Espigon
CAP-2427,2024-11-07,C240,San Pedro,1.47,A0030,Alta Mar
CAP-2428,2024-11-26,C240,Sama,8.73,A0030,Espigon
CAP-2429,2024-05-05,C169,Serviola,1.75,A0032,Alta Mar
CAP-2430,2024-04-07,C228,Sargo,1.0,A0021,Espigon
CAP-2431,2024-03-31,C228,Mabra,1.46,A0021,Playa
CAP-2432,2024-09-18,C194,Dorada,0.45,A0021,Espigon
CAP-2433,2024-09-04,C194,Mabra,1.51,A0021,Playa
CAP-2434,2024-09-08,C194,Mabra,1.51,A0021,Ria
CAP-2435,2024-09-10,C278,Baila,1.32,A0013,Espigon
CAP-2436,2024-09-27,C278,Espeton,1.56,A0013,Playa
CAP-2437,2024-12-31,C257,Herrera,0.63,A0021,Alta Mar
CAP-2438,2024-12-29,C257,Herrera,0.73,A0021,Espigon
CAP-2439,2024-03-27,C159,Sargo,0.85,A0022,Espigon
CAP-2440,2024-04-15,C159,Sargo,0.83,A0022,Alta Mar
CAP-2441,2024-04-11,C159,Dorada,2.21,A0022,Ria
CAP-2442,2024-04-17,C159,Mabra,1.33,A0022,Playa
CAP-2443,2024-05-05,C159,Herrera,0.79,A0022,Espigon
CAP-2444,2024-04-20,C102,Denton,7.71,A0033,Alta Mar
CAP-2445,2024-04-30,C102,Serviola,0.79,A0033,Alta Mar
CAP-2446,2024-04-29,C102,Serviola,1.85,A0033,Playa
CAP-2447,2024-04-16,C169,Serviola,1.52,A0032,Ria
CAP-2448,2024-04-05,C169,Serviola,1.55,A0032,Espigon
CAP-2449,2024-04-09,C169,Denton,7.01,A0032,Ria
CAP-2450,2024-07-10,C264,Bonito del Norte,13.17,A0027,Alta Mar
CAP-2451,2024-07-21,C264,Marlin Blanco,18.67,A0027,Playa
CAP-2452,2024-03-18,C021,Serviola,0.72,A0032,Ria
CAP-2453,2024-04-17,C021,Serviola,0.6,A0032,Espigon
CAP-2454,2024-04-14,C021,Serviola,1.16,A0032,Ria
CAP-2455,2024-08-17,C239,Bonito del Norte,5.96,A0027,Ria
CAP-2456,2024-08-25,C239,Bonito del Norte,6.96,A0027,Ria
CAP-2457,2024-08-15,C128,Lubina,3.34,A0011,Alta Mar
CAP-2458,2024-09-07,C128,Lubina,2.38,A0011,Playa
CAP-2459,2024-08-17,C185,Bonito del Norte,8.18,A0026,Espigon
CAP-2460,2024-07-18,C261,Sama,2.46,A0031,Alta Mar
CAP-2461,2024-04-29,C211,Palometon,13.39,A0014,Playa
CAP-2462,2024-06-03,C121,Serviola,1.3,A0032,Playa
CAP-2463,2024-06-16,C121,Serviola,1.18,A0032,Playa
CAP-2464,2024-10-05,C158,Mero,4.23,A0033,Ria
CAP-2465,2024-02-22,C291,Denton,3.02,A0031,Alta Mar
CAP-2466,2024-03-08,C224,Sepia,0.52,A0004,Alta Mar
CAP-2467,2024-03-11,C224,Calamar,0.69,A0004,Espigon
CAP-2468,2025-01-07,C233,Calamar,0.93,A0006,Ria
CAP-2469,2024-11-14,C089,Anjova,3.27,A0018,Playa
CAP-2470,2024-11-15,C089,Lubina,3.67,A0018,Alta Mar
CAP-2471,2024-03-27,C236,Sargo,0.93,A0021,Alta Mar
CAP-2472,2024-04-22,C236,Herrera,0.37,A0021,Espigon
CAP-2473,2024-12-20,C082,Sama,2.51,A0030,Ria
CAP-2474,2024-08-22,C291,Sama,2.05,A0030,Ria
CAP-2475,2024-09-02,C291,Denton,4.16,A0030,Alta Mar
CAP-2476,2024-08-25,C291,San Pedro,2.14,A0030,Playa
CAP-2477,2024-06-28,C222,Serviola,1.86,A0033,Alta Mar
CAP-2478,2024-07-16,C222,Serviola,1.76,A0033,Ria
CAP-2479,2024-05-02,C237,Denton,3.99,A0032,Espigon
CAP-2480,2024-12-04,C280,San Pedro,1.35,A0031,Ria
CAP-2481,2024-07-27,C082,San Pedro,0.77,A0030,Ria
CAP-2482,2024-02-28,C117,Calamar,0.86,A0004,Espigon
CAP-2483,2024-11-16,C002,Calamar,0.42,A0002,Ria
CAP-2484,2024-12-16,C002,Sepia,1.34,A0002,Espigon
CAP-2485,2024-12-06,C002,Sepia,1.43,A0002,Ria
CAP-2486,2024-05-23,C278,Sama,6.5,A0030,Playa
CAP-2487,2024-05-12,C278,Cabrilla,0.94,A0030,Alta Mar
CAP-2488,2024-07-28,C225,Cabrilla,1.05,A0031,Playa
CAP-2489,2024-08-17,C225,Denton,7.78,A0031,Playa
CAP-2490,2024-08-14,C225,Mero,6.86,A0031,Espigon
CAP-2491,2024-04-15,C193,Anjova,4.36,A0018,Espigon
CAP-2492,2024-04-22,C045,Sargo,1.03,A0022,Ria
CAP-2493,2024-05-08,C045,Sargo,0.48,A0022,Playa
CAP-2494,2024-05-17,C045,Sargo,0.49,A0022,Playa
CAP-2495,2024-05-02,C045,Herrera,0.26,A0022,Ria
CAP-2496,2024-04-27,C045,Herrera,0.59,A0022,Alta Mar
CAP-2497,2024-06-01,C045,Herrera,0.22,A0022,Ria
CAP-2498,2024-10-18,C287,Llampuga,9.77,A0026,Playa
CAP-2499,2024-10-25,C287,Llampuga,3.13,A0026,Playa
CAP-2500,2024-07-04,C198,Serviola,1.93,A0033,Alta Mar
CAP-2501,2024-07-11,C198,Serviola,1.93,A0033,Espigon
CAP-2502,2024-07-13,C198,Denton,3.57,A0033,Playa
CAP-2503,2024-12-20,C202,Pulpo,4.95,A0003,Playa
CAP-2504,2025-01-08,C202,Calamar,1.25,A0003,Alta Mar
CAP-2505,2024-09-08,C004,Bonito del Norte,11.86,A0026,Playa
CAP-2506,2024-09-14,C004,Llampuga,3.51,A0026,Ria
CAP-2507,2024-09-08,C004,Bonito del Norte,12.4,A0026,Ria
CAP-2508,2024-03-26,C144,Mero,12.53,A0032,Playa
CAP-2509,2024-12-10,C175,Pargo,1.72,A0030,Alta Mar
CAP-2510,2024-12-10,C175,Pargo,1.18,A0030,Espigon
CAP-2511,2024-12-27,C075,Denton,7.09,A0033,Alta Mar
CAP-2512,2024-12-17,C075,Serviola,1.23,A0033,Playa
CAP-2513,2024-10-27,C296,Calamar,1.03,A0005,Playa
CAP-2514,2024-06-25,C250,Bacoreta,1.88,A0026,Ria
CAP-2515,2024-06-10,C250,Bacoreta,1.73,A0026,Playa
CAP-2516,2024-07-10,C250,Llampuga,5.23,A0026,Alta Mar
CAP-2517,2024-07-16,C250,Bonito del Norte,5.68,A0026,Playa
CAP-2518,2024-09-24,C297,Herrera,0.75,A0021,Ria
CAP-2519,2024-12-26,C118,Calamar,1.17,A0001,Alta Mar
CAP-2520,2024-06-22,C138,Sargo,0.44,A0022,Playa
CAP-2521,2024-07-18,C138,Herrera,0.73,A0022,Ria
CAP-2522,2024-07-16,C138,Herrera,0.72,A0022,Alta Mar
CAP-2523,2024-09-01,C092,Melva,0.88,A0028,Ria
CAP-2524,2024-10-17,C144,Denton,6.97,A0033,Espigon
CAP-2525,2024-06-29,C239,Bonito del Norte,6.85,A0027,Playa
CAP-2526,2024-06-14,C239,Melva,1.97,A0027,Espigon
CAP-2527,2024-07-18,C239,Bacoreta,1.07,A0027,Playa
CAP-2528,2024-03-12,C219,Lubina,1.25,A0015,Alta Mar
CAP-2529,2024-04-12,C219,Lubina,1.94,A0015,Ria
CAP-2530,2024-08-26,C048,Baila,1.3,A0010,Playa
CAP-2531,2024-09-05,C048,Lubina,2.34,A0010,Playa
CAP-2532,2024-09-11,C048,Espeton,1.33,A0010,Alta Mar
CAP-2533,2024-08-04,C295,Espeton,0.71,A0014,Espigon
CAP-2534,2024-07-31,C295,Anjova,5.01,A0014,Alta Mar
CAP-2535,2024-08-18,C295,Lubina,1.78,A0014,Playa
CAP-2536,2024-08-25,C295,Serviola,0.64,A0014,Ria
CAP-2537,2024-07-25,C276,Herrera,0.75,A0022,Playa
CAP-2538,2024-07-25,C276,Herrera,0.56,A0022,Espigon
CAP-2539,2024-07-25,C276,Sargo,0.56,A0022,Alta Mar
CAP-2540,2024-07-24,C276,Sargo,1.08,A0022,Playa
CAP-2541,2024-08-16,C276,Dorada,2.34,A0022,Espigon
CAP-2542,2024-08-18,C276,Dorada,1.7,A0022,Espigon
CAP-2543,2024-08-16,C276,Dorada,2.8,A0022,Alta Mar
CAP-2544,2024-08-15,C287,Llampuga,4.46,A0028,Espigon
CAP-2545,2024-09-03,C287,Llampuga,4.47,A0028,Playa
CAP-2546,2024-03-11,C066,Sargo,1.04,A0021,Ria
CAP-2547,2024-04-12,C066,Herrera,0.47,A0021,Playa
CAP-2548,2024-03-27,C066,Sargo,0.45,A0021,Alta Mar
CAP-2549,2024-03-24,C066,Sargo,0.81,A0021,Ria
CAP-2550,2024-03-31,C066,Sargo,0.61,A0021,Playa
CAP-2551,2025-01-10,C109,Denton,4.24,A0033,Ria
CAP-2552,2025-01-23,C109,Denton,6.24,A0033,Playa
CAP-2553,2025-01-16,C089,Lubina,2.47,A0015,Alta Mar
CAP-2554,2024-07-04,C086,Bonito del Norte,13.18,A0028,Espigon
CAP-2555,2024-06-23,C086,Bonito del Norte,8.04,A0028,Alta Mar
CAP-2556,2024-01-24,C254,Serviola,0.7,A0032,Alta Mar
CAP-2557,2024-03-03,C254,Serviola,0.94,A0032,Playa
CAP-2558,2024-03-10,C254,Denton,5.45,A0032,Espigon
CAP-2559,2024-02-17,C072,Anjova,5.08,A0016,Espigon
CAP-2560,2024-02-08,C072,Lubina,1.36,A0016,Ria
CAP-2561,2024-02-08,C072,Baila,1.9,A0016,Alta Mar
CAP-2562,2024-03-31,C182,Pargo,1.38,A0030,Alta Mar
CAP-2563,2024-03-16,C182,San Pedro,2.15,A0030,Ria
CAP-2564,2024-07-23,C080,Mero,7.05,A0030,Ria
CAP-2565,2024-08-24,C104,Serviola,1.68,A0032,Alta Mar
CAP-2566,2025-01-07,C284,Denton,6.07,A0033,Ria
CAP-2567,2024-03-22,C167,Lubina,1.76,A0018,Espigon
CAP-2568,2024-10-22,C106,Gallineta,0.61,A0030,Espigon
CAP-2569,2024-11-23,C106,Sama,7.03,A0030,Ria
CAP-2570,2024-12-25,C101,Mero,12.89,A0032,Ria
CAP-2571,2025-01-25,C101,Denton,7.98,A0032,Alta Mar
CAP-2572,2025-01-31,C101,Mero,3.34,A0032,Ria
CAP-2573,2024-02-23,C277,Baila,1.28,A0010,Alta Mar
CAP-2574,2024-04-21,C173,Sama,6.41,A0031,Playa
CAP-2575,2024-04-25,C173,Gallineta,1.5,A0031,Alta Mar
CAP-2576,2024-12-14,C150,Serviola,1.58,A0033,Alta Mar
CAP-2577,2024-03-28,C152,Mabra,1.11,A0021,Ria
CAP-2578,2024-03-30,C152,Mabra,1.21,A0021,Alta Mar
CAP-2579,2024-04-03,C152,Herrera,0.44,A0021,Alta Mar
CAP-2580,2024-03-25,C152,Herrera,0.56,A0021,Alta Mar
CAP-2581,2024-06-10,C074,Denton,1.99,A0030,Espigon
CAP-2582,2024-07-12,C262,Mabra,0.7,A0021,Ria
CAP-2583,2024-07-11,C271,Cabrilla,0.94,A0031,Espigon
CAP-2584,2024-07-10,C271,Sama,9.74,A0031,Espigon
CAP-2585,2024-02-20,C052,Calamar,1.05,A0007,Playa
CAP-2586,2024-03-03,C052,Calamar,0.62,A0007,Espigon
CAP-2587,2024-03-04,C052,Calamar,1.39,A0007,Espigon
CAP-2588,2024-10-20,C149,Lubina,2.4,A0013,Alta Mar
CAP-2589,2024-10-29,C149,Espeton,1.32,A0013,Alta Mar
CAP-2590,2024-11-06,C149,Anjova,5.71,A0013,Alta Mar
CAP-2591,2024-11-23,C149,Lubina,0.73,A0013,Ria
CAP-2592,2024-07-19,C012,Anjova,2.25,A0015,Espigon
CAP-2593,2024-09-28,C291,Pargo,1.59,A0030,Playa
CAP-2594,2024-10-13,C291,Sama,3.7,A0030,Espigon
CAP-2595,2024-06-07,C263,Pargo,1.65,A0030,Playa
CAP-2596,2024-06-01,C263,Cabrilla,1.07,A0030,Espigon
CAP-2597,2024-10-11,C107,Bonito del Norte,14.71,A0027,Alta Mar
CAP-2598,2024-07-03,C041,Denton,6.46,A0032,Playa
CAP-2599,2024-07-07,C041,Serviola,1.39,A0032,Playa
CAP-2600,2024-08-17,C163,Llampuga,5.59,A0027,Playa
CAP-2601,2024-08-25,C163,Llampuga,9.95,A0027,Ria
CAP-2602,2024-06-27,C277,Jurel,1.28,A0013,Ria
CAP-2603,2024-07-08,C277,Baila,1.84,A0013,Alta Mar
CAP-2604,2024-03-26,C209,Lubina,2.48,A0011,Espigon
CAP-2605,2024-03-21,C209,Lubina,1.71,A0011,Ria
CAP-2606,2024-10-06,C285,Denton,2.89,A0032,Alta Mar
CAP-2607,2024-09-26,C285,Denton,1.88,A0032,Espigon
CAP-2608,2024-10-26,C285,Denton,3.85,A0032,Alta Mar
CAP-2609,2024-03-18,C228,Denton,3.46,A0031,Espigon
CAP-2610,2024-03-24,C228,Sama,7.47,A0031,Espigon
CAP-2611,2024-07-17,C208,Serviola,0.56,A0033,Espigon
CAP-2612,2024-09-04,C007,Denton,4.76,A0031,Playa
CAP-2613,2024-09-15,C007,Pargo,1.27,A0031,Espigon
CAP-2614,2024-06-04,C061,Serviola,0.73,A0032,Alta Mar
CAP-2615,2024-07-28,C299,Lubina,3.3,A0016,Espigon
CAP-2616,2024-08-06,C299,Anjova,2.95,A0016,Playa
CAP-2617,2024-12-24,C035,Pargo,1.59,A0030,Espigon
CAP-2618,2024-12-16,C035,Sama,4.3,A0030,Playa
CAP-2619,2024-07-27,C146,Bonito del Norte,12.41,A0026,Alta Mar
CAP-2620,2025-01-03,C104,Lubina,0.76,A0014,Alta Mar
CAP-2621,2024-12-19,C104,Jurel,1.69,A0014,Alta Mar
CAP-2622,2024-12-24,C104,Baila,0.92,A0014,Ria
CAP-2623,2024-04-22,C130,Espeton,1.25,A0011,Alta Mar
CAP-2624,2024-05-28,C130,Lubina,3.24,A0011,Playa
CAP-2625,2024-02-08,C268,Serviola,1.71,A0033,Ria
CAP-2626,2025-01-06,C062,San Pedro,1.06,A0030,Playa
CAP-2627,2025-01-09,C062,Cabrilla,1.18,A0030,Alta Mar
CAP-2628,2024-07-19,C219,Llampuga,4.81,A0026,Espigon
CAP-2629,2024-07-27,C219,Bacoreta,0.82,A0026,Playa
CAP-2630,2024-07-20,C219,Marlin Blanco,32.28,A0026,Espigon
CAP-2631,2024-11-12,C127,Sepia,1.68,A0004,Ria
CAP-2632,2024-11-26,C127,Sepia,1.09,A0004,Ria
CAP-2633,2024-11-11,C127,Calamar,0.36,A0004,Alta Mar
CAP-2634,2024-11-30,C127,Calamar,0.25,A0004,Ria
CAP-2635,2024-12-02,C127,Calamar,0.25,A0004,Ria
CAP-2636,2024-05-31,C075,Denton,6.94,A0032,Ria
CAP-2637,2024-02-10,C085,Pargo,1.15,A0030,Playa
CAP-2638,2024-01-30,C107,Herrera,0.22,A0022,Ria
CAP-2639,2024-02-27,C107,Sargo,1.08,A0022,Playa
CAP-2640,2024-03-01,C107,Dorada,0.67,A0022,Espigon
CAP-2641,2024-07-19,C139,Sama,2.78,A0030,Alta Mar
CAP-2642,2024-02-20,C011,Sargo,1.08,A0021,Ria
CAP-2643,2024-07-10,C007,San Pedro,2.16,A0030,Playa
CAP-2644,2025-01-23,C135,Calamar,0.23,A0002,Espigon
CAP-2645,2025-01-04,C135,Calamar,0.54,A0002,Ria
CAP-2646,2025-01-24,C135,Calamar,1.14,A0002,Playa
CAP-2647,2025-02-07,C135,Calamar,0.95,A0002,Espigon
CAP-2648,2024-01-08,C049,Calamar,0.94,A0006,Alta Mar
CAP-2649,2024-06-09,C101,Denton,4.53,A0032,Alta Mar
CAP-2650,2024-07-06,C001,Jurel,1.01,A0014,Playa
CAP-2651,2024-02-06,C154,Mero,10.05,A0032,Ria
CAP-2652,2024-04-09,C031,Cabrilla,0.75,A0030,Espigon
CAP-2653,2024-04-12,C031,Gallineta,1.4,A0030,Espigon
CAP-2654,2024-03-14,C032,Herrera,0.3,A0021,Espigon
CAP-2655,2024-03-13,C032,Herrera,0.68,A0021,Ria
CAP-2656,2024-03-17,C032,Herrera,0.29,A0021,Playa
CAP-2657,2024-04-09,C032,Sargo,0.86,A0021,Ria
CAP-2658,2024-04-16,C032,Sargo,0.84,A0021,Espigon
CAP-2659,2024-07-01,C196,Llampuga,8.22,A0027,Alta Mar
CAP-2660,2024-07-19,C196,Bacoreta,1.66,A0027,Alta Mar
CAP-2661,2024-08-09,C196,Bonito del Norte,10.22,A0027,Alta Mar
CAP-2662,2024-07-26,C196,Bacoreta,1.66,A0027,Playa
CAP-2663,2024-09-05,C266,Jurel,0.7,A0014,Ria
CAP-2664,2024-10-02,C266,Lubina,3.63,A0014,Ria
CAP-2665,2024-10-08,C266,Lubina,3.73,A0014,Playa
CAP-2666,2024-12-23,C195,Lubina,2.35,A0013,Espigon
CAP-2667,2024-12-29,C195,Lubina,0.76,A0013,Playa
CAP-2668,2025-01-06,C195,Jurel,1.94,A0013,Espigon
CAP-2669,2024-05-26,C198,Denton,3.63,A0032,Playa
CAP-2670,2024-06-27,C198,Denton,7.0,A0032,Alta Mar
CAP-2671,2024-10-11,C244,Cabrilla,1.25,A0030,Espigon
CAP-2672,2024-10-12,C244,Pargo,1.39,A0030,Playa
CAP-2673,2024-10-15,C244,Denton,6.18,A0030,Ria
CAP-2674,2024-06-29,C190,Anjova,6.53,A0018,Alta Mar
CAP-2675,2024-04-04,C136,Denton,3.09,A0033,Alta Mar
CAP-2676,2024-04-19,C098,Anjova,3.14,A0013,Ria
CAP-2677,2024-04-16,C098,Espeton,1.04,A0013,Espigon
CAP-2678,2024-05-18,C059,Corvina,8.66,A0022,Espigon
CAP-2679,2024-05-16,C059,Corvina,2.74,A0022,Playa
CAP-2680,2024-05-31,C059,Mabra,0.79,A0022,Playa
CAP-2681,2024-06-10,C059,Mabra,1.77,A0022,Playa
CAP-2682,2024-06-06,C059,Mabra,1.51,A0022,Ria
CAP-2683,2024-06-13,C059,Sargo,0.21,A0022,Alta Mar
CAP-2684,2024-07-04,C059,Lubina,3.85,A0022,Alta Mar
CAP-2685,2024-07-01,C059,Lubina,2.1,A0022,Alta Mar
CAP-2686,2024-04-16,C109,Mero,14.47,A0032,Ria
CAP-2687,2024-12-21,C108,Denton,3.16,A0031,Alta Mar
CAP-2688,2025-01-18,C108,San Pedro,1.52,A0031,Espigon
CAP-2689,2024-10-23,C021,Denton,6.82,A0033,Espigon
CAP-2690,2024-07-25,C068,Serviola,1.38,A0032,Playa
CAP-2691,2024-08-11,C068,Serviola,1.83,A0032,Playa
CAP-2692,2024-07-23,C091,Serviola,1.25,A0033,Ria
CAP-2693,2024-07-26,C091,Mero,13.79,A0033,Playa
CAP-2694,2025-01-05,C147,Pargo,1.8,A0031,Playa
CAP-2695,2025-01-11,C147,Cabrilla,0.76,A0031,Alta Mar
CAP-2696,2025-01-14,C147,Pargo,0.77,A0031,Ria
CAP-2697,2025-02-08,C147,Cabrilla,1.74,A0031,Alta Mar
CAP-2698,2025-02-03,C147,Sama,8.67,A0031,Ria
CAP-2699,2024-09-12,C253,Bonito del Norte,4.04,A0026,Alta Mar
CAP-2700,2024-09-05,C253,Bonito del Norte,9.32,A0026,Espigon
CAP-2701,2024-09-07,C253,Bonito del Norte,13.41,A0026,Alta Mar
CAP-2702,2024-09-12,C253,Bacoreta,1.48,A0026,Ria
CAP-2703,2024-09-25,C253,Melva,1.18,A0026,Alta Mar
CAP-2704,2024-03-11,C143,Herrera,0.28,A0022,Espigon
CAP-2705,2024-04-06,C143,Herrera,0.65,A0022,Espigon
CAP-2706,2024-04-12,C143,Dorada,1.51,A0022,Ria
CAP-2707,2024-08-22,C073,Sargo,0.77,A0022,Alta Mar
CAP-2708,2024-09-15,C073,Sargo,0.94,A0022,Alta Mar
CAP-2709,2024-09-15,C073,Herrera,0.53,A0022,Ria
CAP-2710,2024-04-28,C168,Anjova,6.9,A0013,Espigon
CAP-2711,2024-05-12,C168,Anjova,6.41,A0013,Ria
CAP-2712,2024-05-23,C168,Jurel,1.2,A0013,Playa
CAP-2713,2024-11-18,C237,Calamar,1.14,A0004,Alta Mar
CAP-2714,2024-10-24,C237,Calamar,0.66,A0004,Ria
CAP-2715,2024-11-15,C237,Calamar,1.39,A0004,Espigon
CAP-2716,2024-10-29,C237,Calamar,1.07,A0004,Ria
CAP-2717,2024-04-12,C257,Sama,5.44,A0031,Ria
CAP-2718,2024-03-18,C057,Sepia,0.86,A0004,Playa
CAP-2719,2024-07-16,C253,Bonito del Norte,13.33,A0026,Alta Mar
CAP-2720,2024-08-03,C253,Llampuga,9.89,A0026,Alta Mar
CAP-2721,2024-08-18,C253,Llampuga,2.46,A0026,Espigon
CAP-2722,2024-08-16,C253,Llampuga,5.94,A0026,Playa
CAP-2723,2024-08-21,C253,Llampuga,8.49,A0026,Playa
CAP-2724,2024-06-19,C067,Anjova,2.33,A0017,Playa
CAP-2725,2024-07-18,C067,Jurel,0.82,A0017,Espigon
CAP-2726,2024-07-27,C067,Palometon,13.38,A0017,Playa
CAP-2727,2024-12-10,C133,Denton,7.65,A0032,Playa
CAP-2728,2025-01-06,C133,Serviola,0.58,A0032,Alta Mar
CAP-2729,2024-12-04,C036,Sama,5.85,A0031,Ria
CAP-2730,2024-09-13,C048,Jurel,1.85,A0017,Ria
CAP-2731,2024-02-01,C012,Serviola,0.61,A0033,Playa
CAP-2732,2024-12-25,C237,Calamar,1.01,A0002,Ria
CAP-2733,2024-09-22,C065,Melva,0.61,A0028,Ria
CAP-2734,2024-09-05,C065,Llampuga,7.21,A0028,Ria
CAP-2735,2024-10-02,C065,Bacoreta,1.92,A0028,Ria
CAP-2736,2024-03-08,C217,Espeton,1.04,A0018,Alta Mar
CAP-2737,2024-12-20,C206,Sepia,1.69,A0004,Alta Mar
CAP-2738,2024-12-14,C206,Sepia,1.52,A0004,Ria
CAP-2739,2024-12-24,C206,Sepia,1.44,A0004,Alta Mar
CAP-2740,2024-12-15,C206,Sepia,1.49,A0004,Ria
CAP-2741,2024-08-04,C073,Dorada,0.98,A0022,Espigon
CAP-2742,2024-08-17,C073,Mabra,0.96,A0022,Ria
CAP-2743,2024-08-17,C073,Mabra,1.55,A0022,Espigon
CAP-2744,2025-01-02,C248,Sepia,1.81,A0006,Espigon
CAP-2745,2024-12-15,C248,Sepia,1.3,A0006,Ria
CAP-2746,2024-12-23,C028,Calamar,1.42,A0007,Espigon
CAP-2747,2024-09-02,C136,Llampuga,2.22,A0027,Playa
CAP-2748,2024-09-18,C136,Bonito del Norte,8.13,A0027,Playa
CAP-2749,2024-02-24,C240,Sama,3.18,A0030,Espigon
CAP-2750,2024-03-06,C240,Pargo,1.55,A0030,Alta Mar
CAP-2751,2024-03-18,C240,Gallineta,0.66,A0030,Ria
CAP-2752,2024-01-31,C064,Sepia,1.04,A0005,Alta Mar
CAP-2753,2024-10-25,C102,Mero,8.7,A0030,Alta Mar
CAP-2754,2024-11-04,C102,San Pedro,1.33,A0030,Espigon
CAP-2755,2024-11-09,C102,Denton,2.25,A0030,Playa
CAP-2756,2024-02-10,C254,Serviola,1.22,A0033,Espigon
CAP-2757,2024-02-26,C254,Denton,6.17,A0033,Ria
CAP-2758,2024-04-17,C080,Cabrilla,1.58,A0031,Ria
CAP-2759,2024-04-04,C080,Sama,2.91,A0031,Espigon
CAP-2760,2024-09-05,C130,Baila,1.42,A0010,Espigon
CAP-2761,2024-09-18,C130,Palometon,10.01,A0010,Playa
CAP-2762,2024-11-02,C173,Denton,1.72,A0030,Espigon
CAP-2763,2024-08-17,C076,Serviola,0.7,A0033,Espigon
CAP-2764,2024-10-13,C215,Pulpo,2.52,A0004,Alta Mar
CAP-2765,2024-11-04,C215,Sepia,0.33,A0004,Ria
CAP-2766,2024-12-17,C228,Jurel,0.93,A0010,Playa
CAP-2767,2025-02-01,C228,Jurel,1.19,A0010,Alta Mar
CAP-2768,2024-02-14,C117,Calamar,0.49,A0007,Alta Mar
CAP-2769,2024-02-23,C117,Calamar,0.91,A0007,Playa
CAP-2770,2024-05-01,C112,Pargo,0.72,A0031,Ria
CAP-2771,2024-05-05,C112,Pargo,0.78,A0031,Playa
CAP-2772,2024-07-21,C116,Llampuga,3.32,A0026,Espigon
CAP-2773,2024-03-15,C261,Cabrilla,1.05,A0031,Espigon
CAP-2774,2024-02-26,C261,Gallineta,0.99,A0031,Espigon
CAP-2775,2024-04-02,C261,Cabrilla,1.4,A0031,Alta Mar
CAP-2776,2024-03-03,C064,Pulpo,1.78,A0001,Ria
CAP-2777,2024-02-18,C064,Pulpo,4.91,A0001,Ria
CAP-2778,2024-03-02,C064,Sepia,0.4,A0001,Ria
CAP-2779,2024-03-11,C064,Pulpo,2.89,A0001,Playa
CAP-2780,2024-03-03,C064,Calamar,0.4,A0001,Ria
CAP-2781,2024-03-12,C064,Calamar,0.3,A0001,Espigon
CAP-2782,2024-02-10,C187,Pulpo,4.13,A0001,Ria
CAP-2783,2024-02-08,C187,Pulpo,1.23,A0001,Alta Mar
CAP-2784,2024-02-02,C187,Pulpo,1.07,A0001,Ria
CAP-2785,2024-02-23,C187,Sepia,1.63,A0001,Espigon
CAP-2786,2024-06-03,C098,Lubina,2.76,A0013,Espigon
CAP-2787,2024-05-30,C098,Palometon,6.17,A0013,Espigon
CAP-2788,2024-11-04,C218,Calamar,0.3,A0006,Ria
CAP-2789,2024-04-25,C278,Cabrilla,1.85,A0031,Alta Mar
CAP-2790,2024-04-07,C278,San Pedro,0.61,A0031,Alta Mar
CAP-2791,2024-05-10,C278,Sama,4.6,A0031,Alta Mar
CAP-2792,2024-05-10,C278,Cabrilla,0.93,A0031,Alta Mar
CAP-2793,2024-09-14,C006,Lubina,1.23,A0022,Alta Mar
CAP-2794,2024-09-18,C006,Herrera,0.27,A0022,Alta Mar
CAP-2795,2024-08-19,C140,Llampuga,3.25,A0027,Espigon
CAP-2796,2024-10-27,C002,Sepia,0.69,A0005,Ria
CAP-2797,2024-12-21,C223,Serviola,1.76,A0032,Playa
CAP-2798,2024-12-21,C223,Serviola,1.24,A0032,Alta Mar
CAP-2799,2024-04-24,C211,Jurel,0.86,A0017,Espigon
CAP-2800,2024-05-18,C211,Jurel,1.98,A0017,Espigon
CAP-2801,2024-08-10,C224,Sargo,0.41,A0021,Ria
CAP-2802,2024-08-07,C224,Sargo,0.71,A0021,Playa
CAP-2803,2024-08-21,C224,Sargo,0.56,A0021,Alta Mar
CAP-2804,2024-02-20,C014,Calamar,1.5,A0006,Playa
CAP-2805,2024-03-14,C014,Calamar,0.53,A0006,Alta Mar
CAP-2806,2024-09-30,C012,Bonito del Norte,6.15,A0028,Alta Mar
CAP-2807,2024-09-30,C012,Bacoreta,0.5,A0028,Alta Mar
CAP-2808,2024-02-06,C256,San Pedro,1.96,A0030,Ria
CAP-2809,2024-02-26,C256,San Pedro,0.53,A0030,Ria
CAP-2810,2024-07-10,C164,Denton,5.81,A0032,Playa
CAP-2811,2024-11-10,C103,Denton,6.78,A0031,Espigon
CAP-2812,2024-07-22,C244,Sama,8.16,A0031,Ria
CAP-2813,2024-08-03,C244,Sama,6.19,A0031,Ria
CAP-2814,2024-08-19,C244,Sama,6.86,A0031,Ria
CAP-2815,2024-02-27,C128,Calamar,0.55,A0007,Espigon
CAP-2816,2024-11-28,C066,Calamar,0.65,A0005,Ria
CAP-2817,2024-11-17,C066,Calamar,1.36,A0005,Alta Mar
CAP-2818,2024-11-20,C066,Calamar,0.92,A0005,Playa
CAP-2819,2024-08-16,C286,Cabrilla,0.74,A0030,Playa
CAP-2820,2024-08-01,C075,Llampuga,3.93,A0027,Playa
CAP-2821,2024-08-09,C075,Llampuga,7.95,A0027,Ria
CAP-2822,2024-11-23,C049,Calamar,0.59,A0001,Espigon
CAP-2823,2024-11-08,C049,Calamar,0.58,A0001,Playa
CAP-2824,2024-11-12,C049,Sepia,1.27,A0001,Espigon
CAP-2825,2024-11-14,C049,Calamar,0.51,A0001,Alta Mar
CAP-2826,2025-01-13,C089,Calamar,0.33,A0004,Espigon
CAP-2827,2024-08-28,C080,Cabrilla,1.95,A0030,Alta Mar
CAP-2828,2024-08-24,C080,Sama,6.66,A0030,Playa
CAP-2829,2024-08-25,C080,Sama,6.73,A0030,Ria
CAP-2830,2024-08-31,C080,Cabrilla,1.18,A0030,Espigon
CAP-2831,2024-09-24,C080,Cabrilla,1.65,A0030,Alta Mar
CAP-2832,2024-03-10,C204,Espeton,0.67,A0016,Alta Mar
CAP-2833,2024-02-26,C204,Baila,0.53,A0016,Alta Mar
CAP-2834,2024-07-08,C133,Bacoreta,1.57,A0027,Espigon
CAP-2835,2024-07-06,C133,Llampuga,7.72,A0027,Playa
CAP-2836,2024-07-24,C133,Bonito del Norte,10.49,A0027,Ria
CAP-2837,2024-09-20,C227,Serviola,1.9,A0032,Playa
CAP-2838,2024-10-10,C227,Mero,6.74,A0032,Ria
CAP-2839,2024-10-09,C227,Mero,6.78,A0032,Alta Mar
CAP-2840,2024-04-24,C072,Jurel,1.97,A0015,Ria
CAP-2841,2024-05-01,C072,Baila,0.81,A0015,Espigon
CAP-2842,2024-12-15,C194,Mabra,1.63,A0022,Ria
CAP-2843,2024-12-18,C194,Mabra,1.45,A0022,Espigon
CAP-2844,2024-12-03,C194,Mabra,1.49,A0022,Playa
CAP-2845,2024-12-25,C194,Herrera,0.64,A0022,Espigon
CAP-2846,2024-12-19,C194,Sargo,0.49,A0022,Playa
CAP-2847,2024-12-29,C194,Dorada,1.68,A0022,Alta Mar
CAP-2848,2025-01-01,C194,Herrera,0.73,A0022,Alta Mar
CAP-2849,2025-01-07,C194,Herrera,0.55,A0022,Espigon
CAP-2850,2024-02-07,C094,Sepia,1.51,A0007,Espigon
CAP-2851,2024-01-25,C094,Sepia,0.35,A0007,Alta Mar
CAP-2852,2024-08-07,C269,Denton,5.89,A0032,Ria
CAP-2853,2024-03-06,C130,Calamar,1.14,A0006,Alta Mar
CAP-2854,2024-03-14,C130,Calamar,0.84,A0006,Espigon
CAP-2855,2024-03-21,C130,Calamar,0.48,A0006,Playa
CAP-2856,2024-07-13,C157,Mero,4.8,A0030,Ria
CAP-2857,2024-07-09,C157,Cabrilla,0.79,A0030,Ria
CAP-2858,2024-02-09,C300,Sargo,0.34,A0021,Playa
CAP-2859,2024-01-20,C300,Sargo,0.49,A0021,Ria
CAP-2860,2024-01-28,C300,Sargo,0.87,A0021,Ria
CAP-2861,2024-02-16,C300,Sargo,1.06,A0021,Alta Mar
CAP-2862,2024-01-20,C032,Dorada,1.83,A0021,Playa
CAP-2863,2024-01-30,C032,Mabra,1.08,A0021,Alta Mar
CAP-2864,2024-05-23,C102,Cabrilla,1.95,A0030,Playa
CAP-2865,2024-06-15,C116,Marlin Blanco,45.21,A0026,Alta Mar
CAP-2866,2024-06-30,C116,Llampuga,7.44,A0026,Playa
CAP-2867,2024-01-11,C088,Denton,4.41,A0033,Alta Mar
CAP-2868,2024-02-06,C088,Denton,4.96,A0033,Espigon
CAP-2869,2024-03-30,C101,Mero,12.86,A0032,Alta Mar
CAP-2870,2024-10-08,C074,Gallineta,1.34,A0031,Playa
CAP-2871,2024-10-27,C074,Sama,9.45,A0031,Alta Mar
CAP-2872,2024-06-08,C088,Serviola,1.29,A0032,Ria
CAP-2873,2024-06-13,C088,Serviola,1.65,A0032,Playa
CAP-2874,2024-06-02,C088,Denton,7.22,A0032,Ria
CAP-2875,2024-06-24,C088,Serviola,1.75,A0032,Espigon
CAP-2876,2024-08-24,C040,Bonito del Norte,12.71,A0028,Espigon
CAP-2877,2024-09-10,C040,Bacoreta,1.58,A0028,Alta Mar
CAP-2878,2024-09-27,C203,Anjova,5.06,A0011,Playa
CAP-2879,2024-10-21,C203,Lubina,2.22,A0011,Alta Mar
CAP-2880,2024-10-22,C203,Lubina,3.74,A0011,Playa
CAP-2881,2024-11-18,C203,Lubina,1.33,A0011,Playa
CAP-2882,2024-07-09,C179,Bacoreta,1.03,A0026,Alta Mar
CAP-2883,2024-01-28,C231,Calamar,0.68,A0002,Ria
CAP-2884,2024-02-02,C231,Calamar,0.96,A0002,Espigon
CAP-2885,2024-02-03,C231,Sepia,0.35,A0002,Playa
CAP-2886,2024-01-28,C231,Sepia,1.01,A0002,Playa
CAP-2887,2024-02-05,C231,Calamar,1.42,A0002,Playa
CAP-2888,2024-02-22,C231,Calamar,1.33,A0002,Ria
CAP-2889,2024-11-25,C173,Denton,6.48,A0030,Espigon
CAP-2890,2024-12-05,C057,Calamar,0.47,A0004,Playa
CAP-2891,2024-12-08,C057,Calamar,0.66,A0004,Ria
CAP-2892,2024-12-05,C057,Calamar,0.77,A0004,Espigon
CAP-2893,2025-01-01,C057,Sepia,0.5,A0004,Ria
CAP-2894,2024-10-20,C161,Pargo,0.74,A0031,Playa
CAP-2895,2024-10-14,C276,Herrera,0.79,A0022,Alta Mar
CAP-2896,2024-10-07,C276,Dorada,1.55,A0022,Alta Mar
CAP-2897,2024-11-05,C276,Herrera,0.47,A0022,Espigon
CAP-2898,2024-09-14,C208,Denton,3.18,A0032,Alta Mar
CAP-2899,2024-09-24,C208,Denton,6.11,A0032,Playa
CAP-2900,2024-10-10,C172,Denton,2.55,A0033,Playa
CAP-2901,2024-10-13,C172,Serviola,0.82,A0033,Playa
CAP-2902,2024-11-01,C172,Denton,2.94,A0033,Alta Mar
CAP-2903,2024-08-17,C188,Bonito del Norte,14.97,A0027,Espigon
CAP-2904,2024-08-16,C188,Llampuga,6.49,A0027,Espigon
CAP-2905,2024-11-30,C008,Sargo,1.13,A0021,Ria
CAP-2906,2024-12-03,C008,Sargo,0.82,A0021,Alta Mar
CAP-2907,2024-09-08,C253,Bonito del Norte,8.57,A0027,Ria
CAP-2908,2025-01-14,C072,Calamar,1.4,A0005,Playa
CAP-2909,2025-01-13,C072,Sepia,0.32,A0005,Playa
CAP-2910,2024-07-16,C161,Sama,9.49,A0031,Ria
CAP-2911,2024-12-22,C144,Sepia,1.47,A0001,Playa
CAP-2912,2025-01-18,C144,Sepia,0.58,A0001,Playa
CAP-2913,2024-12-27,C144,Calamar,1.37,A0001,Ria
CAP-2914,2024-07-02,C198,Serviola,1.43,A0032,Alta Mar
CAP-2915,2024-02-11,C085,Cabrilla,0.93,A0030,Ria
CAP-2916,2024-02-03,C085,Sama,8.56,A0030,Espigon
CAP-2917,2024-08-24,C079,Anjova,4.24,A0014,Espigon
CAP-2918,2024-08-21,C079,Lubina,1.67,A0014,Espigon
CAP-2919,2024-08-26,C079,Anjova,3.93,A0014,Espigon
CAP-2920,2024-07-08,C282,Bonito del Norte,12.24,A0028,Alta Mar
CAP-2921,2024-07-06,C195,Herrera,0.45,A0022,Playa
CAP-2922,2024-07-22,C195,Herrera,0.33,A0022,Alta Mar
CAP-2923,2024-08-07,C195,Lubina,3.6,A0022,Espigon
CAP-2924,2024-07-28,C195,Lubina,2.94,A0022,Alta Mar
CAP-2925,2024-02-25,C074,Cabrilla,0.7,A0030,Ria
CAP-2926,2024-02-17,C074,Cabrilla,1.67,A0030,Playa
CAP-2927,2024-10-20,C117,Calamar,0.75,A0006,Alta Mar
CAP-2928,2024-03-26,C266,Lubina,0.94,A0014,Alta Mar
CAP-2929,2024-03-25,C266,Serviola,0.94,A0014,Espigon
CAP-2930,2024-04-25,C266,Baila,1.28,A0014,Alta Mar
CAP-2931,2024-04-25,C266,Baila,1.45,A0014,Playa
CAP-2932,2024-03-03,C222,Serviola,0.99,A0033,Espigon
CAP-2933,2024-02-21,C222,Denton,7.72,A0033,Ria
CAP-2934,2024-02-07,C158,Denton,7.45,A0033,Alta Mar
CAP-2935,2024-02-12,C158,Serviola,1.12,A0033,Espigon
CAP-2936,2024-06-14,C080,Pargo,1.86,A0031,Ria
CAP-2937,2024-07-13,C080,Cabrilla,1.55,A0031,Alta Mar
CAP-2938,2024-12-15,C044,Espeton,1.45,A0018,Playa
CAP-2939,2024-12-23,C044,Espeton,0.7,A0018,Ria
CAP-2940,2025-01-04,C044,Palometon,14.59,A0018,Playa
CAP-2941,2024-05-23,C074,Denton,7.93,A0031,Playa
CAP-2942,2024-01-12,C163,Herrera,0.26,A0022,Espigon
CAP-2943,2024-02-07,C163,Sargo,0.97,A0022,Alta Mar
CAP-2944,2024-02-16,C136,Mero,10.15,A0033,Playa
CAP-2945,2024-02-27,C136,Denton,4.9,A0033,Ria
CAP-2946,2024-03-27,C136,Serviola,0.88,A0033,Playa
CAP-2947,2024-12-29,C057,Baila,0.86,A0012,Ria
CAP-2948,2024-11-07,C112,Calamar,1.46,A0007,Espigon
CAP-2949,2024-11-27,C112,Calamar,1.12,A0007,Espigon
CAP-2950,2025-01-03,C126,Anjova,6.5,A0010,Ria
CAP-2951,2024-07-18,C102,Cabrilla,1.98,A0030,Ria
CAP-2952,2024-07-15,C102,Pargo,0.52,A0030,Playa
CAP-2953,2024-08-01,C102,Pargo,0.98,A0030,Playa
CAP-2954,2024-08-19,C102,Sama,4.57,A0030,Alta Mar
CAP-2955,2024-11-15,C206,Calamar,0.39,A0003,Playa
CAP-2956,2024-10-20,C204,Sepia,0.4,A0002,Alta Mar
CAP-2957,2024-11-22,C204,Calamar,0.55,A0002,Playa
CAP-2958,2025-01-24,C259,Sepia,0.58,A0001,Alta Mar
CAP-2959,2025-01-20,C259,Calamar,0.24,A0001,Playa
CAP-2960,2025-01-08,C259,Calamar,0.93,A0001,Playa
CAP-2961,2025-01-26,C259,Calamar,0.55,A0001,Playa
CAP-2962,2024-09-06,C220,Denton,1.56,A0032,Ria
CAP-2963,2024-09-27,C187,Llampuga,2.02,A0027,Espigon
CAP-2964,2024-09-23,C187,Llampuga,6.79,A0027,Alta Mar
CAP-2965,2024-09-19,C187,Bonito del Norte,6.16,A0027,Playa
CAP-2966,2024-07-19,C074,Llampuga,5.01,A0027,Playa
CAP-2967,2024-10-22,C286,Sama,3.42,A0030,Alta Mar
CAP-2968,2024-11-04,C286,Cabrilla,0.56,A0030,Alta Mar
CAP-2969,2024-11-29,C286,Denton,4.34,A0030,Alta Mar
CAP-2970,2024-04-19,C182,Pargo,0.79,A0030,Espigon
CAP-2971,2024-09-01,C226,Lubina,0.86,A0012,Playa
CAP-2972,2024-09-16,C002,Bonito del Norte,8.67,A0028,Alta Mar
CAP-2973,2024-10-05,C002,Bonito del Norte,6.98,A0028,Ria
CAP-2974,2024-02-12,C202,Sepia,0.47,A0005,Playa
CAP-2975,2024-01-25,C202,Sepia,1.38,A0005,Alta Mar
CAP-2976,2024-10-13,C174,Denton,3.01,A0033,Ria
CAP-2977,2024-11-06,C174,Denton,3.02,A0033,Ria
CAP-2978,2024-02-07,C009,Denton,7.5,A0033,Espigon
CAP-2979,2024-02-25,C009,Denton,5.0,A0033,Alta Mar
CAP-2980,2024-03-14,C009,Mero,4.18,A0033,Playa
CAP-2981,2024-04-13,C286,Sama,8.43,A0031,Ria
CAP-2982,2024-12-14,C220,Serviola,0.71,A0033,Playa
CAP-2983,2024-12-22,C005,Denton,5.71,A0033,Ria
CAP-2984,2024-12-04,C005,Serviola,0.83,A0033,Espigon
CAP-2985,2024-03-31,C226,Espeton,1.12,A0012,Playa
CAP-2986,2024-06-14,C198,Serviola,0.78,A0032,Espigon
CAP-2987,2024-06-20,C198,Serviola,1.62,A0032,Espigon
CAP-2988,2024-07-20,C198,Serviola,0.56,A0032,Ria
CAP-2989,2024-07-27,C198,Serviola,0.64,A0032,Espigon
CAP-2990,2024-08-06,C085,Pargo,1.02,A0031,Ria
CAP-2991,2024-08-22,C085,Pargo,0.97,A0031,Espigon
CAP-2992,2024-05-15,C225,San Pedro,1.29,A0031,Alta Mar
CAP-2993,2024-07-26,C084,Herrera,0.55,A0021,Playa
CAP-2994,2024-08-05,C084,Herrera,0.37,A0021,Ria
CAP-2995,2024-08-16,C084,Herrera,0.77,A0021,Alta Mar
CAP-2996,2024-08-17,C084,Herrera,0.23,A0021,Playa
CAP-2997,2024-08-16,C084,Dorada,0.35,A0021,Playa
CAP-2998,2024-08-29,C084,Dorada,0.46,A0021,Alta Mar
CAP-2999,2024-09-25,C154,Mero,13.94,A0033,Espigon
CAP-3000,2024-10-11,C154,Denton,7.27,A0033,Espigon
CAP-3001,2025-01-11,C094,Sepia,1.52,A0003,Alta Mar
CAP-3002,2025-01-28,C094,Pulpo,4.65,A0003,Playa
CAP-3003,2025-02-05,C094,Sepia,0.9,A0003,Playa
CAP-3004,2025-01-30,C094,Pulpo,4.81,A0003,Espigon
CAP-3005,2025-02-22,C094,Pulpo,4.14,A0003,Espigon
CAP-3006,2024-11-08,C153,Sepia,0.95,A0006,Playa
CAP-3007,2024-08-26,C071,Llampuga,4.17,A0028,Espigon
CAP-3008,2024-08-22,C071,Bonito del Norte,10.09,A0028,Playa
CAP-3009,2024-08-30,C071,Melva,1.43,A0028,Playa
CAP-3010,2024-09-05,C071,Bonito del Norte,14.53,A0028,Playa
CAP-3011,2024-01-19,C229,Pulpo,1.16,A0005,Ria
CAP-3012,2024-01-14,C229,Pulpo,1.6,A0005,Ria
CAP-3013,2024-10-31,C044,Anjova,4.0,A0011,Playa
CAP-3014,2024-11-03,C044,Anjova,5.89,A0011,Ria
CAP-3015,2024-07-29,C193,Bonito del Norte,8.29,A0028,Espigon
CAP-3016,2024-07-21,C193,Llampuga,7.77,A0028,Espigon
CAP-3017,2024-03-23,C025,San Pedro,1.69,A0030,Espigon
CAP-3018,2024-04-02,C025,Pargo,1.58,A0030,Alta Mar
CAP-3019,2024-10-20,C074,Cabrilla,1.77,A0030,Playa
CAP-3020,2024-03-24,C046,Calamar,0.65,A0002,Ria
CAP-3021,2024-03-07,C046,Calamar,1.13,A0002,Espigon
CAP-3022,2024-11-04,C036,Denton,5.09,A0031,Alta Mar
CAP-3023,2024-12-06,C036,Pargo,0.68,A0031,Espigon
CAP-3024,2024-05-23,C136,Serviola,1.87,A0032,Ria
CAP-3025,2024-07-07,C136,Denton,2.81,A0032,Alta Mar
CAP-3026,2024-07-31,C031,Cabrilla,0.65,A0030,Espigon
CAP-3027,2024-07-12,C031,San Pedro,1.43,A0030,Espigon
CAP-3028,2024-03-25,C111,Anjova,4.0,A0018,Playa
CAP-3029,2024-03-18,C111,Lubina,1.64,A0018,Espigon
CAP-3030,2024-03-21,C155,Serviola,0.95,A0032,Espigon
CAP-3031,2024-04-08,C155,Denton,5.69,A0032,Alta Mar
CAP-3032,2024-04-09,C155,Denton,1.71,A0032,Playa
CAP-3033,2024-07-01,C007,Sama,7.84,A0031,Alta Mar
CAP-3034,2024-07-10,C007,Denton,3.59,A0031,Alta Mar
CAP-3035,2024-07-17,C007,Pargo,0.93,A0031,Espigon
CAP-3036,2024-12-14,C137,Mabra,0.83,A0021,Alta Mar
CAP-3037,2024-11-22,C137,Mabra,1.57,A0021,Alta Mar
CAP-3038,2024-11-23,C137,Mabra,1.33,A0021,Espigon
CAP-3039,2024-12-30,C080,Sama,5.79,A0030,Playa
CAP-3040,2025-01-07,C080,Cabrilla,1.27,A0030,Alta Mar
CAP-3041,2025-01-29,C143,Anjova,6.09,A0011,Ria
CAP-3042,2025-01-22,C143,Espeton,0.71,A0011,Espigon
CAP-3043,2024-10-06,C199,Llampuga,5.25,A0028,Playa
CAP-3044,2024-08-29,C135,Bonito del Norte,5.95,A0028,Espigon
CAP-3045,2024-08-25,C135,Bonito del Norte,7.62,A0028,Ria
CAP-3046,2024-09-13,C135,Bonito del Norte,4.69,A0028,Ria
CAP-3047,2024-08-23,C239,Llampuga,9.99,A0027,Ria
CAP-3048,2024-08-29,C239,Llampuga,9.79,A0027,Alta Mar
CAP-3049,2024-02-10,C250,Cabrilla,1.55,A0030,Espigon
CAP-3050,2025-01-05,C078,Baila,1.12,A0012,Playa
CAP-3051,2025-01-01,C078,Serviola,0.73,A0012,Playa
CAP-3052,2025-01-09,C078,Anjova,2.69,A0012,Alta Mar
CAP-3053,2024-12-30,C078,Jurel,1.66,A0012,Playa
CAP-3054,2024-11-22,C013,Sargo,0.85,A0021,Alta Mar
CAP-3055,2024-12-05,C013,Sargo,1.15,A0021,Playa
CAP-3056,2024-05-21,C216,Rodaballo,1.52,A0021,Espigon
CAP-3057,2024-05-30,C216,Rodaballo,1.66,A0021,Espigon
CAP-3058,2024-05-08,C216,Rodaballo,1.25,A0021,Ria
CAP-3059,2024-12-26,C160,Sargo,0.48,A0021,Playa
CAP-3060,2024-12-31,C160,Sargo,1.15,A0021,Espigon
CAP-3061,2024-12-26,C160,Lubina,0.94,A0021,Ria
CAP-3062,2024-12-08,C138,Sargo,0.5,A0022,Playa
CAP-3063,2024-12-04,C138,Sargo,0.4,A0022,Playa
CAP-3064,2024-11-20,C138,Sargo,1.08,A0022,Espigon
CAP-3065,2024-12-01,C138,Sargo,0.51,A0022,Alta Mar
CAP-3066,2024-12-16,C138,Herrera,0.48,A0022,Espigon
CAP-3067,2024-12-21,C138,Herrera,0.39,A0022,Ria
CAP-3068,2024-07-02,C173,San Pedro,1.59,A0030,Playa
CAP-3069,2024-07-17,C173,Pargo,0.99,A0030,Espigon
CAP-3070,2024-10-29,C213,Sepia,0.62,A0004,Ria
CAP-3071,2024-11-12,C213,Sepia,1.31,A0004,Espigon
CAP-3072,2024-06-14,C021,Mero,10.24,A0033,Alta Mar
CAP-3073,2024-06-13,C021,Serviola,0.95,A0033,Alta Mar
CAP-3074,2024-06-25,C021,Denton,5.98,A0033,Playa
CAP-3075,2024-06-13,C021,Mero,12.59,A0033,Alta Mar
CAP-3076,2024-09-02,C019,Bonito del Norte,10.04,A0027,Espigon
CAP-3077,2024-09-16,C019,Bonito del Norte,6.71,A0027,Alta Mar
CAP-3078,2024-09-14,C019,Llampuga,9.51,A0027,Ria
CAP-3079,2024-07-21,C131,Serviola,0.89,A0032,Espigon
CAP-3080,2024-12-04,C164,Espeton,1.22,A0013,Alta Mar
CAP-3081,2024-12-09,C164,Espeton,1.72,A0013,Playa
CAP-3082,2025-01-06,C164,Baila,1.29,A0013,Ria
CAP-3083,2024-02-11,C007,Sama,6.55,A0030,Espigon
CAP-3084,2024-02-01,C007,Sama,4.18,A0030,Playa
CAP-3085,2024-02-19,C007,Sama,6.33,A0030,Playa
CAP-3086,2024-02-17,C007,San Pedro,1.2,A0030,Espigon
CAP-3087,2024-10-04,C113,Bonito del Norte,10.66,A0028,Playa
CAP-3088,2024-07-22,C086,Melva,0.58,A0028,Playa
CAP-3089,2024-07-24,C086,Melva,2.0,A0028,Espigon
CAP-3090,2024-08-13,C086,Bonito del Norte,13.75,A0028,Playa
CAP-3091,2024-10-08,C093,Serviola,0.6,A0032,Ria
CAP-3092,2024-01-30,C005,Denton,2.83,A0032,Alta Mar
CAP-3093,2024-02-07,C005,Serviola,1.03,A0032,Playa
CAP-3094,2024-12-07,C273,Sama,7.27,A0030,Playa
CAP-3095,2024-12-14,C273,San Pedro,1.31,A0030,Espigon
CAP-3096,2024-10-17,C094,Pulpo,3.66,A0001,Playa
CAP-3097,2024-10-30,C094,Sepia,0.39,A0001,Ria
CAP-3098,2024-10-20,C010,Pargo,0.75,A0031,Playa
CAP-3099,2024-09-21,C067,Lubina,1.75,A0016,Playa
CAP-3100,2024-10-09,C067,Anjova,5.92,A0016,Alta Mar
CAP-3101,2024-09-15,C215,Bonito del Norte,11.83,A0028,Playa
CAP-3102,2024-10-03,C215,Llampuga,3.15,A0028,Alta Mar
CAP-3103,2024-10-17,C215,Llampuga,5.68,A0028,Alta Mar
CAP-3104,2024-02-19,C147,Denton,2.85,A0031,Espigon
CAP-3105,2024-02-17,C147,Cabrilla,1.7,A0031,Espigon
CAP-3106,2024-06-03,C236,Herrera,0.32,A0021,Ria
CAP-3107,2024-05-24,C236,Mabra,1.23,A0021,Ria
CAP-3108,2024-08-20,C022,Bacoreta,0.79,A0028,Alta Mar
CAP-3109,2024-08-16,C022,Llampuga,8.47,A0028,Alta Mar
CAP-3110,2024-09-13,C022,Bacoreta,1.79,A0028,Ria
CAP-3111,2024-08-15,C084,Dorada,2.96,A0022,Playa
CAP-3112,2024-08-27,C084,Dorada,1.28,A0022,Alta Mar
CAP-3113,2024-01-11,C072,Mero,4.22,A0033,Playa
CAP-3114,2024-02-04,C072,Mero,12.1,A0033,Alta Mar
CAP-3115,2024-03-21,C159,Herrera,0.58,A0021,Espigon
CAP-3116,2024-03-27,C159,Mabra,1.49,A0021,Alta Mar
CAP-3117,2024-03-27,C159,Herrera,0.48,A0021,Playa
CAP-3118,2024-04-09,C159,Sargo,0.62,A0021,Ria
CAP-3119,2024-04-10,C159,Sargo,1.09,A0021,Espigon
CAP-3120,2024-11-07,C158,Sepia,0.58,A0001,Alta Mar
CAP-3121,2025-01-03,C245,Herrera,0.29,A0021,Ria
CAP-3122,2024-11-03,C274,Serviola,1.16,A0033,Ria
CAP-3123,2024-12-28,C135,Sepia,1.75,A0004,Alta Mar
CAP-3124,2024-12-05,C198,Herrera,0.29,A0022,Playa
CAP-3125,2024-12-19,C198,Herrera,0.48,A0022,Alta Mar
CAP-3126,2024-11-29,C235,Calamar,1.33,A0003,Alta Mar
CAP-3127,2024-07-13,C267,Bonito del Norte,4.85,A0028,Ria
CAP-3128,2024-07-22,C267,Bonito del Norte,7.95,A0028,Espigon
CAP-3129,2024-07-21,C267,Llampuga,3.39,A0028,Ria
CAP-3130,2024-08-03,C299,Baila,1.93,A0018,Playa
CAP-3131,2024-07-30,C299,Espeton,1.89,A0018,Alta Mar
CAP-3132,2024-07-31,C299,Anjova,4.36,A0018,Espigon
CAP-3133,2024-08-20,C299,Espeton,1.51,A0018,Espigon
CAP-3134,2024-05-05,C251,Serviola,0.73,A0032,Espigon
CAP-3135,2024-05-30,C251,Mero,8.21,A0032,Playa
CAP-3136,2024-06-02,C251,Denton,2.4,A0032,Alta Mar
CAP-3137,2024-06-11,C251,Serviola,0.75,A0032,Alta Mar
CAP-3138,2024-08-26,C219,Bonito del Norte,4.93,A0027,Alta Mar
CAP-3139,2024-08-29,C219,Bonito del Norte,8.28,A0027,Espigon
CAP-3140,2024-06-16,C268,Serviola,1.76,A0032,Playa
CAP-3141,2024-06-29,C268,Mero,3.79,A0032,Ria
CAP-3142,2024-09-11,C146,Bonito del Norte,14.2,A0028,Alta Mar
CAP-3143,2024-04-06,C137,Dorada,2.94,A0022,Alta Mar
CAP-3144,2024-04-19,C137,Dorada,1.42,A0022,Playa
CAP-3145,2024-11-14,C296,Calamar,0.75,A0003,Alta Mar
CAP-3146,2024-12-08,C296,Sepia,1.75,A0003,Alta Mar
CAP-3147,2024-11-28,C296,Sepia,1.01,A0003,Alta Mar
CAP-3148,2024-11-30,C296,Calamar,0.46,A0003,Espigon
CAP-3149,2024-12-04,C296,Calamar,0.32,A0003,Espigon
CAP-3150,2024-12-21,C296,Calamar,0.35,A0003,Espigon
CAP-3151,2024-06-27,C002,Bonito del Norte,4.75,A0026,Espigon
CAP-3152,2024-06-28,C002,Llampuga,2.55,A0026,Playa
CAP-3153,2024-07-16,C002,Llampuga,8.88,A0026,Alta Mar
CAP-3154,2024-10-03,C131,Sargo,1.15,A0022,Alta Mar
CAP-3155,2024-09-26,C131,Sargo,0.48,A0022,Espigon
CAP-3156,2024-09-24,C131,Herrera,0.29,A0022,Ria
CAP-3157,2024-09-09,C182,Pargo,1.34,A0031,Alta Mar
CAP-3158,2024-09-23,C182,Pargo,1.37,A0031,Espigon
CAP-3159,2024-02-27,C138,Herrera,0.59,A0022,Ria
CAP-3160,2024-02-14,C138,Corvina,10.3,A0022,Alta Mar
CAP-3161,2024-07-23,C072,Anjova,5.87,A0012,Alta Mar
CAP-3162,2024-03-04,C165,Serviola,0.7,A0032,Playa
CAP-3163,2024-07-09,C208,Lubina,1.98,A0013,Espigon
CAP-3164,2024-06-28,C007,Cabrilla,0.66,A0030,Alta Mar
CAP-3165,2024-07-24,C007,Pargo,2.0,A0030,Playa
CAP-3166,2024-10-20,C090,Lubina,4.96,A0010,Ria
CAP-3167,2024-10-10,C248,Baila,1.47,A0015,Alta Mar
CAP-3168,2024-10-15,C248,Jurel,1.78,A0015,Ria
CAP-3169,2024-08-29,C228,Cabrilla,1.17,A0031,Alta Mar
CAP-3170,2024-10-01,C228,Mero,8.86,A0031,Alta Mar
CAP-3171,2024-07-26,C173,Pargo,1.37,A0030,Alta Mar
CAP-3172,2025-01-19,C259,Sepia,0.9,A0003,Alta Mar
CAP-3173,2024-02-11,C008,Sepia,0.55,A0005,Ria
CAP-3174,2024-02-25,C008,Sepia,1.87,A0005,Espigon
CAP-3175,2024-12-14,C015,Mero,6.74,A0033,Playa
CAP-3176,2025-01-06,C015,Denton,4.62,A0033,Espigon
CAP-3177,2024-11-03,C236,Espeton,0.79,A0011,Espigon
CAP-3178,2024-06-15,C110,Dorada,1.28,A0022,Ria
CAP-3179,2024-06-20,C110,Mabra,1.79,A0022,Espigon
CAP-3180,2024-06-28,C110,Mabra,1.38,A0022,Espigon
CAP-3181,2025-01-12,C255,Denton,3.85,A0032,Espigon
CAP-3182,2024-08-14,C089,Baila,1.11,A0013,Ria
CAP-3183,2024-08-22,C089,Lubina,2.84,A0013,Espigon
CAP-3184,2024-03-14,C044,Sepia,1.3,A0001,Espigon
CAP-3185,2024-07-22,C029,Llampuga,7.16,A0026,Espigon
CAP-3186,2024-07-20,C029,Llampuga,9.24,A0026,Espigon
CAP-3187,2025-01-13,C025,Jurel,1.57,A0014,Playa
CAP-3188,2024-03-01,C244,Pargo,0.86,A0031,Playa
CAP-3189,2024-03-10,C244,Sama,2.7,A0031,Ria
CAP-3190,2024-03-24,C100,Pulpo,2.6,A0004,Ria
CAP-3191,2024-07-02,C271,Sama,2.57,A0031,Playa
CAP-3192,2024-06-18,C038,Sargo,1.01,A0022,Espigon
CAP-3193,2024-06-17,C038,Herrera,0.38,A0022,Alta Mar
CAP-3194,2024-06-22,C038,Dorada,1.53,A0022,Playa
CAP-3195,2024-07-11,C038,Dorada,2.76,A0022,Playa
CAP-3196,2024-07-15,C038,Dorada,1.32,A0022,Ria
CAP-3197,2024-07-01,C038,Dorada,2.93,A0022,Espigon
CAP-3198,2024-06-23,C038,Mabra,1.51,A0022,Playa
CAP-3199,2024-08-19,C287,Llampuga,2.04,A0028,Espigon
CAP-3200,2024-05-15,C291,Cabrilla,0.88,A0031,Espigon
CAP-3201,2024-08-09,C041,Denton,6.55,A0033,Playa
CAP-3202,2024-08-21,C041,Serviola,0.79,A0033,Alta Mar
CAP-3203,2024-07-07,C068,Mero,8.55,A0032,Espigon
CAP-3204,2024-08-06,C068,Denton,5.3,A0032,Alta Mar
CAP-3205,2024-03-22,C058,Denton,3.44,A0032,Ria
CAP-3206,2024-04-15,C058,Serviola,1.5,A0032,Alta Mar
CAP-3207,2024-08-24,C105,Baila,1.79,A0017,Playa
CAP-3208,2024-08-29,C105,Anjova,2.28,A0017,Playa
CAP-3209,2024-12-05,C218,Sepia,1.32,A0007,Alta Mar
CAP-3210,2024-12-02,C051,Lubina,4.69,A0018,Alta Mar
CAP-3211,2024-12-08,C051,Lubina,3.04,A0018,Ria
CAP-3212,2024-10-09,C258,Jurel,0.57,A0011,Playa
CAP-3213,2024-10-30,C258,Jurel,1.49,A0011,Alta Mar
CAP-3214,2024-11-08,C258,Anjova,3.39,A0011,Ria
CAP-3215,2024-11-13,C258,Lubina,0.82,A0011,Playa
CAP-3216,2024-08-06,C179,Bonito del Norte,8.26,A0026,Ria
CAP-3217,2024-08-06,C179,Llampuga,9.47,A0026,Playa
CAP-3218,2024-08-04,C179,Llampuga,8.49,A0026,Alta Mar
CAP-3219,2024-10-25,C246,Calamar,0.9,A0001,Ria
CAP-3220,2024-11-10,C246,Calamar,1.45,A0001,Playa
CAP-3221,2024-05-24,C300,Lubina,0.53,A0022,Playa
CAP-3222,2024-06-14,C300,Herrera,0.23,A0022,Ria
CAP-3223,2024-06-17,C300,Dorada,0.88,A0022,Espigon
CAP-3224,2024-09-15,C283,Bonito del Norte,9.4,A0028,Alta Mar
CAP-3225,2024-07-30,C228,Denton,4.02,A0031,Espigon
CAP-3226,2024-05-14,C199,Anjova,5.18,A0011,Playa
CAP-3227,2024-05-05,C199,Lubina,4.15,A0011,Playa
CAP-3228,2024-05-11,C199,Baila,1.44,A0011,Espigon
CAP-3229,2024-06-30,C093,Melva,1.47,A0028,Ria
CAP-3230,2024-07-11,C093,Bonito del Norte,12.34,A0028,Ria
CAP-3231,2024-02-03,C043,Sepia,0.33,A0004,Playa
CAP-3232,2024-02-24,C043,Calamar,0.81,A0004,Alta Mar
CAP-3233,2024-07-28,C100,Melva,1.17,A0028,Playa
CAP-3234,2024-10-09,C185,Bonito del Norte,14.51,A0026,Ria
CAP-3235,2024-10-12,C185,Bacoreta,1.09,A0026,Alta Mar
CAP-3236,2024-10-08,C098,Bonito del Norte,13.92,A0028,Espigon
CAP-3237,2024-10-03,C098,Bacoreta,1.26,A0028,Espigon
CAP-3238,2024-08-06,C299,Anjova,5.04,A0013,Ria
CAP-3239,2024-07-23,C299,Espeton,1.35,A0013,Playa
CAP-3240,2024-07-28,C299,Lubina,0.91,A0013,Playa
CAP-3241,2024-07-29,C009,Serviola,1.67,A0032,Espigon
CAP-3242,2024-08-18,C009,Serviola,1.65,A0032,Espigon
CAP-3243,2024-12-09,C009,Mero,7.27,A0032,Alta Mar
CAP-3244,2024-02-20,C035,Cabrilla,1.39,A0031,Espigon
CAP-3245,2024-02-24,C035,Cabrilla,0.63,A0031,Alta Mar
CAP-3246,2024-11-25,C244,Pargo,1.46,A0030,Alta Mar
CAP-3247,2024-12-09,C244,Sama,3.49,A0030,Ria
CAP-3248,2024-12-16,C244,Gallineta,1.61,A0030,Playa
CAP-3249,2024-10-30,C020,Cabrilla,1.67,A0030,Espigon
CAP-3250,2024-05-15,C165,Herrera,0.62,A0021,Ria
CAP-3251,2024-05-25,C165,Herrera,0.39,A0021,Playa
CAP-3252,2024-05-22,C165,Mabra,0.85,A0021,Espigon
CAP-3253,2024-06-14,C165,Herrera,0.66,A0021,Playa
CAP-3254,2024-06-17,C165,Rodaballo,0.81,A0021,Playa
CAP-3255,2024-06-18,C165,Rodaballo,1.59,A0021,Espigon
CAP-3256,2024-09-06,C283,Melva,1.2,A0026,Ria
CAP-3257,2024-09-10,C283,Llampuga,3.03,A0026,Playa
CAP-3258,2024-05-24,C258,Denton,7.31,A0033,Espigon
CAP-3259,2024-05-29,C258,Serviola,1.55,A0033,Alta Mar
CAP-3260,2024-05-29,C258,Serviola,1.35,A0033,Ria
CAP-3261,2024-05-19,C045,Sargo,0.65,A0021,Alta Mar
CAP-3262,2024-05-18,C045,Mabra,1.7,A0021,Ria
CAP-3263,2024-05-18,C045,Mabra,0.55,A0021,Espigon
CAP-3264,2024-05-20,C045,Mabra,1.29,A0021,Espigon
CAP-3265,2024-10-28,C222,Serviola,1.19,A0033,Ria
CAP-3266,2024-11-22,C222,Serviola,1.12,A0033,Ria
CAP-3267,2024-11-17,C167,Calamar,0.27,A0002,Ria
CAP-3268,2024-11-16,C167,Sepia,1.9,A0002,Espigon
CAP-3269,2024-11-24,C167,Sepia,1.34,A0002,Alta Mar
CAP-3270,2024-12-03,C167,Sepia,1.84,A0002,Playa
CAP-3271,2024-07-05,C054,Melva,1.7,A0027,Playa
CAP-3272,2024-06-29,C054,Llampuga,7.69,A0027,Alta Mar
CAP-3273,2024-10-23,C139,Denton,6.05,A0031,Ria
CAP-3274,2024-10-24,C139,Pargo,1.47,A0031,Espigon
CAP-3275,2024-07-30,C105,Bonito del Norte,10.39,A0027,Playa
CAP-3276,2024-03-11,C240,Denton,4.89,A0031,Alta Mar
CAP-3277,2024-02-29,C240,Denton,3.61,A0031,Playa
CAP-3278,2024-03-13,C240,Sama,5.41,A0031,Playa
CAP-3279,2024-08-04,C133,Bonito del Norte,5.62,A0026,Ria
CAP-3280,2024-08-31,C133,Llampuga,3.45,A0026,Espigon
CAP-3281,2024-08-22,C133,Llampuga,3.11,A0026,Playa
CAP-3282,2024-12-29,C100,Sepia,1.6,A0002,Alta Mar
CAP-3283,2025-01-26,C100,Pulpo,1.31,A0002,Playa
CAP-3284,2025-01-15,C100,Pulpo,2.14,A0002,Playa
CAP-3285,2025-01-27,C100,Calamar,0.67,A0002,Ria
CAP-3286,2025-01-24,C100,Calamar,0.76,A0002,Playa
CAP-3287,2025-01-24,C100,Calamar,1.1,A0002,Alta Mar
CAP-3288,2024-06-21,C089,Lubina,3.88,A0017,Playa
CAP-3289,2024-04-04,C017,Herrera,0.56,A0021,Ria
CAP-3290,2024-02-19,C041,Mero,8.36,A0033,Ria
CAP-3291,2024-02-22,C041,Serviola,1.64,A0033,Espigon
CAP-3292,2024-09-05,C193,Herrera,0.76,A0021,Espigon
CAP-3293,2024-09-23,C193,Corvina,9.43,A0021,Ria
CAP-3294,2024-08-09,C182,Sama,9.6,A0030,Alta Mar
CAP-3295,2024-08-10,C182,Sama,2.3,A0030,Playa
CAP-3296,2024-08-14,C182,Pargo,1.97,A0030,Playa
CAP-3297,2024-06-18,C054,Lubina,3.53,A0016,Playa
CAP-3298,2024-06-12,C054,Anjova,6.91,A0016,Playa
CAP-3299,2024-06-17,C271,Cabrilla,1.05,A0030,Ria
CAP-3300,2024-07-01,C271,Cabrilla,1.78,A0030,Ria
CAP-3301,2024-12-28,C234,Pulpo,4.19,A0005,Ria
CAP-3302,2025-01-25,C234,Calamar,1.49,A0005,Alta Mar
CAP-3303,2024-12-25,C221,Sepia,1.14,A0002,Alta Mar
CAP-3304,2025-01-01,C221,Sepia,1.99,A0002,Alta Mar
CAP-3305,2025-01-22,C221,Sepia,0.53,A0002,Alta Mar
CAP-3306,2025-01-19,C221,Calamar,0.74,A0002,Playa
CAP-3307,2025-02-03,C221,Calamar,0.38,A0002,Ria
CAP-3308,2025-01-26,C221,Calamar,0.44,A0002,Alta Mar
CAP-3309,2025-02-03,C221,Calamar,0.37,A0002,Playa
CAP-3310,2025-02-17,C221,Calamar,0.62,A0002,Ria
CAP-3311,2025-01-27,C221,Calamar,0.7,A0002,Ria
CAP-3312,2024-08-24,C208,Serviola,1.91,A0032,Ria
CAP-3313,2024-04-20,C255,Denton,3.04,A0033,Ria
CAP-3314,2024-04-25,C255,Serviola,1.73,A0033,Alta Mar
CAP-3315,2024-04-27,C255,Serviola,1.32,A0033,Espigon
CAP-3316,2024-03-03,C041,Mero,10.0,A0032,Ria
CAP-3317,2024-03-27,C041,Denton,1.88,A0032,Ria
CAP-3318,2024-03-09,C041,Serviola,1.09,A0032,Alta Mar
CAP-3319,2024-07-21,C199,Bonito del Norte,4.69,A0027,Espigon
CAP-3320,2024-02-13,C089,Calamar,1.18,A0004,Ria
CAP-3321,2024-01-24,C089,Calamar,0.8,A0004,Espigon
CAP-3322,2024-09-01,C025,Pargo,1.25,A0031,Ria
CAP-3323,2024-07-15,C063,Herrera,0.49,A0021,Playa
CAP-3324,2024-10-23,C262,Llampuga,8.26,A0028,Alta Mar
CAP-3325,2024-09-09,C118,Dorada,1.92,A0021,Ria
CAP-3326,2024-09-09,C118,Sargo,0.62,A0021,Alta Mar
CAP-3327,2024-08-08,C232,Bacoreta,1.84,A0026,Alta Mar
CAP-3328,2024-08-09,C232,Melva,1.96,A0026,Playa
CAP-3329,2024-08-06,C018,Mero,14.81,A0032,Espigon
CAP-3330,2024-09-06,C018,Mero,10.97,A0032,Ria
CAP-3331,2024-04-05,C032,Herrera,0.62,A0022,Playa
CAP-3332,2024-03-21,C032,Mabra,1.07,A0022,Ria
CAP-3333,2024-04-06,C032,Mabra,0.87,A0022,Playa
CAP-3334,2024-04-19,C032,Sargo,0.81,A0022,Alta Mar
CAP-3335,2024-04-24,C032,Sargo,0.6,A0022,Playa
CAP-3336,2024-04-06,C032,Herrera,0.66,A0022,Espigon
CAP-3337,2024-10-21,C226,Lubina,3.06,A0011,Espigon
CAP-3338,2024-10-14,C226,Baila,0.82,A0011,Espigon
CAP-3339,2024-04-16,C151,Jurel,0.5,A0015,Playa
CAP-3340,2024-08-18,C230,Denton,1.72,A0033,Ria
CAP-3341,2024-09-07,C008,Llampuga,7.81,A0027,Playa
CAP-3342,2024-09-24,C008,Bacoreta,1.19,A0027,Ria
CAP-3343,2024-09-22,C008,Bonito del Norte,9.0,A0027,Ria
CAP-3344,2024-09-20,C008,Bonito del Norte,12.71,A0027,Playa
CAP-3345,2024-10-07,C008,Bacoreta,1.25,A0027,Alta Mar
CAP-3346,2024-10-01,C071,Bacoreta,1.55,A0026,Ria
CAP-3347,2024-10-13,C071,Llampuga,2.87,A0026,Alta Mar
CAP-3348,2024-10-15,C071,Llampuga,3.86,A0026,Ria
CAP-3349,2024-08-07,C250,Marlin Blanco,42.77,A0028,Playa
CAP-3350,2024-08-26,C250,Bonito del Norte,11.9,A0028,Ria
CAP-3351,2024-11-12,C185,Sepia,0.36,A0006,Alta Mar
CAP-3352,2024-11-27,C185,Sepia,0.77,A0006,Espigon
CAP-3353,2024-12-02,C185,Sepia,0.42,A0006,Playa
CAP-3354,2024-10-20,C255,Denton,4.68,A0032,Alta Mar
CAP-3355,2024-09-21,C224,Sargo,0.86,A0022,Espigon
CAP-3356,2024-09-18,C224,Mabra,1.13,A0022,Ria
CAP-3357,2024-09-25,C224,Herrera,0.44,A0022,Playa
CAP-3358,2024-07-04,C122,Pargo,0.93,A0031,Playa
CAP-3359,2024-10-16,C063,Mabra,1.2,A0021,Ria
CAP-3360,2024-06-20,C176,Denton,2.46,A0033,Alta Mar
CAP-3361,2024-08-09,C054,Llampuga,9.95,A0028,Ria
CAP-3362,2024-08-07,C054,Bacoreta,1.81,A0028,Ria
CAP-3363,2024-11-06,C268,Mero,14.57,A0032,Alta Mar
CAP-3364,2024-09-10,C186,Denton,4.73,A0033,Ria
CAP-3365,2024-09-29,C186,Mero,3.89,A0033,Alta Mar
CAP-3366,2024-09-22,C186,Denton,2.53,A0033,Alta Mar
CAP-3367,2024-09-22,C076,Serviola,0.79,A0033,Alta Mar
CAP-3368,2024-11-10,C191,Calamar,1.05,A0003,Ria
CAP-3369,2024-11-28,C006,Corvina,9.85,A0022,Ria
CAP-3370,2024-11-25,C006,Mabra,1.93,A0022,Playa
CAP-3371,2024-12-10,C006,Sargo,0.28,A0022,Alta Mar
CAP-3372,2024-12-07,C006,Dorada,0.4,A0022,Alta Mar
CAP-3373,2024-12-26,C006,Mabra,1.04,A0022,Playa
CAP-3374,2024-08-07,C174,Serviola,1.6,A0033,Espigon
CAP-3375,2024-09-01,C174,Denton,3.83,A0033,Playa
CAP-3376,2024-08-26,C174,Mero,6.56,A0033,Alta Mar
CAP-3377,2024-08-21,C174,Serviola,1.1,A0033,Alta Mar
CAP-3378,2024-09-17,C174,Serviola,1.4,A0033,Ria
CAP-3379,2024-09-12,C002,Llampuga,9.26,A0027,Espigon
CAP-3380,2024-09-08,C002,Llampuga,4.54,A0027,Playa
CAP-3381,2024-10-20,C075,Calamar,0.55,A0006,Playa
CAP-3382,2024-03-05,C198,Serviola,1.62,A0032,Espigon
CAP-3383,2024-02-22,C198,Serviola,1.61,A0032,Alta Mar
CAP-3384,2024-03-13,C198,Denton,3.37,A0032,Espigon
CAP-3385,2024-03-19,C198,Serviola,0.79,A0032,Playa
CAP-3386,2024-03-07,C111,Lubina,1.15,A0018,Ria
CAP-3387,2024-06-25,C092,Llampuga,6.33,A0027,Alta Mar
CAP-3388,2024-07-18,C092,Bonito del Norte,11.74,A0027,Playa
CAP-3389,2024-08-10,C092,Bacoreta,0.97,A0027,Playa
CAP-3390,2024-06-25,C114,Cabrilla,0.89,A0031,Playa
CAP-3391,2024-12-04,C237,Calamar,1.0,A0003,Ria
CAP-3392,2024-09-17,C019,Llampuga,7.62,A0028,Alta Mar
CAP-3393,2024-09-23,C019,Bonito del Norte,14.42,A0028,Espigon
CAP-3394,2024-04-08,C182,San Pedro,2.2,A0031,Ria
CAP-3395,2024-03-30,C182,Sama,6.98,A0031,Espigon
CAP-3396,2024-12-16,C041,Lubina,1.94,A0011,Espigon
CAP-3397,2025-01-11,C041,Lubina,2.1,A0011,Ria
CAP-3398,2024-12-27,C041,Anjova,2.43,A0011,Espigon
CAP-3399,2024-05-23,C051,Baila,0.81,A0013,Ria
CAP-3400,2024-06-17,C051,Baila,1.66,A0013,Playa
CAP-3401,2024-06-10,C051,Palometon,9.11,A0013,Alta Mar
CAP-3402,2024-07-01,C051,Baila,1.86,A0013,Espigon
CAP-3403,2024-06-25,C164,Mero,3.36,A0032,Espigon
CAP-3404,2024-12-19,C255,Serviola,0.93,A0032,Alta Mar
CAP-3405,2024-12-08,C255,Mero,6.87,A0032,Ria
CAP-3406,2024-09-16,C261,Pargo,1.28,A0030,Alta Mar
CAP-3407,2024-10-04,C261,Denton,5.33,A0030,Ria
CAP-3408,2024-06-01,C036,Pargo,1.24,A0030,Playa
CAP-3409,2024-08-26,C267,Bonito del Norte,13.83,A0027,Ria
CAP-3410,2024-08-30,C267,Bonito del Norte,5.12,A0027,Alta Mar
CAP-3411,2024-08-27,C267,Llampuga,6.12,A0027,Ria
CAP-3412,2024-09-19,C267,Llampuga,2.55,A0027,Espigon
CAP-3413,2024-09-26,C267,Bacoreta,1.64,A0027,Ria
CAP-3414,2024-04-19,C038,Herrera,0.72,A0021,Ria
CAP-3415,2024-04-27,C038,Herrera,0.63,A0021,Espigon
CAP-3416,2024-06-22,C183,Denton,7.52,A0032,Playa
CAP-3417,2024-07-10,C180,Serviola,1.98,A0033,Alta Mar
CAP-3418,2024-08-07,C180,Serviola,0.62,A0033,Playa
CAP-3419,2024-08-15,C065,Bacoreta,0.83,A0026,Espigon
CAP-3420,2024-08-18,C065,Bonito del Norte,4.5,A0026,Ria
CAP-3421,2024-08-27,C065,Bonito del Norte,12.35,A0026,Espigon
CAP-3422,2024-05-28,C104,Rodaballo,0.83,A0022,Espigon
CAP-3423,2024-06-01,C104,Mabra,1.54,A0022,Ria
CAP-3424,2024-06-16,C104,Dorada,0.89,A0022,Ria
CAP-3425,2024-06-13,C104,Herrera,0.22,A0022,Espigon
CAP-3426,2024-11-08,C127,Anjova,6.32,A0010,Espigon
CAP-3427,2024-11-10,C127,Lubina,2.67,A0010,Alta Mar
CAP-3428,2024-07-07,C255,Denton,1.77,A0033,Alta Mar
CAP-3429,2024-11-23,C064,Calamar,0.33,A0002,Ria
CAP-3430,2024-11-29,C064,Calamar,0.26,A0002,Espigon
CAP-3431,2024-11-27,C064,Calamar,1.15,A0002,Playa
CAP-3432,2024-04-16,C045,Sargo,0.59,A0021,Playa
CAP-3433,2024-05-01,C045,Herrera,0.61,A0021,Ria
CAP-3434,2024-05-07,C045,Herrera,0.24,A0021,Alta Mar
CAP-3435,2024-05-26,C045,Herrera,0.31,A0021,Espigon
CAP-3436,2024-05-06,C045,Dorada,2.21,A0021,Espigon
CAP-3437,2024-11-06,C006,Pulpo,3.37,A0001,Playa
CAP-3438,2024-09-21,C119,Denton,2.73,A0033,Ria
CAP-3439,2024-10-04,C119,Denton,2.76,A0033,Ria
CAP-3440,2024-09-13,C013,Sargo,1.04,A0022,Alta Mar
CAP-3441,2024-09-29,C013,Sargo,1.08,A0022,Ria
CAP-3442,2024-09-18,C013,Sargo,0.42,A0022,Ria
CAP-3443,2024-09-27,C013,Mabra,1.04,A0022,Ria
CAP-3444,2024-03-30,C243,Lubina,1.59,A0010,Alta Mar
CAP-3445,2024-04-22,C243,Anjova,2.33,A0010,Ria
CAP-3446,2024-04-05,C243,Lubina,3.47,A0010,Ria
CAP-3447,2024-02-14,C145,Calamar,1.39,A0004,Alta Mar
CAP-3448,2024-02-18,C145,Calamar,1.11,A0004,Playa
CAP-3449,2024-02-19,C145,Calamar,0.31,A0004,Playa
CAP-3450,2024-01-19,C045,Dorada,3.0,A0021,Alta Mar
CAP-3451,2024-09-28,C011,Serviola,0.62,A0032,Alta Mar
CAP-3452,2024-11-02,C011,Denton,2.15,A0032,Espigon
CAP-3453,2024-11-01,C011,Serviola,1.24,A0032,Alta Mar
CAP-3454,2024-10-19,C073,Corvina,10.16,A0022,Playa
CAP-3455,2024-11-11,C073,Herrera,0.61,A0022,Espigon
CAP-3456,2024-11-08,C073,Herrera,0.27,A0022,Espigon
CAP-3457,2024-10-29,C073,Sargo,0.33,A0022,Espigon
CAP-3458,2024-11-23,C073,Sargo,0.78,A0022,Espigon
CAP-3459,2024-02-18,C106,Herrera,0.67,A0022,Playa
CAP-3460,2024-03-21,C106,Herrera,0.39,A0022,Espigon
CAP-3461,2024-03-16,C106,Herrera,0.29,A0022,Alta Mar
CAP-3462,2024-04-16,C137,Herrera,0.34,A0022,Ria
CAP-3463,2024-06-28,C277,Lubina,1.46,A0017,Espigon
CAP-3464,2024-07-18,C277,Anjova,5.32,A0017,Ria
CAP-3465,2024-01-29,C132,Cabrilla,1.07,A0031,Alta Mar
CAP-3466,2024-02-02,C132,Cabrilla,1.3,A0031,Playa
CAP-3467,2024-01-24,C132,Sama,4.17,A0031,Ria
CAP-3468,2024-02-01,C132,Cabrilla,1.26,A0031,Espigon
CAP-3469,2024-10-20,C046,Calamar,0.53,A0002,Alta Mar
CAP-3470,2024-11-06,C154,Denton,2.17,A0032,Alta Mar
CAP-3471,2024-11-17,C154,Serviola,1.05,A0032,Alta Mar
CAP-3472,2024-09-14,C051,Anjova,4.85,A0014,Playa
CAP-3473,2024-06-20,C287,Lubina,1.75,A0015,Alta Mar
CAP-3474,2024-06-19,C287,Anjova,5.55,A0015,Alta Mar
CAP-3475,2024-07-01,C287,Lubina,3.84,A0015,Alta Mar
CAP-3476,2024-01-28,C058,Denton,2.73,A0033,Espigon
CAP-3477,2024-02-22,C058,Serviola,0.59,A0033,Espigon
CAP-3478,2024-03-03,C058,Mero,12.59,A0033,Ria
CAP-3479,2024-02-15,C278,Cabrilla,1.97,A0031,Alta Mar
CAP-3480,2024-02-03,C278,Cabrilla,1.98,A0031,Playa
CAP-3481,2024-06-14,C122,Cabrilla,1.83,A0031,Ria
CAP-3482,2024-07-19,C122,Sama,4.01,A0031,Alta Mar
CAP-3483,2024-11-09,C221,Sepia,0.65,A0003,Alta Mar
CAP-3484,2024-11-03,C221,Sepia,1.65,A0003,Alta Mar
CAP-3485,2024-11-07,C221,Sepia,1.17,A0003,Ria
CAP-3486,2024-11-05,C221,Calamar,0.52,A0003,Alta Mar
CAP-3487,2024-11-19,C221,Calamar,0.56,A0003,Alta Mar
CAP-3488,2024-09-21,C158,Denton,3.78,A0033,Playa
CAP-3489,2024-09-03,C158,Serviola,0.98,A0033,Espigon
CAP-3490,2024-09-13,C158,Serviola,0.95,A0033,Alta Mar
CAP-3491,2024-10-04,C158,Denton,4.07,A0033,Alta Mar
CAP-3492,2024-01-20,C131,Jurel,1.95,A0013,Ria
CAP-3493,2024-02-02,C131,Jurel,1.59,A0013,Espigon
CAP-3494,2024-02-16,C131,Baila,1.66,A0013,Playa
CAP-3495,2024-02-22,C131,Jurel,1.96,A0013,Playa
CAP-3496,2024-05-26,C226,Mero,9.67,A0032,Alta Mar
CAP-3497,2024-05-12,C226,Serviola,1.65,A0032,Alta Mar
CAP-3498,2024-06-13,C226,Serviola,1.22,A0032,Playa
CAP-3499,2024-05-19,C074,Anjova,4.81,A0013,Espigon
CAP-3500,2024-05-30,C074,Lubina,4.83,A0013,Ria
CAP-3501,2024-06-22,C074,Lubina,3.48,A0013,Alta Mar
CAP-3502,2024-12-13,C074,Denton,4.97,A0030,Ria
CAP-3503,2024-12-02,C074,Cabrilla,0.9,A0030,Alta Mar
CAP-3504,2024-12-11,C074,Sama,9.92,A0030,Ria
CAP-3505,2024-04-20,C121,Denton,7.02,A0032,Ria
CAP-3506,2024-05-24,C121,Denton,6.92,A0032,Ria
CAP-3507,2024-05-16,C121,Denton,2.94,A0032,Espigon
CAP-3508,2024-08-21,C016,Lubina,3.16,A0016,Playa
CAP-3509,2024-04-05,C114,Pargo,1.25,A0030,Playa
CAP-3510,2024-04-05,C114,Cabrilla,0.92,A0030,Alta Mar
CAP-3511,2024-04-03,C114,San Pedro,1.24,A0030,Alta Mar
CAP-3512,2024-11-16,C295,Palometon,8.11,A0016,Alta Mar
CAP-3513,2024-12-08,C295,Baila,0.99,A0016,Playa
CAP-3514,2024-01-29,C112,Sama,5.21,A0031,Espigon
CAP-3515,2024-07-02,C184,Dorada,2.67,A0021,Playa
CAP-3516,2024-10-16,C178,Sepia,1.01,A0002,Alta Mar
CAP-3517,2024-08-10,C022,Llampuga,3.79,A0026,Ria
CAP-3518,2024-10-28,C169,Serviola,0.88,A0032,Espigon
CAP-3519,2024-11-17,C169,Serviola,1.97,A0032,Playa
CAP-3520,2024-02-19,C164,Mero,14.42,A0033,Alta Mar
CAP-3521,2024-03-26,C164,Serviola,0.79,A0033,Espigon
CAP-3522,2024-07-13,C257,Sargo,0.67,A0021,Alta Mar
CAP-3523,2024-07-20,C257,Sargo,0.57,A0021,Playa
CAP-3524,2024-07-24,C257,Sargo,0.63,A0021,Playa
CAP-3525,2024-07-25,C257,Herrera,0.37,A0021,Espigon
CAP-3526,2024-07-27,C257,Sargo,0.4,A0021,Ria
CAP-3527,2024-09-22,C152,Dorada,2.58,A0022,Espigon
CAP-3528,2024-09-23,C152,Mabra,1.48,A0022,Espigon
CAP-3529,2024-10-25,C152,Mabra,0.59,A0022,Alta Mar
CAP-3530,2024-11-04,C047,Sepia,0.84,A0003,Alta Mar
CAP-3531,2024-01-20,C049,Pulpo,4.35,A0004,Espigon
CAP-3532,2024-01-30,C049,Pulpo,1.11,A0004,Playa
CAP-3533,2024-01-29,C049,Pulpo,2.67,A0004,Alta Mar
CAP-3534,2024-01-10,C049,Calamar,1.02,A0004,Alta Mar
CAP-3535,2024-07-24,C071,Llampuga,2.69,A0026,Playa
CAP-3536,2024-07-26,C071,Bonito del Norte,12.96,A0026,Espigon
CAP-3537,2024-08-02,C071,Llampuga,4.98,A0026,Alta Mar
CAP-3538,2024-08-15,C071,Llampuga,4.01,A0026,Espigon
CAP-3539,2024-10-25,C149,Serviola,0.82,A0033,Espigon
CAP-3540,2024-10-30,C149,Denton,6.46,A0033,Ria
CAP-3541,2024-11-07,C149,Denton,2.86,A0033,Playa
CAP-3542,2024-05-07,C032,Mabra,1.99,A0021,Alta Mar
CAP-3543,2024-05-08,C032,Mabra,1.13,A0021,Ria
CAP-3544,2024-05-16,C032,Herrera,0.29,A0021,Alta Mar
CAP-3545,2024-05-05,C032,Herrera,0.79,A0021,Ria
CAP-3546,2024-09-09,C158,Denton,6.53,A0033,Espigon
CAP-3547,2024-08-28,C158,Serviola,1.71,A0033,Ria
CAP-3548,2024-03-08,C298,Calamar,0.86,A0006,Alta Mar
CAP-3549,2024-03-01,C298,Calamar,1.44,A0006,Espigon
CAP-3550,2024-03-09,C298,Calamar,0.8,A0006,Playa
CAP-3551,2024-03-07,C298,Sepia,0.96,A0006,Ria
CAP-3552,2024-10-21,C161,Sama,4.85,A0030,Espigon
CAP-3553,2024-11-09,C161,Cabrilla,0.72,A0030,Playa
CAP-3554,2024-10-11,C036,Espeton,1.88,A0014,Alta Mar
CAP-3555,2024-04-08,C273,Sama,6.31,A0031,Playa
CAP-3556,2024-04-30,C273,San Pedro,1.2,A0031,Ria
CAP-3557,2024-05-13,C273,Cabrilla,1.27,A0031,Playa
CAP-3558,2024-05-16,C276,Herrera,0.4,A0021,Ria
CAP-3559,2024-05-13,C276,Mabra,1.22,A0021,Playa
CAP-3560,2024-12-19,C105,Baila,1.7,A0013,Alta Mar
CAP-3561,2025-01-08,C105,Lubina,4.57,A0013,Espigon
CAP-3562,2025-01-09,C105,Baila,0.53,A0013,Ria
CAP-3563,2024-03-18,C198,Serviola,1.63,A0032,Playa
CAP-3564,2024-03-12,C112,Sama,9.43,A0030,Playa
CAP-3565,2024-03-02,C112,San Pedro,0.76,A0030,Alta Mar
CAP-3566,2024-03-01,C112,Sama,2.34,A0030,Espigon
CAP-3567,2024-03-13,C112,Denton,1.85,A0031,Alta Mar
CAP-3568,2024-04-01,C112,Pargo,1.24,A0031,Espigon
CAP-3569,2024-10-04,C091,Serviola,0.98,A0033,Ria
CAP-3570,2024-09-28,C091,Mero,8.93,A0033,Alta Mar
CAP-3571,2024-10-18,C091,Denton,5.78,A0033,Playa
CAP-3572,2024-03-17,C274,Serviola,0.56,A0032,Espigon
CAP-3573,2024-01-29,C188,Baila,1.97,A0017,Alta Mar
CAP-3574,2024-01-31,C188,Lubina,3.92,A0017,Ria
CAP-3575,2024-06-18,C111,Anjova,3.03,A0015,Playa
CAP-3576,2024-06-21,C111,Jurel,1.84,A0015,Playa
CAP-3577,2024-07-09,C111,Jurel,0.86,A0015,Ria
CAP-3578,2024-07-22,C227,Mero,3.26,A0033,Ria
CAP-3579,2024-08-06,C289,Denton,1.58,A0031,Playa
CAP-3580,2024-10-28,C189,Sepia,0.58,A0004,Ria
CAP-3581,2024-11-07,C189,Sepia,1.37,A0004,Alta Mar
CAP-3582,2024-03-24,C067,Lubina,2.88,A0016,Alta Mar
CAP-3583,2024-03-12,C208,Denton,4.72,A0032,Playa
CAP-3584,2024-03-28,C208,Mero,14.66,A0032,Espigon
CAP-3585,2024-11-11,C068,Denton,5.05,A0033,Playa
CAP-3586,2024-07-28,C001,Lubina,3.02,A0013,Espigon
CAP-3587,2024-08-11,C001,Jurel,1.73,A0013,Espigon
CAP-3588,2024-08-14,C001,Baila,0.92,A0013,Espigon
CAP-3589,2024-12-29,C244,Cabrilla,0.72,A0030,Alta Mar
CAP-3590,2024-07-27,C211,Espeton,1.19,A0012,Ria
CAP-3591,2024-12-26,C252,Calamar,0.43,A0001,Playa
CAP-3592,2024-01-26,C210,Cabrilla,2.0,A0031,Espigon
CAP-3593,2024-08-30,C142,Herrera,0.49,A0022,Ria
CAP-3594,2024-09-16,C142,Sargo,0.89,A0022,Espigon
CAP-3595,2024-04-16,C013,Mabra,1.78,A0021,Espigon
CAP-3596,2024-05-07,C013,Herrera,0.51,A0021,Playa
CAP-3597,2024-05-11,C013,Herrera,0.54,A0021,Playa
CAP-3598,2024-04-19,C013,Herrera,0.46,A0021,Alta Mar
CAP-3599,2024-05-17,C013,Dorada,2.06,A0021,Playa
CAP-3600,2024-04-29,C013,Dorada,2.41,A0021,Espigon
CAP-3601,2024-04-25,C068,Denton,6.17,A0033,Ria
CAP-3602,2024-05-16,C068,Mero,7.51,A0033,Espigon
CAP-3603,2024-05-24,C068,Denton,3.7,A0033,Playa
CAP-3604,2024-06-14,C198,Mero,13.01,A0030,Ria
CAP-3605,2024-06-17,C198,Cabrilla,0.65,A0030,Playa
CAP-3606,2024-10-31,C213,Calamar,0.3,A0002,Ria
CAP-3607,2024-12-07,C286,Sepia,1.82,A0002,Ria
CAP-3608,2025-01-11,C286,Calamar,0.94,A0002,Espigon
CAP-3609,2024-12-23,C286,Calamar,0.48,A0002,Alta Mar
CAP-3610,2024-12-18,C286,Calamar,0.88,A0002,Playa
CAP-3611,2024-02-19,C298,Calamar,0.5,A0007,Playa
CAP-3612,2024-02-18,C298,Calamar,0.91,A0007,Playa
CAP-3613,2024-03-08,C298,Calamar,0.92,A0007,Ria
CAP-3614,2024-03-09,C298,Calamar,1.45,A0007,Alta Mar
CAP-3615,2024-02-26,C117,Sepia,0.34,A0004,Alta Mar
CAP-3616,2024-03-04,C117,Sepia,1.76,A0004,Ria
CAP-3617,2024-03-07,C117,Calamar,1.37,A0004,Playa
CAP-3618,2024-03-15,C117,Calamar,0.94,A0004,Playa
CAP-3619,2024-03-18,C117,Calamar,0.62,A0004,Playa
CAP-3620,2024-09-14,C103,Cabrilla,0.61,A0031,Ria
CAP-3621,2024-12-18,C100,Sepia,1.66,A0007,Ria
CAP-3622,2024-11-04,C240,Sama,7.49,A0031,Playa
CAP-3623,2024-08-26,C088,Denton,5.25,A0033,Playa
CAP-3624,2024-09-07,C088,Denton,2.21,A0033,Alta Mar
CAP-3625,2024-09-21,C088,Denton,6.2,A0033,Alta Mar
CAP-3626,2024-09-10,C109,Serviola,0.87,A0033,Ria
CAP-3627,2024-08-06,C111,Lubina,3.87,A0017,Alta Mar
CAP-3628,2024-08-04,C111,Jurel,0.88,A0017,Ria
CAP-3629,2024-08-09,C111,Jurel,1.35,A0017,Espigon
CAP-3630,2024-02-16,C231,Calamar,0.53,A0006,Ria
CAP-3631,2024-12-19,C153,Calamar,0.86,A0004,Alta Mar
CAP-3632,2024-12-19,C153,Calamar,1.43,A0004,Alta Mar
CAP-3633,2025-01-08,C153,Sepia,1.98,A0004,Ria
CAP-3634,2025-01-20,C153,Calamar,0.52,A0004,Playa
CAP-3635,2025-01-10,C153,Calamar,0.49,A0004,Playa
CAP-3636,2025-02-02,C153,Calamar,0.51,A0004,Alta Mar
CAP-3637,2024-07-16,C190,Serviola,1.56,A0032,Playa
CAP-3638,2024-07-07,C010,Sama,9.5,A0030,Alta Mar
CAP-3639,2024-07-02,C010,Cabrilla,1.5,A0030,Ria
CAP-3640,2024-07-19,C010,Sama,8.96,A0030,Alta Mar
CAP-3641,2024-11-05,C176,Mero,7.53,A0033,Playa
CAP-3642,2024-07-28,C065,Bonito del Norte,12.96,A0026,Alta Mar
CAP-3643,2024-07-23,C065,Llampuga,5.22,A0026,Alta Mar
CAP-3644,2024-08-16,C065,Llampuga,7.86,A0026,Espigon
CAP-3645,2024-12-07,C232,Calamar,1.42,A0003,Espigon
CAP-3646,2024-12-19,C232,Calamar,0.57,A0003,Alta Mar
CAP-3647,2024-12-18,C232,Calamar,0.63,A0003,Ria
CAP-3648,2025-01-01,C232,Sepia,1.87,A0003,Ria
CAP-3649,2024-09-09,C164,Serviola,0.93,A0032,Ria
CAP-3650,2024-10-07,C164,Mero,11.7,A0032,Playa
CAP-3651,2024-10-30,C110,Sargo,0.61,A0021,Ria
CAP-3652,2024-10-24,C110,Sargo,0.82,A0021,Alta Mar
CAP-3653,2024-11-01,C110,Sargo,0.85,A0021,Playa
CAP-3654,2024-11-20,C110,Sargo,0.98,A0021,Alta Mar
CAP-3655,2024-06-09,C254,Cabrilla,1.05,A0031,Espigon
CAP-3656,2024-06-01,C254,Cabrilla,0.69,A0031,Playa
CAP-3657,2024-10-04,C260,Herrera,0.48,A0021,Alta Mar
CAP-3658,2024-10-22,C260,Sargo,1.01,A0021,Espigon
CAP-3659,2024-10-21,C260,Herrera,0.49,A0021,Alta Mar
CAP-3660,2024-10-13,C260,Herrera,0.7,A0021,Espigon
CAP-3661,2024-03-11,C088,Mero,4.57,A0033,Espigon
CAP-3662,2024-09-07,C155,Denton,2.81,A0033,Alta Mar
CAP-3663,2024-10-01,C276,Sargo,0.47,A0021,Ria
CAP-3664,2024-10-15,C276,Herrera,0.33,A0021,Alta Mar
CAP-3665,2025-01-06,C257,Mabra,1.74,A0022,Playa
CAP-3666,2025-01-06,C257,Mabra,1.23,A0022,Alta Mar
CAP-3667,2025-01-10,C257,Mabra,1.07,A0022,Alta Mar
CAP-3668,2025-01-01,C257,Herrera,0.4,A0022,Alta Mar
CAP-3669,2025-01-08,C257,Mabra,1.66,A0022,Ria
CAP-3670,2025-01-30,C257,Dorada,2.46,A0022,Alta Mar
CAP-3671,2024-02-29,C119,Denton,1.66,A0033,Playa
CAP-3672,2024-04-06,C119,Denton,2.84,A0033,Espigon
CAP-3673,2024-03-22,C119,Denton,6.7,A0033,Alta Mar
CAP-3674,2024-08-28,C165,Mero,10.89,A0032,Espigon
CAP-3675,2024-08-25,C135,Llampuga,8.71,A0026,Espigon
CAP-3676,2024-08-18,C135,Llampuga,4.2,A0026,Playa
CAP-3677,2024-12-19,C202,Calamar,0.69,A0005,Ria
CAP-3678,2024-12-06,C202,Calamar,1.45,A0005,Alta Mar
CAP-3679,2024-12-23,C202,Calamar,1.23,A0005,Espigon
CAP-3680,2024-09-18,C096,Llampuga,6.8,A0027,Playa
CAP-3681,2024-09-21,C096,Bonito del Norte,12.34,A0027,Alta Mar
CAP-3682,2024-07-19,C004,Llampuga,2.01,A0027,Playa
CAP-3683,2024-11-10,C097,Jurel,0.55,A0017,Espigon
CAP-3684,2024-12-17,C106,Cabrilla,1.71,A0030,Playa
CAP-3685,2025-01-02,C128,Calamar,1.12,A0005,Playa
CAP-3686,2024-12-19,C128,Calamar,0.42,A0005,Alta Mar
CAP-3687,2024-12-27,C128,Calamar,0.54,A0005,Alta Mar
CAP-3688,2024-05-31,C266,Lubina,1.64,A0022,Ria
CAP-3689,2024-06-05,C266,Mabra,1.38,A0022,Alta Mar
CAP-3690,2024-06-20,C266,Mabra,0.94,A0022,Ria
CAP-3691,2024-07-03,C266,Herrera,0.42,A0022,Ria
CAP-3692,2024-01-27,C134,Anjova,2.72,A0018,Ria
CAP-3693,2025-01-08,C149,Denton,3.67,A0032,Ria
CAP-3694,2024-11-07,C182,Pulpo,3.99,A0006,Espigon
CAP-3695,2024-11-10,C182,Pulpo,3.23,A0006,Espigon
CAP-3696,2024-11-02,C182,Pulpo,4.73,A0006,Alta Mar
CAP-3697,2024-11-22,C182,Sepia,1.12,A0006,Playa
CAP-3698,2024-11-08,C182,Sepia,0.36,A0006,Ria
CAP-3699,2024-11-28,C182,Sepia,1.09,A0006,Espigon
CAP-3700,2024-11-27,C182,Calamar,0.34,A0006,Espigon
CAP-3701,2024-05-31,C223,Mero,10.27,A0032,Alta Mar
CAP-3702,2024-05-28,C223,Serviola,1.01,A0032,Espigon
CAP-3703,2024-05-28,C223,Serviola,1.14,A0032,Playa
CAP-3704,2024-08-03,C285,Denton,3.23,A0032,Espigon
CAP-3705,2024-07-24,C285,Serviola,1.55,A0032,Alta Mar
CAP-3706,2024-02-05,C247,Calamar,1.45,A0006,Ria
CAP-3707,2024-01-31,C247,Calamar,0.45,A0006,Ria
CAP-3708,2024-07-21,C080,Sama,5.03,A0030,Espigon
CAP-3709,2024-08-01,C080,Sama,2.28,A0030,Playa
CAP-3710,2024-03-04,C195,Dorada,0.58,A0022,Alta Mar
CAP-3711,2024-03-24,C195,Dorada,2.0,A0022,Alta Mar
CAP-3712,2024-03-21,C195,Sargo,0.71,A0022,Playa
CAP-3713,2024-03-23,C195,Mabra,1.84,A0022,Espigon
CAP-3714,2024-03-29,C195,Mabra,1.47,A0022,Alta Mar
CAP-3715,2024-04-06,C195,Mabra,1.96,A0022,Alta Mar
CAP-3716,2024-04-14,C195,Dorada,2.71,A0022,Playa
CAP-3717,2024-08-29,C197,Llampuga,6.84,A0028,Espigon
CAP-3718,2024-03-02,C108,Pargo,1.99,A0031,Espigon
CAP-3719,2024-11-08,C050,Sargo,0.58,A0022,Playa
CAP-3720,2024-10-19,C050,Herrera,0.57,A0022,Ria
CAP-3721,2024-10-31,C050,Dorada,2.52,A0022,Espigon
CAP-3722,2024-12-01,C050,Sargo,0.77,A0022,Playa
CAP-3723,2024-11-04,C050,Sargo,1.0,A0022,Espigon
CAP-3724,2024-11-17,C050,Herrera,0.66,A0022,Playa
CAP-3725,2024-11-14,C180,Sepia,0.72,A0006,Espigon
CAP-3726,2024-11-01,C180,Sepia,1.5,A0006,Espigon
CAP-3727,2024-11-28,C180,Sepia,0.65,A0006,Ria
CAP-3728,2024-12-03,C180,Calamar,0.74,A0006,Espigon
CAP-3729,2024-10-20,C138,Mabra,1.69,A0021,Alta Mar
CAP-3730,2024-10-28,C138,Herrera,0.25,A0021,Ria
CAP-3731,2024-10-27,C138,Dorada,2.23,A0021,Espigon
CAP-3732,2024-11-02,C290,Calamar,0.76,A0001,Ria
CAP-3733,2024-11-17,C290,Sepia,0.85,A0001,Alta Mar
CAP-3734,2024-11-10,C290,Sepia,1.71,A0001,Alta Mar
CAP-3735,2024-12-08,C290,Calamar,1.0,A0001,Espigon
CAP-3736,2024-12-05,C290,Calamar,0.4,A0001,Espigon
CAP-3737,2024-12-12,C290,Calamar,1.04,A0001,Playa
CAP-3738,2024-05-10,C072,Anjova,3.66,A0013,Alta Mar
CAP-3739,2024-05-22,C072,Jurel,0.8,A0013,Playa
CAP-3740,2024-11-05,C174,Serviola,1.2,A0032,Espigon
CAP-3741,2024-09-13,C121,Mero,10.91,A0032,Ria
CAP-3742,2024-09-21,C121,Denton,3.71,A0032,Espigon
CAP-3743,2024-03-06,C299,Lubina,1.88,A0015,Alta Mar
CAP-3744,2024-06-05,C165,Cabrilla,1.5,A0031,Ria
CAP-3745,2024-06-18,C165,Gallineta,0.63,A0031,Ria
CAP-3746,2024-06-18,C082,Mero,11.47,A0030,Espigon
CAP-3747,2024-10-25,C009,Denton,1.57,A0033,Ria
CAP-3748,2024-10-14,C009,Denton,4.73,A0033,Espigon
CAP-3749,2024-01-06,C232,Calamar,1.11,A0004,Alta Mar
CAP-3750,2024-01-12,C232,Calamar,0.69,A0004,Alta Mar
CAP-3751,2024-01-22,C232,Calamar,1.5,A0004,Playa
CAP-3752,2024-01-30,C232,Calamar,1.06,A0004,Alta Mar
CAP-3753,2024-10-27,C240,Pargo,1.43,A0031,Ria
CAP-3754,2024-10-19,C240,Pargo,1.45,A0031,Espigon
CAP-3755,2024-07-31,C020,Lubina,1.49,A0021,Playa
CAP-3756,2024-07-29,C020,Herrera,0.49,A0021,Ria
CAP-3757,2024-08-26,C020,Herrera,0.42,A0021,Playa
CAP-3758,2024-08-10,C020,Herrera,0.59,A0021,Ria
CAP-3759,2024-08-19,C020,Herrera,0.69,A0021,Espigon
CAP-3760,2024-01-25,C238,Calamar,0.81,A0004,Alta Mar
CAP-3761,2024-02-11,C238,Calamar,0.56,A0004,Playa
CAP-3762,2024-02-08,C238,Sepia,0.71,A0004,Alta Mar
CAP-3763,2024-02-08,C101,Serviola,1.21,A0033,Ria
CAP-3764,2024-02-19,C101,Denton,4.68,A0033,Espigon
CAP-3765,2025-01-19,C300,Anjova,2.87,A0010,Ria
CAP-3766,2024-02-20,C266,Lubina,3.73,A0013,Alta Mar
CAP-3767,2024-02-28,C266,Anjova,6.16,A0013,Playa
CAP-3768,2024-09-14,C199,Bonito del Norte,4.8,A0028,Playa
CAP-3769,2024-10-09,C199,Llampuga,8.21,A0028,Ria
CAP-3770,2024-10-16,C199,Bacoreta,1.52,A0028,Ria
CAP-3771,2024-03-28,C102,Pargo,1.68,A0031,Alta Mar
CAP-3772,2024-03-27,C102,Cabrilla,0.55,A0031,Espigon
CAP-3773,2024-04-19,C102,Pargo,1.04,A0031,Playa
CAP-3774,2024-04-11,C102,Mero,11.32,A0031,Alta Mar
CAP-3775,2024-01-25,C235,Pulpo,4.75,A0001,Alta Mar
CAP-3776,2024-01-30,C235,Pulpo,1.26,A0001,Espigon
CAP-3777,2024-10-30,C018,Denton,4.8,A0033,Playa
CAP-3778,2024-04-09,C035,Pargo,1.37,A0031,Espigon
CAP-3779,2024-11-21,C065,Cabrilla,0.65,A0030,Espigon
CAP-3780,2024-11-26,C065,Cabrilla,1.58,A0030,Ria
CAP-3781,2024-12-13,C065,San Pedro,1.46,A0030,Alta Mar
CAP-3782,2024-04-04,C282,Anjova,3.91,A0018,Espigon
CAP-3783,2024-04-27,C282,Lubina,4.44,A0018,Playa
CAP-3784,2024-03-29,C148,Serviola,0.87,A0033,Playa
CAP-3785,2024-04-22,C104,Mero,6.87,A0033,Espigon
CAP-3786,2024-09-13,C040,Llampuga,2.02,A0028,Alta Mar
CAP-3787,2024-11-07,C213,Calamar,1.05,A0005,Ria
CAP-3788,2024-02-13,C237,Sepia,1.29,A0007,Playa
CAP-3789,2024-08-24,C123,Bonito del Norte,8.75,A0026,Ria
CAP-3790,2024-08-25,C123,Bacoreta,1.46,A0026,Alta Mar
CAP-3791,2024-12-24,C223,Denton,5.33,A0032,Alta Mar
CAP-3792,2024-05-22,C299,Baila,1.13,A0015,Playa
CAP-3793,2024-06-03,C299,Jurel,0.86,A0015,Espigon
CAP-3794,2024-06-01,C299,Baila,0.9,A0015,Alta Mar
CAP-3795,2024-09-07,C011,Serviola,0.98,A0032,Espigon
CAP-3796,2024-09-04,C011,Denton,4.89,A0032,Playa
CAP-3797,2024-03-17,C248,Baila,0.64,A0013,Playa
CAP-3798,2024-07-10,C035,Gallineta,1.36,A0031,Espigon
CAP-3799,2024-01-18,C022,Anjova,6.96,A0015,Alta Mar
CAP-3800,2024-02-05,C022,Serviola,1.39,A0015,Alta Mar
CAP-3801,2025-01-01,C211,Anjova,4.21,A0013,Ria
CAP-3802,2024-03-15,C161,Denton,2.07,A0031,Ria
CAP-3803,2024-03-27,C161,Cabrilla,0.83,A0031,Espigon
CAP-3804,2024-04-11,C161,Pargo,1.67,A0031,Playa
CAP-3805,2024-04-03,C161,Pargo,1.11,A0031,Alta Mar
CAP-3806,2024-01-24,C026,Sepia,1.31,A0003,Playa
CAP-3807,2024-08-10,C133,Bonito del Norte,4.69,A0028,Espigon
CAP-3808,2024-08-02,C133,Bacoreta,1.27,A0028,Alta Mar
CAP-3809,2024-05-24,C009,Serviola,1.41,A0032,Alta Mar
CAP-3810,2024-06-02,C009,Serviola,1.18,A0032,Alta Mar
CAP-3811,2024-12-03,C011,Serviola,0.53,A0032,Playa
CAP-3812,2024-12-09,C011,Serviola,1.87,A0032,Playa
CAP-3813,2024-12-18,C011,Denton,7.82,A0032,Espigon
CAP-3814,2025-01-10,C011,Serviola,0.67,A0032,Playa
CAP-3815,2024-02-12,C108,Mero,4.87,A0031,Ria
CAP-3816,2024-02-08,C108,Denton,4.56,A0031,Alta Mar
CAP-3817,2024-03-10,C161,Lubina,1.14,A0012,Ria
CAP-3818,2024-03-21,C161,Anjova,4.98,A0012,Alta Mar
CAP-3819,2024-03-24,C161,Espeton,1.44,A0012,Espigon
CAP-3820,2024-01-29,C097,Calamar,0.65,A0001,Alta Mar
CAP-3821,2024-01-22,C097,Calamar,0.91,A0001,Alta Mar
CAP-3822,2024-08-01,C284,Denton,5.4,A0032,Espigon
CAP-3823,2025-01-22,C018,Serviola,1.84,A0033,Alta Mar
CAP-3824,2025-02-10,C018,Mero,13.33,A0033,Espigon
CAP-3825,2024-01-21,C046,Calamar,0.96,A0005,Playa
CAP-3826,2024-11-04,C088,Calamar,1.13,A0003,Ria
CAP-3827,2024-11-24,C088,Calamar,1.33,A0003,Alta Mar
CAP-3828,2024-11-07,C088,Pulpo,1.54,A0003,Espigon
CAP-3829,2024-11-11,C088,Pulpo,2.6,A0003,Alta Mar
CAP-3830,2024-11-18,C088,Pulpo,3.07,A0003,Espigon
CAP-3831,2025-01-14,C217,Sargo,1.09,A0021,Playa
CAP-3832,2024-12-28,C217,Sargo,0.39,A0021,Ria
CAP-3833,2025-01-19,C217,Sargo,0.72,A0021,Espigon
CAP-3834,2025-01-28,C217,Herrera,0.61,A0021,Playa
CAP-3835,2025-01-03,C217,Herrera,0.65,A0021,Espigon
CAP-3836,2025-01-11,C217,Herrera,0.5,A0021,Playa
CAP-3837,2025-02-05,C217,Herrera,0.42,A0021,Alta Mar
CAP-3838,2024-09-06,C208,Lubina,2.79,A0018,Playa
CAP-3839,2024-09-09,C208,Anjova,6.57,A0018,Alta Mar
CAP-3840,2024-09-13,C208,Anjova,6.56,A0018,Playa
CAP-3841,2024-09-19,C208,Anjova,6.04,A0018,Ria
CAP-3842,2024-02-23,C228,Baila,1.5,A0014,Ria
CAP-3843,2024-03-05,C228,Lubina,0.72,A0014,Ria
CAP-3844,2024-03-11,C228,Anjova,3.37,A0014,Ria
CAP-3845,2024-12-13,C197,Calamar,0.93,A0006,Ria
CAP-3846,2024-02-16,C256,Cabrilla,1.89,A0030,Alta Mar
CAP-3847,2024-02-20,C256,Pargo,0.6,A0030,Alta Mar
CAP-3848,2024-12-26,C286,Calamar,1.19,A0003,Ria
CAP-3849,2024-12-25,C286,Calamar,1.16,A0003,Espigon
CAP-3850,2024-12-02,C221,Sepia,1.31,A0003,Playa
CAP-3851,2024-12-25,C221,Calamar,0.4,A0003,Ria
CAP-3852,2024-04-01,C264,Mabra,0.68,A0021,Alta Mar
CAP-3853,2024-03-30,C264,Herrera,0.73,A0021,Alta Mar
CAP-3854,2024-03-17,C264,Herrera,0.36,A0021,Alta Mar
CAP-3855,2024-04-08,C264,Mabra,1.04,A0021,Espigon
CAP-3856,2024-04-17,C264,Herrera,0.37,A0021,Ria
CAP-3857,2024-11-05,C213,Sepia,1.7,A0001,Playa
CAP-3858,2024-06-24,C292,Melva,0.73,A0026,Espigon
CAP-3859,2024-07-01,C292,Bacoreta,1.05,A0026,Espigon
CAP-3860,2024-06-16,C197,Bacoreta,0.5,A0027,Alta Mar
CAP-3861,2024-06-27,C197,Bonito del Norte,13.64,A0027,Ria
CAP-3862,2024-11-22,C247,Sepia,0.88,A0002,Playa
CAP-3863,2024-05-06,C152,Mabra,1.8,A0021,Ria
CAP-3864,2024-06-02,C152,Mabra,1.73,A0021,Playa
CAP-3865,2024-10-24,C058,Mero,3.31,A0032,Ria
CAP-3866,2024-05-20,C220,Serviola,0.52,A0032,Alta Mar
CAP-3867,2024-12-13,C021,Serviola,0.68,A0033,Playa
CAP-3868,2024-12-10,C075,Denton,7.42,A0032,Espigon
CAP-3869,2024-12-14,C075,Serviola,0.59,A0032,Alta Mar
CAP-3870,2024-12-11,C075,Denton,7.24,A0032,Playa
CAP-3871,2024-09-23,C182,Mero,4.27,A0030,Alta Mar
CAP-3872,2024-10-06,C182,Sama,5.62,A0030,Alta Mar
CAP-3873,2024-10-24,C182,San Pedro,1.76,A0030,Alta Mar
CAP-3874,2024-09-16,C111,Bonito del Norte,9.01,A0026,Ria
CAP-3875,2024-09-18,C111,Bonito del Norte,8.19,A0026,Playa
CAP-3876,2024-06-30,C044,Espeton,0.92,A0015,Alta Mar
CAP-3877,2024-08-27,C239,Bonito del Norte,4.65,A0028,Playa
CAP-3878,2024-03-29,C081,Herrera,0.64,A0022,Alta Mar
CAP-3879,2024-03-09,C081,Herrera,0.33,A0022,Alta Mar
CAP-3880,2024-04-06,C081,Herrera,0.65,A0022,Ria
CAP-3881,2024-04-04,C081,Herrera,0.6,A0022,Espigon
CAP-3882,2024-03-24,C081,Herrera,0.39,A0022,Playa
CAP-3883,2024-05-22,C070,Serviola,1.52,A0032,Espigon
CAP-3884,2024-06-14,C070,Mero,5.05,A0032,Ria
CAP-3885,2024-06-14,C070,Serviola,1.59,A0032,Ria
CAP-3886,2024-04-16,C129,Baila,0.68,A0011,Alta Mar
CAP-3887,2024-05-04,C129,Lubina,0.8,A0011,Espigon
CAP-3888,2024-05-09,C129,Lubina,2.41,A0011,Playa
CAP-3889,2025-01-01,C288,Baila,0.59,A0014,Playa
CAP-3890,2024-05-22,C284,Denton,3.33,A0033,Alta Mar
CAP-3891,2024-09-17,C284,Mero,10.92,A0033,Alta Mar
CAP-3892,2024-09-26,C284,Denton,5.04,A0033,Alta Mar
CAP-3893,2024-09-12,C284,Mero,7.95,A0033,Espigon
CAP-3894,2024-05-22,C172,Sargo,0.3,A0022,Espigon
CAP-3895,2024-06-05,C172,Mabra,0.92,A0022,Espigon
CAP-3896,2024-02-18,C222,Mero,14.88,A0033,Playa
CAP-3897,2024-03-10,C222,Serviola,1.23,A0033,Playa
CAP-3898,2024-02-10,C009,Mero,3.98,A0032,Alta Mar
CAP-3899,2024-02-04,C009,Denton,6.05,A0032,Alta Mar
CAP-3900,2024-03-17,C260,Herrera,0.45,A0022,Alta Mar
CAP-3901,2024-04-01,C260,Mabra,1.64,A0022,Ria
CAP-3902,2024-04-14,C260,Mabra,0.66,A0022,Ria
CAP-3903,2024-04-18,C260,Herrera,0.39,A0022,Ria
CAP-3904,2024-01-27,C150,Serviola,1.35,A0032,Espigon
CAP-3905,2025-01-09,C030,Lubina,3.48,A0014,Playa
CAP-3906,2025-01-02,C030,Anjova,5.23,A0014,Ria
CAP-3907,2025-01-07,C290,Calamar,0.31,A0006,Ria
CAP-3908,2024-12-26,C290,Calamar,1.27,A0006,Espigon
CAP-3909,2025-01-05,C290,Calamar,1.37,A0006,Playa
CAP-3910,2024-09-22,C090,Baila,0.56,A0011,Alta Mar
CAP-3911,2024-09-18,C090,Baila,1.33,A0011,Playa
CAP-3912,2024-10-12,C090,Lubina,2.69,A0011,Ria
CAP-3913,2024-10-29,C090,Anjova,5.15,A0011,Espigon
CAP-3914,2024-11-04,C090,Lubina,4.43,A0011,Ria
CAP-3915,2024-05-08,C157,Jurel,0.58,A0011,Espigon
CAP-3916,2024-10-19,C064,Calamar,1.19,A0004,Alta Mar
CAP-3917,2025-01-10,C205,Lubina,3.2,A0015,Espigon
CAP-3918,2025-01-16,C205,Lubina,1.14,A0015,Espigon
CAP-3919,2024-12-28,C205,Lubina,1.84,A0015,Ria
CAP-3920,2024-10-24,C100,Calamar,0.94,A0004,Ria
CAP-3921,2024-11-02,C100,Sepia,1.14,A0004,Playa
CAP-3922,2024-11-19,C100,Sepia,0.93,A0004,Ria
CAP-3923,2024-04-28,C160,Sargo,0.66,A0022,Ria
CAP-3924,2024-04-26,C160,Rodaballo,0.71,A0022,Playa
CAP-3925,2024-07-14,C070,Mero,4.53,A0033,Espigon
CAP-3926,2024-06-29,C070,Serviola,1.78,A0033,Alta Mar
CAP-3927,2024-08-15,C211,Anjova,6.33,A0015,Playa
CAP-3928,2024-08-15,C211,Baila,0.91,A0015,Playa
CAP-3929,2024-09-03,C211,Lubina,1.83,A0015,Ria
CAP-3930,2024-08-23,C140,Bacoreta,0.7,A0026,Espigon
CAP-3931,2024-09-01,C140,Bonito del Norte,12.58,A0026,Espigon
CAP-3932,2024-04-07,C172,Denton,3.96,A0032,Playa
CAP-3933,2024-06-01,C248,Espeton,1.73,A0016,Ria
CAP-3934,2024-06-14,C248,Lubina,3.24,A0016,Playa
CAP-3935,2024-07-10,C248,Palometon,9.82,A0016,Espigon
CAP-3936,2024-10-03,C062,Cabrilla,1.85,A0031,Ria
CAP-3937,2024-04-04,C034,Cabrilla,0.96,A0031,Ria
CAP-3938,2024-06-02,C020,Pargo,1.59,A0031,Ria
CAP-3939,2024-02-01,C238,Sepia,1.73,A0002,Alta Mar
CAP-3940,2024-02-06,C238,Sepia,1.74,A0002,Playa
CAP-3941,2024-06-09,C165,Mero,6.56,A0033,Ria
CAP-3942,2024-06-07,C165,Denton,2.46,A0033,Playa
CAP-3943,2024-11-08,C070,Denton,7.61,A0033,Ria
CAP-3944,2024-11-09,C070,Denton,6.81,A0033,Playa
CAP-3945,2024-09-27,C268,Denton,6.83,A0033,Espigon
CAP-3946,2024-05-09,C033,Pargo,1.6,A0031,Alta Mar
CAP-3947,2024-05-15,C033,Cabrilla,0.96,A0031,Alta Mar
CAP-3948,2024-05-29,C033,Denton,3.86,A0031,Ria
CAP-3949,2024-08-01,C091,Mero,14.16,A0032,Ria
CAP-3950,2024-07-28,C091,Serviola,1.38,A0032,Espigon
CAP-3951,2024-08-07,C091,Serviola,0.78,A0032,Alta Mar
CAP-3952,2024-09-12,C115,Llampuga,5.93,A0027,Alta Mar
CAP-3953,2024-09-23,C115,Llampuga,8.2,A0027,Ria
CAP-3954,2024-06-13,C073,Lubina,4.38,A0014,Playa
CAP-3955,2024-07-16,C288,Bonito del Norte,6.09,A0027,Alta Mar
CAP-3956,2024-07-29,C288,Llampuga,9.16,A0027,Espigon
CAP-3957,2024-07-13,C288,Bacoreta,1.94,A0027,Espigon
CAP-3958,2024-09-30,C250,Llampuga,8.18,A0027,Ria
CAP-3959,2024-10-04,C250,Bonito del Norte,11.92,A0027,Ria
CAP-3960,2024-02-14,C246,Sepia,1.81,A0003,Alta Mar
CAP-3961,2024-02-09,C118,Calamar,0.96,A0004,Playa
CAP-3962,2024-02-12,C118,Calamar,1.36,A0004,Playa
CAP-3963,2024-11-27,C238,Calamar,0.73,A0004,Espigon
CAP-3964,2024-03-21,C017,Mabra,0.82,A0022,Espigon
CAP-3965,2024-03-13,C017,Dorada,1.31,A0022,Espigon
CAP-3966,2024-10-05,C039,Lubina,4.79,A0021,Playa
CAP-3967,2024-10-10,C039,Mabra,1.98,A0021,Ria
CAP-3968,2024-10-18,C039,Mabra,1.48,A0021,Alta Mar
CAP-3969,2024-10-22,C039,Mabra,0.59,A0021,Ria
CAP-3970,2024-10-15,C039,Sargo,0.3,A0021,Alta Mar
CAP-3971,2024-10-27,C039,Mabra,0.61,A0021,Espigon
CAP-3972,2024-11-04,C039,Dorada,1.29,A0021,Alta Mar
CAP-3973,2024-11-07,C039,Dorada,1.25,A0021,Playa
CAP-3974,2024-11-12,C039,Dorada,2.21,A0021,Ria
CAP-3975,2024-10-13,C250,Melva,1.8,A0027,Ria
CAP-3976,2024-09-25,C074,Pargo,0.99,A0031,Playa
CAP-3977,2024-09-29,C074,Cabrilla,1.04,A0031,Espigon
CAP-3978,2024-05-05,C191,Sargo,0.32,A0022,Alta Mar
CAP-3979,2025-01-15,C158,Serviola,1.46,A0033,Espigon
CAP-3980,2024-05-19,C209,Espeton,0.84,A0014,Playa
CAP-3981,2024-05-21,C209,Jurel,1.26,A0014,Playa
CAP-3982,2024-06-01,C209,Anjova,3.69,A0014,Espigon
CAP-3983,2024-11-16,C087,Calamar,0.21,A0007,Alta Mar
CAP-3984,2024-11-17,C087,Calamar,0.56,A0007,Espigon
CAP-3985,2024-11-11,C087,Sepia,0.57,A0007,Espigon
CAP-3986,2024-12-30,C149,Denton,4.4,A0033,Espigon
CAP-3987,2024-03-10,C257,Herrera,0.79,A0021,Alta Mar
CAP-3988,2024-06-18,C123,Bonito del Norte,7.49,A0026,Playa
CAP-3989,2024-07-03,C123,Llampuga,2.5,A0026,Ria
CAP-3990,2024-08-17,C033,Pargo,0.6,A0030,Alta Mar
CAP-3991,2024-07-28,C249,Dorada,1.08,A0021,Espigon
CAP-3992,2024-08-09,C249,Herrera,0.29,A0021,Playa
CAP-3993,2024-07-30,C249,Sargo,1.14,A0021,Espigon
CAP-3994,2024-09-16,C109,Denton,7.03,A0032,Alta Mar
CAP-3995,2024-10-05,C109,Mero,6.27,A0032,Alta Mar
CAP-3996,2024-10-11,C109,Serviola,1.48,A0032,Ria
CAP-3997,2024-01-28,C180,Serviola,0.73,A0032,Espigon
CAP-3998,2024-02-15,C180,Mero,11.54,A0032,Ria
CAP-3999,2024-02-04,C180,Denton,5.4,A0032,Alta Mar
CAP-4000,2024-02-19,C258,Serviola,0.79,A0033,Alta Mar
CAP-4001,2024-03-13,C258,Denton,2.88,A0033,Ria
CAP-4002,2024-01-20,C173,Serviola,0.68,A0033,Espigon
CAP-4003,2024-04-30,C082,Jurel,1.55,A0013,Ria
CAP-4004,2024-06-28,C194,Pargo,0.71,A0030,Playa
CAP-4005,2024-06-27,C163,Bonito del Norte,8.08,A0027,Ria
CAP-4006,2024-04-26,C217,Sargo,0.53,A0022,Ria
CAP-4007,2024-04-26,C217,Mabra,0.95,A0022,Espigon
CAP-4008,2024-05-19,C217,Lubina,3.52,A0022,Alta Mar
CAP-4009,2024-10-30,C218,Calamar,0.46,A0004,Alta Mar
CAP-4010,2024-04-02,C119,Serviola,0.93,A0033,Espigon
CAP-4011,2024-04-24,C119,Serviola,1.45,A0033,Espigon
CAP-4012,2024-07-15,C222,Denton,6.36,A0033,Alta Mar
CAP-4013,2024-07-28,C222,Denton,4.31,A0033,Playa
CAP-4014,2024-08-02,C222,Denton,7.45,A0033,Playa
CAP-4015,2024-10-12,C002,Llampuga,8.99,A0027,Ria
CAP-4016,2024-10-10,C002,Bonito del Norte,6.91,A0027,Playa
CAP-4017,2024-07-15,C022,Bonito del Norte,11.37,A0026,Alta Mar
CAP-4018,2024-07-29,C022,Bonito del Norte,12.08,A0026,Espigon
CAP-4019,2024-07-29,C022,Bonito del Norte,11.4,A0026,Ria
CAP-4020,2024-08-11,C022,Bonito del Norte,7.21,A0026,Playa
CAP-4021,2024-07-20,C291,Denton,5.13,A0030,Playa
CAP-4022,2024-07-23,C291,Denton,7.79,A0030,Alta Mar
CAP-4023,2024-07-27,C291,Mero,7.45,A0030,Alta Mar
CAP-4024,2024-08-21,C291,Sama,5.5,A0030,Ria
CAP-4025,2024-02-19,C125,Sepia,1.54,A0004,Playa
CAP-4026,2024-01-30,C125,Calamar,0.55,A0004,Ria
CAP-4027,2024-10-08,C097,Sepia,1.81,A0002,Alta Mar
CAP-4028,2024-11-01,C097,Calamar,1.04,A0002,Ria
CAP-4029,2024-11-29,C124,Denton,1.98,A0033,Ria
CAP-4030,2024-08-17,C253,Bonito del Norte,9.91,A0027,Ria
CAP-4031,2024-10-26,C112,Cabrilla,1.69,A0030,Playa
CAP-4032,2024-11-12,C112,Pargo,0.64,A0030,Espigon
CAP-4033,2024-08-21,C121,Serviola,1.54,A0033,Playa
CAP-4034,2024-07-09,C191,Lubina,2.14,A0015,Playa
CAP-4035,2024-10-04,C133,Bonito del Norte,9.25,A0027,Espigon
CAP-4036,2024-10-11,C133,Bacoreta,0.67,A0027,Alta Mar
CAP-4037,2024-10-09,C133,Bonito del Norte,13.92,A0027,Espigon
CAP-4038,2024-12-01,C235,Pulpo,1.34,A0003,Espigon
CAP-4039,2024-11-26,C235,Pulpo,4.12,A0003,Alta Mar
CAP-4040,2024-11-22,C235,Sepia,1.48,A0003,Espigon
CAP-4041,2024-12-16,C235,Sepia,1.42,A0003,Playa
CAP-4042,2024-12-02,C235,Sepia,0.88,A0003,Ria
CAP-4043,2024-12-14,C235,Sepia,1.79,A0003,Ria
CAP-4044,2024-12-13,C235,Sepia,1.58,A0003,Espigon
CAP-4045,2024-10-17,C285,Serviola,0.76,A0032,Ria
CAP-4046,2024-10-24,C285,Denton,5.29,A0032,Playa
CAP-4047,2024-11-15,C285,Mero,8.67,A0032,Alta Mar
CAP-4048,2024-07-28,C131,Corvina,8.82,A0022,Ria
CAP-4049,2024-08-01,C131,Dorada,2.81,A0022,Playa
CAP-4050,2024-04-26,C035,Cabrilla,1.89,A0030,Playa
CAP-4051,2024-11-29,C209,Lubina,4.59,A0010,Alta Mar
CAP-4052,2024-11-29,C209,Palometon,7.99,A0010,Ria
CAP-4053,2024-12-10,C209,Lubina,1.61,A0010,Espigon
CAP-4054,2024-03-24,C021,Serviola,1.0,A0032,Ria
CAP-4055,2024-04-05,C021,Serviola,1.48,A0032,Playa
CAP-4056,2024-03-21,C021,Denton,1.77,A0032,Ria
CAP-4057,2024-10-27,C208,Denton,7.2,A0032,Alta Mar
CAP-4058,2024-11-13,C208,Serviola,1.87,A0032,Espigon
CAP-4059,2024-11-11,C208,Denton,4.9,A0032,Alta Mar
CAP-4060,2024-12-04,C256,Sama,5.05,A0030,Playa
CAP-4061,2024-12-24,C256,Mero,13.87,A0030,Espigon
CAP-4062,2024-11-08,C035,Sama,5.94,A0031,Ria
CAP-4063,2024-11-29,C023,Mabra,0.59,A0022,Espigon
CAP-4064,2024-12-14,C023,Sargo,0.51,A0022,Espigon
CAP-4065,2024-12-30,C023,Sargo,1.17,A0022,Alta Mar
CAP-4066,2024-12-24,C023,Corvina,11.58,A0022,Alta Mar
CAP-4067,2025-01-10,C023,Herrera,0.7,A0022,Playa
CAP-4068,2024-10-20,C243,Sama,8.36,A0030,Ria
CAP-4069,2024-07-25,C044,Lubina,2.48,A0013,Playa
CAP-4070,2024-07-08,C044,Jurel,1.18,A0013,Espigon
CAP-4071,2024-07-23,C044,Lubina,2.59,A0013,Espigon
CAP-4072,2024-09-07,C199,Bacoreta,1.53,A0027,Ria
CAP-4073,2024-09-07,C199,Bonito del Norte,8.76,A0027,Ria
CAP-4074,2024-09-12,C199,Bacoreta,1.52,A0027,Alta Mar
CAP-4075,2024-06-22,C139,Gallineta,0.79,A0031,Ria
CAP-4076,2024-03-03,C256,Sama,5.96,A0030,Ria
CAP-4077,2024-10-27,C145,Calamar,1.47,A0001,Alta Mar
CAP-4078,2024-10-19,C145,Calamar,1.24,A0001,Ria
CAP-4079,2024-10-15,C145,Calamar,0.89,A0001,Espigon
CAP-4080,2024-12-18,C134,Mabra,1.84,A0022,Playa
CAP-4081,2024-02-16,C151,Serviola,0.83,A0032,Playa
CAP-4082,2024-09-06,C040,Bonito del Norte,10.44,A0028,Espigon
CAP-4083,2024-03-26,C009,Serviola,1.41,A0033,Espigon
CAP-4084,2024-04-01,C009,Serviola,0.97,A0033,Playa
CAP-4085,2024-03-21,C009,Mero,5.67,A0033,Alta Mar
CAP-4086,2024-10-13,C095,Dorada,0.53,A0022,Alta Mar
CAP-4087,2024-09-25,C095,Dorada,1.8,A0022,Ria
CAP-4088,2024-10-07,C095,Dorada,3.0,A0022,Ria
CAP-4089,2024-09-27,C095,Dorada,0.92,A0022,Espigon
CAP-4090,2024-10-24,C095,Herrera,0.73,A0022,Playa
CAP-4091,2024-10-02,C095,Herrera,0.5,A0022,Playa
CAP-4092,2024-03-03,C047,Sepia,0.35,A0003,Playa
CAP-4093,2024-02-17,C047,Calamar,1.48,A0003,Alta Mar
CAP-4094,2024-07-17,C113,Bonito del Norte,13.86,A0027,Ria
CAP-4095,2024-10-16,C178,Calamar,0.62,A0006,Espigon
CAP-4096,2024-11-02,C178,Calamar,1.1,A0006,Playa
CAP-4097,2024-10-09,C178,Calamar,0.64,A0006,Alta Mar
CAP-4098,2024-10-23,C178,Sepia,1.98,A0006,Playa
CAP-4099,2024-10-21,C178,Sepia,1.64,A0006,Alta Mar
CAP-4100,2024-11-18,C284,Denton,7.53,A0033,Ria
CAP-4101,2024-07-25,C016,Llampuga,4.91,A0027,Espigon
CAP-4102,2024-05-10,C080,Pargo,1.93,A0030,Alta Mar
CAP-4103,2024-05-06,C080,Cabrilla,0.82,A0030,Alta Mar
CAP-4104,2024-07-11,C198,Mero,14.4,A0033,Espigon
CAP-4105,2024-07-23,C198,Denton,5.99,A0033,Espigon
CAP-4106,2024-07-07,C062,Pargo,0.86,A0030,Espigon
CAP-4107,2024-12-24,C158,Serviola,1.43,A0033,Playa
CAP-4108,2024-06-26,C260,Corvina,7.75,A0021,Espigon
CAP-4109,2024-06-06,C260,Lubina,1.31,A0021,Alta Mar
CAP-4110,2024-07-09,C260,Dorada,1.22,A0021,Espigon
CAP-4111,2024-05-03,C132,Cabrilla,1.25,A0030,Espigon
CAP-4112,2024-05-31,C132,Gallineta,1.2,A0030,Alta Mar
CAP-4113,2024-06-06,C132,Pargo,1.01,A0030,Playa
CAP-4114,2024-05-31,C131,Sargo,0.71,A0021,Alta Mar
CAP-4115,2024-05-18,C131,Sargo,0.52,A0021,Espigon
CAP-4116,2024-05-27,C131,Herrera,0.57,A0021,Playa
CAP-4117,2024-05-25,C131,Mabra,0.9,A0021,Alta Mar
CAP-4118,2024-11-27,C151,Serviola,1.95,A0032,Alta Mar
CAP-4119,2024-02-24,C170,Dorada,1.1,A0021,Ria
CAP-4120,2024-03-08,C170,Dorada,0.68,A0021,Ria
CAP-4121,2024-02-22,C170,Sargo,0.2,A0021,Ria
CAP-4122,2024-03-02,C170,Sargo,0.58,A0021,Alta Mar
CAP-4123,2024-03-06,C170,Sargo,0.78,A0021,Alta Mar
CAP-4124,2024-03-04,C170,Herrera,0.32,A0021,Espigon
CAP-4125,2024-03-07,C170,Mabra,0.73,A0021,Espigon
CAP-4126,2024-06-02,C040,Bonito del Norte,13.13,A0027,Ria
CAP-4127,2024-07-06,C040,Bonito del Norte,6.04,A0027,Alta Mar
CAP-4128,2024-07-02,C040,Llampuga,3.6,A0027,Ria
CAP-4129,2024-10-28,C082,Cabrilla,0.59,A0030,Alta Mar
CAP-4130,2024-11-18,C082,Cabrilla,1.38,A0030,Ria
CAP-4131,2024-07-10,C286,Sama,3.43,A0030,Ria
CAP-4132,2024-05-06,C112,Pargo,1.6,A0031,Espigon
CAP-4133,2024-06-29,C071,Melva,0.88,A0027,Ria
CAP-4134,2024-07-08,C071,Llampuga,6.3,A0027,Espigon
CAP-4135,2024-02-26,C262,Mabra,1.63,A0022,Alta Mar
CAP-4136,2024-03-14,C262,Mabra,1.13,A0022,Espigon
CAP-4137,2024-06-19,C034,San Pedro,1.2,A0030,Playa
CAP-4138,2024-02-16,C153,Calamar,0.72,A0006,Playa
CAP-4139,2024-02-29,C153,Calamar,0.37,A0006,Playa
CAP-4140,2024-02-21,C153,Calamar,1.26,A0006,Ria
CAP-4141,2025-01-02,C233,Mabra,1.0,A0021,Espigon
CAP-4142,2024-12-25,C233,Sargo,0.91,A0021,Alta Mar
CAP-4143,2025-01-01,C233,Herrera,0.47,A0021,Ria
CAP-4144,2024-12-24,C233,Herrera,0.74,A0021,Ria
CAP-4145,2025-01-02,C218,Pulpo,2.86,A0002,Playa
CAP-4146,2024-12-21,C218,Sepia,1.6,A0002,Playa
CAP-4147,2025-01-22,C218,Calamar,1.17,A0002,Espigon
CAP-4148,2024-07-11,C230,Serviola,1.44,A0032,Playa
CAP-4149,2024-02-23,C226,Serviola,0.79,A0010,Playa
CAP-4150,2024-02-29,C226,Anjova,4.86,A0010,Playa
CAP-4151,2024-10-03,C182,Sama,5.42,A0030,Playa
CAP-4152,2024-10-16,C182,Cabrilla,1.24,A0030,Alta Mar
CAP-4153,2024-09-02,C086,Bacoreta,1.74,A0027,Ria
CAP-4154,2024-09-25,C086,Llampuga,5.2,A0027,Playa
CAP-4155,2024-02-15,C158,Denton,6.96,A0033,Playa
CAP-4156,2024-02-25,C158,Mero,10.58,A0033,Espigon
CAP-4157,2024-12-12,C050,Herrera,0.64,A0022,Espigon
CAP-4158,2024-11-21,C050,Herrera,0.63,A0022,Playa
CAP-4159,2024-10-20,C290,Calamar,0.46,A0002,Playa
CAP-4160,2024-11-12,C290,Calamar,0.59,A0002,Playa
CAP-4161,2024-11-21,C290,Calamar,0.9,A0002,Ria
CAP-4162,2024-02-25,C138,Anjova,4.82,A0013,Playa
CAP-4163,2024-02-24,C138,Jurel,1.43,A0013,Playa
CAP-4164,2024-06-19,C245,Mabra,0.58,A0021,Ria
CAP-4165,2024-06-12,C245,Sargo,0.71,A0021,Alta Mar
CAP-4166,2024-01-16,C247,Palometon,9.91,A0015,Playa
CAP-4167,2024-02-13,C247,Lubina,4.88,A0015,Espigon
CAP-4168,2024-02-11,C247,Jurel,1.61,A0015,Alta Mar
CAP-4169,2024-08-09,C121,Serviola,1.78,A0032,Espigon
CAP-4170,2024-08-04,C272,Llampuga,3.73,A0026,Playa
CAP-4171,2024-08-26,C272,Bonito del Norte,7.61,A0026,Ria
CAP-4172,2024-08-16,C272,Bonito del Norte,8.25,A0026,Espigon
CAP-4173,2024-12-11,C254,Pulpo,4.85,A0006,Ria
CAP-4174,2024-01-13,C204,Lubina,3.64,A0017,Espigon
CAP-4175,2024-04-04,C098,Lubina,1.58,A0012,Alta Mar
CAP-4176,2024-11-28,C007,Mero,12.17,A0031,Ria
CAP-4177,2024-02-02,C246,Sepia,1.63,A0001,Espigon
CAP-4178,2024-02-11,C246,Sepia,0.77,A0001,Playa
CAP-4179,2024-02-28,C246,Calamar,1.1,A0001,Playa
CAP-4180,2024-02-21,C246,Calamar,0.21,A0001,Espigon
CAP-4181,2024-09-26,C085,San Pedro,1.33,A0030,Espigon
CAP-4182,2024-08-18,C011,Serviola,1.65,A0033,Ria
CAP-4183,2024-09-02,C011,Denton,3.71,A0033,Alta Mar
CAP-4184,2024-09-20,C011,Mero,8.54,A0033,Alta Mar
CAP-4185,2024-01-31,C001,Lubina,2.64,A0013,Playa
CAP-4186,2024-01-10,C110,Calamar,0.27,A0007,Espigon
CAP-4187,2024-01-23,C110,Calamar,0.42,A0007,Ria
CAP-4188,2024-02-06,C110,Calamar,0.52,A0007,Ria
CAP-4189,2024-06-17,C269,Serviola,0.57,A0032,Alta Mar
CAP-4190,2024-08-17,C222,Serviola,1.33,A0032,Playa
CAP-4191,2024-09-02,C222,Denton,2.97,A0032,Playa
CAP-4192,2024-09-01,C222,Denton,2.37,A0032,Ria
CAP-4193,2024-07-12,C183,Llampuga,9.45,A0027,Playa
CAP-4194,2024-08-14,C183,Bonito del Norte,8.46,A0027,Playa
CAP-4195,2024-08-22,C183,Bonito del Norte,13.06,A0027,Playa
CAP-4196,2024-02-17,C153,Pulpo,1.72,A0007,Ria
CAP-4197,2024-11-30,C100,Calamar,0.24,A0001,Espigon
CAP-4198,2024-11-29,C100,Calamar,1.14,A0001,Alta Mar
CAP-4199,2024-12-21,C100,Calamar,1.03,A0001,Alta Mar
CAP-4200,2024-12-19,C100,Calamar,0.51,A0001,Playa
CAP-4201,2024-02-24,C257,Dorada,0.8,A0021,Alta Mar
CAP-4202,2024-01-27,C087,Sepia,0.85,A0007,Alta Mar
CAP-4203,2024-07-15,C183,Serviola,0.86,A0033,Alta Mar
CAP-4204,2024-08-05,C183,Mero,10.61,A0033,Alta Mar
CAP-4205,2024-08-01,C183,Serviola,1.37,A0033,Ria
CAP-4206,2024-08-17,C183,Denton,1.75,A0033,Ria
CAP-4207,2024-09-01,C114,Pargo,1.47,A0031,Playa
CAP-4208,2024-08-10,C044,Lubina,1.63,A0018,Playa
CAP-4209,2024-08-01,C044,Anjova,5.94,A0018,Alta Mar
CAP-4210,2024-03-20,C181,Pargo,1.5,A0030,Alta Mar
CAP-4211,2024-04-05,C181,Cabrilla,1.39,A0030,Espigon
CAP-4212,2024-04-04,C181,Gallineta,0.54,A0030,Espigon
CAP-4213,2024-06-07,C109,Serviola,1.83,A0032,Playa
CAP-4214,2024-02-10,C286,San Pedro,1.61,A0031,Playa
CAP-4215,2024-02-19,C286,Cabrilla,0.92,A0031,Alta Mar
CAP-4216,2024-02-06,C286,Gallineta,0.85,A0031,Ria
CAP-4217,2024-11-04,C285,Denton,2.69,A0033,Espigon
CAP-4218,2024-12-24,C113,Lubina,2.08,A0018,Ria
CAP-4219,2024-02-26,C059,Rodaballo,1.98,A0022,Alta Mar
CAP-4220,2024-03-05,C059,Dorada,2.18,A0022,Playa
CAP-4221,2024-08-24,C193,Bonito del Norte,9.47,A0026,Alta Mar
CAP-4222,2024-08-25,C193,Llampuga,8.75,A0026,Playa
CAP-4223,2024-09-03,C193,Llampuga,2.63,A0026,Playa
CAP-4224,2024-09-18,C193,Llampuga,8.01,A0026,Espigon
CAP-4225,2024-04-04,C198,Mero,7.16,A0032,Playa
CAP-4226,2024-01-18,C021,Anjova,2.79,A0011,Ria
CAP-4227,2024-07-23,C275,Melva,1.87,A0027,Ria
CAP-4228,2024-08-02,C275,Melva,0.92,A0027,Ria
CAP-4229,2024-08-24,C275,Melva,1.49,A0027,Espigon
CAP-4230,2024-05-31,C132,Anjova,4.54,A0013,Ria
CAP-4231,2024-05-24,C132,Lubina,1.83,A0013,Ria
CAP-4232,2024-04-30,C204,Lubina,4.87,A0018,Playa
CAP-4233,2024-04-22,C204,Anjova,2.39,A0018,Ria
CAP-4234,2024-04-27,C204,Anjova,6.36,A0018,Alta Mar
CAP-4235,2024-09-06,C164,Serviola,1.57,A0032,Espigon
CAP-4236,2024-04-01,C012,Mero,9.37,A0033,Playa
CAP-4237,2024-08-19,C225,Pargo,1.6,A0031,Espigon
CAP-4238,2024-08-07,C225,Sama,6.98,A0031,Playa
CAP-4239,2024-02-18,C006,Dorada,0.71,A0022,Espigon
CAP-4240,2024-02-25,C006,Dorada,1.12,A0022,Ria
CAP-4241,2024-02-11,C006,Herrera,0.27,A0022,Espigon
CAP-4242,2024-02-07,C222,Mero,12.52,A0032,Ria
CAP-4243,2024-07-22,C188,Sama,5.36,A0031,Alta Mar
CAP-4244,2024-08-30,C292,Bonito del Norte,8.6,A0028,Ria
CAP-4245,2024-09-13,C292,Bonito del Norte,10.64,A0028,Playa
CAP-4246,2024-09-06,C292,Bonito del Norte,8.33,A0028,Espigon
CAP-4247,2024-09-16,C292,Llampuga,8.04,A0028,Espigon
CAP-4248,2024-09-01,C268,Denton,4.97,A0032,Alta Mar
CAP-4249,2024-09-07,C268,Serviola,1.4,A0032,Playa
CAP-4250,2024-09-14,C268,Serviola,1.83,A0032,Ria
CAP-4251,2024-09-21,C103,Sama,8.88,A0030,Ria
CAP-4252,2024-10-13,C103,Denton,3.05,A0030,Alta Mar
CAP-4253,2024-10-04,C103,Cabrilla,1.09,A0030,Ria
CAP-4254,2024-08-21,C268,Mero,14.91,A0033,Playa
CAP-4255,2024-08-25,C268,Serviola,1.15,A0033,Espigon
CAP-4256,2024-03-06,C271,Pargo,1.95,A0031,Ria
CAP-4257,2024-05-18,C165,Mero,11.85,A0033,Playa
CAP-4258,2024-05-30,C165,Mero,5.81,A0033,Ria
CAP-4259,2024-12-28,C153,Calamar,0.29,A0001,Playa
CAP-4260,2025-01-05,C153,Sepia,1.25,A0001,Ria
CAP-4261,2024-08-17,C031,Sama,2.31,A0030,Alta Mar
CAP-4262,2024-09-19,C031,Cabrilla,1.24,A0030,Playa
CAP-4263,2024-05-05,C010,Sama,6.92,A0030,Playa
CAP-4264,2024-03-04,C272,Anjova,3.73,A0016,Espigon
CAP-4265,2024-03-05,C272,Espeton,1.39,A0016,Playa
CAP-4266,2024-03-15,C272,Anjova,2.25,A0016,Espigon
CAP-4267,2024-10-06,C116,Llampuga,8.79,A0027,Espigon
CAP-4268,2024-11-10,C116,Bonito del Norte,13.0,A0027,Espigon
CAP-4269,2024-02-07,C246,Sepia,1.65,A0005,Espigon
CAP-4270,2024-06-03,C148,Mero,8.15,A0032,Espigon
CAP-4271,2024-06-24,C148,Denton,2.23,A0032,Alta Mar
CAP-4272,2024-10-27,C255,Serviola,0.74,A0032,Alta Mar
CAP-4273,2024-11-05,C255,Denton,3.73,A0032,Playa
CAP-4274,2024-10-14,C271,Sama,7.0,A0030,Ria
CAP-4275,2024-11-07,C271,Pargo,1.49,A0030,Ria
CAP-4276,2024-11-26,C271,Pargo,1.81,A0030,Ria
CAP-4277,2024-11-26,C271,Sama,3.67,A0030,Ria
CAP-4278,2024-06-20,C271,Cabrilla,1.43,A0031,Ria
CAP-4279,2024-07-19,C271,Mero,8.43,A0031,Ria
CAP-4280,2024-11-03,C085,Sama,3.05,A0031,Ria
CAP-4281,2024-08-29,C109,Denton,5.55,A0032,Ria
CAP-4282,2024-12-12,C009,Calamar,0.36,A0005,Ria
CAP-4283,2024-11-27,C009,Calamar,0.32,A0005,Alta Mar
CAP-4284,2024-12-23,C009,Sepia,1.88,A0005,Ria
CAP-4285,2024-01-13,C156,Calamar,0.39,A0006,Espigon
CAP-4286,2024-01-17,C156,Calamar,1.28,A0006,Playa
CAP-4287,2024-02-19,C048,Lubina,4.61,A0018,Alta Mar
CAP-4288,2025-01-10,C206,Calamar,0.94,A0003,Espigon
CAP-4289,2024-01-30,C228,Sepia,1.8,A0006,Espigon
CAP-4290,2024-01-25,C228,Sepia,1.23,A0006,Espigon
CAP-4291,2024-02-04,C228,Calamar,1.35,A0006,Ria
CAP-4292,2024-12-23,C086,Mabra,1.36,A0022,Ria
CAP-4293,2024-12-23,C086,Herrera,0.61,A0022,Playa
CAP-4294,2024-02-01,C291,Cabrilla,1.88,A0031,Alta Mar
CAP-4295,2024-02-05,C291,Cabrilla,0.54,A0031,Espigon
CAP-4296,2024-01-22,C150,Denton,1.68,A0032,Espigon
CAP-4297,2025-01-12,C147,Mero,5.69,A0031,Playa
CAP-4298,2025-01-21,C147,Sama,5.75,A0031,Alta Mar
CAP-4299,2024-11-11,C041,Lubina,3.1,A0022,Playa
CAP-4300,2024-11-07,C041,Herrera,0.23,A0022,Alta Mar
CAP-4301,2024-11-26,C041,Herrera,0.58,A0022,Playa
CAP-4302,2024-11-28,C041,Herrera,0.35,A0022,Ria
CAP-4303,2024-11-30,C041,Herrera,0.4,A0022,Alta Mar
CAP-4304,2024-12-16,C041,Mabra,1.82,A0022,Ria
CAP-4305,2024-10-05,C261,Pargo,1.93,A0030,Espigon
CAP-4306,2024-10-19,C261,Cabrilla,1.38,A0030,Ria
CAP-4307,2024-10-24,C261,Cabrilla,1.33,A0030,Playa
CAP-4308,2024-08-05,C203,Sargo,1.18,A0021,Espigon
CAP-4309,2024-07-10,C203,Sargo,0.34,A0021,Espigon
CAP-4310,2024-08-08,C203,Sargo,0.4,A0021,Playa
CAP-4311,2024-07-31,C203,Herrera,0.76,A0021,Ria
CAP-4312,2024-07-21,C203,Herrera,0.37,A0021,Alta Mar
CAP-4313,2024-03-11,C055,Sargo,0.31,A0021,Playa
CAP-4314,2024-03-15,C055,Dorada,2.67,A0021,Playa
CAP-4315,2024-03-29,C055,Dorada,1.17,A0021,Playa
CAP-4316,2024-03-06,C055,Dorada,0.78,A0021,Ria
CAP-4317,2024-03-13,C055,Dorada,0.97,A0021,Ria
CAP-4318,2024-06-28,C079,Lubina,4.99,A0011,Espigon
CAP-4319,2024-06-29,C079,Jurel,0.86,A0011,Ria
CAP-4320,2024-12-03,C156,Calamar,0.53,A0002,Playa
CAP-4321,2024-10-10,C240,Sama,2.24,A0031,Ria
CAP-4322,2024-11-18,C240,Gallineta,1.3,A0031,Espigon
CAP-4323,2024-12-18,C044,Jurel,1.46,A0015,Ria
CAP-4324,2025-01-19,C044,Anjova,2.27,A0015,Ria
CAP-4325,2024-07-06,C054,Llampuga,6.89,A0027,Alta Mar
CAP-4326,2024-10-22,C256,Pargo,1.01,A0030,Alta Mar
CAP-4327,2025-01-17,C100,Sepia,1.46,A0007,Espigon
CAP-4328,2024-04-03,C012,Serviola,1.98,A0032,Ria
CAP-4329,2024-09-30,C144,Serviola,1.96,A0033,Playa
CAP-4330,2024-11-16,C125,Calamar,0.97,A0001,Ria
CAP-4331,2024-11-10,C125,Calamar,0.39,A0001,Playa
CAP-4332,2024-10-28,C125,Calamar,0.38,A0001,Espigon
CAP-4333,2024-01-26,C122,Denton,2.02,A0030,Playa
CAP-4334,2024-05-16,C043,Baila,0.84,A0010,Playa
CAP-4335,2024-05-22,C043,Lubina,1.06,A0010,Playa
CAP-4336,2024-05-16,C043,Palometon,12.44,A0010,Espigon
CAP-4337,2024-06-17,C169,Serviola,1.25,A0033,Playa
CAP-4338,2025-01-13,C206,Calamar,1.49,A0004,Espigon
CAP-4339,2024-12-15,C001,Lubina,0.95,A0012,Playa
CAP-4340,2024-12-22,C001,Lubina,4.79,A0012,Espigon
CAP-4341,2024-01-12,C268,Calamar,0.71,A0001,Ria
CAP-4342,2024-01-27,C268,Calamar,1.36,A0001,Espigon
CAP-4343,2024-07-05,C239,Bonito del Norte,5.94,A0026,Ria
CAP-4344,2024-07-04,C239,Melva,1.39,A0026,Espigon
CAP-4345,2024-08-13,C163,Bacoreta,1.83,A0028,Playa
CAP-4346,2024-08-25,C163,Bonito del Norte,9.36,A0028,Espigon
CAP-4347,2024-05-28,C025,Sama,5.82,A0031,Ria
CAP-4348,2024-05-28,C025,Pargo,0.7,A0031,Playa
CAP-4349,2024-10-08,C185,Llampuga,4.77,A0027,Espigon
CAP-4350,2024-10-08,C185,Bonito del Norte,9.48,A0027,Espigon
CAP-4351,2024-10-24,C185,Bonito del Norte,11.8,A0027,Espigon
CAP-4352,2024-10-17,C185,Bacoreta,1.01,A0027,Alta Mar
CAP-4353,2024-11-29,C012,Serviola,1.56,A0032,Ria
CAP-4354,2024-08-14,C248,Lubina,3.08,A0014,Espigon
CAP-4355,2024-08-16,C248,Anjova,4.58,A0014,Espigon
CAP-4356,2024-09-17,C248,Lubina,1.6,A0014,Ria
CAP-4357,2024-02-06,C120,Calamar,1.0,A0005,Ria
CAP-4358,2024-02-07,C120,Calamar,0.8,A0005,Ria
CAP-4359,2024-02-03,C120,Calamar,0.86,A0005,Playa
CAP-4360,2024-11-01,C245,Herrera,0.64,A0022,Alta Mar
CAP-4361,2024-10-16,C245,Sargo,0.92,A0022,Playa
CAP-4362,2024-11-09,C245,Sargo,1.09,A0022,Espigon
CAP-4363,2024-11-03,C044,Jurel,0.77,A0017,Ria
CAP-4364,2024-09-25,C293,Gallineta,1.36,A0030,Espigon
CAP-4365,2024-10-22,C293,Pargo,0.74,A0030,Playa
CAP-4366,2024-08-14,C096,Bonito del Norte,6.25,A0028,Playa
CAP-4367,2024-08-12,C096,Bonito del Norte,9.24,A0028,Playa
CAP-4368,2024-03-24,C134,Herrera,0.68,A0022,Playa
CAP-4369,2025-01-13,C094,Sepia,0.78,A0004,Espigon
CAP-4370,2024-12-26,C189,Calamar,1.01,A0003,Alta Mar
CAP-4371,2025-01-03,C189,Calamar,0.55,A0003,Playa
CAP-4372,2025-01-14,C189,Calamar,0.64,A0003,Ria
CAP-4373,2025-01-13,C189,Calamar,0.27,A0003,Ria
CAP-4374,2025-01-18,C189,Calamar,1.4,A0003,Espigon
CAP-4375,2024-06-26,C123,Llampuga,3.82,A0028,Espigon
CAP-4376,2024-07-08,C123,Bonito del Norte,5.87,A0028,Ria
CAP-4377,2024-04-29,C144,Sargo,0.86,A0021,Playa
CAP-4378,2024-05-24,C144,Dorada,2.64,A0021,Alta Mar
CAP-4379,2024-05-27,C144,Sargo,0.5,A0021,Ria
CAP-4380,2024-08-10,C090,Llampuga,8.31,A0028,Ria
CAP-4381,2024-09-01,C193,Bacoreta,1.79,A0027,Espigon
CAP-4382,2024-09-21,C193,Llampuga,3.82,A0027,Alta Mar
CAP-4383,2024-09-16,C193,Bacoreta,1.99,A0027,Ria
CAP-4384,2024-10-22,C259,Sepia,1.05,A0004,Playa
CAP-4385,2024-10-19,C259,Sepia,0.48,A0004,Ria
CAP-4386,2024-10-21,C259,Sepia,1.56,A0004,Ria
CAP-4387,2024-03-24,C223,Mero,7.76,A0032,Espigon
CAP-4388,2024-04-21,C223,Mero,13.01,A0032,Alta Mar
CAP-4389,2024-04-16,C223,Serviola,0.96,A0032,Alta Mar
CAP-4390,2024-11-03,C028,Pulpo,4.54,A0005,Ria
CAP-4391,2024-11-19,C028,Calamar,1.0,A0005,Espigon
CAP-4392,2024-11-15,C028,Calamar,0.81,A0005,Ria
CAP-4393,2024-02-13,C028,Calamar,1.12,A0003,Playa
CAP-4394,2024-03-01,C028,Calamar,0.65,A0003,Espigon
CAP-4395,2024-05-30,C207,Mabra,1.74,A0021,Alta Mar
CAP-4396,2024-06-10,C207,Mabra,0.93,A0021,Espigon
CAP-4397,2024-06-26,C207,Mabra,1.87,A0021,Alta Mar
CAP-4398,2024-06-23,C207,Herrera,0.22,A0021,Alta Mar
CAP-4399,2024-06-27,C207,Sargo,0.77,A0021,Ria
CAP-4400,2024-06-29,C207,Herrera,0.29,A0021,Espigon
CAP-4401,2025-01-14,C054,Calamar,0.34,A0005,Ria
CAP-4402,2025-01-13,C054,Sepia,0.48,A0005,Ria
CAP-4403,2024-03-21,C035,Sama,7.14,A0031,Alta Mar
CAP-4404,2024-03-28,C035,Sama,5.01,A0031,Alta Mar
CAP-4405,2024-05-18,C093,Mero,3.67,A0031,Espigon
CAP-4406,2024-06-12,C093,Pargo,1.31,A0031,Espigon
CAP-4407,2024-06-15,C093,Cabrilla,1.71,A0031,Ria
CAP-4408,2024-06-05,C093,Sama,6.35,A0031,Espigon
CAP-4409,2024-06-26,C059,Mabra,1.1,A0022,Espigon
CAP-4410,2024-07-07,C059,Herrera,0.32,A0022,Alta Mar
CAP-4411,2024-07-08,C059,Herrera,0.23,A0022,Espigon
CAP-4412,2024-02-22,C127,Jurel,1.32,A0017,Playa
CAP-4413,2024-03-10,C127,Lubina,4.37,A0017,Espigon
CAP-4414,2024-03-08,C127,Anjova,3.55,A0017,Ria
CAP-4415,2024-04-02,C127,Lubina,3.15,A0017,Espigon
CAP-4416,2024-01-22,C261,Pargo,0.78,A0031,Espigon
CAP-4417,2024-05-19,C145,Anjova,4.9,A0017,Alta Mar
CAP-4418,2024-05-08,C145,Jurel,1.91,A0017,Playa
CAP-4419,2025-01-11,C041,Serviola,1.73,A0033,Alta Mar
CAP-4420,2024-12-14,C232,Sepia,1.24,A0001,Alta Mar
CAP-4421,2024-12-11,C232,Sepia,0.86,A0001,Ria
CAP-4422,2024-12-03,C232,Sepia,0.89,A0001,Alta Mar
CAP-4423,2024-09-27,C054,Bacoreta,1.97,A0026,Playa
CAP-4424,2024-10-09,C164,Denton,5.58,A0032,Alta Mar
CAP-4425,2024-06-25,C004,Llampuga,6.82,A0027,Ria
CAP-4426,2024-12-23,C145,Calamar,1.02,A0003,Alta Mar
CAP-4427,2024-12-13,C145,Calamar,1.46,A0003,Ria
CAP-4428,2025-01-01,C145,Calamar,0.23,A0003,Espigon
CAP-4429,2024-12-09,C145,Calamar,0.33,A0003,Ria
CAP-4430,2025-01-07,C295,Baila,0.53,A0016,Alta Mar
CAP-4431,2024-09-19,C068,Serviola,1.6,A0016,Ria
CAP-4432,2024-09-06,C068,Anjova,3.65,A0016,Playa
CAP-4433,2024-06-06,C149,Serviola,1.38,A0033,Playa
CAP-4434,2024-05-12,C260,Herrera,0.51,A0022,Alta Mar
CAP-4435,2024-05-29,C260,Herrera,0.47,A0022,Alta Mar
CAP-4436,2024-05-11,C260,Herrera,0.61,A0022,Playa
CAP-4437,2024-08-22,C193,Bonito del Norte,10.93,A0028,Espigon
CAP-4438,2024-02-05,C139,Pargo,0.77,A0030,Playa
CAP-4439,2024-02-11,C139,Pargo,0.76,A0030,Playa
CAP-4440,2024-05-28,C020,Gallineta,1.45,A0030,Alta Mar
CAP-4441,2024-06-19,C020,Denton,1.82,A0030,Playa
CAP-4442,2024-07-01,C020,Denton,6.59,A0030,Alta Mar
CAP-4443,2024-07-20,C174,Serviola,0.87,A0033,Playa
CAP-4444,2024-01-31,C172,Herrera,0.78,A0022,Alta Mar
CAP-4445,2024-01-31,C172,Herrera,0.38,A0022,Playa
CAP-4446,2024-01-22,C172,Herrera,0.72,A0022,Playa
CAP-4447,2024-02-12,C172,Mabra,1.45,A0022,Ria
CAP-4448,2024-03-26,C225,Pargo,1.67,A0031,Ria
CAP-4449,2024-01-27,C017,Lubina,0.51,A0013,Playa
CAP-4450,2024-02-23,C017,Jurel,1.99,A0013,Playa
CAP-4451,2024-02-05,C017,Lubina,4.84,A0013,Espigon
CAP-4452,2024-05-04,C034,Cabrilla,1.96,A0031,Alta Mar
CAP-4453,2024-05-28,C034,Cabrilla,1.54,A0031,Espigon
CAP-4454,2024-03-12,C020,Pargo,1.55,A0030,Ria
CAP-4455,2024-03-05,C020,Sama,9.71,A0030,Playa
CAP-4456,2024-03-19,C020,Cabrilla,1.0,A0030,Playa
CAP-4457,2024-04-01,C020,Cabrilla,1.4,A0030,Playa
CAP-4458,2024-05-02,C129,Lubina,4.15,A0016,Espigon
CAP-4459,2024-05-04,C129,Espeton,1.14,A0016,Playa
CAP-4460,2024-06-04,C129,Espeton,1.42,A0016,Espigon
CAP-4461,2024-05-22,C129,Lubina,3.35,A0016,Ria
CAP-4462,2024-02-01,C257,Anjova,5.33,A0018,Espigon
CAP-4463,2024-11-21,C104,Serviola,1.73,A0033,Alta Mar
CAP-4464,2024-04-12,C289,Sama,2.82,A0031,Alta Mar
CAP-4465,2024-04-17,C289,San Pedro,1.24,A0031,Ria
CAP-4466,2024-04-17,C289,Denton,5.03,A0031,Espigon
CAP-4467,2024-06-06,C263,San Pedro,1.31,A0030,Playa
CAP-4468,2024-06-09,C263,Sama,5.49,A0030,Playa
CAP-4469,2024-06-24,C263,Cabrilla,0.53,A0030,Playa
CAP-4470,2024-07-04,C263,Sama,4.95,A0030,Playa
CAP-4471,2024-07-01,C263,Cabrilla,1.41,A0030,Playa
CAP-4472,2024-09-19,C211,Lubina,1.5,A0017,Alta Mar
CAP-4473,2024-08-18,C074,Mero,9.87,A0030,Espigon
CAP-4474,2024-09-26,C040,Bonito del Norte,7.66,A0026,Playa
CAP-4475,2024-08-05,C274,Mero,10.55,A0032,Alta Mar
CAP-4476,2024-03-29,C155,Mero,5.35,A0033,Ria
CAP-4477,2024-04-10,C155,Mero,14.0,A0033,Playa
CAP-4478,2024-09-03,C286,San Pedro,1.92,A0030,Ria
CAP-4479,2024-09-14,C286,Sama,5.7,A0030,Ria
CAP-4480,2024-12-09,C067,Espeton,1.63,A0010,Espigon
CAP-4481,2024-12-31,C067,Baila,0.9,A0010,Playa
CAP-4482,2025-01-04,C067,Anjova,3.84,A0010,Playa
CAP-4483,2024-10-02,C225,San Pedro,1.6,A0030,Playa
CAP-4484,2024-10-12,C225,Sama,7.58,A0030,Alta Mar
CAP-4485,2024-07-14,C025,Cabrilla,1.46,A0031,Espigon
CAP-4486,2024-07-16,C025,Sama,4.11,A0031,Ria
CAP-4487,2025-01-23,C094,Sepia,0.91,A0003,Alta Mar
CAP-4488,2024-12-27,C094,Sepia,1.52,A0003,Alta Mar
CAP-4489,2024-10-21,C049,Calamar,0.46,A0006,Espigon
CAP-4490,2024-11-08,C049,Calamar,1.35,A0006,Playa
CAP-4491,2024-10-26,C049,Calamar,1.33,A0006,Alta Mar
CAP-4492,2024-11-11,C049,Calamar,0.55,A0006,Ria
CAP-4493,2024-11-03,C049,Calamar,0.28,A0006,Playa
CAP-4494,2024-02-13,C235,Sepia,1.57,A0003,Espigon
CAP-4495,2024-03-09,C235,Sepia,0.85,A0003,Alta Mar
CAP-4496,2024-03-20,C235,Pulpo,4.29,A0003,Playa
CAP-4497,2024-03-10,C235,Pulpo,2.0,A0003,Playa
CAP-4498,2024-03-10,C235,Sepia,1.73,A0003,Ria
CAP-4499,2024-11-21,C246,Calamar,0.51,A0006,Alta Mar
CAP-4500,2024-11-18,C246,Calamar,0.97,A0006,Alta Mar
CAP-4501,2024-05-14,C013,Dorada,1.56,A0021,Espigon
CAP-4502,2024-06-05,C013,Dorada,1.13,A0021,Alta Mar
CAP-4503,2024-05-27,C013,Dorada,0.63,A0021,Espigon
CAP-4504,2024-05-30,C013,Dorada,1.96,A0021,Alta Mar
CAP-4505,2024-06-05,C013,Dorada,2.88,A0021,Playa
CAP-4506,2024-06-23,C013,Sargo,0.55,A0021,Espigon
CAP-4507,2024-02-12,C114,Denton,2.18,A0031,Playa
CAP-4508,2024-09-06,C157,Lubina,3.57,A0010,Alta Mar
CAP-4509,2024-09-27,C157,Lubina,3.06,A0010,Alta Mar
CAP-4510,2024-10-26,C017,Calamar,1.04,A0002,Ria
CAP-4511,2024-11-03,C017,Calamar,0.57,A0002,Espigon
CAP-4512,2024-10-15,C064,Calamar,1.31,A0001,Alta Mar
CAP-4513,2024-07-11,C219,Bacoreta,1.98,A0027,Alta Mar
CAP-4514,2024-07-02,C219,Bonito del Norte,5.35,A0027,Ria
CAP-4515,2024-07-06,C219,Melva,1.99,A0027,Alta Mar
CAP-4516,2024-07-01,C272,Llampuga,8.14,A0027,Playa
CAP-4517,2024-08-05,C272,Bonito del Norte,8.39,A0027,Playa
CAP-4518,2024-12-20,C120,Calamar,1.2,A0002,Alta Mar
CAP-4519,2024-12-16,C120,Calamar,0.86,A0002,Espigon
CAP-4520,2024-09-15,C256,Pargo,1.5,A0031,Espigon
CAP-4521,2024-06-23,C154,Denton,3.01,A0032,Playa
CAP-4522,2024-12-06,C067,Sama,2.9,A0030,Ria
CAP-4523,2024-12-24,C067,Cabrilla,1.53,A0030,Playa
CAP-4524,2024-03-31,C184,Sepia,1.76,A0005,Espigon
CAP-4525,2024-09-16,C123,Bonito del Norte,6.18,A0028,Ria
CAP-4526,2024-09-11,C123,Llampuga,6.37,A0028,Espigon
CAP-4527,2024-04-21,C022,Lubina,0.82,A0013,Ria
CAP-4528,2024-04-20,C022,Jurel,1.47,A0013,Playa
CAP-4529,2024-10-03,C239,Llampuga,2.66,A0028,Espigon
CAP-4530,2024-10-04,C239,Llampuga,4.27,A0028,Ria
CAP-4531,2024-09-26,C239,Llampuga,5.3,A0028,Alta Mar
CAP-4532,2024-10-15,C239,Bonito del Norte,13.72,A0028,Espigon
CAP-4533,2024-10-25,C239,Llampuga,2.9,A0028,Espigon
CAP-4534,2024-09-08,C123,Marlin Blanco,38.24,A0027,Ria
CAP-4535,2024-09-14,C123,Bonito del Norte,11.57,A0027,Playa
CAP-4536,2024-10-28,C165,Denton,6.43,A0032,Alta Mar
CAP-4537,2024-11-25,C165,Denton,4.72,A0032,Alta Mar
CAP-4538,2024-09-15,C239,Marlin Blanco,38.7,A0027,Espigon
CAP-4539,2024-09-11,C239,Marlin Blanco,46.25,A0027,Alta Mar
CAP-4540,2024-03-22,C005,Mero,10.73,A0032,Playa
CAP-4541,2024-07-09,C036,Cabrilla,1.51,A0030,Playa
CAP-4542,2024-07-01,C209,Lubina,4.84,A0016,Alta Mar
CAP-4543,2024-06-28,C146,Llampuga,6.43,A0027,Espigon
CAP-4544,2024-07-13,C146,Llampuga,9.22,A0027,Alta Mar
CAP-4545,2024-07-10,C146,Llampuga,4.41,A0027,Alta Mar
CAP-4546,2024-07-02,C092,Llampuga,4.47,A0026,Alta Mar
CAP-4547,2024-07-03,C092,Bonito del Norte,9.52,A0026,Playa
CAP-4548,2024-12-27,C202,Calamar,1.02,A0001,Playa
CAP-4549,2024-09-09,C181,Cabrilla,1.54,A0030,Ria
CAP-4550,2024-09-15,C181,Cabrilla,1.47,A0030,Ria
CAP-4551,2024-10-08,C181,Sama,5.12,A0030,Playa
CAP-4552,2024-02-05,C269,Serviola,1.48,A0033,Espigon
CAP-4553,2024-02-08,C269,Serviola,1.54,A0033,Espigon
CAP-4554,2024-06-30,C140,Melva,0.56,A0027,Alta Mar
CAP-4555,2024-07-17,C140,Bonito del Norte,14.31,A0027,Ria
CAP-4556,2024-07-13,C140,Bacoreta,1.34,A0027,Espigon
CAP-4557,2024-12-27,C174,Espeton,1.89,A0017,Espigon
CAP-4558,2024-12-28,C174,Lubina,1.0,A0017,Ria
CAP-4559,2025-01-19,C174,Lubina,0.78,A0017,Alta Mar
CAP-4560,2024-10-10,C034,Sama,3.56,A0030,Espigon
CAP-4561,2024-07-08,C204,Lubina,3.73,A0016,Espigon
CAP-4562,2024-05-02,C248,Jurel,1.61,A0016,Espigon
CAP-4563,2024-08-22,C287,Melva,1.02,A0027,Espigon
CAP-4564,2024-08-24,C287,Bonito del Norte,6.02,A0027,Playa
CAP-4565,2024-07-02,C241,Jurel,1.22,A0012,Alta Mar
CAP-4566,2024-06-21,C241,Espeton,1.46,A0012,Alta Mar
CAP-4567,2024-10-31,C221,Pargo,1.17,A0031,Ria
CAP-4568,2024-02-18,C211,Calamar,1.48,A0001,Playa
CAP-4569,2024-01-22,C211,Calamar,1.29,A0001,Alta Mar
CAP-4570,2024-02-03,C211,Calamar,0.39,A0001,Ria
CAP-4571,2024-01-31,C211,Pulpo,4.41,A0001,Playa
CAP-4572,2024-02-08,C211,Calamar,0.67,A0001,Espigon
CAP-4573,2024-02-25,C211,Calamar,0.25,A0001,Espigon
CAP-4574,2024-03-15,C211,Calamar,0.79,A0001,Playa
CAP-4575,2024-07-07,C123,Llampuga,2.9,A0026,Alta Mar
CAP-4576,2024-03-17,C251,Serviola,0.52,A0033,Espigon
CAP-4577,2024-03-19,C251,Denton,3.61,A0033,Ria
CAP-4578,2025-01-01,C089,Lubina,4.48,A0012,Alta Mar
CAP-4579,2024-10-13,C099,Cabrilla,0.67,A0031,Ria
CAP-4580,2024-10-29,C248,Lubina,1.12,A0014,Espigon
CAP-4581,2024-11-21,C248,Lubina,3.73,A0014,Alta Mar
CAP-4582,2024-09-06,C065,Bonito del Norte,9.8,A0027,Alta Mar
CAP-4583,2024-09-10,C065,Bonito del Norte,14.42,A0027,Espigon
CAP-4584,2024-08-31,C044,Lubina,2.8,A0011,Espigon
CAP-4585,2024-08-20,C044,Jurel,1.3,A0011,Espigon
CAP-4586,2024-08-31,C044,Baila,1.32,A0011,Espigon
CAP-4587,2024-08-31,C044,Anjova,6.63,A0011,Ria
CAP-4588,2024-03-13,C075,Serviola,1.0,A0032,Ria
CAP-4589,2024-03-13,C191,Herrera,0.29,A0021,Playa
CAP-4590,2024-03-16,C191,Mabra,1.07,A0021,Playa
CAP-4591,2024-03-23,C191,Mabra,1.69,A0021,Alta Mar
CAP-4592,2024-03-26,C191,Dorada,1.13,A0021,Playa
CAP-4593,2024-03-12,C191,Dorada,1.06,A0021,Espigon
CAP-4594,2024-03-31,C191,Dorada,0.32,A0021,Ria
CAP-4595,2024-04-18,C191,Dorada,0.62,A0021,Ria
CAP-4596,2024-07-07,C071,Llampuga,3.74,A0028,Alta Mar
CAP-4597,2024-07-10,C071,Marlin Blanco,25.17,A0028,Playa
CAP-4598,2025-01-14,C082,Cabrilla,1.52,A0031,Playa
CAP-4599,2024-02-12,C277,Lubina,4.89,A0018,Playa
CAP-4600,2024-02-26,C277,Jurel,1.12,A0018,Playa
CAP-4601,2024-03-05,C277,Anjova,6.13,A0018,Ria
CAP-4602,2024-09-27,C152,Serviola,1.48,A0032,Playa
CAP-4603,2024-09-12,C152,Denton,3.48,A0032,Playa
CAP-4604,2024-03-23,C225,Sama,5.29,A0030,Espigon
CAP-4605,2024-03-15,C225,Pargo,1.36,A0030,Ria
CAP-4606,2024-03-23,C225,Cabrilla,0.51,A0030,Ria
CAP-4607,2024-04-03,C073,Herrera,0.65,A0021,Espigon
CAP-4608,2024-04-11,C073,Herrera,0.48,A0021,Espigon
CAP-4609,2024-03-16,C112,Sama,2.43,A0031,Alta Mar
CAP-4610,2024-08-28,C243,Cabrilla,1.88,A0031,Espigon
CAP-4611,2024-08-31,C243,Cabrilla,1.42,A0031,Alta Mar
CAP-4612,2024-01-31,C104,Serviola,1.94,A0033,Espigon
CAP-4613,2024-02-20,C104,Serviola,0.8,A0033,Ria
CAP-4614,2024-10-10,C148,Serviola,1.61,A0033,Espigon
CAP-4615,2024-10-27,C148,Denton,5.35,A0033,Alta Mar
CAP-4616,2024-12-02,C059,Sepia,0.32,A0007,Playa
CAP-4617,2024-11-19,C059,Sepia,1.88,A0007,Ria
CAP-4618,2024-02-23,C282,Anjova,4.36,A0011,Alta Mar
CAP-4619,2024-02-29,C282,Palometon,14.43,A0011,Ria
CAP-4620,2024-06-13,C180,Anjova,5.74,A0017,Espigon
CAP-4621,2024-04-29,C007,San Pedro,2.04,A0031,Alta Mar
CAP-4622,2024-05-15,C007,San Pedro,2.23,A0031,Espigon
CAP-4623,2024-04-21,C161,Mero,3.31,A0030,Espigon
CAP-4624,2024-11-24,C058,Serviola,1.53,A0033,Alta Mar
CAP-4625,2024-12-07,C058,Mero,12.14,A0033,Alta Mar
CAP-4626,2025-01-13,C298,Sepia,1.04,A0003,Ria
CAP-4627,2024-12-24,C298,Sepia,1.36,A0003,Ria
CAP-4628,2025-01-13,C298,Sepia,0.86,A0003,Espigon
CAP-4629,2024-08-04,C009,Denton,2.19,A0032,Espigon
CAP-4630,2024-08-13,C009,Denton,5.37,A0032,Alta Mar
CAP-4631,2024-04-20,C198,Serviola,1.35,A0033,Playa
CAP-4632,2024-04-03,C209,Palometon,5.13,A0012,Alta Mar
CAP-4633,2024-04-16,C209,Lubina,2.85,A0012,Espigon
CAP-4634,2024-10-04,C250,Bonito del Norte,7.52,A0026,Espigon
CAP-4635,2024-10-18,C250,Bonito del Norte,5.71,A0026,Ria
CAP-4636,2024-01-31,C182,Denton,3.85,A0031,Espigon
CAP-4637,2024-12-15,C082,Cabrilla,1.63,A0030,Ria
CAP-4638,2025-01-06,C082,Cabrilla,1.56,A0030,Ria
CAP-4639,2024-06-14,C179,Bonito del Norte,6.53,A0028,Alta Mar
CAP-4640,2024-05-19,C238,Gallineta,1.84,A0030,Ria
CAP-4641,2024-05-26,C238,San Pedro,2.09,A0030,Ria
CAP-4642,2024-05-25,C238,Gallineta,1.29,A0030,Playa
CAP-4643,2024-06-25,C238,Pargo,0.63,A0030,Ria
CAP-4644,2024-08-30,C258,Serviola,1.42,A0032,Ria
CAP-4645,2025-01-02,C216,Herrera,0.37,A0022,Espigon
CAP-4646,2024-02-10,C130,Lubina,2.14,A0011,Espigon
CAP-4647,2025-01-20,C051,Anjova,5.72,A0017,Ria
CAP-4648,2025-01-27,C051,Lubina,2.95,A0017,Alta Mar
CAP-4649,2024-09-21,C107,Bonito del Norte,6.16,A0027,Ria
CAP-4650,2024-02-23,C147,Pargo,1.81,A0030,Espigon
CAP-4651,2024-10-07,C198,Serviola,1.11,A0033,Alta Mar
CAP-4652,2024-10-06,C198,Denton,4.2,A0033,Alta Mar
CAP-4653,2024-04-21,C126,Dorada,2.65,A0021,Ria
CAP-4654,2024-05-06,C126,Dorada,0.97,A0021,Alta Mar
CAP-4655,2024-04-25,C126,Herrera,0.48,A0021,Espigon
CAP-4656,2024-03-06,C007,Cabrilla,1.4,A0030,Ria
CAP-4657,2024-03-13,C007,Cabrilla,1.16,A0030,Ria
CAP-4658,2024-03-31,C057,Pulpo,4.45,A0007,Playa
CAP-4659,2024-12-02,C210,Lubina,1.18,A0014,Playa
CAP-4660,2024-11-28,C210,Anjova,6.04,A0014,Alta Mar
CAP-4661,2024-12-05,C210,Espeton,1.35,A0014,Alta Mar
CAP-4662,2024-11-30,C210,Anjova,3.4,A0014,Espigon
CAP-4663,2024-12-26,C210,Anjova,4.64,A0014,Playa
CAP-4664,2024-08-15,C126,Herrera,0.33,A0021,Ria
CAP-4665,2024-09-11,C126,Dorada,0.56,A0021,Espigon
CAP-4666,2024-09-08,C126,Dorada,0.99,A0021,Playa
CAP-4667,2024-08-18,C126,Dorada,1.18,A0021,Espigon
CAP-4668,2024-08-31,C126,Herrera,0.63,A0021,Alta Mar
CAP-4669,2024-08-20,C126,Herrera,0.41,A0021,Playa
CAP-4670,2024-08-31,C126,Sargo,0.59,A0021,Ria
CAP-4671,2024-09-27,C126,Sargo,0.76,A0021,Playa
CAP-4672,2024-09-11,C126,Sargo,0.48,A0021,Alta Mar
CAP-4673,2024-12-05,C209,Espeton,1.59,A0013,Playa
CAP-4674,2024-12-18,C209,Lubina,3.84,A0013,Ria
CAP-4675,2024-09-30,C236,Llampuga,4.94,A0026,Playa
CAP-4676,2024-10-05,C236,Bonito del Norte,11.87,A0026,Ria
CAP-4677,2024-11-08,C141,Pulpo,2.4,A0002,Espigon
CAP-4678,2024-11-08,C141,Pulpo,4.35,A0002,Alta Mar
CAP-4679,2024-11-02,C141,Pulpo,4.76,A0002,Alta Mar
CAP-4680,2024-11-04,C141,Calamar,0.98,A0002,Alta Mar
CAP-4681,2024-11-26,C141,Calamar,0.92,A0002,Espigon
CAP-4682,2024-11-15,C141,Calamar,1.45,A0002,Espigon
CAP-4683,2024-08-26,C255,Denton,7.24,A0033,Alta Mar
CAP-4684,2024-12-28,C028,Calamar,0.33,A0006,Ria
CAP-4685,2024-12-22,C028,Pulpo,3.31,A0006,Espigon
CAP-4686,2025-01-12,C028,Pulpo,1.47,A0006,Alta Mar
CAP-4687,2024-12-16,C145,Calamar,0.8,A0003,Alta Mar
CAP-4688,2024-12-15,C145,Sepia,0.7,A0003,Alta Mar
CAP-4689,2024-11-05,C008,Sepia,0.76,A0001,Playa
CAP-4690,2024-12-01,C008,Calamar,1.3,A0001,Espigon
CAP-4691,2024-11-09,C008,Calamar,0.66,A0001,Playa
CAP-4692,2024-03-24,C165,Denton,3.7,A0032,Alta Mar
CAP-4693,2024-07-15,C179,Llampuga,6.79,A0026,Ria
CAP-4694,2024-07-21,C179,Bonito del Norte,6.33,A0026,Espigon
CAP-4695,2024-03-26,C079,Lubina,4.05,A0014,Ria
CAP-4696,2024-03-24,C079,Espeton,0.76,A0014,Alta Mar
CAP-4697,2024-03-25,C271,Cabrilla,0.91,A0030,Alta Mar
CAP-4698,2024-03-16,C271,Denton,5.33,A0030,Playa
CAP-4699,2024-06-30,C296,Cabrilla,0.8,A0030,Espigon
CAP-4700,2024-06-25,C296,Pargo,0.91,A0030,Ria
CAP-4701,2024-11-17,C273,Denton,4.73,A0030,Playa
CAP-4702,2024-12-09,C273,Sama,8.34,A0030,Ria
CAP-4703,2024-12-13,C273,San Pedro,1.02,A0030,Alta Mar
CAP-4704,2024-07-10,C126,Sargo,1.18,A0021,Alta Mar
CAP-4705,2024-07-17,C126,Dorada,1.41,A0021,Playa
CAP-4706,2024-10-16,C020,Sama,9.26,A0031,Alta Mar
CAP-4707,2024-11-08,C020,Sama,4.87,A0031,Playa
CAP-4708,2024-08-09,C179,Marlin Blanco,26.06,A0028,Playa
CAP-4709,2024-08-16,C188,San Pedro,1.38,A0031,Playa
CAP-4710,2024-11-07,C268,Denton,2.23,A0032,Playa
CAP-4711,2024-11-13,C268,Denton,6.3,A0032,Ria
CAP-4712,2024-07-04,C193,Bonito del Norte,4.05,A0026,Playa
CAP-4713,2024-07-28,C275,Llampuga,2.01,A0028,Playa
CAP-4714,2024-02-16,C160,Mabra,1.03,A0021,Playa
CAP-4715,2024-01-30,C160,Mabra,0.5,A0021,Ria
CAP-4716,2024-01-22,C160,Mabra,1.79,A0021,Playa
CAP-4717,2025-01-03,C274,Denton,4.6,A0033,Playa
CAP-4718,2025-01-07,C274,Mero,9.56,A0033,Alta Mar
CAP-4719,2024-02-07,C215,Calamar,0.71,A0003,Playa
CAP-4720,2024-02-13,C215,Calamar,0.21,A0003,Alta Mar
CAP-4721,2024-02-16,C128,Espeton,1.21,A0017,Alta Mar
CAP-4722,2024-03-04,C128,Baila,0.98,A0017,Espigon
CAP-4723,2024-06-22,C055,Dorada,2.46,A0021,Ria
CAP-4724,2024-07-08,C055,Dorada,0.68,A0021,Ria
CAP-4725,2024-07-14,C055,Dorada,1.52,A0021,Ria
CAP-4726,2024-06-26,C055,Herrera,0.53,A0021,Espigon
CAP-4727,2024-07-09,C055,Herrera,0.8,A0021,Ria
CAP-4728,2024-12-12,C152,Mabra,0.52,A0021,Playa
CAP-4729,2024-12-15,C152,Mabra,1.18,A0021,Alta Mar
CAP-4730,2024-11-02,C161,Sama,4.25,A0031,Alta Mar
CAP-4731,2024-11-13,C161,Pargo,0.55,A0031,Playa
CAP-4732,2024-11-22,C161,Pargo,1.08,A0031,Alta Mar
CAP-4733,2024-06-19,C043,Lubina,0.59,A0016,Espigon
CAP-4734,2024-07-07,C043,Baila,0.98,A0016,Playa
CAP-4735,2024-11-02,C036,Pargo,1.44,A0031,Espigon
CAP-4736,2024-11-10,C036,Cabrilla,0.55,A0031,Ria
CAP-4737,2024-01-25,C141,Calamar,0.41,A0006,Playa
CAP-4738,2024-01-20,C233,Corvina,14.86,A0022,Playa
CAP-4739,2024-01-30,C233,Sargo,1.11,A0022,Alta Mar
CAP-4740,2024-12-04,C046,Calamar,0.97,A0002,Ria
CAP-4741,2024-12-04,C046,Sepia,1.57,A0002,Alta Mar
CAP-4742,2024-12-10,C046,Sepia,0.61,A0002,Alta Mar
CAP-4743,2024-05-25,C021,Serviola,0.71,A0033,Alta Mar
CAP-4744,2024-06-04,C021,Serviola,1.11,A0033,Ria
CAP-4745,2024-05-14,C286,Denton,1.52,A0031,Espigon
CAP-4746,2024-02-03,C056,Pulpo,2.47,A0003,Espigon
CAP-4747,2024-02-04,C056,Pulpo,2.54,A0003,Alta Mar
CAP-4748,2024-01-20,C056,Pulpo,3.86,A0003,Espigon
CAP-4749,2024-02-08,C056,Calamar,1.23,A0003,Playa
CAP-4750,2024-01-19,C056,Calamar,1.12,A0003,Alta Mar
CAP-4751,2024-08-19,C033,Pargo,0.61,A0030,Ria
CAP-4752,2024-08-28,C033,Cabrilla,1.8,A0030,Alta Mar
CAP-4753,2024-09-02,C033,Gallineta,0.64,A0030,Alta Mar
CAP-4754,2024-04-01,C274,Mero,14.82,A0033,Espigon
CAP-4755,2024-05-06,C128,Lubina,2.74,A0013,Ria
CAP-4756,2024-12-02,C144,Denton,7.44,A0033,Espigon
CAP-4757,2024-12-19,C144,Denton,4.84,A0033,Playa
CAP-4758,2024-06-14,C253,Llampuga,6.21,A0026,Espigon
CAP-4759,2024-06-24,C253,Bonito del Norte,6.65,A0026,Espigon
CAP-4760,2024-07-07,C253,Bonito del Norte,10.19,A0026,Espigon
CAP-4761,2025-01-13,C136,Serviola,0.58,A0033,Alta Mar
CAP-4762,2025-01-21,C136,Serviola,0.79,A0033,Espigon
CAP-4763,2024-07-06,C165,Mero,12.51,A0033,Playa
CAP-4764,2024-04-15,C010,Sama,7.78,A0031,Alta Mar
CAP-4765,2024-04-22,C010,Denton,7.65,A0031,Ria
CAP-4766,2024-06-20,C191,Sargo,1.08,A0022,Playa
CAP-4767,2024-06-07,C191,Herrera,0.42,A0022,Ria
CAP-4768,2024-06-03,C191,Herrera,0.26,A0022,Espigon
CAP-4769,2024-06-28,C191,Sargo,0.65,A0022,Ria
CAP-4770,2024-04-10,C186,Serviola,1.04,A0032,Playa
CAP-4771,2024-12-07,C218,Calamar,0.52,A0005,Alta Mar
CAP-4772,2024-11-22,C218,Calamar,1.01,A0005,Espigon
CAP-4773,2024-12-22,C218,Sepia,1.41,A0005,Playa
CAP-4774,2024-10-22,C230,Marlin Blanco,19.46,A0026,Ria
CAP-4775,2024-07-08,C235,Denton,7.47,A0030,Alta Mar
CAP-4776,2024-07-24,C235,San Pedro,0.71,A0030,Espigon
CAP-4777,2024-03-19,C243,Pargo,1.36,A0031,Espigon
CAP-4778,2024-03-23,C243,Cabrilla,1.63,A0031,Ria
CAP-4779,2024-04-06,C243,Pargo,1.01,A0031,Ria
CAP-4780,2024-11-30,C074,Espeton,1.23,A0018,Alta Mar
CAP-4781,2024-12-02,C074,Serviola,1.66,A0018,Playa
CAP-4782,2024-12-19,C074,Jurel,0.73,A0018,Alta Mar
CAP-4783,2024-03-12,C181,Pargo,0.92,A0031,Alta Mar
CAP-4784,2024-03-22,C181,Sama,3.93,A0031,Playa
CAP-4785,2024-03-28,C181,Denton,7.76,A0031,Playa
CAP-4786,2024-04-03,C181,Pargo,0.61,A0031,Playa
CAP-4787,2024-05-28,C102,Sama,3.2,A0030,Espigon
CAP-4788,2024-06-06,C102,Sama,4.19,A0030,Playa
CAP-4789,2024-03-20,C234,Espeton,1.95,A0013,Espigon
CAP-4790,2024-03-15,C234,Serviola,1.95,A0013,Playa
CAP-4791,2024-12-25,C174,Denton,7.7,A0033,Playa
CAP-4792,2024-12-26,C174,Serviola,1.45,A0033,Espigon
CAP-4793,2024-07-03,C116,Bacoreta,1.19,A0026,Espigon
CAP-4794,2024-07-18,C116,Bonito del Norte,12.99,A0026,Espigon
CAP-4795,2025-01-15,C149,Calamar,0.27,A0003,Espigon
CAP-4796,2025-01-27,C149,Calamar,0.84,A0003,Espigon
CAP-4797,2024-11-01,C271,Sama,9.1,A0030,Ria
CAP-4798,2024-11-13,C271,Mero,11.33,A0030,Alta Mar
CAP-4799,2024-04-09,C077,Herrera,0.68,A0022,Alta Mar
CAP-4800,2024-04-15,C077,Rodaballo,0.73,A0022,Alta Mar
CAP-4801,2024-05-08,C024,Denton,3.13,A0032,Playa
CAP-4802,2024-08-06,C179,Llampuga,6.75,A0028,Alta Mar
CAP-4803,2024-12-13,C108,Denton,3.36,A0030,Ria
CAP-4804,2024-12-19,C108,Sama,6.48,A0030,Ria
CAP-4805,2024-12-30,C108,Gallineta,0.94,A0030,Alta Mar
CAP-4806,2024-02-01,C263,Cabrilla,1.28,A0030,Espigon
CAP-4807,2024-02-20,C263,Cabrilla,1.31,A0030,Ria
CAP-4808,2024-02-19,C263,Pargo,0.88,A0030,Espigon
CAP-4809,2024-02-20,C263,Pargo,1.81,A0030,Playa
CAP-4810,2024-09-01,C151,Serviola,1.07,A0033,Alta Mar
CAP-4811,2024-10-19,C222,Denton,6.82,A0032,Espigon
CAP-4812,2024-11-22,C222,Serviola,1.86,A0032,Alta Mar
CAP-4813,2024-12-29,C193,Sepia,0.43,A0006,Ria
CAP-4814,2024-12-26,C193,Sepia,1.61,A0006,Playa
CAP-4815,2024-12-25,C193,Sepia,0.94,A0006,Playa
CAP-4816,2025-01-08,C193,Calamar,1.21,A0006,Playa
CAP-4817,2024-07-13,C003,Sama,6.68,A0030,Alta Mar
CAP-4818,2024-07-21,C003,Pargo,1.43,A0030,Ria
CAP-4819,2024-07-20,C003,Cabrilla,0.97,A0030,Alta Mar
CAP-4820,2024-07-30,C003,Sama,5.73,A0030,Alta Mar
CAP-4821,2024-07-04,C261,Pargo,0.96,A0030,Ria
CAP-4822,2024-07-08,C261,San Pedro,0.62,A0030,Ria
CAP-4823,2024-07-16,C261,Cabrilla,1.22,A0030,Playa
CAP-4824,2024-07-26,C261,Cabrilla,1.74,A0030,Playa
CAP-4825,2024-06-17,C092,Bonito del Norte,7.63,A0028,Alta Mar
CAP-4826,2024-06-21,C092,Bonito del Norte,4.57,A0028,Alta Mar
CAP-4827,2024-06-30,C092,Llampuga,8.75,A0028,Alta Mar
CAP-4828,2024-07-08,C197,Llampuga,4.32,A0028,Espigon
CAP-4829,2024-08-08,C197,Bonito del Norte,10.69,A0028,Playa
CAP-4830,2024-10-15,C076,Denton,5.02,A0032,Playa
CAP-4831,2024-09-25,C076,Denton,4.8,A0032,Ria
CAP-4832,2024-10-27,C076,Denton,4.91,A0032,Ria
CAP-4833,2024-11-18,C256,Mero,13.65,A0031,Alta Mar
CAP-4834,2024-12-15,C256,Pargo,0.61,A0031,Playa
CAP-4835,2024-04-19,C043,Lubina,1.46,A0016,Espigon
CAP-4836,2024-04-18,C043,Espeton,0.91,A0016,Ria
CAP-4837,2024-04-22,C043,Baila,1.23,A0016,Ria
CAP-4838,2024-12-01,C145,Calamar,0.42,A0001,Alta Mar
CAP-4839,2024-11-19,C082,Pargo,1.38,A0031,Playa
CAP-4840,2024-06-09,C114,Gallineta,0.97,A0031,Espigon
CAP-4841,2024-06-25,C114,Sama,4.49,A0031,Espigon
CAP-4842,2024-07-12,C114,Gallineta,1.79,A0031,Playa
CAP-4843,2024-07-25,C114,Denton,5.07,A0031,Espigon
CAP-4844,2024-06-22,C297,Herrera,0.77,A0021,Ria
CAP-4845,2024-06-17,C297,Herrera,0.77,A0021,Alta Mar
CAP-4846,2025-01-01,C292,Calamar,0.55,A0004,Ria
CAP-4847,2024-06-17,C279,Sargo,0.86,A0021,Ria
CAP-4848,2024-06-19,C279,Sargo,0.3,A0021,Playa
CAP-4849,2024-07-30,C279,Herrera,0.59,A0021,Espigon
CAP-4850,2024-07-17,C279,Herrera,0.37,A0021,Espigon
CAP-4851,2024-02-02,C262,Calamar,0.32,A0006,Espigon
CAP-4852,2024-02-23,C262,Sepia,1.75,A0006,Ria
CAP-4853,2024-12-14,C154,Denton,6.93,A0032,Alta Mar
CAP-4854,2024-06-30,C001,Lubina,4.85,A0012,Alta Mar
CAP-4855,2024-12-07,C221,Calamar,0.69,A0001,Alta Mar
CAP-4856,2024-12-02,C221,Sepia,0.3,A0001,Playa
CAP-4857,2024-12-06,C221,Calamar,1.04,A0001,Alta Mar
CAP-4858,2024-11-09,C158,Sepia,0.88,A0002,Ria
CAP-4859,2024-11-22,C158,Sepia,0.3,A0002,Ria
CAP-4860,2024-07-11,C161,San Pedro,1.31,A0031,Alta Mar
CAP-4861,2024-07-10,C161,San Pedro,2.11,A0031,Espigon
CAP-4862,2024-11-09,C169,Serviola,1.7,A0032,Playa
CAP-4863,2024-11-27,C169,Denton,5.76,A0032,Alta Mar
CAP-4864,2024-09-17,C168,Lubina,3.04,A0016,Espigon
CAP-4865,2024-09-23,C175,Cabrilla,1.89,A0030,Espigon
CAP-4866,2024-06-28,C281,Bonito del Norte,9.68,A0026,Playa
CAP-4867,2024-07-21,C041,Mero,5.92,A0032,Ria
CAP-4868,2024-08-14,C041,Denton,6.82,A0032,Ria
CAP-4869,2024-08-04,C041,Denton,4.84,A0032,Ria
CAP-4870,2024-10-27,C056,Calamar,1.17,A0003,Espigon
CAP-4871,2024-08-19,C022,Bonito del Norte,6.33,A0027,Espigon
CAP-4872,2024-09-05,C022,Llampuga,3.56,A0027,Playa
CAP-4873,2024-08-30,C022,Llampuga,8.46,A0027,Alta Mar
CAP-4874,2024-09-11,C022,Bacoreta,2.0,A0027,Alta Mar
CAP-4875,2024-11-21,C076,Serviola,0.52,A0033,Ria
CAP-4876,2024-11-05,C076,Denton,6.45,A0033,Playa
CAP-4877,2024-11-10,C076,Denton,5.87,A0033,Espigon
CAP-4878,2024-11-14,C247,Calamar,1.33,A0005,Alta Mar
CAP-4879,2024-11-18,C247,Calamar,1.49,A0005,Playa
CAP-4880,2025-01-16,C295,Lubina,2.98,A0011,Alta Mar
CAP-4881,2025-01-03,C295,Lubina,0.58,A0011,Espigon
CAP-4882,2025-01-18,C295,Anjova,2.08,A0011,Espigon
CAP-4883,2024-12-15,C188,Cabrilla,1.76,A0030,Ria
CAP-4884,2024-12-12,C188,Pargo,0.63,A0030,Alta Mar
CAP-4885,2024-09-25,C230,Serviola,0.88,A0032,Espigon
CAP-4886,2024-10-09,C230,Serviola,1.6,A0032,Espigon
CAP-4887,2024-02-13,C093,Serviola,1.09,A0032,Ria
CAP-4888,2024-08-05,C079,Lubina,2.71,A0017,Playa
CAP-4889,2024-08-25,C079,Anjova,6.16,A0017,Ria
CAP-4890,2024-09-07,C079,Lubina,1.35,A0017,Playa
CAP-4891,2024-07-30,C029,Cabrilla,1.2,A0031,Espigon
CAP-4892,2024-07-14,C029,Sama,8.17,A0031,Espigon
CAP-4893,2024-08-10,C029,Denton,2.48,A0031,Espigon
CAP-4894,2024-08-11,C029,Pargo,0.61,A0031,Espigon
CAP-4895,2024-07-11,C020,Pargo,0.65,A0031,Playa
CAP-4896,2024-07-23,C020,Pargo,0.53,A0031,Ria
CAP-4897,2024-07-26,C020,Sama,7.87,A0031,Alta Mar
CAP-4898,2024-02-29,C139,Sepia,1.9,A0002,Ria
CAP-4899,2024-10-11,C224,Mabra,0.95,A0021,Playa
CAP-4900,2024-09-25,C224,Mabra,1.55,A0021,Playa
CAP-4901,2024-10-08,C224,Mabra,0.81,A0021,Ria
CAP-4902,2024-10-17,C224,Mabra,0.71,A0021,Espigon
CAP-4903,2024-10-08,C224,Dorada,0.5,A0021,Playa
CAP-4904,2024-02-13,C079,Lubina,4.11,A0010,Playa
CAP-4905,2024-03-14,C079,Lubina,2.24,A0010,Playa
CAP-4906,2024-03-18,C079,Lubina,4.22,A0010,Ria
CAP-4907,2024-03-31,C079,Lubina,1.65,A0010,Espigon
CAP-4908,2024-09-10,C065,Bonito del Norte,9.92,A0026,Espigon
CAP-4909,2024-10-01,C065,Bacoreta,1.88,A0026,Espigon
CAP-4910,2024-06-24,C104,Denton,6.54,A0032,Ria
CAP-4911,2024-07-14,C104,Denton,4.88,A0032,Espigon
CAP-4912,2024-08-27,C019,Bonito del Norte,10.3,A0026,Ria
CAP-4913,2024-09-14,C019,Bonito del Norte,5.0,A0026,Ria
CAP-4914,2024-08-31,C019,Bacoreta,1.31,A0026,Alta Mar
CAP-4915,2024-08-21,C004,Bacoreta,1.28,A0027,Ria
CAP-4916,2024-08-24,C004,Melva,1.1,A0027,Ria
CAP-4917,2024-09-01,C004,Bacoreta,0.51,A0027,Playa
CAP-4918,2024-09-12,C004,Bonito del Norte,6.09,A0027,Ria
CAP-4919,2024-08-27,C216,Sargo,0.37,A0022,Alta Mar
CAP-4920,2024-06-30,C264,Mabra,0.95,A0022,Espigon
CAP-4921,2024-07-01,C264,Herrera,0.78,A0022,Ria
CAP-4922,2024-07-07,C264,Herrera,0.27,A0022,Playa
CAP-4923,2024-07-20,C264,Herrera,0.49,A0022,Playa
CAP-4924,2024-07-05,C264,Herrera,0.72,A0022,Ria
CAP-4925,2024-05-10,C101,Serviola,0.8,A0033,Ria
CAP-4926,2024-05-14,C101,Mero,4.78,A0033,Alta Mar
CAP-4927,2024-05-19,C101,Serviola,1.44,A0033,Espigon
CAP-4928,2024-01-28,C108,Sama,4.57,A0030,Playa
CAP-4929,2024-02-19,C108,Mero,11.22,A0030,Playa
CAP-4930,2024-02-24,C108,Sama,3.84,A0030,Espigon
CAP-4931,2024-02-26,C108,Denton,2.21,A0030,Ria
CAP-4932,2024-05-22,C009,Denton,1.95,A0033,Ria
CAP-4933,2024-09-05,C284,Mero,4.02,A0033,Alta Mar
CAP-4934,2024-08-24,C284,Denton,2.87,A0033,Alta Mar
CAP-4935,2024-02-14,C187,Calamar,1.12,A0007,Alta Mar
CAP-4936,2024-02-15,C187,Calamar,0.32,A0007,Alta Mar
CAP-4937,2024-07-21,C021,Denton,2.14,A0033,Alta Mar
CAP-4938,2024-09-18,C115,Marlin Blanco,37.59,A0027,Espigon
CAP-4939,2024-09-28,C115,Melva,1.74,A0027,Alta Mar
CAP-4940,2024-10-08,C115,Llampuga,5.85,A0027,Alta Mar
CAP-4941,2024-08-29,C229,Lubina,0.55,A0014,Ria
CAP-4942,2024-09-27,C229,Anjova,3.89,A0014,Espigon
CAP-4943,2024-08-24,C032,Mabra,0.67,A0022,Playa
CAP-4944,2024-08-25,C032,Mabra,1.33,A0022,Playa
CAP-4945,2024-09-23,C032,Dorada,2.74,A0022,Playa
CAP-4946,2024-10-05,C032,Mabra,0.53,A0022,Ria
CAP-4947,2024-10-03,C032,Herrera,0.24,A0022,Espigon
CAP-4948,2024-07-09,C260,Herrera,0.44,A0022,Espigon
CAP-4949,2024-07-11,C260,Herrera,0.42,A0022,Playa
CAP-4950,2024-07-26,C260,Mabra,1.56,A0022,Espigon
CAP-4951,2024-07-19,C260,Mabra,1.75,A0022,Ria
CAP-4952,2024-07-10,C260,Mabra,1.19,A0022,Alta Mar
CAP-4953,2024-08-08,C260,Dorada,0.75,A0022,Espigon
CAP-4954,2024-07-17,C260,Dorada,1.24,A0022,Espigon
CAP-4955,2024-08-01,C260,Dorada,2.99,A0022,Espigon
CAP-4956,2024-08-05,C260,Mabra,1.77,A0022,Ria
CAP-4957,2024-08-17,C260,Corvina,10.08,A0022,Alta Mar
CAP-4958,2024-06-13,C076,Denton,1.78,A0033,Ria
CAP-4959,2024-07-05,C076,Serviola,1.7,A0033,Alta Mar
CAP-4960,2024-07-10,C076,Mero,4.09,A0033,Alta Mar
CAP-4961,2024-03-07,C215,Sepia,1.57,A0002,Alta Mar
CAP-4962,2024-03-05,C215,Calamar,0.52,A0002,Ria
CAP-4963,2024-03-08,C215,Calamar,1.17,A0002,Playa
CAP-4964,2024-10-27,C124,Denton,4.22,A0033,Alta Mar
CAP-4965,2024-10-25,C124,Serviola,1.71,A0033,Playa
CAP-4966,2024-11-25,C124,Denton,2.33,A0033,Espigon
CAP-4967,2024-11-09,C124,Mero,5.58,A0033,Espigon
CAP-4968,2024-07-01,C169,Serviola,1.73,A0033,Alta Mar
CAP-4969,2024-06-07,C112,Pargo,1.19,A0031,Ria
CAP-4970,2024-06-24,C112,Denton,5.72,A0031,Espigon
CAP-4971,2024-02-19,C252,Calamar,0.71,A0003,Ria
CAP-4972,2024-03-01,C252,Calamar,1.13,A0003,Playa
CAP-4973,2024-02-21,C252,Calamar,1.25,A0003,Ria
CAP-4974,2024-03-13,C252,Sepia,0.97,A0003,Espigon
CAP-4975,2024-10-04,C081,Bonito del Norte,12.4,A0027,Alta Mar
CAP-4976,2024-07-07,C258,Denton,4.66,A0033,Alta Mar
CAP-4977,2024-03-30,C295,Jurel,0.52,A0015,Espigon
CAP-4978,2024-09-29,C250,Bacoreta,1.17,A0026,Ria
CAP-4979,2024-10-06,C250,Bacoreta,0.56,A0026,Ria
CAP-4980,2024-07-29,C085,Bonito del Norte,7.25,A0027,Alta Mar
CAP-4981,2024-07-27,C085,Bonito del Norte,7.01,A0027,Alta Mar
CAP-4982,2024-08-07,C085,Melva,1.05,A0027,Playa
CAP-4983,2024-08-03,C275,Bacoreta,0.57,A0028,Alta Mar
CAP-4984,2024-08-20,C248,Jurel,1.85,A0018,Espigon
CAP-4985,2024-10-15,C078,Mabra,1.85,A0021,Playa
CAP-4986,2024-10-07,C078,Mabra,1.89,A0021,Playa
CAP-4987,2024-10-25,C078,Mabra,1.59,A0021,Alta Mar
CAP-4988,2024-11-09,C078,Herrera,0.45,A0021,Espigon
CAP-4989,2024-10-27,C078,Herrera,0.46,A0021,Espigon
CAP-4990,2024-04-05,C176,Denton,7.88,A0032,Alta Mar
CAP-4991,2025-01-24,C003,Pargo,1.91,A0030,Playa
CAP-4992,2025-01-07,C003,Denton,3.63,A0030,Ria
CAP-4993,2025-02-08,C003,Pargo,0.59,A0030,Ria
CAP-4994,2024-02-15,C011,Denton,7.38,A0033,Alta Mar
CAP-4995,2024-06-18,C016,Llampuga,9.86,A0028,Espigon
CAP-4996,2024-10-28,C237,Calamar,1.17,A0005,Ria
CAP-4997,2024-11-27,C237,Pulpo,4.88,A0005,Alta Mar
CAP-4998,2024-09-26,C171,Denton,3.45,A0033,Ria
CAP-4999,2024-09-21,C171,Serviola,1.35,A0033,Alta Mar
CAP-5000,2024-10-08,C171,Serviola,0.51,A0033,Ria
CAP-5001,2024-02-16,C104,Serviola,0.87,A0032,Espigon
CAP-5002,2024-01-25,C104,Denton,4.45,A0032,Espigon
CAP-5003,2024-09-13,C116,Bonito del Norte,9.94,A0026,Playa
CAP-5004,2024-09-23,C116,Bonito del Norte,7.02,A0026,Espigon
CAP-5005,2024-11-26,C153,Pulpo,4.73,A0004,Playa
CAP-5006,2024-11-21,C153,Pulpo,4.62,A0004,Ria
CAP-5007,2024-11-11,C153,Pulpo,4.81,A0004,Espigon
CAP-5008,2024-11-18,C153,Calamar,0.64,A0004,Alta Mar
CAP-5009,2024-12-30,C117,Sepia,1.59,A0001,Ria
CAP-5010,2024-11-26,C282,Jurel,1.29,A0017,Espigon
CAP-5011,2024-12-10,C282,Espeton,1.35,A0017,Alta Mar
CAP-5012,2024-08-30,C105,Jurel,1.37,A0018,Playa
CAP-5013,2024-09-10,C105,Lubina,4.69,A0018,Playa
CAP-5014,2024-09-23,C105,Lubina,1.11,A0018,Ria
CAP-5015,2024-05-30,C289,Cabrilla,0.71,A0031,Alta Mar
CAP-5016,2024-06-01,C289,Cabrilla,1.07,A0031,Espigon
CAP-5017,2024-05-27,C289,Cabrilla,1.9,A0031,Espigon
CAP-5018,2024-06-25,C289,Sama,5.24,A0031,Espigon
CAP-5019,2024-04-08,C111,Lubina,1.92,A0017,Espigon
CAP-5020,2024-03-13,C047,Sepia,0.88,A0002,Ria
CAP-5021,2024-03-21,C047,Sepia,0.63,A0002,Espigon
CAP-5022,2024-03-17,C047,Sepia,1.68,A0002,Ria
CAP-5023,2024-03-31,C047,Pulpo,3.22,A0002,Ria
CAP-5024,2024-10-26,C148,Denton,6.77,A0033,Playa
CAP-5025,2024-07-21,C200,Herrera,0.3,A0021,Ria
CAP-5026,2024-07-24,C200,Herrera,0.59,A0021,Alta Mar
CAP-5027,2024-08-10,C200,Mabra,1.5,A0021,Espigon
CAP-5028,2024-12-01,C062,Mero,6.44,A0033,Espigon
CAP-5029,2024-03-02,C113,Denton,4.38,A0033,Ria
CAP-5030,2024-03-14,C113,Serviola,0.93,A0033,Playa
CAP-5031,2024-05-24,C294,Mabra,1.37,A0022,Espigon
CAP-5032,2024-06-14,C294,Mabra,1.75,A0022,Alta Mar
CAP-5033,2024-05-22,C294,Mabra,0.69,A0022,Playa
CAP-5034,2024-06-20,C294,Herrera,0.36,A0022,Espigon
CAP-5035,2024-06-15,C294,Herrera,0.45,A0022,Playa
CAP-5036,2024-07-10,C294,Mabra,1.29,A0022,Playa
CAP-5037,2024-06-13,C294,Mabra,1.74,A0022,Ria
CAP-5038,2024-03-11,C143,Mabra,2.0,A0022,Ria
CAP-5039,2024-02-20,C143,Mabra,0.57,A0022,Alta Mar
CAP-5040,2024-02-20,C143,Herrera,0.35,A0022,Espigon
CAP-5041,2024-05-24,C270,Sama,9.58,A0030,Playa
CAP-5042,2024-06-03,C270,Denton,5.33,A0030,Alta Mar
CAP-5043,2024-05-22,C161,San Pedro,0.71,A0030,Espigon
CAP-5044,2024-06-25,C161,Denton,2.13,A0030,Alta Mar
CAP-5045,2024-06-20,C161,Cabrilla,0.69,A0030,Playa
CAP-5046,2024-05-05,C079,Baila,0.69,A0012,Espigon
CAP-5047,2024-05-25,C079,Baila,1.33,A0012,Espigon
CAP-5048,2024-05-27,C079,Lubina,2.69,A0012,Ria
CAP-5049,2024-06-07,C079,Anjova,2.42,A0012,Espigon
CAP-5050,2024-06-05,C079,Espeton,1.37,A0012,Playa
CAP-5051,2024-11-01,C022,Sepia,1.38,A0004,Espigon
CAP-5052,2024-01-31,C122,Denton,4.4,A0031,Playa
CAP-5053,2024-03-02,C122,Mero,13.47,A0031,Espigon
CAP-5054,2024-12-07,C058,Denton,2.58,A0032,Espigon
CAP-5055,2024-11-24,C058,Serviola,1.6,A0032,Alta Mar
CAP-5056,2025-01-02,C257,Herrera,0.39,A0022,Playa
CAP-5057,2025-01-03,C257,Herrera,0.49,A0022,Espigon
CAP-5058,2024-01-21,C006,Sargo,0.84,A0022,Espigon
CAP-5059,2025-01-24,C265,Sepia,0.63,A0007,Espigon
CAP-5060,2024-05-24,C115,Denton,4.01,A0031,Alta Mar
CAP-5061,2024-07-29,C146,Llampuga,2.96,A0027,Espigon
CAP-5062,2024-07-19,C146,Bacoreta,0.54,A0027,Alta Mar
CAP-5063,2024-08-06,C146,Bonito del Norte,14.38,A0027,Espigon
CAP-5064,2024-08-04,C146,Bonito del Norte,4.69,A0027,Espigon
CAP-5065,2024-08-08,C108,Cabrilla,1.89,A0030,Alta Mar
CAP-5066,2024-09-01,C108,Sama,3.79,A0030,Espigon
CAP-5067,2024-07-07,C082,Lubina,3.65,A0015,Playa
CAP-5068,2024-11-24,C085,Calamar,0.55,A0001,Alta Mar
CAP-5069,2024-11-13,C085,Calamar,0.44,A0001,Ria
CAP-5070,2024-09-02,C229,Lubina,4.32,A0018,Alta Mar
CAP-5071,2024-09-17,C229,Lubina,3.67,A0018,Ria
CAP-5072,2024-09-12,C229,Anjova,4.13,A0018,Espigon
CAP-5073,2024-07-13,C041,Serviola,1.77,A0032,Espigon
CAP-5074,2024-07-24,C189,Bonito del Norte,14.87,A0027,Espigon
CAP-5075,2024-08-12,C282,Anjova,2.32,A0014,Alta Mar
CAP-5076,2024-08-24,C282,Anjova,5.43,A0014,Alta Mar
CAP-5077,2024-03-01,C061,Calamar,1.1,A0007,Espigon
CAP-5078,2024-05-10,C233,Mero,7.38,A0030,Espigon
CAP-5079,2024-08-17,C114,Sama,8.22,A0031,Playa
CAP-5080,2024-09-11,C114,Cabrilla,1.69,A0031,Alta Mar
CAP-5081,2024-09-12,C114,Cabrilla,1.0,A0031,Ria
CAP-5082,2024-02-11,C291,Sama,5.3,A0030,Ria
CAP-5083,2024-02-10,C291,Cabrilla,1.9,A0030,Playa
CAP-5084,2024-02-18,C291,Cabrilla,1.33,A0030,Espigon
CAP-5085,2024-02-22,C291,Pargo,1.17,A0030,Alta Mar
CAP-5086,2024-03-13,C291,Pargo,1.12,A0030,Alta Mar
CAP-5087,2024-07-15,C262,Sargo,0.97,A0022,Playa
CAP-5088,2024-07-18,C262,Herrera,0.43,A0022,Ria
CAP-5089,2024-07-09,C262,Herrera,0.53,A0022,Playa
CAP-5090,2024-06-16,C244,Denton,2.13,A0031,Alta Mar
CAP-5091,2024-04-04,C134,Sama,9.94,A0030,Espigon
CAP-5092,2024-02-02,C021,Serviola,1.67,A0033,Espigon
CAP-5093,2024-02-15,C021,Denton,5.7,A0033,Espigon
CAP-5094,2024-08-02,C164,Serviola,1.24,A0033,Playa
CAP-5095,2024-03-16,C005,Serviola,1.41,A0032,Ria
CAP-5096,2024-04-03,C005,Mero,4.69,A0032,Playa
CAP-5097,2024-04-04,C005,Mero,11.48,A0032,Alta Mar
CAP-5098,2024-05-01,C234,Baila,1.19,A0015,Espigon
CAP-5099,2024-05-16,C234,Serviola,1.61,A0015,Playa
CAP-5100,2024-09-26,C104,Llampuga,9.7,A0026,Alta Mar
CAP-5101,2024-09-12,C104,Bonito del Norte,4.69,A0026,Alta Mar
CAP-5102,2024-10-13,C104,Llampuga,8.05,A0026,Espigon
CAP-5103,2024-10-24,C129,Baila,0.96,A0016,Alta Mar
CAP-5104,2025-01-07,C150,Denton,5.0,A0033,Espigon
CAP-5105,2024-02-23,C226,Anjova,2.02,A0011,Alta Mar
CAP-5106,2024-03-02,C226,Espeton,1.43,A0011,Alta Mar
CAP-5107,2024-03-09,C226,Baila,1.6,A0011,Alta Mar
CAP-5108,2024-10-13,C115,Bonito del Norte,5.53,A0028,Espigon
CAP-5109,2024-08-04,C002,Bonito del Norte,13.76,A0028,Espigon
CAP-5110,2024-10-22,C210,Calamar,1.2,A0002,Playa
CAP-5111,2024-11-08,C210,Calamar,0.5,A0002,Playa
CAP-5112,2024-10-08,C299,Palometon,7.55,A0012,Espigon
CAP-5113,2024-10-12,C299,Palometon,10.05,A0012,Ria
CAP-5114,2025-01-02,C062,Cabrilla,0.83,A0031,Espigon
CAP-5115,2024-12-29,C062,Sama,5.83,A0031,Espigon
CAP-5116,2024-06-25,C122,Bonito del Norte,11.43,A0026,Espigon
CAP-5117,2024-07-03,C122,Bacoreta,1.65,A0026,Espigon
CAP-5118,2024-11-11,C130,Lubina,3.7,A0011,Espigon
CAP-5119,2024-10-25,C130,Baila,1.24,A0011,Espigon
CAP-5120,2024-11-17,C130,Palometon,14.89,A0011,Espigon
CAP-5121,2024-05-09,C190,Denton,2.9,A0033,Ria
CAP-5122,2024-06-05,C190,Denton,2.01,A0033,Ria
CAP-5123,2024-06-13,C190,Serviola,0.55,A0033,Playa
CAP-5124,2024-09-28,C256,Gallineta,1.87,A0030,Playa
CAP-5125,2024-01-27,C245,Lubina,1.45,A0013,Alta Mar
CAP-5126,2024-02-16,C245,Lubina,0.66,A0013,Espigon
CAP-5127,2024-11-17,C094,Calamar,0.52,A0001,Alta Mar
CAP-5128,2024-11-09,C094,Calamar,1.26,A0001,Alta Mar
CAP-5129,2024-12-12,C094,Calamar,1.31,A0001,Playa
CAP-5130,2024-11-29,C094,Calamar,0.32,A0001,Alta Mar
CAP-5131,2024-12-10,C094,Calamar,1.33,A0001,Playa
CAP-5132,2024-03-05,C269,Anjova,6.67,A0014,Ria
CAP-5133,2024-03-16,C269,Espeton,0.69,A0014,Playa
CAP-5134,2024-03-08,C269,Baila,1.66,A0014,Ria
CAP-5135,2024-06-22,C155,Serviola,1.09,A0033,Ria
CAP-5136,2024-06-18,C155,Serviola,1.05,A0033,Alta Mar
CAP-5137,2024-07-02,C155,Mero,5.7,A0033,Espigon
CAP-5138,2024-06-19,C209,Herrera,0.59,A0022,Espigon
CAP-5139,2024-06-28,C097,Llampuga,4.46,A0026,Playa
CAP-5140,2024-07-23,C097,Llampuga,7.05,A0026,Playa
CAP-5141,2024-07-26,C097,Bacoreta,0.89,A0026,Playa
CAP-5142,2024-11-15,C085,Sama,9.14,A0030,Espigon
CAP-5143,2024-12-07,C085,Sama,9.45,A0030,Alta Mar
CAP-5144,2024-12-30,C076,Sepia,1.71,A0003,Alta Mar
CAP-5145,2024-12-24,C151,Serviola,1.83,A0033,Ria
CAP-5146,2025-01-18,C151,Serviola,1.53,A0033,Ria
CAP-5147,2025-01-22,C151,Serviola,0.6,A0033,Alta Mar
CAP-5148,2024-09-12,C090,Pargo,0.8,A0031,Alta Mar
CAP-5149,2024-12-22,C206,Sepia,1.56,A0001,Playa
CAP-5150,2024-06-12,C092,Bonito del Norte,9.96,A0026,Alta Mar
CAP-5151,2024-07-07,C092,Llampuga,9.34,A0026,Ria
CAP-5152,2024-07-14,C092,Bonito del Norte,12.92,A0026,Alta Mar
CAP-5153,2024-11-20,C057,Calamar,0.82,A0003,Alta Mar
CAP-5154,2024-11-27,C057,Calamar,1.38,A0003,Playa
CAP-5155,2024-12-05,C057,Calamar,0.97,A0003,Alta Mar
CAP-5156,2024-11-29,C057,Calamar,0.22,A0003,Ria
CAP-5157,2024-12-13,C057,Calamar,0.66,A0003,Ria
CAP-5158,2024-12-03,C057,Sepia,1.26,A0003,Ria
CAP-5159,2024-12-30,C057,Sepia,0.55,A0003,Alta Mar
CAP-5160,2024-07-21,C040,Bonito del Norte,7.79,A0028,Playa
CAP-5161,2024-01-31,C074,Espeton,0.78,A0010,Playa
CAP-5162,2024-05-16,C241,Baila,0.58,A0013,Ria
CAP-5163,2024-06-02,C241,Lubina,2.92,A0013,Ria
CAP-5164,2024-06-18,C241,Lubina,2.18,A0013,Alta Mar
CAP-5165,2024-02-03,C226,Anjova,2.09,A0016,Espigon
CAP-5166,2024-02-11,C226,Lubina,4.69,A0016,Ria
CAP-5167,2024-02-25,C226,Lubina,4.9,A0016,Espigon
CAP-5168,2024-11-20,C198,Denton,4.5,A0032,Alta Mar
CAP-5169,2024-12-03,C198,Denton,3.07,A0032,Ria
CAP-5170,2024-10-20,C018,Serviola,1.1,A0033,Ria
CAP-5171,2024-10-06,C018,Serviola,0.57,A0033,Playa
CAP-5172,2024-10-02,C157,Jurel,0.68,A0018,Alta Mar
CAP-5173,2024-09-25,C157,Lubina,4.22,A0018,Alta Mar
CAP-5174,2024-04-08,C234,Sargo,0.77,A0021,Playa
CAP-5175,2024-04-05,C234,Herrera,0.65,A0021,Ria
CAP-5176,2024-04-10,C234,Herrera,0.29,A0021,Alta Mar
CAP-5177,2024-11-22,C060,Calamar,1.15,A0001,Playa
CAP-5178,2024-11-24,C060,Sepia,1.55,A0001,Alta Mar
CAP-5179,2024-06-16,C123,Llampuga,8.11,A0026,Ria
CAP-5180,2024-06-06,C255,Denton,2.23,A0033,Ria
CAP-5181,2025-01-04,C005,Serviola,1.93,A0033,Espigon
CAP-5182,2025-01-13,C035,Denton,3.16,A0030,Espigon
CAP-5183,2025-01-26,C035,Cabrilla,1.1,A0030,Ria
CAP-5184,2024-06-01,C089,Lubina,4.6,A0018,Espigon
CAP-5185,2024-05-27,C089,Baila,0.65,A0018,Ria
CAP-5186,2024-05-21,C089,Lubina,4.67,A0018,Playa
CAP-5187,2024-06-05,C089,Lubina,4.09,A0018,Espigon
CAP-5188,2024-06-25,C089,Lubina,4.74,A0018,Espigon
CAP-5189,2024-05-22,C007,Mero,13.64,A0031,Alta Mar
CAP-5190,2024-05-31,C007,San Pedro,2.32,A0031,Espigon
CAP-5191,2024-08-22,C265,Bonito del Norte,12.02,A0027,Espigon
CAP-5192,2024-08-07,C265,Bonito del Norte,12.25,A0027,Alta Mar
CAP-5193,2024-09-06,C265,Bonito del Norte,8.72,A0027,Playa
CAP-5194,2024-09-04,C265,Bonito del Norte,12.78,A0027,Espigon
CAP-5195,2025-01-04,C220,Serviola,1.69,A0032,Espigon
CAP-5196,2025-01-25,C220,Serviola,1.4,A0032,Alta Mar
CAP-5197,2024-01-09,C130,Anjova,2.55,A0018,Espigon
CAP-5198,2024-02-03,C130,Lubina,1.5,A0018,Ria
CAP-5199,2024-02-15,C130,Lubina,2.75,A0018,Playa
CAP-5200,2024-09-14,C065,Bacoreta,1.42,A0026,Espigon
CAP-5201,2024-06-24,C220,Serviola,1.16,A0032,Playa
CAP-5202,2024-06-24,C220,Denton,3.63,A0032,Ria
CAP-5203,2024-09-16,C190,Denton,4.91,A0032,Ria
CAP-5204,2024-06-29,C289,Gallineta,1.13,A0031,Ria
CAP-5205,2024-07-01,C289,San Pedro,1.4,A0031,Espigon
CAP-5206,2024-07-14,C289,Sama,8.87,A0031,Alta Mar
CAP-5207,2024-05-22,C225,Herrera,0.52,A0022,Alta Mar
CAP-5208,2024-05-25,C225,Herrera,0.52,A0022,Ria
CAP-5209,2024-08-14,C132,Pargo,0.97,A0031,Playa
CAP-5210,2024-09-18,C132,San Pedro,2.22,A0031,Playa
CAP-5211,2024-09-15,C132,Pargo,1.77,A0031,Alta Mar
CAP-5212,2024-09-19,C132,Gallineta,1.66,A0031,Espigon
CAP-5213,2025-01-18,C187,Sepia,1.65,A0001,Espigon
CAP-5214,2024-06-17,C235,Jurel,0.78,A0018,Alta Mar
CAP-5215,2024-09-23,C299,Lubina,3.25,A0017,Playa
CAP-5216,2024-03-29,C248,Lubina,4.67,A0017,Espigon
CAP-5217,2024-04-04,C248,Espeton,1.05,A0017,Playa
CAP-5218,2024-08-20,C287,Marlin Blanco,24.87,A0026,Ria
CAP-5219,2024-09-20,C113,Bonito del Norte,12.92,A0028,Ria
CAP-5220,2024-09-26,C113,Bonito del Norte,10.0,A0028,Alta Mar
CAP-5221,2024-12-07,C298,Lubina,3.87,A0012,Alta Mar
CAP-5222,2024-12-22,C298,Espeton,1.31,A0012,Ria
CAP-5223,2024-12-01,C111,Baila,0.62,A0015,Alta Mar
CAP-5224,2024-12-15,C111,Anjova,2.05,A0015,Ria
CAP-5225,2024-12-23,C111,Espeton,1.34,A0015,Playa
CAP-5226,2024-06-17,C044,Serviola,1.73,A0016,Espigon
CAP-5227,2024-06-19,C044,Palometon,13.22,A0016,Playa
CAP-5228,2024-07-20,C044,Lubina,1.14,A0016,Playa
CAP-5229,2024-03-01,C165,Serviola,1.76,A0033,Espigon
CAP-5230,2024-02-12,C165,Denton,3.31,A0033,Ria
CAP-5231,2025-01-19,C098,Lubina,4.27,A0015,Alta Mar
CAP-5232,2024-08-04,C243,Denton,2.03,A0031,Alta Mar
CAP-5233,2024-12-30,C117,Sepia,1.1,A0005,Alta Mar
CAP-5234,2024-06-29,C226,Anjova,4.26,A0011,Alta Mar
CAP-5235,2024-06-27,C226,Anjova,3.97,A0011,Espigon
CAP-5236,2024-06-25,C226,Baila,0.98,A0011,Alta Mar
CAP-5237,2024-07-27,C226,Baila,1.87,A0011,Espigon
CAP-5238,2024-07-30,C042,Bacoreta,0.93,A0026,Espigon
CAP-5239,2024-10-13,C006,Baila,1.34,A0017,Alta Mar
CAP-5240,2024-10-31,C006,Lubina,2.61,A0017,Ria
CAP-5241,2024-03-30,C175,San Pedro,2.43,A0031,Ria
CAP-5242,2024-04-29,C175,Cabrilla,1.47,A0031,Playa
CAP-5243,2024-05-10,C175,Cabrilla,1.61,A0031,Alta Mar
CAP-5244,2024-01-08,C271,Cabrilla,0.72,A0031,Ria
CAP-5245,2025-01-03,C060,Sepia,1.85,A0004,Ria
CAP-5246,2024-12-27,C060,Sepia,1.97,A0004,Alta Mar
CAP-5247,2025-01-04,C060,Calamar,1.48,A0004,Espigon
CAP-5248,2025-01-02,C060,Calamar,1.34,A0004,Playa
CAP-5249,2025-01-06,C060,Calamar,0.51,A0004,Ria
CAP-5250,2024-09-02,C205,Llampuga,6.56,A0026,Playa
CAP-5251,2024-07-04,C283,Bonito del Norte,6.62,A0027,Playa
CAP-5252,2024-08-02,C283,Bonito del Norte,8.7,A0027,Playa
CAP-5253,2024-07-30,C283,Llampuga,4.62,A0027,Playa
CAP-5254,2024-04-01,C293,Sama,5.68,A0031,Ria
CAP-5255,2024-09-27,C237,Denton,2.54,A0030,Ria
CAP-5256,2024-10-28,C011,Serviola,1.51,A0032,Playa
CAP-5257,2024-10-20,C168,Espeton,1.97,A0018,Ria
CAP-5258,2024-11-13,C168,Lubina,3.73,A0018,Ria
CAP-5259,2024-04-20,C174,Denton,3.55,A0032,Alta Mar
CAP-5260,2024-04-18,C174,Serviola,1.39,A0032,Ria
CAP-5261,2024-02-04,C016,Calamar,0.27,A0004,Playa
CAP-5262,2024-05-06,C282,Serviola,1.45,A0013,Playa
CAP-5263,2024-05-09,C282,Anjova,2.94,A0013,Alta Mar
CAP-5264,2024-05-25,C282,Espeton,1.49,A0013,Ria
CAP-5265,2024-06-20,C282,Anjova,2.1,A0013,Playa
CAP-5266,2024-02-06,C027,Pulpo,4.5,A0001,Alta Mar
CAP-5267,2024-01-31,C027,Calamar,1.32,A0001,Ria
CAP-5268,2024-02-16,C027,Sepia,1.44,A0001,Playa
CAP-5269,2024-02-17,C027,Sepia,0.52,A0001,Espigon
CAP-5270,2024-07-19,C250,Bacoreta,0.79,A0027,Playa
CAP-5271,2024-10-05,C275,Sargo,0.82,A0021,Ria
CAP-5272,2024-09-27,C275,Herrera,0.59,A0021,Playa
CAP-5273,2024-03-01,C145,Sepia,0.94,A0001,Playa
CAP-5274,2024-02-27,C145,Sepia,1.24,A0001,Playa
CAP-5275,2024-02-27,C145,Sepia,1.02,A0001,Alta Mar
CAP-5276,2024-02-16,C145,Sepia,1.57,A0001,Espigon
CAP-5277,2024-03-17,C145,Calamar,0.42,A0001,Ria
CAP-5278,2024-12-10,C087,Sepia,0.61,A0003,Ria
CAP-5279,2024-09-03,C140,Llampuga,8.84,A0027,Espigon
CAP-5280,2025-01-11,C109,Denton,5.23,A0032,Ria
CAP-5281,2024-05-25,C240,Pargo,1.0,A0030,Espigon
CAP-5282,2024-05-20,C240,Mero,12.39,A0030,Playa
CAP-5283,2024-06-15,C240,Sama,7.71,A0030,Espigon
CAP-5284,2024-11-14,C047,Cabrilla,0.97,A0031,Alta Mar
CAP-5285,2024-12-20,C047,San Pedro,1.93,A0031,Playa
CAP-5286,2024-12-10,C047,Denton,4.2,A0031,Playa
CAP-5287,2024-10-16,C182,Sama,2.3,A0031,Alta Mar
CAP-5288,2024-11-03,C182,Cabrilla,0.58,A0031,Alta Mar
CAP-5289,2024-10-21,C182,Sama,6.28,A0031,Playa
CAP-5290,2024-11-17,C182,Denton,1.5,A0031,Ria
CAP-5291,2024-11-12,C182,Sama,4.11,A0031,Ria
CAP-5292,2024-04-14,C263,Cabrilla,1.58,A0030,Alta Mar
CAP-5293,2024-07-11,C225,San Pedro,1.13,A0030,Alta Mar
CAP-5294,2024-07-13,C225,Sama,3.87,A0030,Ria
CAP-5295,2024-07-22,C225,Cabrilla,1.32,A0030,Ria
CAP-5296,2024-08-10,C166,Jurel,1.38,A0011,Espigon
CAP-5297,2024-08-07,C166,Lubina,3.9,A0011,Espigon
CAP-5298,2024-09-05,C166,Palometon,12.18,A0011,Playa
CAP-5299,2024-11-28,C059,Dorada,2.34,A0022,Espigon
CAP-5300,2024-05-03,C263,Pargo,0.65,A0030,Ria
CAP-5301,2024-05-13,C263,Denton,7.77,A0030,Alta Mar
CAP-5302,2024-10-15,C122,Cabrilla,0.93,A0031,Espigon
CAP-5303,2024-08-31,C174,Denton,2.14,A0032,Alta Mar
CAP-5304,2024-08-31,C174,Denton,3.94,A0032,Playa
CAP-5305,2024-09-28,C174,Serviola,1.66,A0032,Alta Mar
CAP-5306,2025-02-03,C058,Mero,9.25,A0033,Espigon
CAP-5307,2024-03-16,C275,Calamar,0.59,A0006,Ria
CAP-5308,2024-03-08,C275,Calamar,0.89,A0006,Playa
CAP-5309,2024-03-08,C275,Calamar,1.32,A0006,Playa
CAP-5310,2024-02-28,C275,Sepia,1.32,A0006,Espigon
CAP-5311,2024-03-30,C275,Sepia,1.88,A0006,Playa
CAP-5312,2024-04-06,C275,Sepia,1.21,A0006,Playa
CAP-5313,2024-08-06,C183,Serviola,1.1,A0033,Alta Mar
CAP-5314,2024-04-08,C214,Serviola,1.32,A0032,Espigon
CAP-5315,2024-04-18,C214,Serviola,1.02,A0032,Alta Mar
CAP-5316,2024-11-23,C227,Denton,4.51,A0032,Alta Mar
CAP-5317,2024-12-11,C227,Denton,3.3,A0032,Playa
CAP-5318,2024-08-14,C280,Denton,5.83,A0032,Ria
CAP-5319,2024-11-02,C178,Calamar,0.28,A0006,Alta Mar
CAP-5320,2024-10-21,C178,Calamar,0.57,A0006,Espigon
CAP-5321,2024-11-09,C178,Calamar,0.82,A0006,Playa
CAP-5322,2024-10-27,C178,Calamar,0.78,A0006,Espigon
CAP-5323,2024-11-11,C178,Calamar,0.47,A0006,Alta Mar
CAP-5324,2024-11-16,C178,Calamar,1.16,A0006,Espigon
CAP-5325,2024-09-14,C253,Bonito del Norte,14.09,A0028,Espigon
CAP-5326,2024-11-11,C056,Calamar,0.96,A0003,Espigon
CAP-5327,2024-10-22,C056,Calamar,0.43,A0003,Playa
CAP-5328,2024-10-18,C056,Calamar,1.09,A0003,Ria
CAP-5329,2024-06-19,C205,Bonito del Norte,14.75,A0026,Espigon
CAP-5330,2024-07-10,C205,Bonito del Norte,14.83,A0026,Alta Mar
CAP-5331,2024-03-22,C124,Mero,4.37,A0033,Espigon
CAP-5332,2024-04-04,C124,Denton,5.14,A0033,Alta Mar
CAP-5333,2024-03-16,C124,Mero,4.64,A0033,Alta Mar
CAP-5334,2024-12-17,C036,San Pedro,1.8,A0030,Alta Mar
CAP-5335,2024-12-06,C036,Cabrilla,1.97,A0030,Playa
CAP-5336,2024-08-02,C092,Bonito del Norte,14.18,A0027,Espigon
CAP-5337,2024-07-19,C092,Bacoreta,1.74,A0027,Playa
CAP-5338,2024-07-20,C092,Marlin Blanco,25.99,A0027,Alta Mar
CAP-5339,2024-08-11,C092,Bonito del Norte,6.46,A0027,Alta Mar
CAP-5340,2024-02-08,C104,Serviola,1.43,A0033,Espigon
CAP-5341,2024-11-13,C007,Calamar,1.2,A0002,Alta Mar
CAP-5342,2024-03-08,C147,Cabrilla,0.81,A0030,Espigon
CAP-5343,2024-03-10,C147,Pargo,1.5,A0030,Alta Mar
CAP-5344,2024-03-22,C147,San Pedro,1.99,A0030,Alta Mar
CAP-5345,2024-11-07,C165,Denton,2.17,A0033,Alta Mar
CAP-5346,2024-11-11,C165,Serviola,1.52,A0033,Ria
CAP-5347,2024-11-18,C165,Mero,4.64,A0033,Playa
CAP-5348,2024-01-06,C114,Sama,4.13,A0031,Espigon
CAP-5349,2024-11-02,C007,Gallineta,1.59,A0031,Ria
CAP-5350,2024-11-26,C007,Sama,3.99,A0031,Alta Mar
CAP-5351,2024-09-24,C223,Mero,14.26,A0032,Playa
CAP-5352,2024-11-09,C124,Denton,6.14,A0033,Alta Mar
CAP-5353,2024-11-03,C124,Denton,2.76,A0033,Alta Mar
CAP-5354,2024-11-29,C124,Denton,3.84,A0033,Playa
CAP-5355,2024-12-15,C185,Sepia,0.94,A0006,Playa
CAP-5356,2024-10-13,C198,Denton,5.93,A0032,Ria
CAP-5357,2024-10-03,C119,Lubina,0.72,A0012,Alta Mar
CAP-5358,2024-09-21,C119,Lubina,4.86,A0012,Alta Mar
CAP-5359,2024-02-06,C231,Calamar,1.17,A0005,Playa
CAP-5360,2024-01-20,C231,Calamar,0.25,A0005,Ria
CAP-5361,2024-02-20,C231,Sepia,0.39,A0005,Ria
CAP-5362,2024-02-10,C231,Sepia,1.12,A0005,Playa
CAP-5363,2024-02-28,C231,Calamar,0.63,A0005,Espigon
CAP-5364,2024-02-03,C231,Calamar,0.69,A0005,Alta Mar
CAP-5365,2024-02-25,C231,Calamar,0.71,A0005,Alta Mar
CAP-5366,2024-03-22,C034,Herrera,0.71,A0022,Espigon
CAP-5367,2024-04-13,C034,Sargo,0.73,A0022,Alta Mar
CAP-5368,2024-04-10,C034,Herrera,0.71,A0022,Playa
CAP-5369,2024-10-27,C279,Dorada,1.09,A0021,Ria
CAP-5370,2024-10-05,C279,Dorada,1.62,A0021,Ria
CAP-5371,2024-04-23,C130,Espeton,1.09,A0015,Playa
CAP-5372,2024-04-29,C130,Lubina,3.05,A0015,Espigon
CAP-5373,2024-04-12,C021,Serviola,1.14,A0032,Alta Mar
CAP-5374,2024-01-27,C263,Denton,5.37,A0031,Espigon
CAP-5375,2024-01-15,C263,Sama,5.58,A0031,Playa
CAP-5376,2024-02-25,C161,Cabrilla,1.46,A0031,Alta Mar
CAP-5377,2024-02-16,C161,Pargo,1.41,A0031,Alta Mar
CAP-5378,2024-03-27,C161,Denton,5.23,A0031,Playa
CAP-5379,2024-10-22,C124,Espeton,0.77,A0018,Ria
CAP-5380,2024-11-04,C124,Lubina,2.37,A0018,Playa
CAP-5381,2024-10-28,C124,Baila,1.33,A0018,Ria
CAP-5382,2024-10-08,C180,Serviola,1.92,A0033,Alta Mar
CAP-5383,2024-11-06,C148,Serviola,0.72,A0032,Playa
CAP-5384,2024-09-19,C144,Serviola,0.82,A0033,Espigon
CAP-5385,2024-03-05,C005,Denton,2.12,A0032,Playa
CAP-5386,2024-03-19,C005,Denton,2.86,A0032,Alta Mar
CAP-5387,2024-02-24,C188,Sama,3.67,A0030,Playa
CAP-5388,2024-03-07,C188,Pargo,1.7,A0030,Espigon
CAP-5389,2024-04-04,C188,Pargo,0.74,A0030,Alta Mar
CAP-5390,2024-03-28,C188,Mero,3.35,A0030,Ria
CAP-5391,2024-09-14,C080,Sama,7.58,A0031,Ria
CAP-5392,2024-10-17,C026,Sepia,1.74,A0002,Ria
CAP-5393,2024-10-31,C026,Sepia,1.17,A0002,Alta Mar
CAP-5394,2024-10-29,C026,Calamar,0.28,A0002,Alta Mar
CAP-5395,2024-11-19,C026,Calamar,0.38,A0002,Alta Mar
CAP-5396,2024-07-23,C102,Sama,5.66,A0031,Playa
CAP-5397,2024-07-28,C102,Sama,3.96,A0031,Playa
CAP-5398,2024-08-05,C102,Cabrilla,1.39,A0031,Ria
CAP-5399,2024-09-03,C033,Cabrilla,1.78,A0031,Playa
CAP-5400,2024-10-09,C033,Cabrilla,1.08,A0031,Espigon
CAP-5401,2024-02-23,C296,Pulpo,2.32,A0003,Playa
CAP-5402,2024-02-28,C296,Calamar,0.61,A0003,Playa
CAP-5403,2024-03-17,C296,Pulpo,3.32,A0003,Espigon
CAP-5404,2024-03-11,C296,Pulpo,3.61,A0003,Espigon
CAP-5405,2024-03-24,C296,Pulpo,2.45,A0003,Ria
CAP-5406,2024-12-21,C132,Mero,5.78,A0030,Espigon
CAP-5407,2024-11-25,C212,Sepia,1.1,A0003,Ria
CAP-5408,2024-11-12,C212,Sepia,1.29,A0003,Espigon
CAP-5409,2024-11-27,C212,Sepia,0.32,A0003,Espigon
CAP-5410,2024-05-03,C112,Denton,6.0,A0031,Alta Mar
CAP-5411,2024-05-09,C112,Denton,6.58,A0031,Ria
CAP-5412,2024-05-22,C112,Pargo,1.76,A0031,Espigon
CAP-5413,2024-07-22,C085,Sama,6.21,A0030,Alta Mar
CAP-5414,2024-07-18,C085,Pargo,1.51,A0030,Playa
CAP-5415,2024-10-15,C156,Pulpo,2.8,A0002,Ria
CAP-5416,2024-11-04,C156,Calamar,0.38,A0002,Ria
CAP-5417,2024-11-05,C156,Calamar,1.18,A0002,Alta Mar
CAP-5418,2024-08-11,C074,Denton,2.32,A0030,Ria
CAP-5419,2024-09-07,C074,Sama,6.57,A0030,Espigon
CAP-5420,2024-09-19,C074,Pargo,1.73,A0030,Espigon
CAP-5421,2024-08-30,C074,Cabrilla,1.88,A0030,Espigon
CAP-5422,2024-09-27,C068,Serviola,1.43,A0033,Espigon
CAP-5423,2024-05-10,C132,Denton,2.02,A0031,Alta Mar
CAP-5424,2024-05-31,C132,Cabrilla,0.72,A0031,Playa
CAP-5425,2024-10-01,C097,Bonito del Norte,7.9,A0026,Alta Mar
CAP-5426,2024-07-19,C287,Bonito del Norte,14.62,A0026,Playa
CAP-5427,2024-07-26,C287,Llampuga,6.35,A0026,Ria
CAP-5428,2024-08-20,C287,Bonito del Norte,10.69,A0026,Alta Mar
CAP-5429,2024-08-24,C287,Llampuga,3.39,A0026,Ria
CAP-5430,2024-05-09,C160,Mabra,1.03,A0022,Ria
CAP-5431,2024-05-14,C160,Herrera,0.72,A0022,Espigon
CAP-5432,2024-05-12,C160,Herrera,0.57,A0022,Playa
CAP-5433,2024-06-06,C160,Mabra,0.56,A0022,Alta Mar
CAP-5434,2024-05-29,C160,Sargo,1.03,A0022,Ria
CAP-5435,2024-03-09,C144,Denton,3.57,A0033,Ria
CAP-5436,2024-03-21,C144,Serviola,1.9,A0033,Playa
CAP-5437,2024-07-22,C270,Anjova,3.55,A0015,Playa
CAP-5438,2024-07-20,C270,Espeton,1.12,A0015,Ria
CAP-5439,2024-07-22,C270,Espeton,0.92,A0015,Espigon
CAP-5440,2024-08-01,C270,Espeton,1.83,A0015,Espigon
CAP-5441,2024-06-17,C258,Serviola,1.57,A0032,Playa
CAP-5442,2024-01-13,C212,Sepia,1.09,A0001,Ria
CAP-5443,2024-02-13,C212,Pulpo,4.14,A0001,Playa
CAP-5444,2024-02-11,C212,Calamar,1.33,A0001,Ria
CAP-5445,2024-02-23,C212,Pulpo,2.59,A0001,Alta Mar
CAP-5446,2024-02-21,C212,Pulpo,4.13,A0001,Ria
CAP-5447,2024-12-31,C244,Cabrilla,1.95,A0031,Playa
CAP-5448,2024-12-24,C244,Cabrilla,1.5,A0031,Ria
CAP-5449,2025-01-06,C244,San Pedro,2.1,A0031,Playa
CAP-5450,2024-04-01,C126,Herrera,0.6,A0022,Playa
CAP-5451,2024-03-29,C126,Herrera,0.33,A0022,Ria
CAP-5452,2024-04-10,C126,Herrera,0.75,A0022,Playa
CAP-5453,2024-04-18,C126,Sargo,0.84,A0022,Espigon
CAP-5454,2024-09-22,C115,Bonito del Norte,7.19,A0027,Ria
CAP-5455,2025-02-01,C151,Denton,3.93,A0033,Ria
CAP-5456,2025-01-17,C151,Serviola,1.02,A0033,Playa
CAP-5457,2024-06-17,C020,Pargo,1.74,A0031,Espigon
CAP-5458,2024-06-15,C020,Sama,9.65,A0031,Ria
CAP-5459,2024-06-27,C020,Sama,6.29,A0031,Espigon
CAP-5460,2024-08-16,C197,Anjova,2.64,A0016,Espigon
CAP-5461,2024-09-15,C197,Lubina,4.1,A0016,Espigon
CAP-5462,2024-09-08,C197,Serviola,1.04,A0016,Playa
CAP-5463,2024-10-05,C197,Espeton,1.82,A0016,Espigon
CAP-5464,2024-10-14,C020,Calamar,1.43,A0001,Alta Mar
CAP-5465,2024-10-25,C020,Calamar,0.8,A0001,Alta Mar
CAP-5466,2024-11-04,C020,Pulpo,3.03,A0001,Alta Mar
CAP-5467,2024-11-03,C020,Calamar,1.2,A0001,Alta Mar
CAP-5468,2024-12-01,C020,Sepia,0.86,A0001,Ria
CAP-5469,2024-10-11,C223,Calamar,1.09,A0002,Playa
CAP-5470,2024-10-12,C223,Calamar,0.38,A0002,Ria
CAP-5471,2024-10-13,C223,Calamar,0.98,A0002,Alta Mar
CAP-5472,2024-10-26,C223,Calamar,1.21,A0002,Playa
CAP-5473,2024-11-08,C223,Sepia,0.35,A0002,Espigon
CAP-5474,2024-12-10,C237,Calamar,1.21,A0004,Playa
CAP-5475,2024-08-08,C001,Jurel,1.14,A0017,Alta Mar
CAP-5476,2024-02-27,C254,Serviola,1.88,A0032,Ria
CAP-5477,2024-09-16,C175,Cabrilla,1.75,A0030,Playa
CAP-5478,2024-09-13,C175,Cabrilla,1.74,A0030,Playa
CAP-5479,2024-08-06,C214,Serviola,0.78,A0033,Espigon
CAP-5480,2024-08-26,C214,Serviola,0.68,A0033,Ria
CAP-5481,2024-09-14,C214,Mero,3.92,A0033,Espigon
CAP-5482,2024-02-07,C156,Pulpo,4.23,A0001,Espigon
CAP-5483,2024-02-07,C156,Pulpo,1.11,A0001,Alta Mar
CAP-5484,2024-05-14,C055,Herrera,0.32,A0021,Playa
CAP-5485,2024-02-18,C154,Serviola,1.72,A0032,Ria
CAP-5486,2024-03-02,C049,Calamar,1.33,A0006,Playa
CAP-5487,2024-03-10,C049,Sepia,0.44,A0006,Alta Mar
CAP-5488,2024-03-11,C049,Calamar,0.37,A0006,Alta Mar
CAP-5489,2024-05-20,C143,Herrera,0.48,A0021,Ria
CAP-5490,2024-05-12,C143,Dorada,1.83,A0021,Alta Mar
CAP-5491,2024-06-03,C143,Dorada,0.59,A0021,Playa
CAP-5492,2024-05-22,C143,Sargo,0.25,A0021,Espigon
CAP-5493,2024-12-30,C008,Sepia,0.51,A0007,Espigon
CAP-5494,2024-01-10,C241,Calamar,1.08,A0002,Ria
CAP-5495,2024-02-07,C241,Calamar,0.81,A0002,Ria
CAP-5496,2024-09-06,C292,San Pedro,2.49,A0031,Ria
CAP-5497,2024-09-22,C292,Sama,7.69,A0031,Ria
CAP-5498,2024-09-29,C292,Pargo,1.64,A0031,Alta Mar
CAP-5499,2024-07-09,C175,Denton,4.72,A0030,Espigon
CAP-5500,2024-07-20,C175,San Pedro,1.23,A0030,Alta Mar
CAP-5501,2024-01-19,C181,Pargo,1.13,A0031,Alta Mar
CAP-5502,2024-02-01,C181,Mero,13.11,A0031,Ria
CAP-5503,2024-02-24,C181,San Pedro,0.52,A0031,Alta Mar
CAP-5504,2024-02-19,C181,Cabrilla,1.13,A0031,Playa
CAP-5505,2024-07-11,C169,Denton,3.14,A0033,Espigon
CAP-5506,2024-10-02,C030,Corvina,7.65,A0021,Ria
CAP-5507,2024-10-17,C042,Marlin Blanco,20.02,A0026,Alta Mar
CAP-5508,2024-10-22,C042,Llampuga,2.73,A0026,Espigon
CAP-5509,2024-10-26,C042,Llampuga,6.48,A0026,Espigon
CAP-5510,2024-11-09,C117,Calamar,1.3,A0006,Alta Mar
CAP-5511,2024-11-01,C117,Calamar,0.99,A0006,Alta Mar
CAP-5512,2024-02-20,C094,Calamar,1.46,A0006,Ria
CAP-5513,2024-03-12,C094,Calamar,0.44,A0006,Playa
CAP-5514,2024-02-23,C094,Calamar,0.46,A0006,Alta Mar
CAP-5515,2025-01-08,C145,Calamar,0.69,A0004,Playa
CAP-5516,2024-12-25,C266,Lubina,3.23,A0015,Playa
CAP-5517,2025-01-23,C266,Anjova,5.4,A0015,Alta Mar
CAP-5518,2024-09-08,C149,Serviola,0.75,A0033,Alta Mar
CAP-5519,2024-07-04,C217,Sama,8.95,A0031,Alta Mar
CAP-5520,2024-07-09,C217,Cabrilla,1.57,A0031,Espigon
CAP-5521,2024-08-13,C113,Melva,1.37,A0027,Espigon
CAP-5522,2024-08-29,C113,Bonito del Norte,7.04,A0027,Alta Mar
CAP-5523,2024-10-01,C092,Bonito del Norte,9.04,A0026,Playa
CAP-5524,2024-10-02,C092,Llampuga,8.64,A0026,Espigon
CAP-5525,2024-06-20,C228,Anjova,3.96,A0014,Ria
CAP-5526,2024-06-09,C228,Serviola,1.84,A0014,Ria
CAP-5527,2024-06-20,C228,Lubina,4.34,A0014,Alta Mar
CAP-5528,2024-06-27,C228,Anjova,5.54,A0014,Playa
CAP-5529,2024-09-20,C058,Mero,7.36,A0032,Ria
CAP-5530,2024-09-24,C058,Mero,7.16,A0032,Playa
CAP-5531,2024-08-20,C034,Sama,6.17,A0031,Espigon
CAP-5532,2024-05-21,C203,Sargo,1.17,A0022,Espigon
CAP-5533,2024-06-05,C203,Sargo,0.62,A0022,Playa
CAP-5534,2024-06-07,C203,Sargo,0.99,A0022,Playa
CAP-5535,2024-05-30,C203,Sargo,1.13,A0022,Ria
CAP-5536,2024-06-13,C263,San Pedro,1.78,A0031,Playa
CAP-5537,2024-06-07,C263,Pargo,1.19,A0031,Playa
CAP-5538,2024-10-09,C179,Bacoreta,1.37,A0026,Ria
CAP-5539,2024-10-24,C179,Llampuga,7.87,A0026,Playa
CAP-5540,2024-10-15,C134,Bonito del Norte,8.29,A0028,Ria
CAP-5541,2024-06-18,C197,Marlin Blanco,43.55,A0028,Alta Mar
CAP-5542,2024-07-07,C197,Llampuga,5.13,A0028,Alta Mar
CAP-5543,2024-06-29,C197,Llampuga,7.76,A0028,Ria
CAP-5544,2024-07-15,C197,Bonito del Norte,7.65,A0028,Espigon
CAP-5545,2024-11-07,C230,Espeton,1.03,A0010,Ria
CAP-5546,2024-11-10,C230,Lubina,1.05,A0010,Espigon
CAP-5547,2024-10-08,C112,Denton,7.2,A0031,Ria
CAP-5548,2024-12-10,C162,Sepia,1.32,A0006,Ria
CAP-5549,2024-11-30,C162,Sepia,1.2,A0006,Ria
CAP-5550,2024-12-11,C162,Sepia,0.83,A0006,Playa
CAP-5551,2024-07-23,C185,Llampuga,2.45,A0026,Playa
CAP-5552,2024-07-15,C185,Marlin Blanco,45.84,A0026,Ria
CAP-5553,2024-08-11,C185,Bonito del Norte,13.09,A0026,Espigon
CAP-5554,2024-07-27,C185,Bonito del Norte,6.84,A0026,Ria
CAP-5555,2024-02-06,C103,Gallineta,1.8,A0030,Alta Mar
CAP-5556,2024-10-25,C188,Herrera,0.72,A0021,Ria
CAP-5557,2024-10-29,C188,Mabra,1.27,A0021,Ria
CAP-5558,2024-11-13,C188,Mabra,0.82,A0021,Ria
CAP-5559,2024-11-08,C188,Herrera,0.49,A0021,Espigon
CAP-5560,2024-10-28,C188,Herrera,0.6,A0021,Alta Mar
CAP-5561,2024-07-19,C205,Herrera,0.7,A0022,Espigon
CAP-5562,2024-07-25,C205,Herrera,0.24,A0022,Alta Mar
CAP-5563,2024-07-25,C205,Herrera,0.61,A0022,Alta Mar
CAP-5564,2024-08-01,C205,Lubina,3.65,A0022,Ria
CAP-5565,2024-07-16,C205,Lubina,2.73,A0022,Espigon
CAP-5566,2024-08-01,C205,Herrera,0.8,A0022,Playa
CAP-5567,2024-10-03,C238,Calamar,0.53,A0003,Ria
CAP-5568,2024-10-11,C238,Sepia,1.93,A0003,Espigon
CAP-5569,2024-09-19,C097,Bonito del Norte,12.54,A0028,Playa
CAP-5570,2024-10-10,C097,Bacoreta,0.74,A0028,Alta Mar
CAP-5571,2024-10-12,C097,Bacoreta,1.29,A0028,Playa
CAP-5572,2024-01-13,C119,Denton,7.87,A0033,Ria
CAP-5573,2024-10-14,C247,Calamar,0.96,A0001,Alta Mar
CAP-5574,2024-11-11,C247,Calamar,1.37,A0001,Ria
CAP-5575,2024-11-09,C247,Calamar,1.04,A0001,Espigon
CAP-5576,2024-11-07,C247,Sepia,0.51,A0001,Playa
CAP-5577,2024-06-10,C245,Mabra,0.84,A0022,Espigon
CAP-5578,2024-06-08,C245,Mabra,1.65,A0022,Ria
CAP-5579,2024-06-22,C245,Mabra,0.53,A0022,Ria
CAP-5580,2024-08-10,C114,Cabrilla,1.76,A0030,Ria
CAP-5581,2024-08-19,C114,Mero,14.04,A0030,Ria
CAP-5582,2024-09-06,C114,Cabrilla,1.8,A0030,Espigon
CAP-5583,2024-02-13,C115,Denton,5.85,A0033,Playa
CAP-5584,2024-12-19,C117,Calamar,1.23,A0006,Espigon
CAP-5585,2024-09-03,C250,Bonito del Norte,4.29,A0028,Ria
CAP-5586,2024-09-15,C250,Bacoreta,1.99,A0028,Alta Mar
CAP-5587,2024-09-21,C250,Bonito del Norte,5.5,A0028,Ria
CAP-5588,2024-09-17,C250,Llampuga,6.36,A0028,Playa
CAP-5589,2024-08-15,C099,Anjova,3.17,A0014,Espigon
CAP-5590,2024-08-26,C099,Lubina,2.35,A0014,Ria
CAP-5591,2024-08-16,C099,Jurel,1.08,A0014,Espigon
CAP-5592,2024-08-18,C099,Baila,0.94,A0014,Playa
CAP-5593,2024-11-04,C150,Serviola,0.75,A0032,Playa
CAP-5594,2024-11-05,C150,Mero,11.67,A0032,Espigon
CAP-5595,2024-12-08,C150,Serviola,1.74,A0032,Espigon
CAP-5596,2024-08-31,C224,Denton,7.87,A0032,Ria
CAP-5597,2024-09-04,C224,Serviola,1.65,A0032,Espigon
CAP-5598,2024-09-12,C224,Serviola,1.39,A0032,Espigon
CAP-5599,2024-09-05,C224,Denton,6.31,A0032,Playa
CAP-5600,2024-07-31,C018,Serviola,1.91,A0032,Playa
CAP-5601,2024-11-03,C166,Lubina,4.16,A0017,Ria
CAP-5602,2024-03-07,C012,Serviola,1.12,A0032,Playa
CAP-5603,2024-02-29,C012,Denton,1.94,A0032,Ria
CAP-5604,2024-04-07,C010,Cabrilla,1.82,A0030,Alta Mar
CAP-5605,2024-10-10,C234,Mabra,1.22,A0021,Alta Mar
CAP-5606,2024-06-08,C289,Sama,6.71,A0031,Ria
CAP-5607,2024-12-29,C235,Calamar,1.02,A0001,Ria
CAP-5608,2024-12-04,C202,Calamar,0.24,A0004,Ria
CAP-5609,2024-09-27,C164,Melva,0.66,A0028,Playa
CAP-5610,2024-03-10,C145,Calamar,1.28,A0002,Ria
CAP-5611,2024-11-13,C046,Calamar,1.4,A0006,Espigon
CAP-5612,2024-11-13,C046,Calamar,0.63,A0006,Ria
CAP-5613,2024-11-06,C046,Sepia,0.78,A0006,Alta Mar
CAP-5614,2024-11-17,C046,Calamar,0.81,A0006,Playa
CAP-5615,2024-06-22,C003,Denton,2.03,A0030,Playa
CAP-5616,2024-07-13,C150,Serviola,0.81,A0033,Ria
CAP-5617,2024-07-23,C283,Melva,0.72,A0028,Espigon
CAP-5618,2024-08-01,C283,Llampuga,7.18,A0028,Ria
CAP-5619,2024-08-18,C283,Bonito del Norte,6.16,A0028,Espigon
CAP-5620,2024-08-28,C283,Bacoreta,1.13,A0028,Ria
CAP-5621,2025-01-04,C037,Calamar,0.74,A0002,Alta Mar
CAP-5622,2024-12-31,C037,Calamar,0.34,A0002,Playa
CAP-5623,2025-01-17,C037,Sepia,0.73,A0002,Espigon
CAP-5624,2025-01-28,C037,Calamar,1.25,A0002,Ria
CAP-5625,2025-01-03,C033,Denton,2.58,A0030,Alta Mar
CAP-5626,2024-05-20,C111,Jurel,0.88,A0018,Ria
CAP-5627,2024-09-17,C266,Baila,1.03,A0018,Playa
CAP-5628,2024-09-13,C266,Jurel,1.41,A0018,Espigon
CAP-5629,2024-04-01,C248,Lubina,1.74,A0018,Playa
CAP-5630,2024-03-05,C297,Dorada,1.24,A0022,Alta Mar
CAP-5631,2024-03-09,C297,Lubina,4.21,A0022,Playa
CAP-5632,2024-03-28,C297,Sargo,0.48,A0022,Espigon
CAP-5633,2024-04-09,C297,Sargo,0.32,A0022,Alta Mar
CAP-5634,2024-03-24,C297,Mabra,1.74,A0022,Ria
CAP-5635,2024-04-18,C297,Dorada,0.46,A0022,Alta Mar
CAP-5636,2024-04-05,C297,Dorada,2.78,A0022,Espigon
CAP-5637,2024-04-11,C297,Dorada,1.95,A0022,Ria
CAP-5638,2024-02-09,C266,Lubina,4.7,A0014,Espigon
CAP-5639,2024-02-02,C266,Baila,1.59,A0014,Alta Mar
CAP-5640,2024-08-16,C192,Lubina,0.92,A0014,Playa
CAP-5641,2024-08-26,C192,Jurel,1.54,A0014,Playa
CAP-5642,2024-08-19,C192,Lubina,4.7,A0014,Ria
CAP-5643,2024-10-09,C011,Serviola,1.93,A0033,Espigon
CAP-5644,2024-07-17,C284,Serviola,1.86,A0032,Alta Mar
CAP-5645,2024-06-24,C078,Baila,1.55,A0015,Ria
CAP-5646,2024-06-29,C078,Baila,1.89,A0015,Playa
CAP-5647,2024-03-24,C151,Denton,1.64,A0033,Alta Mar
CAP-5648,2024-07-07,C155,Serviola,1.79,A0032,Espigon
CAP-5649,2024-12-06,C057,Calamar,0.3,A0005,Playa
CAP-5650,2024-12-15,C057,Calamar,1.14,A0005,Playa
CAP-5651,2024-12-21,C057,Calamar,0.4,A0005,Playa
CAP-5652,2024-05-18,C012,Serviola,0.67,A0032,Alta Mar
CAP-5653,2024-05-22,C012,Denton,3.86,A0032,Ria
CAP-5654,2024-05-14,C012,Serviola,0.94,A0032,Ria
CAP-5655,2024-05-30,C012,Denton,4.21,A0032,Espigon
CAP-5656,2025-01-02,C225,Cabrilla,0.95,A0031,Playa
CAP-5657,2024-08-07,C022,Bonito del Norte,6.63,A0027,Espigon
CAP-5658,2024-08-23,C022,Bacoreta,1.36,A0027,Espigon
CAP-5659,2024-09-02,C022,Llampuga,4.29,A0027,Espigon
CAP-5660,2024-09-01,C022,Bonito del Norte,6.94,A0027,Alta Mar
CAP-5661,2024-11-11,C296,Calamar,1.2,A0002,Playa
CAP-5662,2024-10-23,C296,Sepia,1.59,A0002,Espigon
CAP-5663,2024-02-29,C210,Sama,5.23,A0030,Ria
CAP-5664,2024-02-27,C210,San Pedro,1.5,A0030,Espigon
CAP-5665,2024-08-18,C137,Herrera,0.75,A0022,Alta Mar
CAP-5666,2024-09-20,C137,Sargo,0.23,A0022,Ria
CAP-5667,2024-09-10,C137,Mabra,1.79,A0022,Ria
CAP-5668,2024-09-07,C137,Herrera,0.39,A0022,Ria
CAP-5669,2024-09-19,C137,Herrera,0.36,A0022,Espigon
CAP-5670,2024-10-01,C137,Herrera,0.73,A0022,Playa
CAP-5671,2024-12-06,C100,Sepia,1.26,A0007,Espigon
CAP-5672,2024-11-30,C100,Sepia,1.29,A0007,Ria
CAP-5673,2024-09-16,C089,Baila,1.39,A0014,Alta Mar
CAP-5674,2025-01-02,C071,Espeton,1.37,A0018,Alta Mar
CAP-5675,2025-01-08,C071,Espeton,1.36,A0018,Ria
CAP-5676,2024-10-17,C119,Baila,1.93,A0017,Ria
CAP-5677,2024-07-05,C291,Pargo,1.06,A0030,Alta Mar
CAP-5678,2024-06-26,C291,Cabrilla,1.24,A0030,Espigon
CAP-5679,2024-07-29,C291,Cabrilla,1.34,A0030,Ria
CAP-5680,2024-07-14,C291,Gallineta,0.83,A0030,Ria
CAP-5681,2024-11-08,C141,Sepia,0.72,A0002,Alta Mar
CAP-5682,2024-03-10,C211,Calamar,0.4,A0002,Playa
CAP-5683,2024-03-14,C211,Calamar,0.69,A0002,Playa
CAP-5684,2024-03-24,C211,Calamar,0.58,A0002,Espigon
CAP-5685,2024-03-24,C211,Calamar,1.16,A0002,Espigon
CAP-5686,2024-03-27,C211,Calamar,0.57,A0002,Alta Mar
CAP-5687,2024-04-09,C211,Calamar,1.36,A0002,Espigon
CAP-5688,2024-12-16,C281,Sama,5.82,A0031,Ria
CAP-5689,2024-12-23,C281,Pargo,1.59,A0031,Ria
CAP-5690,2024-12-20,C208,Calamar,1.32,A0001,Ria
CAP-5691,2024-12-29,C208,Pulpo,2.16,A0001,Alta Mar
CAP-5692,2024-12-30,C208,Calamar,1.04,A0001,Alta Mar
CAP-5693,2024-07-18,C003,Llampuga,4.27,A0026,Playa
CAP-5694,2024-09-16,C022,Bacoreta,1.36,A0027,Alta Mar
CAP-5695,2024-09-22,C022,Bonito del Norte,6.82,A0027,Alta Mar
CAP-5696,2024-09-04,C250,Bonito del Norte,10.42,A0028,Espigon
CAP-5697,2024-09-06,C250,Llampuga,9.23,A0028,Ria
CAP-5698,2024-09-25,C250,Melva,1.69,A0028,Espigon
CAP-5699,2024-09-23,C250,Llampuga,2.66,A0028,Espigon
CAP-5700,2024-04-11,C137,Sargo,0.73,A0021,Ria
CAP-5701,2024-04-06,C137,Mabra,1.38,A0021,Alta Mar
CAP-5702,2024-04-11,C137,Herrera,0.29,A0021,Alta Mar
CAP-5703,2024-04-17,C137,Herrera,0.41,A0021,Ria
CAP-5704,2024-05-01,C137,Sargo,1.17,A0021,Alta Mar
CAP-5705,2024-07-13,C199,Bacoreta,1.71,A0028,Ria
CAP-5706,2024-12-03,C138,Pulpo,4.05,A0002,Playa
CAP-5707,2024-12-12,C138,Pulpo,3.25,A0002,Ria
CAP-5708,2025-01-04,C138,Pulpo,3.75,A0002,Ria
CAP-5709,2024-12-23,C138,Pulpo,2.93,A0002,Alta Mar
CAP-5710,2025-01-06,C138,Pulpo,1.52,A0002,Ria
CAP-5711,2024-12-23,C206,Calamar,0.63,A0001,Playa
CAP-5712,2025-01-11,C206,Calamar,0.83,A0001,Playa
CAP-5713,2024-12-28,C206,Calamar,0.35,A0001,Playa
CAP-5714,2024-12-31,C206,Pulpo,1.67,A0001,Alta Mar
CAP-5715,2024-01-27,C058,Denton,7.36,A0032,Playa
CAP-5716,2024-02-07,C058,Denton,4.58,A0032,Ria
CAP-5717,2024-08-10,C176,Denton,2.12,A0032,Playa
CAP-5718,2024-08-22,C176,Denton,1.63,A0032,Alta Mar
CAP-5719,2024-02-21,C117,Sepia,1.21,A0002,Ria
CAP-5720,2024-02-26,C117,Calamar,0.24,A0002,Espigon
CAP-5721,2024-02-29,C117,Calamar,0.34,A0002,Espigon
CAP-5722,2024-07-26,C140,Melva,0.79,A0028,Espigon
CAP-5723,2024-12-22,C126,Lubina,1.63,A0011,Alta Mar
CAP-5724,2024-12-23,C126,Lubina,1.49,A0011,Ria
CAP-5725,2024-03-23,C049,Calamar,0.54,A0001,Playa
CAP-5726,2024-03-23,C049,Calamar,0.48,A0001,Alta Mar
CAP-5727,2024-03-12,C049,Calamar,1.06,A0001,Espigon
CAP-5728,2024-03-19,C049,Calamar,0.37,A0001,Ria
CAP-5729,2024-07-20,C087,Llampuga,5.7,A0026,Alta Mar
CAP-5730,2024-07-07,C087,Llampuga,3.57,A0026,Espigon
CAP-5731,2024-01-21,C270,Sama,8.4,A0030,Espigon
CAP-5732,2024-01-21,C270,Cabrilla,1.48,A0030,Playa
CAP-5733,2024-05-23,C012,Denton,6.31,A0032,Espigon
CAP-5734,2024-11-14,C064,Calamar,0.59,A0004,Alta Mar
CAP-5735,2024-12-04,C064,Calamar,0.22,A0004,Ria
CAP-5736,2024-05-10,C112,Baila,0.51,A0015,Ria
CAP-5737,2024-05-29,C112,Lubina,1.83,A0015,Ria
CAP-5738,2024-04-02,C274,Denton,5.47,A0032,Playa
CAP-5739,2024-03-31,C274,Serviola,1.46,A0032,Playa
CAP-5740,2024-04-11,C274,Serviola,0.89,A0032,Playa
CAP-5741,2024-04-25,C143,Mabra,0.76,A0021,Alta Mar
CAP-5742,2024-05-18,C143,Dorada,1.49,A0021,Espigon
CAP-5743,2024-05-11,C143,Herrera,0.41,A0021,Playa
CAP-5744,2024-07-16,C208,Mero,13.08,A0032,Ria
CAP-5745,2024-07-21,C208,Serviola,0.89,A0032,Alta Mar
CAP-5746,2024-07-22,C066,Llampuga,5.09,A0026,Espigon
CAP-5747,2025-01-14,C084,Sargo,0.56,A0022,Alta Mar
CAP-5748,2025-01-03,C084,Lubina,0.51,A0022,Ria
CAP-5749,2025-01-17,C084,Herrera,0.79,A0022,Playa
CAP-5750,2025-01-14,C084,Herrera,0.35,A0022,Alta Mar
CAP-5751,2025-01-20,C084,Herrera,0.33,A0022,Espigon
CAP-5752,2024-04-29,C214,Denton,5.0,A0032,Alta Mar
CAP-5753,2024-04-08,C093,Denton,4.7,A0033,Alta Mar
CAP-5754,2024-04-18,C093,Serviola,0.93,A0033,Ria
CAP-5755,2024-02-25,C137,Calamar,0.39,A0007,Alta Mar
CAP-5756,2024-03-19,C137,Calamar,0.53,A0007,Ria
CAP-5757,2024-10-05,C151,Denton,3.41,A0032,Espigon
CAP-5758,2024-10-18,C151,Denton,5.61,A0032,Espigon
CAP-5759,2024-10-19,C151,Serviola,1.18,A0032,Ria
CAP-5760,2024-06-02,C243,Sama,4.59,A0031,Ria
CAP-5761,2024-06-09,C243,Pargo,0.93,A0031,Ria
CAP-5762,2024-06-15,C243,Cabrilla,1.31,A0031,Espigon
CAP-5763,2024-02-12,C047,Calamar,1.47,A0004,Playa
CAP-5764,2024-09-12,C055,Sargo,0.42,A0021,Alta Mar
CAP-5765,2024-10-03,C055,Lubina,3.71,A0021,Playa
CAP-5766,2024-09-12,C061,Mero,13.94,A0032,Espigon
CAP-5767,2024-02-11,C275,Baila,0.82,A0016,Playa
CAP-5768,2024-02-28,C036,Pargo,1.0,A0030,Alta Mar
CAP-5769,2024-10-27,C012,Denton,6.48,A0033,Espigon
CAP-5770,2024-08-30,C135,Bonito del Norte,14.99,A0027,Ria
CAP-5771,2024-09-18,C135,Bonito del Norte,12.32,A0027,Ria
CAP-5772,2024-11-01,C286,Pargo,0.76,A0031,Alta Mar
CAP-5773,2024-02-05,C101,Serviola,1.11,A0033,Espigon
CAP-5774,2024-10-24,C051,Lubina,0.54,A0015,Espigon
CAP-5775,2024-02-26,C177,Calamar,1.4,A0007,Ria
CAP-5776,2024-10-05,C034,Pargo,0.91,A0030,Espigon
CAP-5777,2024-06-22,C179,Bonito del Norte,13.7,A0028,Espigon
CAP-5778,2024-07-02,C179,Bonito del Norte,12.86,A0028,Espigon
CAP-5779,2024-01-29,C001,Lubina,4.07,A0011,Playa
CAP-5780,2024-02-09,C001,Anjova,2.06,A0011,Playa
CAP-5781,2024-02-29,C001,Jurel,0.58,A0011,Espigon
CAP-5782,2024-04-30,C020,Cabrilla,1.49,A0031,Espigon
CAP-5783,2024-04-30,C020,Denton,2.35,A0031,Ria
CAP-5784,2024-11-11,C058,Serviola,0.61,A0033,Alta Mar
CAP-5785,2024-11-01,C058,Mero,7.39,A0033,Ria
CAP-5786,2024-11-24,C058,Mero,13.43,A0033,Espigon
CAP-5787,2024-03-25,C129,Anjova,3.49,A0012,Playa
CAP-5788,2024-07-27,C029,Bonito del Norte,6.51,A0027,Alta Mar
CAP-5789,2024-08-12,C029,Bacoreta,1.04,A0027,Espigon
CAP-5790,2024-11-07,C299,Baila,1.18,A0014,Alta Mar
CAP-5791,2024-11-17,C299,Lubina,0.67,A0014,Ria
CAP-5792,2024-12-09,C299,Lubina,2.68,A0014,Alta Mar
CAP-5793,2024-10-14,C087,Calamar,0.68,A0002,Playa
CAP-5794,2024-10-08,C299,Pulpo,2.48,A0004,Playa
CAP-5795,2024-10-25,C299,Pulpo,1.78,A0004,Alta Mar
CAP-5796,2024-12-02,C064,Sepia,0.69,A0002,Playa
CAP-5797,2024-12-03,C064,Sepia,1.07,A0002,Playa
CAP-5798,2024-12-24,C064,Sepia,1.46,A0002,Playa
CAP-5799,2024-12-24,C064,Sepia,1.46,A0002,Alta Mar
CAP-5800,2024-12-21,C064,Sepia,1.04,A0002,Espigon
CAP-5801,2024-01-24,C266,Lubina,4.76,A0015,Alta Mar
CAP-5802,2024-02-15,C013,Dorada,2.26,A0021,Alta Mar
CAP-5803,2024-02-21,C013,Herrera,0.72,A0021,Espigon
CAP-5804,2024-02-05,C013,Herrera,0.79,A0021,Playa
CAP-5805,2024-03-06,C013,Mabra,0.99,A0021,Playa
CAP-5806,2024-03-20,C276,Dorada,1.97,A0021,Playa
CAP-5807,2024-04-06,C276,Dorada,1.31,A0021,Espigon
CAP-5808,2024-04-18,C276,Herrera,0.35,A0021,Playa
CAP-5809,2024-08-15,C210,Cabrilla,1.09,A0030,Ria
CAP-5810,2024-07-31,C070,Denton,4.1,A0033,Playa
CAP-5811,2024-10-13,C288,Melva,0.9,A0028,Espigon
CAP-5812,2024-07-25,C256,Pargo,1.55,A0030,Alta Mar
CAP-5813,2024-08-12,C256,Sama,4.46,A0030,Ria
CAP-5814,2024-12-15,C014,Sepia,1.58,A0002,Ria
CAP-5815,2024-12-07,C014,Calamar,1.22,A0002,Ria
CAP-5816,2024-12-25,C014,Calamar,0.97,A0002,Alta Mar
CAP-5817,2024-12-21,C014,Calamar,0.21,A0002,Ria
CAP-5818,2024-10-18,C297,Calamar,0.3,A0002,Espigon
CAP-5819,2024-03-15,C202,Sepia,0.92,A0005,Alta Mar
CAP-5820,2024-09-28,C095,Lubina,4.67,A0022,Alta Mar
CAP-5821,2024-09-27,C095,Lubina,2.16,A0022,Alta Mar
CAP-5822,2024-09-17,C095,Lubina,4.8,A0022,Espigon
CAP-5823,2024-09-23,C095,Lubina,2.54,A0022,Alta Mar
CAP-5824,2024-10-01,C095,Lubina,1.61,A0022,Playa
CAP-5825,2024-10-03,C095,Herrera,0.5,A0022,Alta Mar
CAP-5826,2024-10-08,C095,Mabra,0.78,A0022,Playa
CAP-5827,2024-12-05,C070,Sepia,1.98,A0001,Espigon
CAP-5828,2024-12-15,C070,Calamar,0.52,A0001,Playa
CAP-5829,2024-12-03,C070,Sepia,1.3,A0001,Playa
CAP-5830,2024-11-21,C009,Calamar,1.17,A0006,Ria
CAP-5831,2024-12-07,C009,Calamar,0.41,A0006,Playa
CAP-5832,2024-11-20,C009,Calamar,0.45,A0006,Ria
CAP-5833,2024-12-21,C005,Denton,4.2,A0032,Espigon
CAP-5834,2025-01-08,C005,Serviola,0.74,A0032,Alta Mar
CAP-5835,2024-03-17,C089,Lubina,2.15,A0014,Alta Mar
CAP-5836,2024-03-02,C089,Jurel,1.37,A0014,Playa
CAP-5837,2024-03-10,C089,Lubina,3.87,A0014,Alta Mar
CAP-5838,2024-03-18,C101,Lubina,2.96,A0015,Ria
CAP-5839,2024-03-25,C101,Lubina,4.7,A0015,Ria
CAP-5840,2024-04-02,C101,Serviola,1.86,A0015,Ria
CAP-5841,2024-07-28,C083,Bonito del Norte,4.99,A0027,Espigon
CAP-5842,2024-08-05,C083,Bonito del Norte,14.56,A0027,Espigon
CAP-5843,2024-08-01,C083,Melva,1.71,A0027,Ria
CAP-5844,2025-01-04,C012,Mero,3.48,A0032,Espigon
CAP-5845,2025-01-01,C012,Serviola,1.51,A0032,Ria
CAP-5846,2025-01-27,C012,Denton,6.09,A0032,Ria
CAP-5847,2024-11-01,C277,Anjova,3.4,A0016,Playa
CAP-5848,2024-10-26,C277,Serviola,0.63,A0016,Playa
CAP-5849,2024-12-03,C238,Calamar,0.26,A0004,Espigon
CAP-5850,2024-11-27,C238,Calamar,0.97,A0004,Playa
CAP-5851,2024-03-07,C161,Denton,7.78,A0031,Alta Mar
CAP-5852,2024-03-15,C161,San Pedro,0.77,A0031,Alta Mar
CAP-5853,2024-02-25,C161,Cabrilla,1.64,A0031,Ria
CAP-5854,2024-09-04,C197,Marlin Blanco,46.55,A0026,Ria
CAP-5855,2024-05-16,C034,Sama,6.36,A0031,Alta Mar
CAP-5856,2024-05-14,C034,Pargo,0.73,A0031,Playa
CAP-5857,2024-03-12,C080,Espeton,1.46,A0012,Ria
CAP-5858,2024-03-25,C080,Baila,1.68,A0012,Playa
CAP-5859,2024-12-26,C235,Calamar,1.27,A0004,Espigon
CAP-5860,2024-09-21,C196,Melva,0.74,A0026,Espigon
CAP-5861,2024-09-07,C196,Bonito del Norte,11.52,A0026,Playa
CAP-5862,2024-01-16,C173,Sama,3.42,A0031,Alta Mar
CAP-5863,2024-05-05,C200,Herrera,0.46,A0021,Alta Mar
CAP-5864,2024-05-22,C200,Herrera,0.22,A0021,Ria
CAP-5865,2024-05-08,C200,Herrera,0.67,A0021,Playa
CAP-5866,2024-05-28,C200,Corvina,14.44,A0021,Playa
CAP-5867,2024-07-12,C086,Llampuga,3.41,A0028,Playa
CAP-5868,2024-05-27,C181,Mero,7.11,A0030,Espigon
CAP-5869,2024-06-27,C034,Serviola,1.31,A0012,Alta Mar
CAP-5870,2024-07-03,C034,Espeton,1.7,A0012,Alta Mar
CAP-5871,2024-07-11,C034,Jurel,0.63,A0012,Playa
CAP-5872,2024-11-30,C294,Anjova,2.35,A0015,Espigon
CAP-5873,2024-12-17,C294,Espeton,1.19,A0015,Ria
CAP-5874,2024-10-19,C251,Denton,6.35,A0033,Ria
CAP-5875,2024-11-16,C251,Serviola,1.93,A0033,Espigon
CAP-5876,2024-08-23,C075,Denton,4.57,A0032,Alta Mar
CAP-5877,2024-10-08,C173,Cabrilla,1.59,A0030,Espigon
CAP-5878,2024-10-24,C173,Pargo,1.7,A0030,Espigon
CAP-5879,2024-10-28,C173,Cabrilla,0.92,A0030,Alta Mar
CAP-5880,2024-11-20,C173,Pargo,0.65,A0030,Espigon
CAP-5881,2024-10-19,C001,Lubina,3.95,A0016,Playa
CAP-5882,2024-11-08,C001,Anjova,3.52,A0016,Alta Mar
CAP-5883,2024-11-20,C001,Baila,1.67,A0016,Alta Mar
CAP-5884,2024-06-03,C154,Denton,6.7,A0033,Playa
CAP-5885,2024-07-02,C154,Denton,3.78,A0033,Ria
CAP-5886,2024-06-22,C154,Mero,9.24,A0033,Alta Mar
CAP-5887,2024-02-21,C143,Herrera,0.51,A0022,Playa
CAP-5888,2024-02-05,C143,Herrera,0.67,A0022,Espigon
CAP-5889,2024-02-11,C143,Herrera,0.76,A0022,Ria
CAP-5890,2024-02-11,C143,Herrera,0.57,A0022,Ria
CAP-5891,2024-02-26,C143,Mabra,1.91,A0022,Espigon
CAP-5892,2024-02-25,C143,Sargo,0.96,A0022,Alta Mar
CAP-5893,2024-02-15,C143,Sargo,0.56,A0022,Playa
CAP-5894,2024-01-19,C242,Mabra,1.19,A0021,Alta Mar
CAP-5895,2024-02-01,C242,Mabra,0.73,A0021,Alta Mar
CAP-5896,2024-01-20,C242,Mabra,1.72,A0021,Espigon
CAP-5897,2024-05-13,C174,Denton,5.93,A0032,Espigon
CAP-5898,2024-05-27,C174,Denton,2.73,A0032,Playa
CAP-5899,2024-05-22,C174,Mero,14.35,A0032,Playa
CAP-5900,2024-08-13,C086,Bacoreta,0.97,A0028,Ria
CAP-5901,2024-08-21,C086,Bonito del Norte,6.65,A0028,Playa
CAP-5902,2024-07-27,C253,Bonito del Norte,5.62,A0027,Ria
CAP-5903,2024-07-26,C253,Melva,1.2,A0027,Espigon
CAP-5904,2024-08-12,C253,Llampuga,7.3,A0027,Playa
CAP-5905,2024-08-11,C290,Bonito del Norte,13.97,A0027,Ria
CAP-5906,2024-08-24,C290,Llampuga,8.88,A0027,Espigon
CAP-5907,2024-08-24,C290,Bonito del Norte,5.89,A0027,Alta Mar
CAP-5908,2024-10-19,C267,Marlin Blanco,26.8,A0027,Alta Mar
CAP-5909,2024-10-14,C267,Llampuga,4.2,A0027,Espigon
CAP-5910,2024-10-19,C267,Bonito del Norte,7.88,A0027,Alta Mar
CAP-5911,2024-03-02,C057,Calamar,0.66,A0001,Ria
CAP-5912,2024-03-08,C057,Sepia,1.26,A0001,Ria
CAP-5913,2024-03-07,C057,Sepia,0.62,A0001,Espigon
CAP-5914,2024-03-26,C057,Sepia,0.51,A0001,Espigon
CAP-5915,2024-03-30,C057,Calamar,1.01,A0001,Ria
CAP-5916,2024-03-17,C057,Calamar,0.91,A0001,Playa
CAP-5917,2024-06-11,C004,Melva,1.14,A0028,Espigon
CAP-5918,2024-06-25,C004,Bonito del Norte,14.67,A0028,Playa
CAP-5919,2024-08-04,C196,Bacoreta,0.91,A0027,Alta Mar
CAP-5920,2024-08-06,C196,Melva,0.96,A0027,Alta Mar
CAP-5921,2024-06-27,C088,Espeton,1.47,A0015,Ria
CAP-5922,2024-12-19,C046,Sepia,1.87,A0003,Alta Mar
CAP-5923,2024-12-10,C046,Calamar,0.31,A0003,Alta Mar
CAP-5924,2024-12-03,C187,Calamar,0.94,A0007,Alta Mar
CAP-5925,2024-12-10,C025,Cabrilla,1.48,A0030,Ria
CAP-5926,2024-12-18,C025,Cabrilla,0.93,A0030,Ria
CAP-5927,2024-12-23,C025,Cabrilla,1.06,A0030,Playa
CAP-5928,2025-01-07,C025,Sama,3.79,A0030,Espigon
CAP-5929,2024-09-11,C263,San Pedro,2.22,A0031,Espigon
CAP-5930,2024-10-31,C091,Denton,6.12,A0033,Espigon
CAP-5931,2024-05-22,C012,Serviola,1.7,A0033,Alta Mar
CAP-5932,2024-06-05,C012,Denton,5.58,A0033,Ria
CAP-5933,2024-04-03,C180,Serviola,1.19,A0032,Alta Mar
CAP-5934,2024-11-15,C106,Dorada,0.53,A0021,Espigon
CAP-5935,2024-11-23,C106,Mabra,1.28,A0021,Ria
CAP-5936,2024-12-19,C106,Sargo,1.18,A0021,Ria
CAP-5937,2024-12-05,C106,Sargo,0.59,A0021,Ria
CAP-5938,2024-04-14,C173,Sama,3.79,A0030,Playa
CAP-5939,2024-04-24,C173,Sama,9.51,A0030,Alta Mar
CAP-5940,2024-05-10,C173,Cabrilla,1.82,A0030,Espigon
CAP-5941,2024-10-20,C298,Calamar,0.74,A0004,Alta Mar
CAP-5942,2024-07-17,C115,Marlin Blanco,32.35,A0028,Playa
CAP-5943,2024-08-07,C115,Bacoreta,0.95,A0028,Espigon
CAP-5944,2024-07-27,C115,Melva,0.77,A0028,Espigon
CAP-5945,2024-08-20,C115,Bonito del Norte,11.69,A0028,Playa
CAP-5946,2024-06-03,C053,Denton,5.03,A0033,Playa
CAP-5947,2024-05-25,C035,Cabrilla,1.61,A0030,Playa
CAP-5948,2024-06-23,C035,Pargo,0.74,A0030,Playa
CAP-5949,2024-08-26,C028,Llampuga,9.43,A0027,Espigon
CAP-5950,2024-09-09,C028,Bonito del Norte,5.81,A0027,Playa
CAP-5951,2024-10-02,C223,Baila,0.78,A0016,Ria
CAP-5952,2024-07-30,C286,Sama,9.4,A0030,Playa
CAP-5953,2024-08-10,C286,Cabrilla,1.64,A0030,Playa
CAP-5954,2025-01-14,C251,Denton,2.81,A0032,Alta Mar
CAP-5955,2024-06-24,C010,San Pedro,2.32,A0030,Playa
CAP-5956,2024-08-25,C149,Anjova,2.95,A0013,Alta Mar
CAP-5957,2024-09-20,C149,Lubina,1.11,A0013,Ria
CAP-5958,2024-09-17,C149,Baila,0.95,A0013,Ria
CAP-5959,2024-07-10,C182,Cabrilla,1.85,A0030,Ria
CAP-5960,2024-06-26,C182,Pargo,0.85,A0030,Playa
CAP-5961,2024-10-28,C084,Espeton,0.64,A0013,Ria
CAP-5962,2024-11-15,C084,Lubina,4.19,A0013,Ria
CAP-5963,2024-11-16,C084,Anjova,6.7,A0013,Playa
CAP-5964,2024-08-12,C179,Llampuga,4.56,A0027,Ria
CAP-5965,2024-08-22,C179,Melva,1.94,A0027,Ria
CAP-5966,2024-09-10,C179,Llampuga,2.46,A0027,Espigon
CAP-5967,2024-08-25,C179,Melva,1.17,A0027,Ria
CAP-5968,2024-07-22,C092,Llampuga,2.82,A0027,Ria
CAP-5969,2024-08-22,C092,Llampuga,3.32,A0027,Ria
CAP-5970,2024-05-23,C072,Lubina,1.59,A0010,Playa
CAP-5971,2024-05-21,C072,Palometon,8.23,A0010,Playa
CAP-5972,2024-12-09,C261,Cabrilla,1.54,A0030,Ria
CAP-5973,2024-12-05,C261,Sama,6.64,A0030,Alta Mar
CAP-5974,2024-12-04,C261,Gallineta,0.9,A0030,Espigon
CAP-5975,2025-01-15,C057,Calamar,0.27,A0004,Ria
CAP-5976,2025-01-17,C057,Calamar,1.37,A0004,Ria
CAP-5977,2024-12-27,C057,Calamar,0.47,A0004,Playa
CAP-5978,2025-01-16,C230,Sepia,0.69,A0002,Espigon
CAP-5979,2024-10-24,C052,Sepia,0.44,A0004,Ria
CAP-5980,2024-10-27,C052,Sepia,0.57,A0004,Alta Mar
CAP-5981,2024-11-17,C052,Sepia,0.89,A0004,Alta Mar
CAP-5982,2024-12-27,C172,Calamar,0.47,A0001,Alta Mar
CAP-5983,2024-12-22,C172,Calamar,1.05,A0001,Alta Mar
CAP-5984,2024-02-11,C014,Calamar,1.19,A0005,Playa
CAP-5985,2024-02-20,C014,Calamar,1.45,A0005,Ria
CAP-5986,2024-10-30,C020,Pargo,1.32,A0031,Playa
CAP-5987,2024-10-31,C020,Pargo,1.87,A0031,Alta Mar
CAP-5988,2024-10-27,C020,Mero,5.52,A0031,Ria
CAP-5989,2024-05-04,C204,Jurel,1.56,A0011,Ria
CAP-5990,2024-05-08,C204,Anjova,5.37,A0011,Alta Mar
CAP-5991,2024-05-13,C204,Anjova,6.16,A0011,Espigon
CAP-5992,2025-01-23,C063,Mabra,0.95,A0021,Alta Mar
CAP-5993,2025-01-25,C063,Corvina,3.75,A0021,Alta Mar
CAP-5994,2025-01-14,C063,Corvina,5.91,A0021,Alta Mar
CAP-5995,2024-02-15,C230,Denton,2.84,A0033,Ria
CAP-5996,2024-03-02,C230,Mero,11.45,A0033,Espigon
CAP-5997,2024-10-05,C194,Lubina,0.98,A0022,Alta Mar
CAP-5998,2024-10-16,C194,Lubina,3.48,A0022,Alta Mar
CAP-5999,2024-10-14,C194,Mabra,1.73,A0022,Ria
CAP-6000,2024-10-23,C194,Mabra,0.91,A0022,Espigon
CAP-6001,2024-10-22,C194,Mabra,1.28,A0022,Espigon
CAP-6002,2024-10-14,C109,Mero,14.56,A0033,Alta Mar
CAP-6003,2024-10-26,C109,Denton,3.71,A0033,Alta Mar
CAP-6004,2024-12-27,C008,Calamar,1.03,A0004,Playa
CAP-6005,2025-01-23,C008,Calamar,1.39,A0004,Playa
CAP-6006,2025-01-06,C008,Calamar,0.29,A0004,Espigon
CAP-6007,2025-01-08,C008,Calamar,0.4,A0004,Playa
CAP-6008,2024-01-26,C100,Lubina,1.4,A0014,Ria
CAP-6009,2024-01-29,C100,Lubina,3.47,A0014,Playa
CAP-6010,2024-02-08,C100,Anjova,3.97,A0014,Ria
CAP-6011,2024-02-14,C100,Lubina,1.02,A0014,Alta Mar
CAP-6012,2024-03-03,C100,Baila,0.89,A0014,Playa
CAP-6013,2024-12-10,C186,Serviola,1.34,A0033,Playa
CAP-6014,2024-07-30,C016,Bonito del Norte,7.31,A0026,Playa
CAP-6015,2024-12-25,C010,Cabrilla,1.36,A0031,Espigon
CAP-6016,2025-01-06,C010,Denton,1.72,A0031,Ria
CAP-6017,2024-01-28,C255,Calamar,1.34,A0005,Alta Mar
CAP-6018,2024-02-13,C255,Calamar,1.19,A0005,Alta Mar
CAP-6019,2024-02-02,C255,Calamar,1.43,A0005,Ria
CAP-6020,2024-02-28,C255,Calamar,0.88,A0005,Espigon
CAP-6021,2024-02-21,C255,Calamar,0.94,A0005,Alta Mar
CAP-6022,2024-02-09,C255,Calamar,0.91,A0005,Playa
CAP-6023,2024-03-04,C255,Calamar,1.19,A0005,Alta Mar
CAP-6024,2024-03-04,C255,Calamar,1.2,A0005,Espigon
CAP-6025,2024-03-03,C255,Pulpo,4.14,A0005,Ria
CAP-6026,2024-03-08,C255,Pulpo,2.86,A0005,Ria
CAP-6027,2024-11-20,C237,Calamar,1.06,A0004,Playa
CAP-6028,2024-12-01,C237,Calamar,0.46,A0004,Espigon
CAP-6029,2024-06-02,C281,Denton,2.48,A0031,Alta Mar
CAP-6030,2024-06-10,C281,San Pedro,2.05,A0031,Playa
CAP-6031,2024-06-17,C281,Denton,5.59,A0031,Ria
CAP-6032,2024-10-05,C097,Anjova,5.85,A0011,Espigon
CAP-6033,2024-10-30,C097,Lubina,1.32,A0011,Espigon
CAP-6034,2024-10-18,C097,Anjova,4.89,A0011,Alta Mar
CAP-6035,2024-07-29,C135,Bonito del Norte,14.65,A0028,Ria
CAP-6036,2024-04-15,C169,Denton,3.42,A0032,Alta Mar
CAP-6037,2024-03-25,C175,Sama,8.59,A0031,Alta Mar
CAP-6038,2024-11-03,C105,Lubina,4.83,A0010,Alta Mar
CAP-6039,2024-11-07,C105,Baila,1.68,A0010,Alta Mar
CAP-6040,2024-01-20,C156,Calamar,1.08,A0001,Alta Mar
CAP-6041,2024-02-22,C126,Calamar,1.08,A0003,Espigon
CAP-6042,2024-02-24,C126,Sepia,1.67,A0003,Playa
CAP-6043,2024-02-22,C126,Sepia,1.96,A0003,Ria
CAP-6044,2024-12-31,C005,Serviola,0.64,A0033,Playa
CAP-6045,2025-01-09,C005,Serviola,1.75,A0033,Playa
CAP-6046,2025-01-30,C005,Mero,7.55,A0033,Alta Mar
CAP-6047,2024-07-12,C019,Bonito del Norte,4.22,A0026,Espigon
CAP-6048,2024-07-20,C019,Llampuga,3.21,A0026,Ria
CAP-6049,2024-07-21,C019,Bonito del Norte,6.26,A0026,Espigon
CAP-6050,2024-03-09,C223,Mero,11.19,A0032,Alta Mar
CAP-6051,2024-03-10,C223,Denton,2.85,A0032,Playa
CAP-6052,2024-03-17,C070,Serviola,1.05,A0033,Playa
CAP-6053,2024-06-06,C101,Denton,4.36,A0033,Playa
CAP-6054,2024-06-04,C101,Mero,8.65,A0033,Espigon
CAP-6055,2024-04-20,C084,Palometon,8.33,A0018,Espigon
CAP-6056,2024-12-14,C288,Jurel,1.71,A0013,Ria
CAP-6057,2024-12-11,C288,Lubina,0.84,A0013,Alta Mar
CAP-6058,2025-01-16,C238,Sepia,0.42,A0002,Alta Mar
CAP-6059,2025-02-03,C238,Calamar,0.41,A0002,Ria
CAP-6060,2025-01-14,C238,Calamar,1.17,A0002,Espigon
CAP-6061,2025-01-31,C238,Calamar,0.73,A0002,Playa
CAP-6062,2024-10-18,C215,Calamar,0.75,A0004,Alta Mar
CAP-6063,2024-10-14,C215,Sepia,1.58,A0004,Alta Mar
CAP-6064,2024-11-08,C215,Sepia,1.17,A0004,Playa
CAP-6065,2025-01-25,C087,Calamar,1.48,A0002,Espigon
CAP-6066,2024-07-16,C019,Llampuga,8.8,A0027,Espigon
CAP-6067,2024-07-19,C019,Bonito del Norte,6.69,A0027,Alta Mar
CAP-6068,2024-07-29,C175,Cabrilla,1.59,A0031,Alta Mar
CAP-6069,2024-07-13,C175,Cabrilla,0.84,A0031,Alta Mar
CAP-6070,2024-07-21,C175,Sama,9.41,A0031,Playa
CAP-6071,2024-10-12,C135,Llampuga,9.47,A0026,Alta Mar
CAP-6072,2024-10-15,C135,Bonito del Norte,4.57,A0026,Alta Mar
CAP-6073,2024-10-31,C135,Bacoreta,1.05,A0026,Playa
CAP-6074,2024-11-02,C135,Llampuga,8.03,A0026,Espigon
CAP-6075,2024-10-26,C135,Llampuga,8.28,A0026,Playa
CAP-6076,2024-04-26,C012,Denton,1.73,A0033,Espigon
CAP-6077,2024-06-03,C251,Serviola,1.5,A0033,Ria
CAP-6078,2024-06-13,C251,Serviola,1.44,A0033,Espigon
CAP-6079,2024-09-27,C258,Serviola,1.76,A0032,Espigon
CAP-6080,2024-10-23,C258,Serviola,0.81,A0032,Ria
CAP-6081,2024-02-05,C087,Calamar,0.6,A0002,Alta Mar
CAP-6082,2024-06-21,C262,Dorada,1.83,A0021,Playa
CAP-6083,2025-01-07,C231,Pulpo,4.63,A0006,Alta Mar
CAP-6084,2024-12-25,C231,Pulpo,4.74,A0006,Ria
CAP-6085,2025-01-18,C231,Calamar,1.29,A0006,Playa
CAP-6086,2025-01-31,C231,Calamar,0.52,A0006,Alta Mar
CAP-6087,2024-01-12,C194,Mabra,1.69,A0021,Ria
CAP-6088,2024-01-20,C194,Mabra,1.84,A0021,Ria
CAP-6089,2024-03-23,C082,Cabrilla,1.01,A0031,Ria
CAP-6090,2024-10-25,C120,Mero,11.19,A0033,Espigon
CAP-6091,2024-12-01,C120,Serviola,0.86,A0033,Alta Mar
CAP-6092,2024-11-27,C120,Serviola,1.0,A0033,Playa
CAP-6093,2024-10-22,C006,Dorada,1.75,A0021,Ria
CAP-6094,2024-10-30,C006,Sargo,0.63,A0021,Playa
CAP-6095,2024-11-13,C006,Dorada,2.39,A0021,Ria
CAP-6096,2024-08-21,C299,Lubina,2.57,A0012,Alta Mar
CAP-6097,2024-09-02,C299,Lubina,0.89,A0012,Ria
CAP-6098,2024-09-05,C299,Jurel,1.1,A0012,Alta Mar
CAP-6099,2024-09-16,C299,Lubina,1.01,A0012,Alta Mar
CAP-6100,2024-10-03,C114,Marlin Blanco,35.39,A0026,Playa
CAP-6101,2024-10-09,C114,Melva,1.69,A0026,Ria
CAP-6102,2024-08-22,C055,Sargo,0.58,A0021,Espigon
CAP-6103,2024-03-08,C021,Serviola,1.73,A0033,Ria
CAP-6104,2024-03-11,C021,Denton,2.3,A0033,Playa
CAP-6105,2024-06-02,C186,Serviola,1.13,A0033,Alta Mar
CAP-6106,2024-06-23,C186,Denton,7.03,A0033,Espigon
CAP-6107,2024-02-03,C170,Lubina,1.44,A0022,Espigon
CAP-6108,2024-01-30,C170,Sargo,0.23,A0022,Playa
CAP-6109,2024-02-03,C170,Sargo,0.31,A0022,Ria
CAP-6110,2024-10-23,C103,Marlin Blanco,40.13,A0027,Alta Mar
CAP-6111,2024-07-10,C149,Serviola,1.31,A0032,Espigon
CAP-6112,2024-07-19,C149,Mero,10.68,A0032,Playa
CAP-6113,2024-11-20,C020,Cabrilla,1.09,A0030,Ria
CAP-6114,2024-11-03,C213,Calamar,1.24,A0002,Playa
CAP-6115,2024-07-10,C227,Serviola,1.36,A0033,Playa
CAP-6116,2024-08-12,C278,Cabrilla,1.82,A0030,Alta Mar
CAP-6117,2024-09-06,C278,Denton,4.32,A0030,Espigon
CAP-6118,2024-08-30,C278,Cabrilla,1.38,A0030,Espigon
CAP-6119,2024-07-13,C004,Llampuga,7.43,A0028,Ria
CAP-6120,2024-03-19,C066,Sargo,0.21,A0021,Ria
CAP-6121,2024-02-05,C239,Pulpo,4.04,A0001,Playa
CAP-6122,2024-02-09,C239,Pulpo,4.09,A0001,Playa
CAP-6123,2024-02-26,C239,Pulpo,3.54,A0001,Playa
CAP-6124,2024-03-02,C239,Sepia,0.61,A0001,Playa
CAP-6125,2024-01-10,C208,Denton,3.81,A0033,Alta Mar
CAP-6126,2024-02-02,C208,Serviola,1.77,A0033,Ria
CAP-6127,2024-10-17,C225,Sama,2.14,A0031,Espigon
CAP-6128,2024-11-29,C286,Gallineta,1.0,A0031,Alta Mar
CAP-6129,2024-12-17,C286,San Pedro,1.72,A0031,Playa
CAP-6130,2025-01-02,C286,Cabrilla,1.96,A0031,Alta Mar
CAP-6131,2024-11-09,C259,Pulpo,2.48,A0001,Playa
CAP-6132,2025-01-01,C273,Gallineta,1.64,A0030,Ria
CAP-6133,2025-01-05,C273,Sama,5.91,A0030,Playa
CAP-6134,2025-01-28,C273,Pargo,1.2,A0030,Playa
CAP-6135,2025-01-11,C273,Sama,4.36,A0030,Alta Mar
CAP-6136,2025-01-16,C231,Sepia,1.91,A0005,Espigon
CAP-6137,2025-01-13,C231,Sepia,1.95,A0005,Espigon
CAP-6138,2025-01-11,C231,Sepia,0.44,A0005,Playa
CAP-6139,2024-11-08,C263,Palometon,10.41,A0011,Ria
CAP-6140,2024-11-04,C263,Jurel,0.57,A0011,Espigon
CAP-6141,2024-09-26,C239,Bonito del Norte,8.98,A0026,Playa
CAP-6142,2024-06-29,C107,Marlin Blanco,22.64,A0027,Alta Mar
CAP-6143,2024-11-29,C298,Calamar,0.56,A0002,Ria
CAP-6144,2024-11-24,C298,Calamar,1.29,A0002,Ria
CAP-6145,2024-12-11,C298,Calamar,1.21,A0002,Alta Mar
CAP-6146,2024-08-24,C022,Melva,1.19,A0027,Alta Mar
CAP-6147,2024-09-03,C022,Melva,1.73,A0027,Alta Mar
CAP-6148,2024-07-13,C236,Dorada,1.57,A0022,Ria
CAP-6149,2024-07-07,C236,Dorada,2.97,A0022,Alta Mar
CAP-6150,2024-07-24,C268,Denton,4.69,A0033,Ria
CAP-6151,2024-03-19,C256,Cabrilla,1.86,A0030,Ria
CAP-6152,2024-10-06,C095,Sargo,0.79,A0021,Ria
CAP-6153,2024-10-30,C095,Sargo,0.49,A0021,Ria
CAP-6154,2024-10-29,C095,Sargo,0.31,A0021,Espigon
CAP-6155,2024-10-20,C095,Sargo,0.32,A0021,Alta Mar
CAP-6156,2024-11-12,C095,Herrera,0.28,A0021,Ria
CAP-6157,2024-11-01,C095,Herrera,0.44,A0021,Alta Mar
CAP-6158,2024-11-10,C095,Herrera,0.34,A0021,Ria
CAP-6159,2024-11-06,C095,Herrera,0.62,A0021,Ria
CAP-6160,2024-08-28,C219,Bonito del Norte,4.28,A0027,Ria
CAP-6161,2024-09-07,C219,Bonito del Norte,6.66,A0027,Playa
CAP-6162,2024-02-19,C093,Mero,6.58,A0033,Espigon
CAP-6163,2024-08-03,C168,Anjova,5.23,A0015,Ria
CAP-6164,2024-08-25,C168,Espeton,0.84,A0015,Alta Mar
CAP-6165,2024-08-25,C168,Baila,1.69,A0015,Alta Mar
CAP-6166,2024-03-31,C082,Gallineta,1.26,A0031,Playa
CAP-6167,2024-04-13,C082,Sama,5.5,A0031,Playa
CAP-6168,2024-04-02,C082,Denton,6.63,A0031,Playa
CAP-6169,2024-05-03,C082,Denton,2.11,A0031,Ria
CAP-6170,2024-07-25,C204,Lubina,2.92,A0018,Ria
CAP-6171,2024-08-27,C204,Espeton,1.89,A0018,Espigon
CAP-6172,2024-10-25,C281,Calamar,0.23,A0002,Ria
CAP-6173,2024-11-15,C281,Calamar,1.24,A0002,Alta Mar
CAP-6174,2024-10-30,C281,Calamar,1.0,A0002,Alta Mar
CAP-6175,2024-08-20,C075,Denton,4.5,A0033,Ria
CAP-6176,2024-09-02,C075,Denton,2.51,A0033,Alta Mar
CAP-6177,2024-09-21,C075,Serviola,1.16,A0033,Alta Mar
CAP-6178,2024-08-24,C204,Lubina,4.61,A0014,Playa
CAP-6179,2024-08-02,C204,Espeton,0.57,A0014,Espigon
CAP-6180,2024-03-03,C229,Espeton,1.97,A0018,Ria
CAP-6181,2024-04-02,C229,Anjova,5.3,A0018,Playa
CAP-6182,2024-04-01,C229,Lubina,4.67,A0018,Espigon
CAP-6183,2024-07-15,C096,Bonito del Norte,14.73,A0027,Espigon
CAP-6184,2024-07-01,C096,Marlin Blanco,24.13,A0027,Ria
CAP-6185,2024-07-26,C096,Bonito del Norte,7.16,A0027,Alta Mar
CAP-6186,2024-12-20,C157,Baila,1.29,A0015,Espigon
CAP-6187,2024-12-14,C157,Lubina,2.53,A0015,Playa
CAP-6188,2024-11-06,C191,Corvina,2.51,A0022,Espigon
CAP-6189,2024-11-14,C191,Herrera,0.7,A0022,Ria
CAP-6190,2024-12-03,C191,Dorada,0.83,A0022,Ria
CAP-6191,2024-12-16,C191,Herrera,0.51,A0022,Espigon
CAP-6192,2024-12-09,C191,Herrera,0.7,A0022,Ria
CAP-6193,2024-12-14,C191,Herrera,0.75,A0022,Alta Mar
CAP-6194,2024-05-19,C262,Herrera,0.28,A0021,Playa
CAP-6195,2024-06-01,C262,Herrera,0.47,A0021,Espigon
CAP-6196,2024-04-19,C222,Baila,0.52,A0012,Alta Mar
CAP-6197,2024-04-20,C222,Anjova,5.3,A0012,Playa
CAP-6198,2024-03-20,C013,Mabra,1.7,A0022,Alta Mar
CAP-6199,2024-03-01,C013,Mabra,1.87,A0022,Espigon
CAP-6200,2024-03-22,C013,Mabra,0.61,A0022,Playa
CAP-6201,2024-11-15,C190,Sepia,0.49,A0005,Playa
CAP-6202,2024-09-19,C143,Dorada,2.14,A0022,Ria
CAP-6203,2024-09-23,C143,Mabra,1.35,A0022,Espigon
CAP-6204,2024-09-23,C143,Herrera,0.33,A0022,Alta Mar
CAP-6205,2024-09-19,C143,Dorada,0.58,A0022,Playa
CAP-6206,2024-02-10,C088,Serviola,1.86,A0033,Ria
CAP-6207,2024-11-06,C175,Cabrilla,0.97,A0031,Ria
CAP-6208,2024-02-19,C203,Anjova,3.1,A0015,Alta Mar
CAP-6209,2024-02-12,C203,Serviola,0.71,A0015,Espigon
CAP-6210,2024-02-27,C203,Espeton,0.81,A0015,Espigon
CAP-6211,2024-01-30,C292,Lubina,1.07,A0011,Ria
CAP-6212,2024-01-30,C292,Jurel,1.05,A0011,Alta Mar
CAP-6213,2024-08-20,C228,Mero,9.71,A0030,Espigon
CAP-6214,2024-09-23,C110,Dorada,2.97,A0022,Ria
CAP-6215,2024-09-26,C110,Sargo,1.04,A0022,Alta Mar
CAP-6216,2024-10-10,C110,Sargo,0.66,A0022,Playa
CAP-6217,2024-06-30,C272,Bonito del Norte,4.59,A0028,Ria
CAP-6218,2024-04-09,C005,Mero,3.04,A0032,Alta Mar
CAP-6219,2024-10-10,C248,Lubina,2.01,A0013,Playa
CAP-6220,2024-10-22,C248,Anjova,6.08,A0013,Alta Mar
CAP-6221,2024-02-12,C176,Baila,1.9,A0016,Ria
CAP-6222,2024-10-07,C246,Bacoreta,1.09,A0028,Playa
CAP-6223,2024-11-24,C101,Serviola,1.39,A0032,Playa
CAP-6224,2024-11-23,C101,Mero,10.77,A0032,Espigon
CAP-6225,2024-12-04,C101,Mero,8.62,A0032,Ria
CAP-6226,2024-06-23,C101,Denton,7.05,A0032,Playa
CAP-6227,2024-11-01,C003,Baila,0.76,A0017,Playa
CAP-6228,2024-11-15,C003,Lubina,4.39,A0017,Playa
CAP-6229,2024-11-08,C003,Anjova,5.8,A0017,Playa
CAP-6230,2024-11-10,C003,Jurel,1.94,A0017,Alta Mar
CAP-6231,2024-02-17,C161,Sama,2.85,A0031,Espigon
CAP-6232,2024-05-05,C003,Mero,5.67,A0030,Alta Mar
CAP-6233,2024-06-03,C003,Pargo,0.51,A0030,Alta Mar
CAP-6234,2024-06-04,C003,Cabrilla,0.76,A0030,Espigon
CAP-6235,2024-02-26,C027,Calamar,0.69,A0006,Ria
CAP-6236,2024-03-04,C027,Calamar,0.59,A0006,Alta Mar
CAP-6237,2024-03-13,C027,Calamar,1.06,A0006,Playa
CAP-6238,2024-06-10,C011,Serviola,1.07,A0033,Alta Mar
CAP-6239,2024-07-10,C243,Sama,2.93,A0031,Alta Mar
CAP-6240,2024-07-31,C243,Denton,3.02,A0031,Ria
CAP-6241,2024-08-08,C079,Lubina,4.85,A0017,Espigon
CAP-6242,2024-08-23,C079,Espeton,1.46,A0017,Espigon
CAP-6243,2024-07-02,C134,Dorada,1.02,A0022,Ria
CAP-6244,2024-07-18,C134,Dorada,2.45,A0022,Playa
CAP-6245,2024-08-04,C134,Mabra,0.68,A0022,Espigon
CAP-6246,2025-01-23,C027,Sepia,1.39,A0005,Alta Mar
CAP-6247,2025-01-15,C027,Calamar,0.49,A0005,Playa
CAP-6248,2025-01-31,C027,Calamar,0.43,A0005,Alta Mar
CAP-6249,2025-01-15,C027,Calamar,1.12,A0005,Playa
CAP-6250,2025-02-11,C027,Calamar,1.02,A0005,Espigon
CAP-6251,2025-02-07,C027,Calamar,0.6,A0005,Alta Mar
CAP-6252,2024-06-28,C292,Llampuga,2.12,A0028,Ria
CAP-6253,2024-06-18,C292,Bonito del Norte,5.16,A0028,Ria
CAP-6254,2024-10-15,C171,Denton,6.58,A0033,Ria
CAP-6255,2024-11-13,C171,Serviola,1.47,A0033,Ria
CAP-6256,2024-11-03,C171,Mero,12.8,A0033,Espigon
CAP-6257,2024-08-12,C185,Llampuga,7.96,A0026,Ria
CAP-6258,2024-09-07,C185,Llampuga,2.8,A0026,Espigon
CAP-6259,2024-08-19,C185,Bonito del Norte,7.29,A0026,Ria
CAP-6260,2024-06-22,C288,Llampuga,6.35,A0027,Espigon
CAP-6261,2024-07-02,C122,Denton,2.99,A0030,Ria
CAP-6262,2024-08-02,C122,Cabrilla,1.89,A0030,Playa
CAP-6263,2024-08-17,C122,Sama,5.45,A0030,Espigon
CAP-6264,2024-08-03,C173,Cabrilla,1.62,A0030,Espigon
CAP-6265,2024-08-01,C173,Cabrilla,1.85,A0030,Alta Mar
CAP-6266,2024-08-20,C173,Sama,6.09,A0030,Ria
CAP-6267,2024-05-06,C109,Denton,2.67,A0032,Espigon
CAP-6268,2024-01-29,C118,Herrera,0.38,A0021,Playa
CAP-6269,2024-02-11,C118,Sargo,0.86,A0021,Playa
CAP-6270,2024-10-15,C070,Espeton,1.34,A0010,Alta Mar
CAP-6271,2024-10-31,C070,Lubina,3.46,A0010,Ria
CAP-6272,2024-05-03,C174,Serviola,0.55,A0032,Espigon
CAP-6273,2024-04-25,C174,Serviola,0.73,A0032,Ria
CAP-6274,2024-06-19,C105,Anjova,4.23,A0011,Alta Mar
CAP-6275,2024-06-13,C105,Lubina,2.57,A0011,Espigon
CAP-6276,2024-07-01,C105,Palometon,9.46,A0011,Alta Mar
CAP-6277,2024-12-10,C213,Sepia,1.07,A0005,Playa
CAP-6278,2024-03-18,C208,Denton,4.48,A0033,Ria
CAP-6279,2024-02-19,C266,Lubina,4.45,A0016,Ria
CAP-6280,2024-02-24,C266,Anjova,3.47,A0016,Alta Mar
CAP-6281,2024-09-16,C040,Bonito del Norte,12.2,A0027,Playa
CAP-6282,2024-09-24,C040,Bacoreta,1.54,A0027,Alta Mar
CAP-6283,2024-10-17,C166,Anjova,4.68,A0017,Espigon
CAP-6284,2024-03-28,C211,Baila,1.57,A0015,Playa
CAP-6285,2024-07-10,C158,Mero,11.26,A0032,Alta Mar
CAP-6286,2024-02-07,C128,Serviola,1.78,A0013,Espigon
CAP-6287,2024-02-24,C128,Palometon,14.25,A0013,Alta Mar
CAP-6288,2024-02-29,C128,Lubina,1.08,A0013,Espigon
CAP-6289,2024-08-13,C236,Herrera,0.37,A0021,Alta Mar
CAP-6290,2024-08-08,C236,Herrera,0.39,A0021,Espigon
CAP-6291,2024-07-16,C236,Herrera,0.59,A0021,Espigon
CAP-6292,2024-06-03,C136,Serviola,1.84,A0033,Playa
CAP-6293,2024-09-28,C022,Bonito del Norte,10.28,A0026,Alta Mar
CAP-6294,2024-09-14,C022,Llampuga,6.64,A0026,Espigon
CAP-6295,2024-06-25,C192,Espeton,1.0,A0018,Alta Mar
CAP-6296,2024-07-01,C192,Lubina,4.95,A0018,Alta Mar
CAP-6297,2024-07-24,C192,Anjova,3.99,A0018,Alta Mar
CAP-6298,2024-11-16,C117,Sepia,1.23,A0002,Ria
CAP-6299,2024-12-13,C117,Calamar,0.22,A0002,Playa
CAP-6300,2024-12-22,C117,Calamar,1.35,A0002,Ria
CAP-6301,2025-01-02,C117,Calamar,0.39,A0002,Alta Mar
CAP-6302,2024-12-29,C117,Calamar,1.0,A0002,Espigon
CAP-6303,2024-06-14,C269,Serviola,1.93,A0032,Alta Mar
CAP-6304,2024-04-10,C132,Sama,9.75,A0030,Alta Mar
CAP-6305,2024-04-10,C132,Cabrilla,1.83,A0030,Playa
CAP-6306,2024-10-05,C267,Llampuga,4.98,A0028,Alta Mar
CAP-6307,2024-06-23,C234,Herrera,0.45,A0021,Playa
CAP-6308,2024-09-13,C080,Lubina,4.02,A0012,Playa
CAP-6309,2024-10-15,C080,Lubina,3.05,A0012,Espigon
CAP-6310,2024-12-15,C167,Jurel,1.47,A0013,Playa
CAP-6311,2025-01-05,C167,Anjova,4.94,A0013,Ria
CAP-6312,2024-08-14,C116,Bonito del Norte,9.47,A0026,Ria
CAP-6313,2024-07-25,C116,Bonito del Norte,8.67,A0026,Ria
CAP-6314,2025-01-22,C095,Baila,1.19,A0018,Playa
CAP-6315,2024-04-13,C137,Herrera,0.47,A0021,Ria
CAP-6316,2024-04-13,C137,Mabra,1.06,A0021,Ria
CAP-6317,2024-04-11,C137,Sargo,0.89,A0021,Espigon
CAP-6318,2024-10-03,C208,Denton,7.2,A0032,Espigon
CAP-6319,2024-10-29,C208,Denton,6.32,A0032,Ria
CAP-6320,2024-08-18,C299,Lubina,3.49,A0010,Espigon
CAP-6321,2024-10-12,C096,Llampuga,2.22,A0028,Ria
CAP-6322,2024-12-14,C299,Calamar,1.4,A0001,Espigon
CAP-6323,2024-12-23,C299,Calamar,1.36,A0001,Playa
CAP-6324,2025-01-08,C299,Calamar,0.44,A0001,Alta Mar
CAP-6325,2025-01-14,C299,Calamar,0.99,A0001,Espigon
CAP-6326,2024-11-11,C278,Lubina,2.69,A0018,Playa
CAP-6327,2024-11-20,C278,Jurel,1.44,A0018,Espigon
CAP-6328,2024-12-28,C255,Denton,4.67,A0033,Ria
CAP-6329,2024-02-13,C070,Denton,7.41,A0033,Playa
CAP-6330,2024-12-19,C055,Calamar,1.32,A0004,Espigon
CAP-6331,2024-12-30,C055,Sepia,1.7,A0004,Ria
CAP-6332,2024-07-10,C104,Denton,5.4,A0032,Alta Mar
CAP-6333,2024-07-12,C104,Serviola,1.94,A0032,Espigon
CAP-6334,2024-07-28,C104,Serviola,1.65,A0032,Espigon
CAP-6335,2024-04-28,C040,Sama,7.87,A0030,Playa
CAP-6336,2024-05-18,C040,Pargo,0.9,A0030,Alta Mar
CAP-6337,2024-11-22,C255,Denton,4.95,A0033,Alta Mar
CAP-6338,2024-11-12,C255,Denton,6.81,A0033,Ria
CAP-6339,2024-12-03,C255,Serviola,1.18,A0033,Playa
CAP-6340,2024-08-23,C239,Bonito del Norte,11.75,A0027,Playa
CAP-6341,2024-03-06,C068,Sama,7.66,A0030,Playa
CAP-6342,2024-12-01,C118,Herrera,0.8,A0021,Espigon
CAP-6343,2024-02-22,C010,Calamar,0.78,A0004,Ria
CAP-6344,2024-03-13,C010,Calamar,0.82,A0004,Ria
CAP-6345,2024-03-22,C010,Calamar,1.36,A0004,Alta Mar
CAP-6346,2024-03-06,C010,Calamar,0.49,A0004,Alta Mar
CAP-6347,2024-03-30,C010,Pulpo,4.75,A0004,Ria
CAP-6348,2024-10-12,C148,Espeton,0.54,A0014,Playa
CAP-6349,2024-10-16,C148,Lubina,4.49,A0014,Espigon
CAP-6350,2024-10-05,C148,Anjova,4.23,A0014,Espigon
CAP-6351,2024-10-26,C148,Lubina,1.73,A0014,Ria
CAP-6352,2024-11-06,C148,Espeton,1.57,A0014,Alta Mar
CAP-6353,2024-07-17,C031,Sama,8.32,A0031,Alta Mar
CAP-6354,2024-07-29,C031,Mero,8.66,A0031,Playa
CAP-6355,2024-10-24,C089,Denton,4.71,A0030,Playa
CAP-6356,2024-10-26,C089,Sama,9.25,A0030,Espigon
CAP-6357,2024-11-19,C089,San Pedro,1.0,A0030,Playa
CAP-6358,2024-11-05,C089,Gallineta,1.15,A0030,Playa
CAP-6359,2024-03-14,C006,Herrera,0.68,A0021,Espigon
CAP-6360,2024-02-23,C006,Mabra,0.72,A0021,Playa
CAP-6361,2024-07-10,C225,Cabrilla,1.28,A0031,Espigon
CAP-6362,2024-07-31,C225,Pargo,0.89,A0031,Ria
CAP-6363,2024-02-27,C178,Sepia,0.39,A0006,Espigon
CAP-6364,2024-02-24,C178,Sepia,1.15,A0006,Playa
CAP-6365,2024-03-20,C178,Sepia,0.76,A0006,Ria
CAP-6366,2024-03-18,C178,Sepia,1.81,A0006,Playa
CAP-6367,2024-03-22,C178,Sepia,1.97,A0006,Playa
CAP-6368,2024-06-14,C089,Serviola,1.39,A0017,Alta Mar
CAP-6369,2024-06-05,C062,Cabrilla,1.11,A0030,Ria
CAP-6370,2024-05-31,C062,Sama,6.25,A0030,Alta Mar
CAP-6371,2024-05-27,C062,Cabrilla,0.72,A0030,Playa
CAP-6372,2024-06-07,C062,Sama,7.93,A0030,Ria
CAP-6373,2024-12-26,C237,Calamar,0.75,A0003,Ria
CAP-6374,2025-01-26,C237,Pulpo,2.75,A0003,Ria
CAP-6375,2024-04-30,C281,Denton,4.92,A0031,Espigon
CAP-6376,2024-05-19,C281,Sama,5.14,A0031,Playa
CAP-6377,2024-05-30,C281,Sama,2.19,A0031,Playa
CAP-6378,2024-02-18,C043,Anjova,3.55,A0011,Espigon
CAP-6379,2024-02-23,C043,Anjova,4.31,A0011,Ria
CAP-6380,2024-02-23,C100,Calamar,1.26,A0003,Playa
CAP-6381,2024-10-04,C267,Llampuga,2.29,A0026,Playa
CAP-6382,2024-09-19,C267,Melva,1.4,A0026,Playa
CAP-6383,2024-09-28,C267,Bonito del Norte,10.38,A0026,Playa
CAP-6384,2024-06-06,C099,Jurel,1.09,A0012,Ria
CAP-6385,2024-01-23,C163,Lubina,3.03,A0014,Playa
CAP-6386,2024-02-27,C163,Palometon,13.35,A0014,Ria
CAP-6387,2024-02-17,C163,Espeton,1.03,A0014,Ria
CAP-6388,2024-11-09,C281,Gallineta,1.99,A0030,Ria
CAP-6389,2024-12-12,C281,Pargo,1.64,A0030,Alta Mar
CAP-6390,2024-12-08,C281,Pargo,0.76,A0030,Alta Mar
CAP-6391,2024-08-15,C184,Bacoreta,1.62,A0027,Playa
CAP-6392,2024-08-12,C184,Melva,1.76,A0027,Alta Mar
CAP-6393,2024-06-27,C080,Sama,2.71,A0030,Playa
CAP-6394,2024-07-09,C080,Cabrilla,0.77,A0030,Espigon
CAP-6395,2024-02-27,C226,Anjova,2.16,A0013,Alta Mar
CAP-6396,2024-02-25,C161,Cabrilla,1.4,A0030,Espigon
CAP-6397,2024-06-07,C174,Mero,7.67,A0032,Alta Mar
CAP-6398,2024-09-20,C042,Bonito del Norte,11.9,A0026,Playa
CAP-6399,2024-09-22,C042,Llampuga,8.21,A0026,Ria
CAP-6400,2024-10-17,C042,Bonito del Norte,4.48,A0026,Playa
CAP-6401,2024-10-30,C042,Llampuga,7.81,A0026,Playa
CAP-6402,2024-11-06,C042,Llampuga,8.79,A0026,Playa
CAP-6403,2024-12-13,C230,Denton,6.59,A0033,Playa
CAP-6404,2024-05-21,C007,Pargo,1.98,A0030,Ria
CAP-6405,2024-09-14,C032,Dorada,1.73,A0021,Playa
CAP-6406,2024-09-20,C032,Mabra,0.75,A0021,Ria
CAP-6407,2024-12-08,C242,Serviola,1.83,A0015,Ria
CAP-6408,2024-12-12,C242,Espeton,1.35,A0015,Ria
CAP-6409,2024-03-11,C178,Calamar,0.63,A0005,Playa
CAP-6410,2024-03-28,C178,Calamar,0.61,A0005,Espigon
CAP-6411,2024-03-25,C178,Calamar,0.57,A0005,Ria
CAP-6412,2024-04-11,C178,Calamar,1.19,A0005,Alta Mar
CAP-6413,2024-03-22,C178,Calamar,0.29,A0005,Ria
CAP-6414,2024-06-11,C236,Herrera,0.27,A0021,Alta Mar
CAP-6415,2024-06-14,C236,Herrera,0.48,A0021,Ria
CAP-6416,2024-06-05,C236,Herrera,0.35,A0021,Espigon
CAP-6417,2024-06-05,C236,Dorada,2.73,A0021,Ria
CAP-6418,2024-06-10,C236,Dorada,2.58,A0021,Alta Mar
CAP-6419,2024-06-25,C263,San Pedro,0.58,A0030,Alta Mar
CAP-6420,2024-06-28,C263,Pargo,1.27,A0030,Espigon
CAP-6421,2024-12-20,C094,Calamar,1.08,A0001,Espigon
CAP-6422,2024-10-31,C141,Calamar,1.37,A0003,Playa
CAP-6423,2024-11-08,C141,Calamar,1.34,A0003,Ria
CAP-6424,2024-11-15,C141,Calamar,1.36,A0003,Espigon
CAP-6425,2024-10-27,C141,Calamar,1.16,A0003,Ria
CAP-6426,2024-11-25,C141,Calamar,0.5,A0003,Alta Mar
CAP-6427,2024-06-22,C270,Pargo,0.65,A0031,Espigon
CAP-6428,2024-07-16,C266,Jurel,1.09,A0016,Ria
CAP-6429,2024-07-31,C266,Serviola,0.65,A0016,Alta Mar
CAP-6430,2024-08-10,C266,Espeton,1.96,A0016,Alta Mar
CAP-6431,2024-07-18,C293,Denton,7.55,A0031,Alta Mar
CAP-6432,2024-07-19,C293,Cabrilla,1.09,A0031,Playa
CAP-6433,2024-08-19,C138,Herrera,0.7,A0022,Espigon
CAP-6434,2024-07-18,C293,San Pedro,1.99,A0031,Alta Mar
CAP-6435,2024-05-11,C214,Mero,6.74,A0032,Alta Mar
CAP-6436,2024-05-16,C214,Denton,5.41,A0032,Ria
CAP-6437,2024-12-03,C125,Calamar,1.13,A0001,Espigon
CAP-6438,2024-12-25,C125,Pulpo,1.95,A0001,Alta Mar
CAP-6439,2025-01-06,C125,Sepia,1.49,A0001,Ria
CAP-6440,2025-01-03,C125,Sepia,1.02,A0001,Playa
CAP-6441,2025-01-22,C125,Sepia,0.9,A0001,Playa
CAP-6442,2025-01-28,C125,Calamar,1.38,A0001,Playa
CAP-6443,2024-03-05,C177,Sepia,1.27,A0005,Espigon
CAP-6444,2024-03-14,C177,Sepia,1.44,A0005,Ria
CAP-6445,2024-03-06,C177,Sepia,1.96,A0005,Espigon
CAP-6446,2024-11-10,C112,Calamar,1.21,A0001,Espigon
CAP-6447,2024-11-10,C112,Calamar,0.84,A0001,Playa
CAP-6448,2024-03-11,C170,Sargo,0.84,A0022,Alta Mar
CAP-6449,2024-03-08,C170,Sargo,0.9,A0022,Playa
CAP-6450,2024-03-04,C170,Sargo,0.68,A0022,Alta Mar
CAP-6451,2024-03-08,C170,Lubina,3.15,A0022,Playa
CAP-6452,2024-03-13,C170,Mabra,0.7,A0022,Alta Mar
CAP-6453,2024-04-15,C170,Herrera,0.41,A0022,Ria
CAP-6454,2024-03-27,C170,Herrera,0.61,A0022,Espigon
CAP-6455,2024-03-27,C170,Herrera,0.45,A0022,Ria
CAP-6456,2024-11-14,C145,Calamar,0.23,A0004,Alta Mar
CAP-6457,2024-11-14,C145,Calamar,0.88,A0004,Playa
CAP-6458,2024-02-16,C128,Jurel,0.97,A0017,Espigon
CAP-6459,2024-02-22,C128,Serviola,1.17,A0017,Alta Mar
CAP-6460,2024-08-12,C077,Marlin Blanco,34.8,A0026,Alta Mar
CAP-6461,2024-08-27,C077,Bonito del Norte,6.85,A0026,Alta Mar
CAP-6462,2024-09-05,C077,Bonito del Norte,8.33,A0026,Espigon
CAP-6463,2024-09-19,C077,Melva,1.93,A0026,Ria
CAP-6464,2024-09-29,C077,Bonito del Norte,10.18,A0026,Ria
CAP-6465,2024-08-26,C292,Melva,0.55,A0026,Espigon
CAP-6466,2024-08-14,C292,Llampuga,6.54,A0026,Playa
CAP-6467,2024-08-28,C292,Bonito del Norte,9.35,A0026,Alta Mar
CAP-6468,2024-08-29,C292,Llampuga,7.44,A0026,Alta Mar
CAP-6469,2024-09-22,C292,Bonito del Norte,4.86,A0026,Alta Mar
CAP-6470,2024-12-17,C274,Denton,4.78,A0032,Alta Mar
CAP-6471,2024-12-03,C274,Serviola,1.55,A0032,Ria
CAP-6472,2024-12-16,C274,Denton,6.0,A0032,Playa
CAP-6473,2024-02-13,C044,Lubina,4.14,A0010,Playa
CAP-6474,2024-11-04,C018,Denton,3.23,A0032,Playa
CAP-6475,2024-04-08,C255,Denton,4.61,A0032,Alta Mar
CAP-6476,2024-04-12,C255,Serviola,1.15,A0032,Alta Mar
CAP-6477,2024-12-21,C232,Sepia,1.53,A0005,Ria
CAP-6478,2024-12-27,C232,Calamar,0.66,A0005,Espigon
CAP-6479,2024-12-27,C232,Sepia,0.91,A0005,Alta Mar
CAP-6480,2024-09-22,C216,Sargo,0.57,A0022,Playa
CAP-6481,2024-09-16,C216,Sargo,1.15,A0022,Playa
CAP-6482,2024-09-14,C216,Mabra,1.71,A0022,Ria
CAP-6483,2024-09-16,C216,Mabra,1.4,A0022,Alta Mar
CAP-6484,2024-09-24,C216,Mabra,0.84,A0022,Espigon
CAP-6485,2024-09-26,C216,Mabra,1.05,A0022,Espigon
CAP-6486,2024-10-07,C216,Herrera,0.57,A0022,Ria
CAP-6487,2024-12-10,C222,Mero,12.21,A0032,Ria
CAP-6488,2024-12-23,C222,Denton,4.73,A0032,Ria
CAP-6489,2024-12-27,C222,Serviola,1.64,A0032,Alta Mar
CAP-6490,2024-06-24,C299,Lubina,0.67,A0018,Alta Mar
CAP-6491,2024-07-10,C299,Anjova,6.81,A0018,Ria
CAP-6492,2024-07-01,C299,Jurel,0.58,A0018,Espigon
CAP-6493,2024-06-28,C299,Jurel,0.97,A0018,Alta Mar
CAP-6494,2024-04-13,C209,Palometon,5.79,A0018,Espigon
CAP-6495,2024-09-20,C114,Llampuga,7.91,A0026,Espigon
CAP-6496,2024-10-06,C114,Bonito del Norte,12.95,A0026,Playa
CAP-6497,2024-09-04,C227,Denton,7.48,A0032,Playa
CAP-6498,2024-06-01,C176,Mero,7.47,A0033,Alta Mar
CAP-6499,2024-05-14,C118,Dorada,2.57,A0022,Espigon
CAP-6500,2024-05-11,C118,Dorada,2.58,A0022,Ria
CAP-6501,2024-05-24,C118,Mabra,1.37,A0022,Espigon
CAP-6502,2024-05-24,C118,Herrera,0.54,A0022,Ria
CAP-6503,2024-05-12,C118,Herrera,0.51,A0022,Playa
CAP-6504,2024-05-16,C118,Herrera,0.59,A0022,Ria
CAP-6505,2024-07-22,C015,Dorada,1.77,A0022,Ria
CAP-6506,2024-08-06,C015,Sargo,0.24,A0022,Espigon
CAP-6507,2024-08-04,C015,Sargo,0.52,A0022,Alta Mar
CAP-6508,2024-02-29,C001,Baila,1.3,A0015,Playa
CAP-6509,2024-12-14,C189,Calamar,1.29,A0003,Playa
CAP-6510,2024-12-07,C273,Gallineta,0.65,A0031,Espigon
CAP-6511,2024-11-22,C273,Denton,3.55,A0031,Playa
CAP-6512,2024-12-25,C273,Cabrilla,1.74,A0031,Playa
CAP-6513,2024-12-30,C273,Pargo,1.63,A0031,Playa
CAP-6514,2024-12-29,C273,Sama,4.4,A0031,Ria
CAP-6515,2024-05-23,C063,Sargo,0.48,A0022,Alta Mar
CAP-6516,2024-10-10,C093,Denton,4.51,A0033,Alta Mar
CAP-6517,2024-03-15,C064,Jurel,0.88,A0018,Alta Mar
CAP-6518,2024-02-11,C032,Herrera,0.38,A0022,Ria
CAP-6519,2024-02-14,C032,Herrera,0.38,A0022,Alta Mar
CAP-6520,2024-03-11,C032,Herrera,0.78,A0022,Espigon
CAP-6521,2024-05-10,C089,Palometon,14.12,A0011,Espigon
CAP-6522,2024-05-23,C089,Serviola,0.64,A0011,Alta Mar
CAP-6523,2024-01-04,C114,Pargo,1.45,A0030,Alta Mar
CAP-6524,2024-07-15,C180,Mero,11.56,A0033,Ria
CAP-6525,2024-08-05,C180,Mero,13.52,A0033,Playa
CAP-6526,2024-05-08,C076,Denton,2.18,A0033,Ria
CAP-6527,2024-10-12,C065,Bonito del Norte,8.74,A0026,Playa
CAP-6528,2024-10-01,C065,Llampuga,7.42,A0026,Espigon
CAP-6529,2024-10-02,C065,Llampuga,6.62,A0026,Espigon
CAP-6530,2024-10-08,C065,Melva,0.86,A0026,Espigon
CAP-6531,2024-10-30,C065,Llampuga,5.83,A0026,Playa
CAP-6532,2024-04-26,C151,Serviola,0.87,A0032,Espigon
CAP-6533,2024-05-20,C151,Denton,6.48,A0032,Playa
CAP-6534,2024-08-26,C177,Lubina,2.6,A0011,Ria
CAP-6535,2024-09-09,C177,Baila,0.67,A0011,Ria
CAP-6536,2024-05-18,C114,Sama,3.17,A0030,Alta Mar
CAP-6537,2024-05-25,C114,Cabrilla,0.78,A0030,Espigon
CAP-6538,2024-06-04,C114,Sama,5.84,A0030,Ria
CAP-6539,2024-07-17,C004,Bonito del Norte,13.01,A0026,Ria
CAP-6540,2024-07-17,C004,Bonito del Norte,6.22,A0026,Ria
CAP-6541,2024-03-25,C231,Calamar,0.56,A0004,Playa
CAP-6542,2024-03-28,C231,Calamar,0.75,A0004,Ria
CAP-6543,2024-08-14,C267,Llampuga,9.01,A0027,Ria
CAP-6544,2024-08-14,C267,Llampuga,3.59,A0027,Alta Mar
CAP-6545,2024-10-06,C155,Serviola,1.3,A0032,Playa
CAP-6546,2024-07-25,C061,Serviola,1.94,A0033,Espigon
CAP-6547,2024-07-05,C061,Mero,5.96,A0033,Alta Mar
CAP-6548,2024-12-20,C215,Sepia,1.28,A0005,Espigon
CAP-6549,2025-01-05,C215,Sepia,0.61,A0005,Alta Mar
CAP-6550,2025-01-03,C215,Sepia,0.76,A0005,Ria
CAP-6551,2025-01-16,C215,Calamar,0.68,A0005,Playa
CAP-6552,2025-01-17,C215,Calamar,0.24,A0005,Espigon
CAP-6553,2025-01-17,C215,Calamar,0.78,A0005,Alta Mar
CAP-6554,2024-02-04,C094,Anjova,4.22,A0016,Playa
CAP-6555,2024-02-17,C094,Baila,0.74,A0016,Ria
CAP-6556,2024-02-06,C094,Espeton,0.8,A0016,Alta Mar
CAP-6557,2024-03-26,C020,Pargo,1.58,A0030,Espigon
CAP-6558,2024-04-04,C020,Pargo,1.91,A0030,Playa
CAP-6559,2024-05-15,C194,Dorada,1.86,A0022,Espigon
CAP-6560,2024-05-16,C194,Sargo,0.56,A0022,Ria
CAP-6561,2024-05-20,C194,Sargo,0.36,A0022,Ria
CAP-6562,2024-05-06,C194,Sargo,0.36,A0022,Espigon
CAP-6563,2024-05-31,C194,Sargo,1.02,A0022,Espigon
CAP-6564,2024-05-16,C194,Sargo,0.96,A0022,Alta Mar
CAP-6565,2024-06-04,C194,Sargo,0.52,A0022,Alta Mar
CAP-6566,2024-06-09,C194,Sargo,0.39,A0022,Alta Mar
CAP-6567,2024-02-29,C299,Anjova,4.76,A0016,Espigon
CAP-6568,2024-08-17,C250,Bonito del Norte,14.0,A0026,Espigon
CAP-6569,2024-09-19,C250,Llampuga,8.47,A0026,Playa
CAP-6570,2024-06-13,C092,Bonito del Norte,12.19,A0028,Ria
CAP-6571,2024-07-01,C092,Bonito del Norte,6.33,A0028,Alta Mar
CAP-6572,2024-10-20,C078,Dorada,2.85,A0021,Ria
CAP-6573,2024-10-20,C078,Dorada,2.79,A0021,Alta Mar
CAP-6574,2024-11-12,C078,Mabra,1.71,A0021,Ria
CAP-6575,2024-10-27,C078,Mabra,0.94,A0021,Ria
CAP-6576,2024-11-13,C078,Herrera,0.78,A0021,Ria
CAP-6577,2024-10-23,C078,Herrera,0.58,A0021,Alta Mar
CAP-6578,2024-02-29,C012,Serviola,1.95,A0033,Playa
CAP-6579,2024-02-01,C221,Pulpo,2.2,A0006,Ria
CAP-6580,2024-03-09,C221,Calamar,1.07,A0006,Espigon
CAP-6581,2024-05-29,C007,Denton,3.55,A0031,Alta Mar
CAP-6582,2024-06-06,C007,Gallineta,1.86,A0031,Espigon
CAP-6583,2024-10-19,C260,Bonito del Norte,14.54,A0028,Ria
CAP-6584,2024-06-16,C107,Llampuga,2.85,A0026,Alta Mar
CAP-6585,2024-07-12,C107,Bacoreta,1.79,A0026,Ria
CAP-6586,2024-06-25,C133,Bonito del Norte,6.74,A0027,Espigon
CAP-6587,2024-12-18,C106,Calamar,1.47,A0006,Alta Mar
CAP-6588,2024-12-05,C106,Calamar,1.14,A0006,Alta Mar
CAP-6589,2024-08-02,C299,Lubina,3.51,A0014,Espigon
CAP-6590,2024-01-23,C067,Espeton,1.41,A0017,Playa
CAP-6591,2024-01-22,C067,Anjova,3.26,A0017,Espigon
CAP-6592,2024-08-23,C272,Melva,0.59,A0028,Ria
CAP-6593,2024-11-21,C057,Pulpo,3.96,A0001,Alta Mar
CAP-6594,2024-12-03,C057,Calamar,0.21,A0001,Playa
CAP-6595,2024-11-22,C057,Calamar,1.21,A0001,Alta Mar
CAP-6596,2024-03-01,C127,Lubina,1.45,A0015,Espigon
CAP-6597,2024-02-29,C127,Lubina,1.89,A0015,Playa
CAP-6598,2024-03-09,C127,Jurel,0.55,A0015,Playa
CAP-6599,2024-07-18,C292,Bacoreta,1.59,A0027,Ria
CAP-6600,2024-07-18,C292,Bacoreta,0.8,A0027,Alta Mar
CAP-6601,2024-11-09,C206,Sepia,1.53,A0006,Playa
CAP-6602,2024-10-22,C206,Sepia,0.57,A0006,Alta Mar
CAP-6603,2024-11-04,C206,Sepia,0.62,A0006,Ria
CAP-6604,2024-06-20,C256,Denton,4.01,A0030,Ria
CAP-6605,2024-07-14,C256,Denton,7.63,A0030,Ria
CAP-6606,2024-03-19,C010,Sama,8.68,A0030,Playa
CAP-6607,2024-06-09,C119,Serviola,1.59,A0033,Alta Mar
CAP-6608,2024-04-05,C089,Anjova,5.26,A0016,Playa
CAP-6609,2024-04-13,C089,Espeton,1.54,A0016,Espigon
CAP-6610,2024-10-07,C155,Serviola,1.63,A0033,Playa
CAP-6611,2024-02-19,C256,Sama,3.3,A0031,Ria
CAP-6612,2024-03-03,C256,Sama,9.05,A0031,Playa
CAP-6613,2024-02-18,C256,Mero,13.16,A0031,Playa
CAP-6614,2024-04-10,C111,Cabrilla,1.96,A0030,Alta Mar
CAP-6615,2024-04-05,C111,Sama,2.03,A0030,Playa
CAP-6616,2024-10-15,C091,Lubina,4.49,A0012,Espigon
CAP-6617,2024-11-03,C091,Espeton,1.72,A0012,Ria
CAP-6618,2024-11-05,C091,Palometon,10.85,A0012,Espigon
CAP-6619,2024-10-30,C091,Lubina,2.35,A0012,Playa
CAP-6620,2024-11-09,C091,Anjova,6.55,A0012,Espigon
CAP-6621,2024-09-18,C197,Llampuga,3.34,A0028,Ria
CAP-6622,2024-02-25,C209,Calamar,0.2,A0006,Alta Mar
CAP-6623,2024-02-23,C209,Calamar,0.56,A0006,Ria
CAP-6624,2024-02-14,C209,Calamar,0.25,A0006,Playa
CAP-6625,2024-02-24,C003,San Pedro,1.03,A0030,Espigon
CAP-6626,2024-03-03,C003,Cabrilla,1.79,A0030,Espigon
CAP-6627,2024-11-12,C178,Calamar,1.17,A0002,Ria
CAP-6628,2024-10-30,C178,Calamar,1.12,A0002,Playa
CAP-6629,2024-11-26,C178,Calamar,1.41,A0002,Playa
CAP-6630,2024-11-06,C178,Calamar,0.94,A0002,Playa
CAP-6631,2025-01-23,C255,Denton,7.8,A0032,Playa
CAP-6632,2024-02-03,C212,Pulpo,3.77,A0007,Playa
CAP-6633,2024-01-29,C212,Pulpo,2.56,A0007,Alta Mar
CAP-6634,2024-03-15,C182,Cabrilla,1.52,A0030,Ria
CAP-6635,2024-08-08,C129,Jurel,0.77,A0016,Ria
CAP-6636,2024-08-04,C129,Serviola,0.98,A0016,Espigon
CAP-6637,2024-08-26,C129,Baila,1.5,A0016,Alta Mar
CAP-6638,2024-10-22,C145,Sepia,1.48,A0001,Alta Mar
CAP-6639,2024-11-06,C145,Calamar,1.33,A0001,Ria
CAP-6640,2024-10-28,C145,Calamar,1.37,A0001,Ria
CAP-6641,2024-10-31,C145,Calamar,1.02,A0001,Espigon
CAP-6642,2024-11-13,C145,Calamar,1.13,A0001,Ria
CAP-6643,2024-02-16,C010,Cabrilla,1.94,A0031,Espigon
CAP-6644,2024-02-07,C010,Sama,5.97,A0031,Espigon
CAP-6645,2024-03-15,C104,Denton,7.41,A0033,Espigon
CAP-6646,2024-03-30,C104,Serviola,0.87,A0033,Playa
CAP-6647,2024-03-29,C104,Serviola,0.65,A0033,Espigon
CAP-6648,2024-11-24,C198,Mero,11.22,A0033,Alta Mar
CAP-6649,2024-11-19,C198,Serviola,1.76,A0033,Playa
CAP-6650,2024-02-05,C270,Pargo,0.7,A0030,Alta Mar
CAP-6651,2024-11-20,C277,Lubina,4.29,A0015,Playa
CAP-6652,2024-06-09,C144,Serviola,1.88,A0032,Espigon
CAP-6653,2024-06-30,C144,Denton,3.45,A0032,Espigon
CAP-6654,2024-07-19,C144,Serviola,1.84,A0032,Playa
CAP-6655,2024-07-15,C266,Lubina,1.46,A0014,Espigon
CAP-6656,2024-07-18,C266,Baila,0.78,A0014,Alta Mar
CAP-6657,2024-07-04,C210,Baila,1.62,A0013,Espigon
CAP-6658,2024-06-16,C210,Anjova,2.02,A0013,Playa
CAP-6659,2024-06-26,C210,Lubina,2.63,A0013,Alta Mar
CAP-6660,2024-09-01,C051,Baila,1.91,A0010,Ria
CAP-6661,2024-01-11,C052,Calamar,1.44,A0003,Playa
CAP-6662,2024-02-01,C052,Sepia,1.62,A0003,Espigon
CAP-6663,2024-08-06,C065,Bonito del Norte,5.19,A0028,Playa
CAP-6664,2024-08-18,C009,Denton,6.82,A0032,Alta Mar
CAP-6665,2024-05-31,C005,Lubina,4.99,A0012,Playa
CAP-6666,2024-06-12,C091,Denton,1.94,A0033,Playa
CAP-6667,2024-03-19,C136,Serviola,1.49,A0032,Alta Mar
CAP-6668,2024-03-26,C136,Serviola,1.17,A0032,Ria
CAP-6669,2024-08-18,C271,Cabrilla,1.35,A0030,Playa
CAP-6670,2024-06-05,C293,Gallineta,1.42,A0030,Playa
CAP-6671,2024-05-30,C087,Espeton,1.35,A0011,Playa
CAP-6672,2024-06-09,C087,Jurel,1.09,A0011,Alta Mar
CAP-6673,2024-05-30,C087,Baila,1.44,A0011,Alta Mar
CAP-6674,2024-06-26,C087,Lubina,0.89,A0011,Playa
CAP-6675,2024-02-15,C132,Pulpo,3.82,A0002,Espigon
CAP-6676,2024-02-16,C132,Pulpo,2.58,A0002,Ria
CAP-6677,2024-02-12,C132,Pulpo,4.86,A0002,Espigon
CAP-6678,2024-02-19,C132,Pulpo,4.25,A0002,Ria
CAP-6679,2024-02-05,C132,Pulpo,3.34,A0002,Ria
CAP-6680,2024-02-19,C132,Pulpo,1.42,A0002,Playa
CAP-6681,2024-12-14,C291,Pargo,1.72,A0031,Alta Mar
CAP-6682,2025-01-02,C291,Denton,3.68,A0031,Espigon
CAP-6683,2025-01-08,C291,Cabrilla,1.92,A0031,Ria
CAP-6684,2024-12-28,C291,Cabrilla,1.59,A0031,Alta Mar
CAP-6685,2024-08-02,C205,Bacoreta,1.85,A0026,Espigon
CAP-6686,2024-02-25,C052,Sepia,1.84,A0003,Playa
CAP-6687,2024-03-01,C052,Calamar,0.79,A0003,Playa
CAP-6688,2024-11-20,C230,Serviola,0.88,A0032,Espigon
CAP-6689,2024-11-16,C127,Lubina,2.41,A0016,Alta Mar
CAP-6690,2024-11-12,C182,Cabrilla,1.26,A0031,Alta Mar
CAP-6691,2024-12-07,C182,Cabrilla,1.3,A0031,Playa
CAP-6692,2024-02-17,C017,Sargo,1.19,A0022,Playa
CAP-6693,2024-02-25,C017,Herrera,0.56,A0022,Alta Mar
CAP-6694,2024-02-28,C017,Sargo,0.88,A0022,Alta Mar
CAP-6695,2024-10-04,C207,Herrera,0.73,A0021,Ria
CAP-6696,2024-10-09,C207,Dorada,2.1,A0021,Ria
CAP-6697,2024-10-04,C086,Melva,0.76,A0027,Espigon
CAP-6698,2024-08-08,C164,Denton,6.18,A0032,Espigon
CAP-6699,2024-09-07,C173,Cabrilla,1.57,A0030,Ria
CAP-6700,2024-09-05,C173,Sama,9.85,A0030,Alta Mar
CAP-6701,2024-01-06,C221,Calamar,1.11,A0006,Espigon
CAP-6702,2024-01-05,C221,Calamar,0.98,A0006,Playa
CAP-6703,2024-01-05,C221,Calamar,0.77,A0006,Alta Mar
CAP-6704,2024-01-30,C221,Calamar,0.52,A0006,Alta Mar
CAP-6705,2024-02-06,C221,Calamar,0.8,A0006,Ria
CAP-6706,2024-02-08,C221,Calamar,0.93,A0006,Espigon
CAP-6707,2024-01-29,C221,Calamar,1.13,A0006,Ria
CAP-6708,2024-02-01,C221,Calamar,0.88,A0006,Ria
CAP-6709,2024-02-12,C221,Calamar,0.53,A0006,Ria
CAP-6710,2024-02-18,C221,Calamar,1.48,A0006,Playa
CAP-6711,2024-03-27,C126,Dorada,1.82,A0022,Ria
CAP-6712,2024-03-27,C126,Herrera,0.62,A0022,Playa
CAP-6713,2024-03-17,C126,Herrera,0.51,A0022,Playa
CAP-6714,2024-04-07,C126,Herrera,0.45,A0022,Espigon
CAP-6715,2024-03-31,C126,Herrera,0.25,A0022,Ria
CAP-6716,2024-03-19,C010,Sama,8.73,A0030,Espigon
CAP-6717,2024-03-19,C010,Gallineta,0.64,A0030,Espigon
CAP-6718,2024-03-13,C010,Sama,6.86,A0030,Espigon
CAP-6719,2024-04-10,C010,Cabrilla,1.97,A0030,Ria
CAP-6720,2024-02-12,C012,Serviola,1.95,A0033,Alta Mar
CAP-6721,2024-03-10,C012,Serviola,0.57,A0033,Espigon
CAP-6722,2024-02-27,C012,Denton,1.8,A0033,Espigon
CAP-6723,2024-11-09,C181,Sepia,1.18,A0002,Alta Mar
CAP-6724,2024-11-17,C181,Calamar,1.5,A0002,Playa
CAP-6725,2024-11-09,C181,Calamar,0.95,A0002,Espigon
CAP-6726,2024-10-28,C181,Calamar,1.14,A0002,Espigon
CAP-6727,2024-12-11,C251,Serviola,1.91,A0033,Ria
CAP-6728,2024-01-31,C100,Sepia,0.34,A0004,Ria
CAP-6729,2024-01-31,C100,Calamar,1.16,A0004,Ria
CAP-6730,2024-02-09,C100,Calamar,1.09,A0004,Espigon
CAP-6731,2024-02-06,C100,Calamar,1.27,A0004,Espigon
CAP-6732,2024-02-24,C100,Calamar,1.39,A0004,Ria
CAP-6733,2024-02-01,C100,Calamar,0.75,A0004,Ria
CAP-6734,2024-08-16,C174,Llampuga,3.7,A0027,Ria
CAP-6735,2024-09-16,C174,Bonito del Norte,11.7,A0027,Espigon
CAP-6736,2024-09-09,C174,Marlin Blanco,20.72,A0027,Playa
CAP-6737,2024-10-25,C116,Bonito del Norte,11.67,A0027,Playa
CAP-6738,2024-10-11,C116,Llampuga,7.38,A0027,Playa
CAP-6739,2024-08-04,C295,Anjova,3.87,A0015,Ria
CAP-6740,2024-03-16,C200,Herrera,0.38,A0022,Ria
CAP-6741,2024-03-02,C200,Sargo,0.22,A0022,Ria
CAP-6742,2024-03-26,C200,Sargo,1.06,A0022,Playa
CAP-6743,2024-09-20,C252,Lubina,2.37,A0011,Ria
CAP-6744,2024-08-15,C197,Bonito del Norte,13.81,A0026,Playa
CAP-6745,2024-02-02,C105,Calamar,1.11,A0001,Ria
CAP-6746,2024-01-26,C105,Calamar,1.31,A0001,Ria
CAP-6747,2024-08-01,C090,Sama,7.83,A0030,Alta Mar
CAP-6748,2024-12-01,C087,Sepia,1.77,A0001,Ria
CAP-6749,2024-12-10,C087,Calamar,0.7,A0001,Alta Mar
CAP-6750,2024-12-26,C087,Sepia,1.06,A0001,Alta Mar
CAP-6751,2024-12-31,C087,Sepia,1.25,A0001,Playa
CAP-6752,2024-09-30,C253,Bonito del Norte,11.96,A0028,Alta Mar
CAP-6753,2024-10-18,C253,Bonito del Norte,10.13,A0028,Playa
CAP-6754,2024-10-10,C253,Llampuga,4.86,A0028,Ria
CAP-6755,2024-12-05,C141,Calamar,0.5,A0004,Ria
CAP-6756,2024-12-01,C141,Calamar,1.13,A0004,Alta Mar
CAP-6757,2024-12-10,C141,Calamar,0.81,A0004,Ria
CAP-6758,2024-12-15,C141,Calamar,0.75,A0004,Alta Mar
CAP-6759,2024-03-25,C215,Sepia,1.29,A0003,Espigon
CAP-6760,2024-03-29,C215,Sepia,0.7,A0003,Ria
CAP-6761,2024-12-17,C202,Sepia,1.52,A0002,Alta Mar
CAP-6762,2024-12-06,C202,Calamar,0.31,A0002,Playa
CAP-6763,2024-09-29,C207,Denton,1.68,A0032,Espigon
CAP-6764,2024-10-02,C207,Serviola,1.55,A0032,Alta Mar
CAP-6765,2024-11-03,C207,Denton,6.44,A0032,Ria
CAP-6766,2024-10-02,C025,Pargo,1.41,A0030,Playa
CAP-6767,2024-09-27,C025,Denton,3.09,A0030,Playa
CAP-6768,2024-10-01,C025,Cabrilla,1.08,A0030,Ria
CAP-6769,2024-10-05,C025,Cabrilla,0.52,A0030,Ria
CAP-6770,2024-07-07,C015,Denton,6.06,A0032,Playa
CAP-6771,2024-12-01,C284,Mero,11.38,A0032,Playa
CAP-6772,2024-11-30,C284,Denton,3.17,A0032,Espigon
CAP-6773,2024-12-17,C284,Denton,5.34,A0032,Alta Mar
CAP-6774,2024-12-13,C284,Serviola,1.29,A0032,Alta Mar
CAP-6775,2024-12-06,C235,Calamar,0.21,A0003,Alta Mar
CAP-6776,2024-12-19,C056,Sepia,0.52,A0006,Espigon
CAP-6777,2024-12-25,C279,Calamar,0.25,A0006,Ria
CAP-6778,2024-10-10,C209,Lubina,3.55,A0015,Ria
CAP-6779,2024-10-25,C209,Anjova,5.53,A0015,Espigon
CAP-6780,2024-08-21,C071,Melva,0.7,A0026,Alta Mar
CAP-6781,2024-09-13,C071,Bonito del Norte,4.64,A0026,Ria
CAP-6782,2024-12-30,C199,Calamar,1.11,A0004,Playa
CAP-6783,2025-01-12,C199,Calamar,0.34,A0004,Playa
CAP-6784,2025-01-28,C199,Calamar,0.89,A0004,Playa
CAP-6785,2024-02-29,C073,Herrera,0.42,A0022,Espigon
CAP-6786,2024-03-06,C073,Dorada,1.76,A0022,Ria
CAP-6787,2024-03-04,C073,Sargo,0.62,A0022,Espigon
CAP-6788,2024-11-09,C231,Sepia,1.39,A0007,Espigon
CAP-6789,2024-09-27,C297,Sargo,0.96,A0021,Alta Mar
CAP-6790,2024-09-19,C297,Sargo,0.99,A0021,Alta Mar
CAP-6791,2024-12-09,C128,Palometon,8.93,A0013,Playa
CAP-6792,2024-12-02,C128,Lubina,0.62,A0013,Playa
CAP-6793,2024-12-04,C128,Serviola,0.76,A0013,Alta Mar
CAP-6794,2024-12-17,C254,Denton,2.49,A0033,Ria
CAP-6795,2024-12-30,C254,Denton,4.12,A0033,Alta Mar
CAP-6796,2025-01-24,C254,Denton,2.95,A0033,Playa
CAP-6797,2024-10-31,C103,Denton,4.99,A0031,Espigon
CAP-6798,2024-11-04,C103,Sama,5.45,A0031,Ria
CAP-6799,2024-07-01,C211,Lubina,3.97,A0012,Playa
CAP-6800,2024-07-24,C211,Serviola,1.29,A0012,Alta Mar
CAP-6801,2024-11-08,C003,Denton,4.16,A0030,Playa
CAP-6802,2024-11-20,C003,Cabrilla,1.75,A0030,Alta Mar
CAP-6803,2024-12-12,C003,Sama,2.1,A0030,Alta Mar
CAP-6804,2024-07-08,C193,Bacoreta,0.79,A0026,Ria
CAP-6805,2024-07-07,C193,Llampuga,8.68,A0026,Alta Mar
CAP-6806,2025-01-15,C274,Denton,7.86,A0032,Playa
CAP-6807,2024-06-03,C225,Cabrilla,1.56,A0031,Ria
CAP-6808,2024-06-04,C225,Cabrilla,1.58,A0031,Playa
CAP-6809,2024-03-18,C085,San Pedro,1.74,A0031,Alta Mar
CAP-6810,2024-04-01,C085,Cabrilla,1.64,A0031,Ria
CAP-6811,2024-06-03,C164,Denton,2.64,A0033,Alta Mar
CAP-6812,2024-06-07,C164,Denton,4.6,A0033,Playa
CAP-6813,2025-01-03,C186,Calamar,0.97,A0004,Espigon
CAP-6814,2024-06-06,C193,Bacoreta,0.75,A0027,Playa
CAP-6815,2024-06-24,C193,Marlin Blanco,43.92,A0027,Espigon
CAP-6816,2024-06-24,C193,Bonito del Norte,8.42,A0027,Espigon
CAP-6817,2024-11-09,C024,Denton,2.08,A0033,Playa
CAP-6818,2024-12-03,C085,Denton,6.61,A0030,Ria
CAP-6819,2024-12-24,C085,Sama,8.47,A0030,Alta Mar
CAP-6820,2024-12-29,C085,Cabrilla,1.73,A0030,Espigon
CAP-6821,2024-08-02,C096,Bacoreta,0.75,A0028,Espigon
CAP-6822,2024-07-27,C099,Lubina,2.42,A0015,Playa
CAP-6823,2024-08-22,C099,Jurel,1.7,A0015,Ria
CAP-6824,2024-11-04,C248,Baila,0.54,A0018,Espigon
CAP-6825,2024-12-07,C168,Serviola,0.73,A0014,Ria
CAP-6826,2024-12-22,C168,Lubina,1.47,A0014,Espigon
CAP-6827,2024-08-20,C180,Denton,7.43,A0032,Espigon
CAP-6828,2024-09-03,C180,Denton,7.42,A0032,Alta Mar
CAP-6829,2024-06-06,C146,Melva,1.92,A0027,Playa
CAP-6830,2024-06-13,C146,Bonito del Norte,12.2,A0027,Ria
CAP-6831,2024-02-15,C228,Pargo,1.84,A0030,Ria
CAP-6832,2024-02-03,C228,Denton,4.04,A0030,Alta Mar
CAP-6833,2024-07-12,C186,Serviola,1.57,A0033,Espigon
CAP-6834,2024-06-27,C033,Pargo,0.7,A0031,Ria
CAP-6835,2024-06-26,C033,Cabrilla,1.86,A0031,Playa
CAP-6836,2024-06-24,C197,Bacoreta,1.76,A0028,Playa
CAP-6837,2024-06-12,C197,Bonito del Norte,4.43,A0028,Playa
CAP-6838,2024-07-17,C197,Llampuga,7.98,A0028,Ria
CAP-6839,2024-07-21,C197,Melva,1.21,A0028,Playa
CAP-6840,2024-07-06,C197,Bacoreta,1.62,A0028,Alta Mar
CAP-6841,2024-10-11,C287,Bacoreta,0.73,A0027,Alta Mar
CAP-6842,2024-09-30,C287,Bacoreta,1.93,A0027,Playa
CAP-6843,2024-10-22,C287,Melva,1.16,A0027,Espigon
CAP-6844,2024-11-05,C287,Bacoreta,0.98,A0027,Playa
CAP-6845,2024-05-08,C034,San Pedro,1.91,A0030,Alta Mar
CAP-6846,2024-05-16,C034,Denton,2.44,A0030,Espigon
CAP-6847,2024-04-09,C098,Lubina,3.52,A0011,Espigon
CAP-6848,2024-04-14,C098,Lubina,4.04,A0011,Ria
CAP-6849,2024-04-07,C248,Serviola,1.96,A0012,Ria
CAP-6850,2024-03-25,C248,Lubina,2.23,A0012,Playa
CAP-6851,2024-01-10,C010,Pargo,1.11,A0031,Playa
CAP-6852,2024-01-18,C010,Pargo,0.71,A0031,Ria
CAP-6853,2024-03-27,C183,Serviola,1.6,A0032,Ria
CAP-6854,2024-04-21,C183,Mero,9.57,A0032,Alta Mar
CAP-6855,2024-04-06,C183,Mero,5.61,A0032,Espigon
CAP-6856,2024-04-12,C183,Denton,5.67,A0032,Playa
CAP-6857,2024-06-30,C050,Herrera,0.56,A0021,Playa
CAP-6858,2024-07-15,C050,Lubina,2.14,A0021,Playa
CAP-6859,2024-04-23,C099,Lubina,3.1,A0013,Espigon
CAP-6860,2024-05-05,C099,Anjova,4.75,A0013,Espigon
CAP-6861,2024-05-26,C099,Baila,1.48,A0013,Espigon
CAP-6862,2024-11-30,C120,Calamar,1.04,A0006,Espigon
CAP-6863,2024-11-28,C120,Calamar,1.21,A0006,Alta Mar
CAP-6864,2024-12-06,C120,Calamar,0.36,A0006,Alta Mar
CAP-6865,2024-11-28,C118,Sargo,0.42,A0021,Alta Mar
CAP-6866,2024-12-02,C118,Sargo,0.51,A0021,Espigon
CAP-6867,2024-11-11,C118,Sargo,0.63,A0021,Espigon
CAP-6868,2024-11-26,C118,Herrera,0.23,A0021,Espigon
CAP-6869,2024-11-28,C118,Herrera,0.56,A0021,Espigon
CAP-6870,2024-12-08,C118,Mabra,0.75,A0021,Alta Mar
CAP-6871,2024-10-02,C253,Bacoreta,0.65,A0026,Espigon
CAP-6872,2024-10-05,C253,Bonito del Norte,11.63,A0026,Espigon
CAP-6873,2024-10-02,C022,Marlin Blanco,46.71,A0027,Alta Mar
CAP-6874,2024-10-14,C022,Melva,1.5,A0027,Espigon
CAP-6875,2024-07-26,C256,Lubina,3.17,A0017,Playa
CAP-6876,2024-07-15,C256,Lubina,2.51,A0017,Ria
CAP-6877,2024-07-22,C256,Anjova,4.79,A0017,Espigon
CAP-6878,2024-08-23,C279,Mabra,1.74,A0021,Espigon
CAP-6879,2024-08-28,C279,Mabra,1.89,A0021,Alta Mar
CAP-6880,2024-12-29,C076,Serviola,0.83,A0033,Espigon
CAP-6881,2024-02-11,C120,Calamar,0.86,A0004,Ria
CAP-6882,2024-02-11,C120,Sepia,1.27,A0004,Espigon
CAP-6883,2024-03-11,C120,Calamar,1.02,A0004,Alta Mar
CAP-6884,2024-09-23,C291,Llampuga,4.14,A0027,Espigon
CAP-6885,2024-09-30,C291,Llampuga,3.98,A0027,Espigon
CAP-6886,2024-09-18,C291,Llampuga,4.88,A0027,Alta Mar
CAP-6887,2024-12-03,C145,Calamar,0.7,A0001,Playa
CAP-6888,2024-11-24,C145,Calamar,1.33,A0001,Playa
CAP-6889,2024-12-04,C145,Calamar,0.76,A0001,Playa
CAP-6890,2024-11-18,C094,Calamar,0.4,A0002,Espigon
CAP-6891,2024-07-18,C258,Denton,6.71,A0032,Espigon
CAP-6892,2024-07-20,C258,Denton,7.12,A0032,Playa
CAP-6893,2024-07-22,C258,Mero,13.19,A0032,Espigon
CAP-6894,2024-12-09,C185,Jurel,1.64,A0018,Espigon
CAP-6895,2024-12-23,C015,Mero,3.67,A0033,Playa
CAP-6896,2024-10-27,C235,Calamar,0.26,A0003,Playa
CAP-6897,2024-11-02,C235,Calamar,0.52,A0003,Playa
CAP-6898,2024-11-03,C235,Sepia,1.0,A0003,Playa
CAP-6899,2024-11-06,C235,Sepia,1.38,A0003,Alta Mar
CAP-6900,2024-11-10,C235,Sepia,0.98,A0003,Espigon
CAP-6901,2024-12-09,C246,Calamar,0.34,A0002,Ria
CAP-6902,2024-12-15,C246,Calamar,0.24,A0002,Espigon
CAP-6903,2024-09-10,C123,Bacoreta,0.94,A0026,Ria
CAP-6904,2024-11-24,C162,Calamar,0.22,A0004,Playa
CAP-6905,2024-11-20,C162,Calamar,1.02,A0004,Playa
CAP-6906,2024-09-08,C279,Herrera,0.63,A0021,Espigon
CAP-6907,2024-09-17,C279,Mabra,0.89,A0021,Alta Mar
CAP-6908,2024-06-02,C151,Denton,6.7,A0032,Ria
CAP-6909,2024-08-01,C204,Lubina,2.34,A0010,Alta Mar
CAP-6910,2024-07-29,C204,Lubina,3.34,A0010,Playa
CAP-6911,2024-08-02,C204,Anjova,3.42,A0010,Playa
CAP-6912,2024-08-28,C025,Herrera,0.5,A0021,Alta Mar
CAP-6913,2024-08-31,C025,Herrera,0.56,A0021,Espigon
CAP-6914,2024-09-08,C025,Sargo,0.57,A0021,Ria
CAP-6915,2024-09-18,C025,Sargo,0.27,A0021,Ria
CAP-6916,2024-09-23,C025,Dorada,1.76,A0021,Alta Mar
CAP-6917,2024-10-02,C025,Mabra,1.78,A0021,Ria
CAP-6918,2024-10-13,C299,Anjova,5.12,A0018,Alta Mar
CAP-6919,2024-10-20,C299,Lubina,3.13,A0018,Playa
CAP-6920,2024-11-06,C299,Lubina,4.44,A0018,Espigon
CAP-6921,2024-03-29,C280,Sama,5.99,A0031,Ria
CAP-6922,2024-04-03,C280,Pargo,0.94,A0031,Alta Mar
CAP-6923,2024-07-25,C199,Llampuga,4.17,A0028,Espigon
CAP-6924,2024-08-01,C199,Llampuga,2.87,A0028,Playa
CAP-6925,2024-12-19,C241,Calamar,0.86,A0003,Alta Mar
CAP-6926,2024-12-24,C156,Sepia,1.88,A0006,Ria
CAP-6927,2024-05-09,C090,Lubina,3.01,A0015,Ria
CAP-6928,2024-10-17,C190,Bonito del Norte,13.04,A0026,Espigon
CAP-6929,2024-10-15,C190,Bacoreta,0.74,A0026,Playa
CAP-6930,2024-10-15,C190,Bacoreta,1.69,A0026,Ria
CAP-6931,2024-02-26,C151,Serviola,0.57,A0033,Alta Mar
CAP-6932,2024-02-22,C188,Cabrilla,0.84,A0031,Ria
CAP-6933,2024-01-18,C060,Calamar,0.57,A0003,Playa
CAP-6934,2024-01-30,C060,Calamar,0.32,A0003,Playa
CAP-6935,2024-02-23,C060,Calamar,1.25,A0003,Alta Mar
CAP-6936,2024-02-16,C060,Pulpo,2.43,A0003,Ria
CAP-6937,2024-03-07,C060,Pulpo,2.63,A0003,Ria
CAP-6938,2024-09-15,C069,Bonito del Norte,8.53,A0028,Ria
CAP-6939,2024-12-24,C026,Sepia,0.48,A0006,Ria
CAP-6940,2024-12-25,C277,Lubina,1.81,A0016,Alta Mar
CAP-6941,2025-01-10,C277,Serviola,1.8,A0016,Playa
CAP-6942,2024-10-16,C190,Serviola,0.88,A0032,Ria
CAP-6943,2024-01-25,C034,Sama,2.33,A0030,Playa
CAP-6944,2024-01-22,C034,Mero,8.06,A0030,Alta Mar
CAP-6945,2024-07-17,C140,Bonito del Norte,14.25,A0026,Playa
CAP-6946,2024-03-08,C067,Palometon,11.38,A0016,Playa
CAP-6947,2024-03-26,C067,Jurel,1.13,A0016,Alta Mar
CAP-6948,2024-04-01,C067,Baila,1.4,A0016,Alta Mar
CAP-6949,2024-08-02,C250,Bonito del Norte,13.2,A0028,Ria
CAP-6950,2024-08-02,C250,Marlin Blanco,24.59,A0028,Espigon
CAP-6951,2024-02-23,C056,Calamar,0.65,A0005,Playa
CAP-6952,2024-02-13,C052,Sepia,0.87,A0004,Espigon
CAP-6953,2024-02-27,C052,Sepia,0.57,A0004,Playa
CAP-6954,2024-08-01,C254,Serviola,1.29,A0032,Playa
CAP-6955,2024-12-01,C270,Gallineta,1.5,A0030,Ria
CAP-6956,2024-12-14,C270,Cabrilla,0.57,A0030,Alta Mar
CAP-6957,2024-12-16,C270,Cabrilla,1.38,A0030,Ria
CAP-6958,2024-07-12,C280,Cabrilla,0.74,A0030,Ria
CAP-6959,2024-07-10,C280,Denton,5.52,A0030,Alta Mar
CAP-6960,2024-07-18,C280,Cabrilla,1.59,A0030,Playa
CAP-6961,2024-07-24,C280,Denton,6.8,A0030,Ria
CAP-6962,2024-08-13,C280,Cabrilla,0.82,A0030,Playa
CAP-6963,2025-01-18,C175,Serviola,1.84,A0032,Espigon
CAP-6964,2025-01-24,C175,Serviola,1.33,A0032,Espigon
CAP-6965,2024-11-21,C241,Calamar,0.8,A0004,Alta Mar
CAP-6966,2024-12-10,C241,Calamar,0.28,A0004,Espigon
CAP-6967,2024-12-04,C241,Calamar,1.11,A0004,Alta Mar
CAP-6968,2024-12-23,C241,Calamar,1.0,A0004,Espigon
CAP-6969,2024-12-17,C241,Calamar,0.32,A0004,Playa
CAP-6970,2024-12-13,C241,Calamar,1.47,A0004,Espigon
CAP-6971,2025-01-01,C241,Calamar,0.39,A0004,Playa
CAP-6972,2024-10-20,C204,Lubina,4.61,A0012,Espigon
CAP-6973,2024-10-21,C204,Baila,1.05,A0012,Alta Mar
CAP-6974,2024-03-06,C237,Calamar,1.19,A0005,Playa
CAP-6975,2024-03-28,C237,Calamar,0.27,A0005,Alta Mar
CAP-6976,2024-03-07,C237,Calamar,0.83,A0005,Ria
CAP-6977,2024-04-04,C237,Pulpo,3.56,A0005,Espigon
CAP-6978,2024-12-15,C252,Sepia,1.01,A0001,Espigon
CAP-6979,2024-12-04,C252,Calamar,0.75,A0001,Espigon
CAP-6980,2024-12-02,C252,Calamar,0.9,A0001,Alta Mar
CAP-6981,2024-06-22,C225,Cabrilla,0.63,A0031,Playa
CAP-6982,2024-07-03,C225,Denton,5.24,A0031,Playa
CAP-6983,2024-07-16,C225,Sama,7.32,A0031,Playa
CAP-6984,2024-09-29,C282,Anjova,3.68,A0015,Espigon
CAP-6985,2024-11-14,C244,Sama,2.05,A0031,Playa
CAP-6986,2024-12-05,C244,Gallineta,1.27,A0031,Alta Mar
CAP-6987,2024-12-12,C244,Cabrilla,1.23,A0031,Alta Mar
CAP-6988,2024-11-17,C008,Lubina,1.05,A0013,Playa
CAP-6989,2024-06-18,C254,Denton,5.34,A0032,Espigon
CAP-6990,2024-06-23,C254,Serviola,0.88,A0032,Espigon
CAP-6991,2024-06-15,C254,Serviola,0.5,A0032,Espigon
CAP-6992,2024-12-08,C188,Sama,7.05,A0030,Playa
CAP-6993,2024-02-09,C227,Mero,13.56,A0033,Espigon
CAP-6994,2024-02-10,C227,Mero,14.6,A0033,Ria
CAP-6995,2024-10-03,C032,Denton,6.91,A0032,Playa
CAP-6996,2024-10-17,C032,Serviola,0.92,A0032,Playa
CAP-6997,2024-10-04,C032,Serviola,1.78,A0032,Alta Mar
CAP-6998,2024-08-09,C200,Herrera,0.76,A0022,Espigon
CAP-6999,2024-09-13,C282,Lubina,4.03,A0016,Alta Mar
CAP-7000,2024-01-28,C094,Sepia,1.72,A0005,Ria
CAP-7001,2024-02-17,C094,Sepia,0.43,A0005,Ria
CAP-7002,2024-02-13,C094,Sepia,1.74,A0005,Playa
CAP-7003,2024-02-08,C094,Calamar,0.65,A0005,Espigon
CAP-7004,2024-02-27,C094,Calamar,0.76,A0005,Espigon
CAP-7005,2024-03-02,C094,Calamar,1.03,A0005,Espigon
CAP-7006,2024-03-02,C094,Calamar,1.11,A0005,Ria
CAP-7007,2024-06-28,C283,Bonito del Norte,11.45,A0026,Espigon
CAP-7008,2024-07-01,C283,Bonito del Norte,4.76,A0026,Espigon
CAP-7009,2024-10-23,C042,Bacoreta,1.59,A0027,Espigon
CAP-7010,2024-10-15,C042,Bonito del Norte,5.39,A0027,Espigon
CAP-7011,2024-06-09,C094,Baila,0.73,A0012,Alta Mar
CAP-7012,2024-06-08,C094,Lubina,2.21,A0012,Alta Mar
CAP-7013,2024-06-14,C094,Jurel,1.9,A0012,Ria
CAP-7014,2024-06-20,C094,Baila,1.46,A0012,Espigon
CAP-7015,2024-06-16,C094,Serviola,1.22,A0012,Espigon
CAP-7016,2025-01-15,C240,Mero,7.85,A0030,Playa
CAP-7017,2025-01-25,C240,Pargo,0.74,A0030,Ria
CAP-7018,2025-01-29,C240,Pargo,1.97,A0030,Playa
CAP-7019,2024-06-30,C175,Denton,3.31,A0030,Espigon
CAP-7020,2024-07-18,C175,Gallineta,1.01,A0030,Playa
CAP-7021,2024-04-04,C034,San Pedro,0.72,A0031,Alta Mar
CAP-7022,2024-04-13,C034,Cabrilla,0.97,A0031,Playa
CAP-7023,2024-05-01,C034,Pargo,1.09,A0031,Espigon
CAP-7024,2024-02-20,C050,Mabra,1.59,A0021,Espigon
CAP-7025,2024-03-05,C050,Rodaballo,1.02,A0021,Alta Mar
CAP-7026,2024-03-12,C050,Rodaballo,0.77,A0021,Playa
CAP-7027,2024-03-02,C050,Rodaballo,0.72,A0021,Espigon
CAP-7028,2024-04-13,C098,Lubina,2.8,A0017,Ria
CAP-7029,2024-04-06,C098,Lubina,4.29,A0017,Alta Mar
CAP-7030,2024-03-18,C104,Palometon,5.51,A0010,Espigon
CAP-7031,2024-04-08,C104,Lubina,2.26,A0010,Espigon
CAP-7032,2024-11-03,C095,Lubina,4.73,A0017,Ria
CAP-7033,2024-10-26,C095,Espeton,1.49,A0017,Playa
CAP-7034,2024-11-13,C095,Lubina,4.06,A0017,Espigon
CAP-7035,2024-10-20,C088,Mero,10.48,A0033,Alta Mar
CAP-7036,2024-11-07,C088,Serviola,0.67,A0033,Alta Mar
CAP-7037,2024-05-11,C036,Lubina,3.63,A0014,Espigon
CAP-7038,2024-05-30,C036,Jurel,0.65,A0014,Playa
CAP-7039,2024-05-24,C284,Serviola,1.63,A0032,Ria
CAP-7040,2024-06-17,C284,Serviola,1.72,A0032,Espigon
CAP-7041,2024-06-21,C284,Serviola,1.56,A0032,Alta Mar
CAP-7042,2024-04-22,C025,Cabrilla,1.04,A0031,Espigon
CAP-7043,2024-04-20,C025,Pargo,0.78,A0031,Alta Mar
CAP-7044,2025-01-17,C247,Calamar,0.64,A0007,Ria
CAP-7045,2025-01-12,C247,Calamar,0.31,A0007,Ria
CAP-7046,2025-01-10,C247,Calamar,0.36,A0007,Alta Mar
CAP-7047,2024-09-03,C268,Baila,1.02,A0015,Playa
CAP-7048,2025-01-19,C121,Lubina,0.74,A0015,Espigon
CAP-7049,2025-01-16,C121,Anjova,5.82,A0015,Ria
CAP-7050,2025-01-19,C067,Lubina,1.64,A0016,Alta Mar
CAP-7051,2025-01-18,C067,Anjova,2.83,A0016,Playa
CAP-7052,2025-02-03,C067,Baila,1.55,A0016,Ria
CAP-7053,2025-02-06,C067,Serviola,0.51,A0016,Alta Mar
CAP-7054,2025-01-03,C129,Jurel,0.64,A0014,Espigon
CAP-7055,2024-01-26,C260,Denton,7.76,A0031,Espigon
CAP-7056,2024-02-01,C260,Sama,4.26,A0031,Ria
CAP-7057,2024-07-04,C097,Lubina,2.47,A0012,Espigon
CAP-7058,2024-07-02,C097,Anjova,4.52,A0012,Playa
CAP-7059,2024-06-22,C097,Serviola,1.11,A0012,Ria
CAP-7060,2024-03-09,C186,Sargo,0.66,A0022,Espigon
CAP-7061,2024-03-18,C186,Sargo,0.5,A0022,Playa
CAP-7062,2024-04-08,C186,Dorada,2.0,A0022,Playa
CAP-7063,2024-09-05,C006,Mabra,1.78,A0022,Ria
CAP-7064,2024-09-18,C006,Mabra,0.65,A0022,Espigon
CAP-7065,2024-09-23,C006,Mabra,1.18,A0022,Playa
CAP-7066,2024-09-29,C006,Mabra,1.17,A0022,Ria
CAP-7067,2024-10-07,C006,Mabra,0.57,A0022,Playa
CAP-7068,2024-09-13,C006,Mabra,1.08,A0022,Playa
CAP-7069,2024-09-21,C006,Corvina,6.28,A0022,Espigon
CAP-7070,2024-10-11,C006,Sargo,1.02,A0022,Alta Mar
CAP-7071,2024-09-18,C186,Denton,7.35,A0033,Alta Mar
CAP-7072,2024-12-19,C122,San Pedro,1.83,A0030,Espigon
CAP-7073,2024-09-01,C053,Serviola,1.04,A0032,Ria
CAP-7074,2024-09-19,C053,Denton,3.35,A0032,Ria
CAP-7075,2024-03-23,C172,Sargo,0.87,A0022,Ria
CAP-7076,2024-03-19,C172,Sargo,0.32,A0022,Playa
CAP-7077,2024-03-27,C172,Mabra,0.72,A0022,Playa
CAP-7078,2024-03-11,C172,Mabra,1.39,A0022,Playa
CAP-7079,2024-07-05,C086,Llampuga,2.86,A0027,Ria
CAP-7080,2024-07-05,C086,Llampuga,4.79,A0027,Playa
CAP-7081,2024-07-29,C086,Melva,0.97,A0027,Espigon
CAP-7082,2024-10-14,C089,Bonito del Norte,7.72,A0026,Alta Mar
CAP-7083,2024-09-25,C089,Bonito del Norte,4.96,A0026,Espigon
CAP-7084,2024-10-09,C089,Bonito del Norte,5.07,A0026,Playa
CAP-7085,2024-10-01,C090,Cabrilla,1.96,A0030,Espigon
CAP-7086,2024-10-05,C090,Denton,6.03,A0030,Espigon
CAP-7087,2024-02-24,C052,Calamar,1.27,A0004,Alta Mar
CAP-7088,2024-05-16,C204,Lubina,2.91,A0014,Ria
CAP-7089,2024-06-07,C204,Palometon,14.57,A0014,Alta Mar
CAP-7090,2024-04-15,C155,Serviola,1.91,A0032,Alta Mar
CAP-7091,2024-01-22,C153,Pulpo,3.27,A0003,Espigon
CAP-7092,2024-03-26,C101,Serviola,1.41,A0032,Ria
CAP-7093,2024-03-16,C101,Mero,12.86,A0032,Espigon
CAP-7094,2024-09-01,C102,Sama,4.93,A0031,Alta Mar
CAP-7095,2024-08-25,C102,Denton,7.98,A0031,Ria
CAP-7096,2024-09-07,C102,Denton,6.44,A0031,Espigon
CAP-7097,2024-09-30,C102,Pargo,0.63,A0031,Espigon
CAP-7098,2024-10-16,C004,Llampuga,7.99,A0027,Ria
CAP-7099,2024-10-23,C004,Bacoreta,0.89,A0027,Alta Mar
CAP-7100,2024-12-09,C271,Pargo,1.03,A0030,Alta Mar
CAP-7101,2025-01-05,C271,Sama,8.11,A0030,Espigon
CAP-7102,2024-12-29,C271,Pargo,0.89,A0030,Playa
CAP-7103,2025-01-13,C271,Cabrilla,1.83,A0030,Ria
CAP-7104,2025-01-22,C271,Sama,6.96,A0030,Alta Mar
CAP-7105,2024-10-27,C079,Lubina,1.62,A0015,Alta Mar
CAP-7106,2024-09-30,C129,Lubina,4.71,A0015,Ria
CAP-7107,2024-10-24,C129,Espeton,0.86,A0015,Ria
CAP-7108,2024-11-10,C049,Pulpo,4.3,A0006,Alta Mar
CAP-7109,2024-11-04,C049,Calamar,0.44,A0006,Playa
CAP-7110,2024-11-21,C049,Calamar,1.03,A0006,Ria
CAP-7111,2024-02-06,C295,Anjova,4.5,A0011,Playa
CAP-7112,2025-01-03,C098,Anjova,5.66,A0015,Alta Mar
CAP-7113,2024-01-20,C145,Calamar,1.48,A0002,Playa
CAP-7114,2024-01-14,C145,Calamar,0.82,A0002,Playa
CAP-7115,2024-02-05,C145,Sepia,0.61,A0002,Ria
CAP-7116,2024-04-13,C119,Denton,3.08,A0033,Ria
CAP-7117,2024-03-09,C153,Calamar,1.31,A0005,Playa
CAP-7118,2024-03-25,C153,Calamar,0.47,A0005,Playa
CAP-7119,2024-03-19,C153,Calamar,0.97,A0005,Ria
CAP-7120,2024-03-18,C153,Calamar,0.85,A0005,Ria
CAP-7121,2024-03-20,C153,Sepia,1.89,A0005,Ria
CAP-7122,2024-03-22,C153,Sepia,1.18,A0005,Alta Mar
CAP-7123,2024-03-27,C076,Denton,6.53,A0032,Espigon
CAP-7124,2024-03-16,C076,Serviola,1.28,A0032,Ria
CAP-7125,2024-06-11,C105,Anjova,6.29,A0010,Ria
CAP-7126,2024-04-20,C034,Cabrilla,0.71,A0030,Playa
CAP-7127,2024-07-07,C115,Bonito del Norte,9.95,A0027,Ria
CAP-7128,2024-03-21,C230,Lubina,4.72,A0017,Espigon
CAP-7129,2024-04-10,C230,Lubina,4.5,A0017,Alta Mar
CAP-7130,2024-04-25,C230,Jurel,1.38,A0017,Alta Mar
CAP-7131,2024-11-17,C121,Serviola,1.63,A0033,Playa
CAP-7132,2024-02-28,C120,Calamar,0.61,A0005,Ria
CAP-7133,2024-02-13,C120,Calamar,0.37,A0005,Espigon
CAP-7134,2024-02-24,C120,Sepia,1.35,A0005,Alta Mar
CAP-7135,2024-02-19,C120,Calamar,1.41,A0005,Ria
CAP-7136,2024-03-07,C120,Calamar,0.26,A0005,Playa
CAP-7137,2024-03-01,C120,Calamar,1.06,A0005,Ria
CAP-7138,2024-03-15,C120,Calamar,0.76,A0005,Alta Mar
CAP-7139,2024-03-01,C120,Calamar,0.54,A0005,Alta Mar
CAP-7140,2024-03-15,C120,Calamar,1.07,A0005,Alta Mar
CAP-7141,2024-02-06,C261,Pargo,1.79,A0031,Alta Mar
CAP-7142,2024-01-16,C261,Sama,7.43,A0031,Ria
CAP-7143,2024-01-29,C261,Sama,3.86,A0031,Espigon
CAP-7144,2024-02-26,C261,Cabrilla,0.76,A0031,Espigon
CAP-7145,2024-02-26,C074,Gallineta,1.02,A0031,Alta Mar
CAP-7146,2024-12-30,C073,Mabra,1.01,A0022,Alta Mar
CAP-7147,2025-01-08,C073,Mabra,1.04,A0022,Espigon
CAP-7148,2025-01-19,C073,Mabra,1.21,A0022,Ria
CAP-7149,2025-01-12,C073,Mabra,1.35,A0022,Playa
CAP-7150,2025-01-19,C073,Dorada,0.88,A0022,Playa
CAP-7151,2025-01-26,C229,Lubina,1.37,A0011,Alta Mar
CAP-7152,2025-01-30,C229,Lubina,1.1,A0011,Playa
CAP-7153,2024-07-15,C066,Bonito del Norte,6.45,A0026,Playa
CAP-7154,2024-06-29,C066,Melva,0.5,A0026,Espigon
CAP-7155,2024-07-05,C066,Bacoreta,0.63,A0026,Ria
CAP-7156,2024-08-03,C066,Bonito del Norte,6.32,A0026,Playa
CAP-7157,2024-04-07,C269,Serviola,0.81,A0032,Playa
CAP-7158,2025-01-23,C080,Cabrilla,1.13,A0030,Playa
CAP-7159,2024-12-23,C167,Anjova,3.47,A0013,Playa
CAP-7160,2025-01-09,C167,Anjova,3.38,A0013,Playa
CAP-7161,2024-02-25,C247,Calamar,1.07,A0007,Playa
CAP-7162,2024-03-12,C247,Calamar,0.51,A0007,Espigon
CAP-7163,2024-06-22,C101,Denton,7.6,A0033,Playa
CAP-7164,2024-12-24,C091,Serviola,0.8,A0032,Espigon
CAP-7165,2024-06-28,C159,Herrera,0.39,A0021,Alta Mar
CAP-7166,2024-07-24,C159,Dorada,0.89,A0021,Alta Mar
CAP-7167,2024-06-24,C123,Llampuga,8.74,A0028,Ria
CAP-7168,2024-06-18,C123,Bacoreta,0.99,A0028,Espigon
CAP-7169,2024-06-23,C123,Llampuga,3.28,A0028,Espigon
CAP-7170,2024-07-13,C123,Bonito del Norte,9.45,A0028,Alta Mar
CAP-7171,2024-12-01,C130,Calamar,1.27,A0005,Ria
CAP-7172,2024-03-07,C274,Denton,7.6,A0032,Playa
CAP-7173,2024-05-29,C300,Dorada,2.33,A0021,Playa
CAP-7174,2024-06-16,C300,Dorada,2.56,A0021,Espigon
CAP-7175,2024-06-13,C300,Dorada,2.68,A0021,Ria
CAP-7176,2024-06-10,C300,Dorada,2.32,A0021,Ria
CAP-7177,2024-07-16,C197,Bacoreta,1.16,A0028,Ria
CAP-7178,2024-08-08,C123,Llampuga,3.95,A0027,Ria
CAP-7179,2024-08-22,C123,Llampuga,9.17,A0027,Alta Mar
CAP-7180,2024-08-02,C123,Bonito del Norte,12.98,A0027,Playa
CAP-7181,2024-08-14,C184,Bonito del Norte,10.23,A0026,Espigon
CAP-7182,2024-03-27,C237,Pulpo,1.52,A0006,Espigon
CAP-7183,2024-10-04,C288,Bonito del Norte,6.03,A0028,Espigon
CAP-7184,2024-09-19,C288,Bonito del Norte,8.74,A0028,Ria
CAP-7185,2024-10-12,C288,Llampuga,6.14,A0028,Espigon
CAP-7186,2024-10-17,C288,Bacoreta,1.69,A0028,Ria
CAP-7187,2024-01-31,C222,Serviola,0.73,A0033,Alta Mar
CAP-7188,2024-05-24,C172,Sargo,0.87,A0022,Espigon
CAP-7189,2024-05-12,C172,Mabra,1.58,A0022,Playa
CAP-7190,2024-06-03,C172,Mabra,1.97,A0022,Alta Mar
CAP-7191,2024-05-31,C172,Mabra,0.62,A0022,Alta Mar
CAP-7192,2024-12-17,C032,Calamar,0.49,A0006,Alta Mar
CAP-7193,2024-12-25,C032,Calamar,0.28,A0006,Playa
CAP-7194,2024-12-04,C032,Calamar,1.12,A0006,Alta Mar
CAP-7195,2024-12-29,C032,Calamar,0.47,A0006,Alta Mar
CAP-7196,2024-08-16,C239,Melva,1.28,A0028,Espigon
CAP-7197,2024-04-22,C011,Denton,5.35,A0032,Playa
CAP-7198,2024-05-16,C011,Serviola,1.19,A0032,Alta Mar
CAP-7199,2024-05-24,C011,Denton,3.6,A0032,Espigon
CAP-7200,2024-10-01,C254,Llampuga,3.09,A0028,Ria
CAP-7201,2024-10-15,C254,Bonito del Norte,4.79,A0028,Ria
CAP-7202,2024-10-29,C254,Llampuga,6.9,A0028,Alta Mar
CAP-7203,2024-12-30,C234,Rodaballo,0.94,A0022,Alta Mar
CAP-7204,2024-12-19,C234,Rodaballo,1.42,A0022,Ria
CAP-7205,2025-01-01,C234,Rodaballo,0.76,A0022,Espigon
CAP-7206,2025-01-10,C234,Sargo,1.12,A0022,Alta Mar
CAP-7207,2024-12-26,C234,Herrera,0.79,A0022,Ria
CAP-7208,2024-12-31,C234,Sargo,0.35,A0022,Ria
CAP-7209,2024-02-28,C127,Anjova,2.44,A0011,Ria
CAP-7210,2024-12-29,C200,Calamar,0.64,A0003,Espigon
CAP-7211,2024-12-26,C200,Sepia,2.0,A0003,Ria
CAP-7212,2024-12-30,C200,Sepia,0.41,A0003,Ria
CAP-7213,2025-01-10,C200,Calamar,0.21,A0003,Playa
CAP-7214,2025-01-18,C200,Calamar,0.6,A0003,Ria
CAP-7215,2025-01-29,C200,Sepia,1.02,A0003,Espigon
CAP-7216,2024-02-20,C270,Cabrilla,0.93,A0031,Ria
CAP-7217,2024-02-29,C270,Denton,4.63,A0031,Playa
CAP-7218,2024-07-08,C127,Jurel,1.04,A0016,Alta Mar
CAP-7219,2024-05-17,C271,Cabrilla,1.0,A0031,Ria
CAP-7220,2024-05-22,C271,Cabrilla,1.69,A0031,Ria
CAP-7221,2024-09-25,C108,Lubina,0.91,A0015,Alta Mar
CAP-7222,2025-01-19,C035,Calamar,0.81,A0004,Espigon
CAP-7223,2024-01-30,C298,Calamar,0.9,A0004,Playa
CAP-7224,2024-01-18,C298,Calamar,1.48,A0004,Ria
CAP-7225,2024-02-17,C298,Pulpo,1.53,A0004,Ria
CAP-7226,2024-02-03,C298,Pulpo,4.76,A0004,Espigon
CAP-7227,2024-02-19,C298,Calamar,0.68,A0004,Playa
CAP-7228,2024-02-12,C298,Calamar,1.34,A0004,Playa
CAP-7229,2024-07-16,C220,Serviola,1.09,A0033,Alta Mar
CAP-7230,2024-04-26,C166,Jurel,0.79,A0017,Espigon
CAP-7231,2024-05-24,C166,Lubina,4.72,A0017,Ria
CAP-7232,2024-06-05,C166,Baila,0.95,A0017,Alta Mar
CAP-7233,2024-03-17,C119,Serviola,1.74,A0033,Ria
CAP-7234,2024-03-16,C119,Denton,3.69,A0033,Alta Mar
CAP-7235,2024-10-27,C149,Serviola,0.81,A0032,Ria
CAP-7236,2024-01-24,C227,Sepia,1.71,A0006,Ria
CAP-7237,2024-10-17,C223,Denton,3.06,A0033,Playa
CAP-7238,2024-12-27,C114,Denton,4.73,A0031,Playa
CAP-7239,2024-12-29,C114,Pargo,1.97,A0031,Espigon
CAP-7240,2024-09-13,C085,Cabrilla,0.72,A0031,Espigon
CAP-7241,2024-09-11,C085,Pargo,1.79,A0031,Espigon
CAP-7242,2024-09-25,C085,Sama,7.83,A0031,Espigon
CAP-7243,2024-10-03,C085,Mero,3.63,A0031,Alta Mar
CAP-7244,2024-04-24,C061,Mero,8.97,A0032,Alta Mar
CAP-7245,2024-04-06,C061,Denton,2.52,A0032,Alta Mar
CAP-7246,2024-11-23,C134,Herrera,0.38,A0022,Alta Mar
CAP-7247,2024-11-14,C134,Herrera,0.64,A0022,Ria
CAP-7248,2024-11-27,C134,Herrera,0.2,A0022,Ria
CAP-7249,2024-12-14,C134,Dorada,1.41,A0022,Espigon
CAP-7250,2024-12-13,C134,Sargo,0.78,A0022,Espigon
CAP-7251,2024-12-07,C290,Calamar,0.66,A0005,Espigon
CAP-7252,2024-12-27,C290,Calamar,0.55,A0005,Alta Mar
CAP-7253,2024-07-22,C239,Llampuga,8.8,A0027,Espigon
CAP-7254,2024-08-13,C239,Llampuga,3.83,A0027,Espigon
CAP-7255,2024-02-03,C189,Sepia,2.0,A0005,Alta Mar
CAP-7256,2024-02-15,C189,Pulpo,3.84,A0005,Espigon
CAP-7257,2024-02-26,C189,Calamar,0.28,A0005,Ria
CAP-7258,2024-07-04,C070,Denton,3.99,A0033,Espigon
CAP-7259,2024-07-22,C070,Denton,7.5,A0033,Ria
CAP-7260,2024-07-31,C070,Serviola,0.99,A0033,Alta Mar
CAP-7261,2024-06-25,C164,Bacoreta,0.93,A0026,Alta Mar
CAP-7262,2024-07-10,C164,Melva,1.4,A0026,Espigon
CAP-7263,2024-02-04,C182,Lubina,1.42,A0011,Alta Mar
CAP-7264,2024-12-01,C215,Sepia,0.94,A0001,Espigon
CAP-7265,2024-11-18,C215,Sepia,1.55,A0001,Espigon
CAP-7266,2024-12-06,C215,Sepia,1.8,A0001,Espigon
CAP-7267,2024-12-05,C215,Calamar,0.98,A0001,Espigon
CAP-7268,2024-08-03,C210,Mero,13.16,A0030,Ria
CAP-7269,2024-08-26,C210,Denton,6.67,A0030,Espigon
CAP-7270,2024-09-05,C210,Cabrilla,1.34,A0030,Espigon
CAP-7271,2024-08-26,C210,Gallineta,1.15,A0030,Alta Mar
CAP-7272,2024-06-05,C098,Dorada,0.44,A0021,Alta Mar
CAP-7273,2024-06-13,C098,Mabra,0.7,A0021,Playa
CAP-7274,2024-10-13,C082,Sama,5.84,A0030,Ria
CAP-7275,2024-10-24,C082,San Pedro,1.36,A0030,Playa
CAP-7276,2024-04-17,C147,Mero,8.93,A0031,Espigon
CAP-7277,2024-04-14,C147,Sama,6.7,A0031,Playa
CAP-7278,2024-07-27,C287,Bonito del Norte,4.65,A0026,Ria
CAP-7279,2024-07-18,C287,Melva,1.16,A0026,Espigon
CAP-7280,2024-08-02,C287,Bonito del Norte,7.67,A0026,Ria
CAP-7281,2024-07-06,C103,Melva,1.59,A0028,Espigon
CAP-7282,2024-07-25,C103,Melva,1.37,A0028,Playa
CAP-7283,2024-03-02,C177,Pulpo,4.74,A0002,Ria
CAP-7284,2024-02-23,C177,Pulpo,3.63,A0002,Espigon
CAP-7285,2024-10-31,C291,Pargo,1.83,A0031,Alta Mar
CAP-7286,2024-02-19,C118,Mabra,1.26,A0022,Alta Mar
CAP-7287,2024-03-09,C118,Mabra,1.16,A0022,Alta Mar
CAP-7288,2024-03-01,C118,Sargo,0.82,A0022,Espigon
CAP-7289,2024-03-27,C118,Mabra,0.91,A0022,Ria
CAP-7290,2024-03-09,C118,Mabra,1.94,A0022,Alta Mar
CAP-7291,2024-03-19,C118,Herrera,0.79,A0022,Espigon
CAP-7292,2024-03-12,C118,Sargo,1.05,A0022,Espigon
CAP-7293,2024-01-21,C248,Sepia,0.7,A0003,Alta Mar
CAP-7294,2024-11-11,C183,Calamar,1.06,A0006,Alta Mar
CAP-7295,2024-03-17,C027,Calamar,1.02,A0003,Alta Mar
CAP-7296,2024-02-29,C027,Calamar,1.3,A0003,Espigon
CAP-7297,2024-03-24,C027,Sepia,1.87,A0003,Ria
CAP-7298,2024-01-30,C048,Lubina,3.07,A0012,Playa
CAP-7299,2024-01-31,C048,Anjova,4.16,A0012,Ria
CAP-7300,2024-02-24,C048,Anjova,6.85,A0012,Alta Mar
CAP-7301,2024-12-11,C130,Lubina,3.46,A0011,Alta Mar
CAP-7302,2024-12-31,C130,Espeton,1.89,A0011,Ria
CAP-7303,2024-07-17,C079,Lubina,0.57,A0012,Ria
CAP-7304,2024-08-05,C079,Anjova,4.62,A0012,Espigon
CAP-7305,2024-04-24,C166,Lubina,0.58,A0012,Ria
CAP-7306,2024-04-20,C166,Lubina,2.18,A0012,Playa
CAP-7307,2024-09-18,C206,Cabrilla,1.12,A0030,Playa
CAP-7308,2024-10-02,C206,Mero,11.56,A0030,Playa
CAP-7309,2024-10-11,C206,Pargo,1.45,A0030,Espigon
CAP-7310,2024-12-15,C058,Denton,4.63,A0032,Alta Mar
CAP-7311,2024-12-27,C058,Mero,12.76,A0032,Alta Mar
CAP-7312,2024-11-28,C020,Calamar,0.8,A0005,Espigon
CAP-7313,2024-12-20,C020,Calamar,0.32,A0005,Ria
CAP-7314,2024-12-10,C020,Calamar,1.4,A0005,Ria
CAP-7315,2024-12-24,C020,Calamar,0.52,A0005,Alta Mar
CAP-7316,2024-10-28,C290,Sepia,1.89,A0003,Playa
CAP-7317,2024-03-22,C053,Denton,2.74,A0033,Alta Mar
CAP-7318,2024-03-21,C053,Serviola,0.92,A0033,Alta Mar
CAP-7319,2024-08-30,C180,Denton,5.01,A0033,Playa
CAP-7320,2024-04-08,C109,Denton,7.98,A0032,Espigon
CAP-7321,2024-04-14,C109,Denton,2.39,A0032,Alta Mar
CAP-7322,2024-07-03,C019,Melva,0.73,A0027,Ria
CAP-7323,2024-07-18,C019,Bacoreta,1.18,A0027,Espigon
CAP-7324,2024-07-13,C019,Bonito del Norte,7.73,A0027,Playa
CAP-7325,2024-07-24,C019,Bacoreta,1.79,A0027,Espigon
CAP-7326,2024-10-23,C191,Herrera,0.55,A0021,Ria
CAP-7327,2024-10-24,C191,Mabra,1.05,A0021,Espigon
CAP-7328,2024-11-16,C191,Herrera,0.73,A0021,Espigon
CAP-7329,2024-11-12,C191,Mabra,0.84,A0021,Alta Mar
CAP-7330,2024-10-29,C191,Mabra,0.77,A0021,Playa
CAP-7331,2024-11-23,C191,Mabra,1.31,A0021,Ria
CAP-7332,2024-07-19,C170,Dorada,1.39,A0021,Alta Mar
CAP-7333,2024-08-04,C170,Sargo,1.13,A0021,Espigon
CAP-7334,2024-07-17,C170,Sargo,0.27,A0021,Espigon
CAP-7335,2024-08-13,C170,Sargo,0.24,A0021,Espigon
CAP-7336,2024-02-28,C292,Denton,1.74,A0033,Alta Mar
CAP-7337,2024-03-02,C292,Mero,13.89,A0033,Ria
CAP-7338,2025-01-05,C285,Denton,3.02,A0032,Playa
CAP-7339,2024-09-24,C123,Bonito del Norte,10.67,A0027,Alta Mar
CAP-7340,2024-02-15,C213,Sepia,0.87,A0002,Alta Mar
CAP-7341,2024-02-16,C213,Sepia,1.0,A0002,Espigon
CAP-7342,2024-11-15,C278,Lubina,1.3,A0011,Espigon
CAP-7343,2024-08-30,C295,Serviola,0.9,A0017,Alta Mar
CAP-7344,2024-09-20,C295,Espeton,1.08,A0017,Playa
CAP-7345,2024-09-08,C295,Lubina,0.67,A0017,Espigon
CAP-7346,2024-10-07,C295,Serviola,1.61,A0017,Playa
CAP-7347,2024-04-04,C248,Anjova,3.42,A0013,Alta Mar
CAP-7348,2024-04-23,C248,Baila,1.46,A0013,Espigon
CAP-7349,2024-10-10,C046,Calamar,0.94,A0004,Espigon
CAP-7350,2024-10-13,C046,Calamar,1.5,A0004,Playa
CAP-7351,2024-11-07,C046,Calamar,0.23,A0004,Alta Mar
CAP-7352,2024-12-14,C106,Calamar,1.48,A0002,Playa
CAP-7353,2024-12-06,C106,Pulpo,4.06,A0002,Alta Mar
CAP-7354,2024-05-03,C166,Jurel,0.64,A0013,Playa
CAP-7355,2024-05-10,C166,Anjova,6.3,A0013,Alta Mar
CAP-7356,2024-06-05,C166,Baila,1.28,A0013,Ria
CAP-7357,2024-06-04,C166,Lubina,4.79,A0013,Ria
CAP-7358,2024-02-07,C094,Calamar,0.64,A0004,Playa
CAP-7359,2024-02-02,C094,Calamar,1.13,A0004,Alta Mar
CAP-7360,2024-02-28,C094,Sepia,1.41,A0004,Ria
CAP-7361,2024-02-24,C094,Sepia,1.19,A0004,Ria
CAP-7362,2024-11-10,C096,Calamar,1.12,A0005,Ria
CAP-7363,2024-10-19,C096,Calamar,0.41,A0005,Espigon
CAP-7364,2024-11-02,C096,Calamar,1.5,A0005,Ria
CAP-7365,2024-08-29,C005,Mero,14.93,A0032,Espigon
CAP-7366,2024-08-29,C005,Serviola,0.72,A0032,Alta Mar
CAP-7367,2024-09-01,C005,Mero,11.4,A0032,Alta Mar
CAP-7368,2025-01-15,C078,Herrera,0.29,A0022,Ria
CAP-7369,2025-01-30,C078,Herrera,0.24,A0022,Ria
CAP-7370,2025-02-04,C078,Herrera,0.38,A0022,Playa
CAP-7371,2025-01-28,C078,Mabra,1.29,A0022,Espigon
CAP-7372,2025-02-19,C078,Sargo,0.53,A0022,Espigon
CAP-7373,2025-02-01,C078,Sargo,0.8,A0022,Espigon
CAP-7374,2024-12-15,C153,Pulpo,2.17,A0002,Playa
CAP-7375,2025-01-03,C153,Pulpo,3.62,A0002,Playa
CAP-7376,2024-12-18,C153,Pulpo,3.08,A0002,Ria
CAP-7377,2024-10-06,C221,Calamar,0.87,A0004,Ria
CAP-7378,2024-10-25,C221,Calamar,0.87,A0004,Alta Mar
CAP-7379,2024-10-24,C221,Calamar,1.27,A0004,Playa
CAP-7380,2024-10-12,C221,Calamar,1.03,A0004,Alta Mar
CAP-7381,2024-05-20,C244,Denton,7.32,A0031,Espigon
CAP-7382,2024-06-07,C244,Gallineta,0.81,A0031,Playa
CAP-7383,2024-06-10,C244,Denton,5.8,A0031,Ria
CAP-7384,2024-02-24,C076,Serviola,0.61,A0032,Playa
CAP-7385,2024-03-11,C076,Serviola,2.0,A0032,Playa
CAP-7386,2024-03-19,C076,Serviola,1.73,A0032,Alta Mar
CAP-7387,2024-05-24,C233,Herrera,0.32,A0022,Playa
CAP-7388,2024-05-20,C233,Herrera,0.51,A0022,Alta Mar
CAP-7389,2024-06-05,C233,Sargo,1.16,A0022,Ria
CAP-7390,2024-05-31,C233,Herrera,0.21,A0022,Ria
CAP-7391,2025-01-22,C098,Lubina,3.17,A0016,Alta Mar
CAP-7392,2024-10-18,C019,Bonito del Norte,7.68,A0027,Playa
CAP-7393,2024-08-03,C244,Sama,2.7,A0031,Ria
CAP-7394,2024-07-30,C244,Sama,7.22,A0031,Espigon
CAP-7395,2024-05-03,C126,Dorada,0.77,A0022,Espigon
CAP-7396,2024-05-16,C126,Sargo,1.08,A0022,Alta Mar
CAP-7397,2024-05-14,C126,Sargo,0.99,A0022,Ria
CAP-7398,2024-05-23,C126,Lubina,3.55,A0022,Espigon
CAP-7399,2024-05-25,C126,Sargo,0.28,A0022,Playa
CAP-7400,2025-01-04,C153,Calamar,1.47,A0004,Playa
CAP-7401,2025-01-11,C153,Calamar,0.96,A0004,Alta Mar
CAP-7402,2024-05-21,C067,Anjova,5.42,A0017,Espigon
CAP-7403,2024-05-04,C025,Sama,9.13,A0030,Alta Mar
CAP-7404,2024-02-18,C293,Serviola,1.98,A0033,Ria
CAP-7405,2024-04-23,C228,Denton,6.05,A0030,Alta Mar
CAP-7406,2024-06-22,C122,Anjova,4.23,A0015,Playa
CAP-7407,2024-09-22,C002,Marlin Blanco,21.06,A0027,Alta Mar
CAP-7408,2024-08-10,C087,Bonito del Norte,13.54,A0026,Playa
CAP-7409,2024-08-20,C087,Marlin Blanco,26.02,A0026,Espigon
CAP-7410,2024-11-27,C112,Cabrilla,1.88,A0031,Espigon
CAP-7411,2024-11-27,C112,Pargo,1.53,A0031,Espigon
CAP-7412,2024-03-06,C078,Pargo,1.24,A0031,Espigon
CAP-7413,2024-03-09,C150,Denton,2.02,A0032,Espigon
CAP-7414,2024-03-20,C150,Denton,4.86,A0032,Espigon
CAP-7415,2024-03-19,C150,Serviola,0.86,A0032,Playa
CAP-7416,2024-03-18,C150,Serviola,1.32,A0032,Playa
CAP-7417,2024-02-02,C254,Serviola,1.91,A0032,Playa
CAP-7418,2024-03-02,C254,Serviola,1.1,A0032,Espigon
CAP-7419,2024-03-08,C254,Denton,2.14,A0032,Ria
CAP-7420,2024-02-08,C232,Calamar,0.89,A0003,Playa
CAP-7421,2024-06-11,C149,Mero,8.79,A0032,Espigon
CAP-7422,2024-02-02,C064,Calamar,0.78,A0005,Playa
CAP-7423,2024-11-02,C298,Calamar,0.33,A0003,Espigon
CAP-7424,2024-06-25,C073,Lubina,4.93,A0011,Alta Mar
CAP-7425,2024-03-15,C241,Calamar,1.18,A0002,Alta Mar
CAP-7426,2024-03-10,C241,Calamar,0.31,A0002,Playa
CAP-7427,2024-02-20,C241,Calamar,0.79,A0002,Espigon
CAP-7428,2024-11-16,C014,Pargo,1.75,A0030,Ria
CAP-7429,2024-12-08,C014,Pargo,1.92,A0030,Ria
CAP-7430,2024-08-09,C163,Melva,1.49,A0027,Playa
CAP-7431,2024-08-27,C163,Marlin Blanco,22.88,A0027,Espigon
CAP-7432,2024-08-29,C163,Melva,0.57,A0027,Espigon
CAP-7433,2024-09-18,C119,Denton,5.11,A0032,Espigon
CAP-7434,2024-10-09,C020,Mero,3.09,A0031,Espigon
CAP-7435,2024-10-14,C020,Pargo,1.69,A0031,Playa
CAP-7436,2024-10-16,C020,Denton,5.79,A0031,Espigon
CAP-7437,2024-10-25,C020,Sama,6.17,A0031,Alta Mar
CAP-7438,2024-10-10,C020,Cabrilla,1.72,A0031,Alta Mar
CAP-7439,2024-05-25,C284,Denton,3.61,A0033,Espigon
CAP-7440,2024-06-20,C284,Serviola,1.16,A0033,Ria
CAP-7441,2024-08-21,C282,Jurel,1.01,A0016,Espigon
CAP-7442,2024-08-27,C282,Jurel,0.95,A0016,Alta Mar
CAP-7443,2024-09-19,C282,Lubina,4.36,A0016,Ria
CAP-7444,2024-11-05,C130,Lubina,4.93,A0013,Espigon
CAP-7445,2024-11-06,C130,Anjova,6.58,A0013,Espigon
CAP-7446,2024-10-23,C162,Sepia,0.73,A0005,Espigon
CAP-7447,2024-11-14,C162,Sepia,0.48,A0005,Espigon
CAP-7448,2024-11-25,C162,Sepia,1.03,A0005,Alta Mar
CAP-7449,2024-12-07,C162,Sepia,0.43,A0005,Playa
CAP-7450,2024-12-06,C162,Sepia,1.02,A0005,Alta Mar
CAP-7451,2024-03-01,C243,Cabrilla,1.66,A0031,Playa
CAP-7452,2024-03-26,C243,Cabrilla,1.36,A0031,Playa
CAP-7453,2024-03-07,C243,Cabrilla,1.86,A0031,Espigon
CAP-7454,2024-04-09,C243,Denton,3.38,A0031,Espigon
CAP-7455,2024-11-11,C269,Lubina,4.56,A0012,Playa
CAP-7456,2024-11-20,C269,Palometon,7.88,A0012,Ria
CAP-7457,2024-11-30,C269,Baila,1.89,A0012,Espigon
CAP-7458,2024-12-11,C269,Lubina,2.1,A0012,Espigon
CAP-7459,2024-12-20,C269,Lubina,3.51,A0012,Espigon
CAP-7460,2024-10-30,C070,Calamar,1.1,A0006,Playa
CAP-7461,2024-11-07,C070,Calamar,0.65,A0006,Playa
CAP-7462,2025-01-05,C270,Sepia,1.34,A0005,Playa
CAP-7463,2025-01-18,C270,Sepia,1.87,A0005,Ria
CAP-7464,2024-08-19,C083,Herrera,0.35,A0021,Playa
CAP-7465,2024-08-07,C083,Herrera,0.8,A0021,Ria
CAP-7466,2024-08-27,C083,Dorada,0.73,A0021,Alta Mar
CAP-7467,2024-04-02,C136,Serviola,1.35,A0032,Alta Mar
CAP-7468,2024-04-03,C136,Denton,7.37,A0032,Playa
CAP-7469,2024-07-14,C164,Mero,11.77,A0032,Playa
CAP-7470,2024-08-16,C164,Mero,13.41,A0032,Ria
CAP-7471,2024-08-10,C164,Denton,4.53,A0032,Alta Mar
CAP-7472,2024-08-04,C164,Serviola,0.82,A0032,Playa
CAP-7473,2024-11-23,C177,Calamar,0.68,A0003,Playa
CAP-7474,2024-07-12,C299,Bacoreta,1.11,A0028,Espigon
CAP-7475,2024-07-29,C299,Bonito del Norte,4.18,A0028,Playa
CAP-7476,2024-07-15,C299,Bonito del Norte,13.85,A0028,Alta Mar
CAP-7477,2024-08-03,C240,San Pedro,2.49,A0030,Alta Mar
CAP-7478,2024-09-17,C277,Lubina,1.47,A0012,Alta Mar
CAP-7479,2024-10-09,C277,Espeton,1.89,A0012,Ria
CAP-7480,2024-10-25,C277,Lubina,2.64,A0012,Espigon
CAP-7481,2024-10-16,C277,Lubina,3.68,A0012,Playa
CAP-7482,2024-10-21,C277,Baila,1.55,A0012,Playa
CAP-7483,2024-11-27,C047,Calamar,0.32,A0003,Espigon
CAP-7484,2024-07-09,C006,Lubina,1.89,A0021,Playa
CAP-7485,2024-07-02,C006,Herrera,0.43,A0021,Ria
CAP-7486,2024-07-08,C006,Mabra,1.23,A0021,Alta Mar
CAP-7487,2024-11-21,C234,Calamar,1.17,A0001,Espigon
CAP-7488,2024-11-25,C234,Calamar,0.28,A0001,Ria
CAP-7489,2024-11-16,C234,Calamar,0.67,A0001,Alta Mar
CAP-7490,2024-12-22,C234,Sepia,1.8,A0001,Playa
CAP-7491,2024-12-09,C234,Calamar,1.32,A0001,Espigon
CAP-7492,2024-12-25,C234,Calamar,0.42,A0001,Espigon
CAP-7493,2024-12-28,C234,Calamar,0.53,A0001,Ria
CAP-7494,2024-09-25,C233,Sargo,0.62,A0021,Alta Mar
CAP-7495,2024-10-11,C233,Sargo,1.07,A0021,Playa
CAP-7496,2024-10-08,C233,Sargo,0.78,A0021,Alta Mar
CAP-7497,2024-07-26,C006,Mabra,0.73,A0022,Playa
CAP-7498,2024-08-07,C006,Dorada,1.34,A0022,Ria
CAP-7499,2024-08-13,C006,Dorada,1.64,A0022,Playa
CAP-7500,2024-08-29,C006,Mabra,0.79,A0022,Alta Mar
CAP-7501,2024-08-18,C006,Sargo,0.77,A0022,Alta Mar
CAP-7502,2024-08-20,C006,Sargo,0.91,A0022,Espigon
CAP-7503,2024-08-12,C223,Serviola,1.98,A0033,Ria
CAP-7504,2024-07-21,C282,Anjova,3.47,A0015,Espigon
CAP-7505,2024-07-28,C282,Serviola,1.06,A0015,Ria
CAP-7506,2024-02-29,C218,Sepia,0.82,A0002,Espigon
CAP-7507,2024-08-23,C154,Lubina,4.79,A0017,Espigon
CAP-7508,2024-09-21,C071,Baila,0.78,A0014,Ria
CAP-7509,2024-09-05,C071,Lubina,2.01,A0014,Playa
CAP-7510,2024-09-27,C071,Baila,1.87,A0014,Alta Mar
CAP-7511,2024-07-04,C182,Pargo,1.15,A0031,Ria
CAP-7512,2024-12-14,C151,Serviola,1.8,A0032,Alta Mar
CAP-7513,2024-03-07,C259,Calamar,1.29,A0005,Espigon
CAP-7514,2024-02-25,C259,Calamar,1.04,A0005,Playa
CAP-7515,2024-03-17,C259,Calamar,1.09,A0005,Espigon
CAP-7516,2024-03-07,C220,Serviola,0.63,A0033,Ria
CAP-7517,2024-03-17,C220,Serviola,1.9,A0033,Playa
CAP-7518,2024-02-18,C251,Serviola,1.79,A0032,Alta Mar
CAP-7519,2024-07-07,C293,Sama,6.94,A0031,Alta Mar
CAP-7520,2024-07-12,C293,San Pedro,1.78,A0031,Espigon
CAP-7521,2024-10-23,C106,Sargo,0.9,A0022,Alta Mar
CAP-7522,2024-11-16,C106,Sargo,0.75,A0022,Ria
CAP-7523,2024-09-17,C227,Denton,4.27,A0033,Playa
CAP-7524,2024-08-22,C270,Cabrilla,1.22,A0031,Playa
CAP-7525,2024-04-11,C150,Jurel,1.96,A0017,Playa
CAP-7526,2024-06-14,C075,Mero,14.81,A0032,Ria
CAP-7527,2024-06-13,C075,Mero,5.05,A0032,Alta Mar
CAP-7528,2024-06-19,C075,Mero,9.51,A0032,Ria
CAP-7529,2024-07-18,C144,Denton,3.86,A0033,Alta Mar
CAP-7530,2024-08-17,C144,Denton,3.36,A0033,Ria
CAP-7531,2024-08-06,C144,Denton,5.35,A0033,Espigon
CAP-7532,2025-01-13,C204,Lubina,4.37,A0015,Playa
CAP-7533,2025-02-08,C204,Baila,1.18,A0015,Ria
CAP-7534,2024-07-15,C025,Melva,1.16,A0026,Alta Mar
CAP-7535,2024-07-21,C025,Llampuga,3.73,A0026,Ria
CAP-7536,2024-07-11,C025,Bacoreta,1.97,A0026,Ria
CAP-7537,2024-06-07,C295,Espeton,1.59,A0010,Ria
CAP-7538,2024-06-07,C295,Lubina,2.86,A0010,Alta Mar
CAP-7539,2024-06-06,C295,Lubina,0.83,A0010,Espigon
CAP-7540,2025-01-07,C254,Serviola,1.44,A0033,Espigon
CAP-7541,2024-12-10,C020,Calamar,1.13,A0003,Alta Mar
CAP-7542,2024-12-10,C020,Calamar,0.67,A0003,Ria
CAP-7543,2024-10-02,C065,Llampuga,6.46,A0027,Espigon
CAP-7544,2024-07-26,C220,Mero,7.11,A0033,Espigon
CAP-7545,2024-08-27,C220,Serviola,0.77,A0033,Alta Mar
CAP-7546,2024-04-10,C139,Cabrilla,1.67,A0030,Playa
CAP-7547,2024-03-25,C139,Cabrilla,1.01,A0030,Playa
CAP-7548,2024-04-15,C133,Espeton,1.3,A0012,Playa
CAP-7549,2024-04-13,C133,Baila,0.97,A0012,Alta Mar
CAP-7550,2024-05-13,C133,Jurel,1.65,A0012,Espigon
CAP-7551,2024-05-16,C044,Serviola,1.43,A0012,Espigon
CAP-7552,2024-06-11,C044,Baila,1.86,A0012,Alta Mar
CAP-7553,2024-05-26,C044,Serviola,1.62,A0012,Espigon
CAP-7554,2025-01-13,C263,Cabrilla,0.85,A0031,Alta Mar
CAP-7555,2025-01-03,C263,Denton,2.8,A0031,Alta Mar
CAP-7556,2025-01-01,C263,Sama,6.74,A0031,Ria
CAP-7557,2024-03-28,C008,Denton,1.89,A0033,Alta Mar
CAP-7558,2024-04-17,C008,Serviola,1.51,A0033,Espigon
CAP-7559,2024-04-17,C008,Denton,3.82,A0033,Playa
CAP-7560,2024-08-17,C029,Llampuga,4.88,A0028,Espigon
CAP-7561,2024-09-02,C029,Marlin Blanco,36.98,A0028,Ria
CAP-7562,2024-08-20,C112,Denton,1.65,A0031,Alta Mar
CAP-7563,2024-09-11,C112,Sama,3.99,A0031,Playa
CAP-7564,2024-01-31,C248,Anjova,3.3,A0011,Ria
CAP-7565,2024-07-30,C061,Denton,7.51,A0032,Espigon
CAP-7566,2024-09-18,C116,Bonito del Norte,11.91,A0026,Playa
CAP-7567,2024-10-03,C116,Bacoreta,1.12,A0026,Ria
CAP-7568,2024-02-07,C168,Anjova,5.16,A0015,Alta Mar
CAP-7569,2024-02-27,C168,Baila,0.92,A0015,Playa
CAP-7570,2024-09-20,C050,Sargo,0.49,A0022,Alta Mar
CAP-7571,2024-09-22,C050,Herrera,0.21,A0022,Ria
CAP-7572,2024-09-10,C050,Dorada,1.38,A0022,Ria
CAP-7573,2024-09-10,C050,Dorada,0.36,A0022,Ria
CAP-7574,2024-09-19,C050,Herrera,0.2,A0022,Espigon
CAP-7575,2024-10-09,C050,Mabra,1.81,A0022,Playa
CAP-7576,2024-10-31,C232,Calamar,1.11,A0003,Espigon
CAP-7577,2024-11-27,C208,Mero,3.57,A0033,Playa
CAP-7578,2024-06-25,C072,Baila,1.82,A0014,Alta Mar
CAP-7579,2024-07-04,C072,Baila,1.58,A0014,Alta Mar
CAP-7580,2024-07-23,C072,Baila,1.8,A0014,Ria
CAP-7581,2024-07-31,C072,Espeton,1.78,A0014,Alta Mar
CAP-7582,2024-10-01,C226,Anjova,3.09,A0012,Playa
CAP-7583,2024-10-17,C226,Baila,1.57,A0012,Ria
CAP-7584,2024-10-23,C226,Lubina,1.37,A0012,Ria
CAP-7585,2024-10-24,C226,Espeton,0.54,A0012,Espigon
CAP-7586,2024-02-03,C078,Mabra,0.61,A0021,Ria
CAP-7587,2024-01-28,C078,Mabra,0.91,A0021,Playa
CAP-7588,2024-08-03,C058,Bonito del Norte,6.52,A0028,Espigon
CAP-7589,2024-07-23,C077,Dorada,0.56,A0021,Playa
CAP-7590,2024-08-07,C077,Dorada,2.32,A0021,Ria
CAP-7591,2024-08-10,C077,Lubina,4.78,A0021,Alta Mar
CAP-7592,2024-08-17,C077,Lubina,2.89,A0021,Playa
CAP-7593,2024-07-29,C077,Lubina,4.56,A0021,Alta Mar
CAP-7594,2024-08-17,C077,Herrera,0.46,A0021,Espigon
CAP-7595,2024-08-21,C077,Mabra,1.46,A0021,Espigon
CAP-7596,2024-03-09,C280,Sama,5.41,A0030,Playa
CAP-7597,2024-02-23,C280,San Pedro,0.94,A0030,Playa
CAP-7598,2024-03-03,C280,Sama,6.49,A0030,Espigon
CAP-7599,2025-01-08,C144,Serviola,1.45,A0032,Espigon
CAP-7600,2025-01-23,C144,Denton,2.63,A0032,Alta Mar
CAP-7601,2024-04-17,C158,Denton,2.97,A0032,Espigon
CAP-7602,2024-08-03,C072,Serviola,0.62,A0017,Playa
CAP-7603,2024-08-21,C072,Jurel,1.45,A0017,Espigon
CAP-7604,2024-08-29,C072,Anjova,3.73,A0017,Espigon
CAP-7605,2024-01-25,C276,Mabra,1.43,A0021,Ria
CAP-7606,2024-02-21,C276,Herrera,0.67,A0021,Alta Mar
CAP-7607,2024-02-12,C276,Sargo,0.63,A0021,Alta Mar
CAP-7608,2024-03-09,C276,Lubina,3.86,A0021,Ria
CAP-7609,2024-08-31,C270,Pargo,1.91,A0031,Playa
CAP-7610,2024-08-29,C205,Llampuga,7.38,A0027,Ria
CAP-7611,2024-09-14,C205,Llampuga,4.44,A0027,Playa
CAP-7612,2024-05-13,C175,Sama,7.68,A0031,Ria
CAP-7613,2024-06-01,C175,Pargo,0.97,A0031,Espigon
CAP-7614,2024-06-26,C022,Bacoreta,0.56,A0028,Playa
CAP-7615,2024-07-23,C022,Llampuga,7.41,A0028,Playa
CAP-7616,2024-07-08,C022,Bacoreta,1.88,A0028,Alta Mar
CAP-7617,2024-08-07,C022,Marlin Blanco,34.41,A0028,Alta Mar
CAP-7618,2024-07-22,C185,Cabrilla,0.96,A0031,Alta Mar
CAP-7619,2024-07-07,C185,Denton,3.84,A0031,Playa
CAP-7620,2025-01-09,C066,Sargo,0.72,A0022,Playa
CAP-7621,2025-01-14,C066,Sargo,0.36,A0022,Espigon
CAP-7622,2025-01-07,C066,Herrera,0.33,A0022,Alta Mar
CAP-7623,2024-10-11,C230,Serviola,0.55,A0032,Alta Mar
CAP-7624,2024-07-10,C002,Llampuga,3.74,A0027,Ria
CAP-7625,2024-07-08,C002,Bonito del Norte,6.23,A0027,Ria
CAP-7626,2024-07-23,C002,Bonito del Norte,11.11,A0027,Espigon
CAP-7627,2024-02-19,C155,Serviola,0.89,A0033,Playa
CAP-7628,2024-03-02,C155,Denton,6.69,A0033,Ria
CAP-7629,2024-06-16,C027,Bonito del Norte,10.22,A0028,Playa
CAP-7630,2024-06-17,C027,Llampuga,2.72,A0028,Espigon
CAP-7631,2024-07-16,C027,Bacoreta,1.96,A0028,Ria
CAP-7632,2024-02-18,C234,Rodaballo,1.37,A0022,Ria
CAP-7633,2024-03-01,C234,Rodaballo,0.51,A0022,Alta Mar
CAP-7634,2024-02-20,C234,Rodaballo,0.6,A0022,Ria
CAP-7635,2024-03-21,C234,Herrera,0.71,A0022,Alta Mar
CAP-7636,2024-03-21,C234,Herrera,0.35,A0022,Playa
CAP-7637,2024-03-11,C234,Sargo,0.92,A0022,Espigon
CAP-7638,2024-03-25,C234,Sargo,0.46,A0022,Espigon
CAP-7639,2024-08-03,C090,Cabrilla,0.99,A0031,Espigon
CAP-7640,2024-08-16,C090,Sama,2.52,A0031,Playa
CAP-7641,2024-08-03,C128,Baila,1.75,A0010,Espigon
CAP-7642,2024-07-20,C128,Lubina,4.36,A0010,Ria
CAP-7643,2024-01-27,C169,Calamar,0.65,A0006,Espigon
CAP-7644,2024-06-22,C076,Mero,14.92,A0032,Ria
CAP-7645,2024-06-20,C076,Serviola,1.97,A0032,Ria
CAP-7646,2024-12-31,C082,Cabrilla,1.18,A0030,Espigon
CAP-7647,2024-12-29,C082,Denton,5.92,A0030,Playa
CAP-7648,2025-01-07,C082,Cabrilla,1.18,A0030,Espigon
CAP-7649,2024-10-22,C091,Denton,2.14,A0032,Alta Mar
CAP-7650,2024-10-26,C097,Lubina,4.79,A0012,Espigon
CAP-7651,2024-10-27,C097,Lubina,2.84,A0012,Ria
CAP-7652,2024-11-08,C097,Lubina,2.62,A0012,Espigon
CAP-7653,2024-11-12,C097,Lubina,4.68,A0012,Playa
CAP-7654,2024-12-10,C097,Anjova,6.66,A0012,Alta Mar
CAP-7655,2024-06-29,C003,Gallineta,1.58,A0031,Alta Mar
CAP-7656,2024-06-27,C003,Mero,8.54,A0031,Alta Mar
CAP-7657,2024-07-25,C179,Bonito del Norte,13.73,A0027,Alta Mar
CAP-7658,2024-08-18,C179,Bonito del Norte,8.45,A0027,Alta Mar
CAP-7659,2024-12-31,C151,Sepia,1.04,A0002,Ria
CAP-7660,2024-02-10,C271,Gallineta,1.64,A0031,Ria
CAP-7661,2024-04-03,C007,Cabrilla,1.75,A0030,Playa
CAP-7662,2024-04-05,C007,Sama,9.59,A0030,Alta Mar
CAP-7663,2025-01-18,C067,Anjova,5.98,A0016,Espigon
CAP-7664,2024-02-17,C164,Anjova,6.11,A0011,Espigon
CAP-7665,2024-02-21,C164,Lubina,4.06,A0011,Playa
CAP-7666,2024-03-02,C164,Lubina,2.79,A0011,Espigon
CAP-7667,2024-10-17,C045,Herrera,0.41,A0021,Ria
CAP-7668,2024-10-15,C045,Herrera,0.34,A0021,Playa
CAP-7669,2024-11-03,C045,Sargo,0.91,A0021,Playa
CAP-7670,2024-11-03,C045,Sargo,0.86,A0021,Playa
CAP-7671,2024-10-22,C045,Sargo,0.89,A0021,Ria
CAP-7672,2024-11-07,C045,Sargo,0.86,A0021,Alta Mar
CAP-7673,2024-12-13,C256,Sama,9.96,A0030,Alta Mar
CAP-7674,2024-12-15,C256,Cabrilla,1.18,A0030,Ria
CAP-7675,2025-01-09,C256,Denton,6.76,A0030,Espigon
CAP-7676,2024-06-09,C224,Dorada,1.68,A0022,Ria
CAP-7677,2024-07-02,C224,Dorada,2.84,A0022,Playa
CAP-7678,2024-06-25,C299,Palometon,7.18,A0013,Alta Mar
CAP-7679,2024-06-19,C299,Lubina,4.9,A0013,Playa
CAP-7680,2024-07-16,C157,Lubina,4.72,A0010,Playa
CAP-7681,2024-08-05,C163,Bonito del Norte,8.28,A0027,Ria
CAP-7682,2024-08-24,C163,Bonito del Norte,11.51,A0027,Espigon
CAP-7683,2024-06-11,C166,Anjova,5.4,A0012,Alta Mar
CAP-7684,2024-06-17,C166,Jurel,1.0,A0012,Alta Mar
CAP-7685,2024-09-24,C148,Palometon,5.7,A0011,Espigon
CAP-7686,2024-10-10,C148,Jurel,1.46,A0011,Espigon
CAP-7687,2024-10-16,C148,Anjova,6.01,A0011,Alta Mar
CAP-7688,2024-12-14,C125,Pargo,1.27,A0031,Alta Mar
CAP-7689,2024-12-20,C125,Denton,2.17,A0031,Playa
CAP-7690,2024-11-30,C091,Denton,3.2,A0033,Alta Mar
CAP-7691,2025-01-02,C091,Denton,3.12,A0033,Ria
CAP-7692,2024-12-24,C091,Denton,1.77,A0033,Espigon
CAP-7693,2025-01-11,C091,Serviola,1.24,A0033,Playa
CAP-7694,2024-11-19,C145,Calamar,1.24,A0001,Alta Mar
CAP-7695,2024-12-05,C145,Calamar,1.45,A0001,Playa
CAP-7696,2024-12-04,C145,Calamar,1.09,A0001,Ria
CAP-7697,2024-11-24,C145,Calamar,0.74,A0001,Playa
CAP-7698,2024-12-04,C145,Calamar,0.28,A0001,Ria
CAP-7699,2024-12-19,C145,Calamar,1.01,A0001,Playa
CAP-7700,2024-11-24,C057,Sepia,0.61,A0001,Espigon
CAP-7701,2025-01-01,C129,Sepia,1.85,A0007,Playa
CAP-7702,2024-09-21,C085,Pargo,1.6,A0031,Espigon
CAP-7703,2024-10-21,C085,Sama,5.95,A0031,Playa
CAP-7704,2024-08-09,C081,Llampuga,8.6,A0026,Alta Mar
CAP-7705,2024-08-09,C081,Bonito del Norte,7.45,A0026,Playa
CAP-7706,2024-01-23,C290,Pulpo,2.3,A0004,Espigon
CAP-7707,2024-11-12,C291,Gallineta,1.59,A0031,Espigon
CAP-7708,2024-11-02,C291,Sama,9.39,A0031,Ria
CAP-7709,2024-02-22,C047,Calamar,1.16,A0006,Playa
CAP-7710,2024-03-14,C047,Calamar,0.64,A0006,Ria
CAP-7711,2024-05-03,C226,Lubina,3.76,A0011,Espigon
CAP-7712,2024-05-29,C226,Lubina,4.23,A0011,Alta Mar
CAP-7713,2024-05-30,C226,Espeton,1.82,A0011,Playa
CAP-7714,2024-09-25,C082,Cabrilla,1.33,A0030,Alta Mar
CAP-7715,2024-03-10,C148,Serviola,1.18,A0032,Playa
CAP-7716,2024-04-07,C148,Mero,13.64,A0032,Ria
CAP-7717,2024-04-10,C148,Denton,2.41,A0032,Espigon
CAP-7718,2024-04-14,C148,Mero,5.57,A0032,Espigon
CAP-7719,2024-07-09,C269,Denton,2.27,A0033,Alta Mar
CAP-7720,2025-01-11,C282,Espeton,0.87,A0011,Alta Mar
CAP-7721,2024-10-26,C063,Calamar,0.95,A0007,Alta Mar
CAP-7722,2024-05-04,C127,Anjova,2.13,A0018,Alta Mar
CAP-7723,2024-05-31,C127,Lubina,4.64,A0018,Playa
CAP-7724,2024-08-16,C095,Mabra,1.43,A0021,Alta Mar
CAP-7725,2024-08-23,C095,Mabra,0.68,A0021,Ria
CAP-7726,2024-08-20,C095,Mabra,1.85,A0021,Alta Mar
CAP-7727,2024-08-10,C095,Sargo,0.89,A0021,Espigon
CAP-7728,2024-08-24,C095,Sargo,0.26,A0021,Playa
CAP-7729,2024-10-30,C025,Sama,6.71,A0030,Alta Mar
CAP-7730,2024-10-14,C025,Pargo,1.04,A0030,Ria
CAP-7731,2024-02-15,C221,Sepia,0.9,A0004,Espigon
CAP-7732,2024-08-31,C223,Llampuga,7.76,A0026,Playa
CAP-7733,2024-09-24,C224,Herrera,0.25,A0022,Alta Mar
CAP-7734,2024-09-27,C224,Herrera,0.36,A0022,Playa
CAP-7735,2024-09-19,C224,Herrera,0.49,A0022,Espigon
CAP-7736,2024-10-12,C224,Mabra,1.01,A0022,Playa
CAP-7737,2024-10-11,C224,Mabra,1.75,A0022,Playa
CAP-7738,2024-09-21,C224,Mabra,1.77,A0022,Playa
CAP-7739,2024-09-25,C089,Lubina,3.28,A0018,Espigon
CAP-7740,2024-09-17,C087,Llampuga,3.85,A0028,Alta Mar
CAP-7741,2024-09-16,C087,Melva,1.93,A0028,Playa
CAP-7742,2024-10-20,C276,Herrera,0.64,A0021,Playa
CAP-7743,2024-11-17,C276,Mabra,1.36,A0021,Playa
CAP-7744,2024-11-26,C276,Herrera,0.62,A0021,Playa
CAP-7745,2024-09-27,C107,Llampuga,3.83,A0026,Espigon
CAP-7746,2024-07-21,C021,Serviola,0.6,A0033,Ria
CAP-7747,2024-07-13,C021,Denton,7.23,A0033,Ria
CAP-7748,2024-07-14,C021,Mero,10.04,A0033,Playa
CAP-7749,2024-02-09,C243,Sama,3.47,A0031,Alta Mar
CAP-7750,2024-02-26,C243,Denton,4.11,A0031,Alta Mar
CAP-7751,2024-02-15,C243,Sama,5.7,A0031,Alta Mar
CAP-7752,2024-04-26,C080,Denton,5.12,A0030,Alta Mar
CAP-7753,2024-05-21,C080,Cabrilla,1.92,A0030,Alta Mar
CAP-7754,2024-05-30,C080,Cabrilla,0.6,A0030,Playa
CAP-7755,2024-06-03,C080,Pargo,1.26,A0030,Playa
CAP-7756,2024-10-26,C104,Serviola,1.99,A0033,Ria
CAP-7757,2024-10-14,C104,Serviola,0.59,A0033,Playa
CAP-7758,2024-07-27,C205,Bacoreta,1.78,A0026,Alta Mar
CAP-7759,2024-07-30,C205,Bonito del Norte,11.1,A0026,Espigon
CAP-7760,2024-08-13,C205,Bonito del Norte,6.16,A0026,Alta Mar
CAP-7761,2024-04-18,C010,Pargo,0.52,A0031,Espigon
CAP-7762,2024-05-01,C010,Pargo,1.94,A0031,Ria
CAP-7763,2024-04-16,C010,Denton,3.15,A0031,Espigon
CAP-7764,2024-09-01,C007,Pargo,1.08,A0030,Alta Mar
CAP-7765,2024-09-07,C007,Cabrilla,1.58,A0030,Alta Mar
CAP-7766,2024-01-28,C027,Calamar,1.43,A0007,Espigon
CAP-7767,2024-07-28,C071,Melva,0.88,A0028,Ria
CAP-7768,2024-08-07,C268,Serviola,1.97,A0032,Espigon
CAP-7769,2024-08-15,C203,Rodaballo,1.16,A0022,Ria
CAP-7770,2024-08-29,C203,Herrera,0.4,A0022,Ria
CAP-7771,2024-09-08,C203,Herrera,0.39,A0022,Ria
CAP-7772,2024-09-12,C203,Mabra,0.83,A0022,Playa
CAP-7773,2024-09-19,C203,Mabra,0.81,A0022,Espigon
CAP-7774,2024-10-18,C119,Serviola,1.73,A0032,Playa
CAP-7775,2024-10-27,C119,Mero,6.22,A0032,Alta Mar
CAP-7776,2024-10-28,C119,Serviola,1.12,A0032,Ria
CAP-7777,2024-01-25,C188,San Pedro,2.45,A0030,Ria
CAP-7778,2024-02-26,C188,San Pedro,1.09,A0030,Playa
CAP-7779,2024-02-12,C188,Pargo,0.68,A0030,Ria
CAP-7780,2024-03-13,C212,Calamar,0.62,A0007,Playa
CAP-7781,2024-03-14,C212,Calamar,1.2,A0007,Espigon
CAP-7782,2024-07-27,C185,Llampuga,5.59,A0026,Espigon
CAP-7783,2024-07-09,C185,Bonito del Norte,6.41,A0026,Alta Mar
CAP-7784,2024-03-11,C007,Sama,2.8,A0031,Espigon
CAP-7785,2024-01-22,C039,Lubina,3.67,A0021,Ria
CAP-7786,2024-02-13,C039,Lubina,2.45,A0021,Playa
CAP-7787,2024-06-09,C223,Serviola,0.93,A0033,Playa
CAP-7788,2025-01-25,C150,Denton,6.28,A0033,Playa
CAP-7789,2025-01-18,C150,Serviola,1.32,A0033,Ria
CAP-7790,2024-09-03,C134,Baila,0.99,A0011,Ria
CAP-7791,2024-02-22,C158,Espeton,0.61,A0013,Ria
CAP-7792,2024-03-21,C158,Espeton,1.95,A0013,Ria
CAP-7793,2025-01-22,C050,Sargo,0.82,A0022,Espigon
CAP-7794,2025-01-13,C050,Sargo,0.71,A0022,Playa
CAP-7795,2025-02-07,C050,Herrera,0.56,A0022,Playa
CAP-7796,2024-01-17,C263,Pulpo,2.87,A0005,Playa
CAP-7797,2024-02-08,C263,Pulpo,1.8,A0005,Ria
CAP-7798,2024-07-10,C065,Bonito del Norte,14.99,A0027,Espigon
CAP-7799,2024-07-15,C065,Bonito del Norte,11.11,A0027,Espigon
CAP-7800,2024-07-29,C065,Bacoreta,1.78,A0027,Alta Mar
CAP-7801,2024-08-09,C065,Bonito del Norte,10.07,A0027,Espigon
CAP-7802,2024-05-05,C080,Sama,5.39,A0030,Ria
CAP-7803,2024-05-12,C080,Cabrilla,1.22,A0030,Playa
CAP-7804,2024-11-21,C145,Calamar,0.32,A0005,Playa
CAP-7805,2024-12-11,C145,Calamar,0.77,A0005,Playa
CAP-7806,2024-11-26,C145,Pulpo,2.91,A0005,Playa
CAP-7807,2024-12-10,C145,Sepia,0.42,A0005,Playa
CAP-7808,2024-01-05,C261,Cabrilla,1.71,A0031,Espigon
CAP-7809,2024-09-12,C251,Llampuga,5.19,A0028,Espigon
CAP-7810,2024-09-14,C251,Bacoreta,1.35,A0028,Playa
CAP-7811,2024-02-05,C141,Sepia,1.7,A0006,Espigon
CAP-7812,2024-02-04,C141,Calamar,1.34,A0006,Espigon
CAP-7813,2024-02-10,C141,Calamar,0.2,A0006,Alta Mar
CAP-7814,2024-12-06,C208,Denton,3.86,A0033,Alta Mar
CAP-7815,2024-12-17,C208,Mero,11.76,A0033,Playa
CAP-7816,2025-01-06,C208,Serviola,1.25,A0033,Ria
CAP-7817,2024-08-27,C220,Serviola,1.51,A0032,Espigon
CAP-7818,2024-08-27,C220,Serviola,1.98,A0032,Playa
CAP-7819,2024-09-16,C220,Serviola,1.65,A0032,Ria
CAP-7820,2024-01-31,C110,Lubina,3.45,A0011,Alta Mar
CAP-7821,2024-01-24,C110,Lubina,4.15,A0011,Playa
CAP-7822,2024-02-22,C110,Lubina,3.52,A0011,Ria
CAP-7823,2024-08-03,C175,Mero,3.24,A0030,Alta Mar
CAP-7824,2024-08-15,C175,Denton,4.6,A0030,Playa
CAP-7825,2024-08-28,C175,Denton,3.69,A0030,Playa
CAP-7826,2024-09-15,C175,Sama,2.34,A0030,Ria
CAP-7827,2025-01-16,C036,Denton,5.75,A0031,Espigon
CAP-7828,2025-01-11,C036,Pargo,1.97,A0031,Alta Mar
CAP-7829,2025-01-28,C036,San Pedro,2.26,A0031,Ria
CAP-7830,2025-01-11,C036,Sama,8.23,A0031,Ria
CAP-7831,2024-11-23,C010,Pargo,1.18,A0030,Playa
CAP-7832,2024-12-23,C010,Cabrilla,1.29,A0030,Alta Mar
CAP-7833,2024-12-29,C010,Gallineta,0.99,A0030,Alta Mar
CAP-7834,2024-12-11,C236,Sargo,0.64,A0021,Ria
CAP-7835,2024-12-18,C236,Sargo,0.6,A0021,Alta Mar
CAP-7836,2024-12-30,C236,Sargo,0.6,A0021,Ria
CAP-7837,2025-01-01,C236,Sargo,0.38,A0021,Espigon
CAP-7838,2025-01-10,C236,Sargo,1.01,A0021,Alta Mar
CAP-7839,2025-01-08,C236,Sargo,0.66,A0021,Espigon
CAP-7840,2024-08-21,C175,Denton,6.0,A0031,Ria
CAP-7841,2024-09-02,C175,Cabrilla,1.44,A0031,Ria
CAP-7842,2024-09-03,C175,Pargo,0.54,A0031,Alta Mar
CAP-7843,2025-01-17,C076,Serviola,1.22,A0033,Espigon
CAP-7844,2024-03-05,C057,Calamar,0.89,A0005,Ria
CAP-7845,2024-03-13,C057,Sepia,1.76,A0005,Espigon
CAP-7846,2024-02-25,C057,Sepia,0.78,A0005,Playa
CAP-7847,2024-10-08,C251,Denton,3.21,A0032,Ria
CAP-7848,2024-07-10,C096,Llampuga,5.8,A0026,Alta Mar
CAP-7849,2024-04-01,C025,Cabrilla,1.95,A0030,Espigon
CAP-7850,2024-04-04,C025,Pargo,1.44,A0030,Playa
CAP-7851,2024-09-05,C288,Melva,1.42,A0028,Alta Mar
CAP-7852,2024-10-09,C288,Bonito del Norte,8.38,A0028,Ria
CAP-7853,2024-01-12,C103,Gallineta,0.76,A0031,Espigon
CAP-7854,2024-02-15,C103,Cabrilla,0.65,A0031,Playa
CAP-7855,2024-10-03,C013,Sargo,0.56,A0022,Espigon
CAP-7856,2024-10-14,C013,Sargo,0.57,A0022,Alta Mar
CAP-7857,2024-09-28,C013,Sargo,1.1,A0022,Espigon
CAP-7858,2024-10-05,C013,Mabra,0.7,A0022,Playa
CAP-7859,2024-12-20,C047,Calamar,1.44,A0006,Espigon
CAP-7860,2024-12-06,C047,Calamar,0.95,A0006,Ria
CAP-7861,2024-12-19,C047,Sepia,1.03,A0006,Playa
CAP-7862,2024-09-29,C173,Gallineta,1.72,A0031,Espigon
CAP-7863,2024-10-31,C173,Cabrilla,0.63,A0031,Playa
CAP-7864,2024-11-02,C173,Cabrilla,0.94,A0031,Ria
CAP-7865,2024-11-01,C173,Denton,1.7,A0031,Ria
CAP-7866,2024-08-06,C296,Denton,4.67,A0030,Alta Mar
CAP-7867,2024-05-18,C211,Anjova,5.46,A0013,Playa
CAP-7868,2024-05-24,C211,Lubina,2.1,A0013,Alta Mar
CAP-7869,2024-02-29,C216,Dorada,1.54,A0022,Alta Mar
CAP-7870,2024-03-30,C216,Herrera,0.47,A0022,Playa
CAP-7871,2024-11-17,C265,Calamar,0.8,A0002,Alta Mar
CAP-7872,2024-11-10,C265,Calamar,0.53,A0002,Ria
CAP-7873,2024-02-02,C235,Sepia,1.05,A0006,Playa
CAP-7874,2024-02-05,C235,Sepia,1.77,A0006,Playa
CAP-7875,2024-02-05,C235,Calamar,0.24,A0006,Playa
CAP-7876,2024-02-09,C235,Calamar,1.42,A0006,Playa
CAP-7877,2024-02-12,C235,Sepia,1.51,A0006,Playa
CAP-7878,2024-10-08,C259,Calamar,0.2,A0002,Ria
CAP-7879,2024-10-09,C259,Calamar,1.24,A0002,Ria
CAP-7880,2024-11-11,C259,Calamar,0.44,A0002,Ria
CAP-7881,2024-11-10,C259,Calamar,0.68,A0002,Espigon
CAP-7882,2024-11-09,C259,Calamar,0.27,A0002,Ria
CAP-7883,2024-02-29,C236,Sepia,1.31,A0001,Playa
CAP-7884,2024-07-06,C173,Pargo,1.59,A0031,Alta Mar
CAP-7885,2024-07-08,C173,Pargo,0.81,A0031,Playa
CAP-7886,2024-07-06,C173,Sama,9.84,A0031,Espigon
CAP-7887,2024-06-14,C266,Anjova,3.73,A0014,Playa
CAP-7888,2024-12-02,C153,Calamar,1.33,A0005,Ria
CAP-7889,2024-11-30,C153,Calamar,0.46,A0005,Espigon
CAP-7890,2024-12-10,C153,Calamar,0.74,A0005,Espigon
CAP-7891,2024-12-09,C153,Calamar,0.32,A0005,Ria
CAP-7892,2024-12-24,C153,Calamar,1.23,A0005,Alta Mar
CAP-7893,2024-10-21,C120,Calamar,1.18,A0002,Playa
CAP-7894,2024-11-11,C120,Calamar,1.35,A0002,Espigon
CAP-7895,2024-03-02,C167,Palometon,5.05,A0013,Ria
CAP-7896,2024-07-02,C104,Mero,9.08,A0033,Ria
CAP-7897,2024-09-22,C172,Herrera,0.59,A0021,Espigon
CAP-7898,2024-03-10,C276,Sepia,1.07,A0006,Espigon
CAP-7899,2024-03-30,C226,Espeton,1.67,A0016,Alta Mar
CAP-7900,2024-04-14,C226,Anjova,4.67,A0016,Espigon
CAP-7901,2024-02-29,C129,Lubina,3.11,A0014,Alta Mar
CAP-7902,2024-03-09,C129,Espeton,0.71,A0014,Espigon
CAP-7903,2024-03-21,C129,Anjova,3.68,A0014,Espigon
CAP-7904,2024-03-16,C129,Espeton,1.38,A0014,Ria
CAP-7905,2024-05-06,C129,Baila,1.15,A0017,Alta Mar
CAP-7906,2024-04-20,C129,Baila,0.71,A0017,Alta Mar
CAP-7907,2024-05-07,C129,Anjova,5.33,A0017,Alta Mar
CAP-7908,2024-06-12,C258,Serviola,0.54,A0032,Playa
CAP-7909,2024-05-31,C258,Denton,5.81,A0032,Playa
CAP-7910,2024-03-31,C255,Serviola,1.86,A0032,Espigon
CAP-7911,2024-06-04,C112,Sama,2.45,A0030,Alta Mar
CAP-7912,2024-06-20,C112,Pargo,0.55,A0030,Alta Mar
CAP-7913,2024-06-27,C112,Cabrilla,1.18,A0030,Ria
CAP-7914,2024-10-06,C173,Denton,7.46,A0031,Playa
CAP-7915,2024-10-28,C173,Denton,5.79,A0031,Alta Mar
CAP-7916,2024-09-01,C196,Bonito del Norte,4.1,A0028,Alta Mar
CAP-7917,2024-01-28,C147,Pargo,1.19,A0030,Playa
CAP-7918,2024-03-12,C018,Serviola,0.59,A0032,Espigon
CAP-7919,2024-02-29,C018,Serviola,1.68,A0032,Ria
CAP-7920,2024-04-13,C255,Serviola,1.25,A0033,Alta Mar
CAP-7921,2024-04-16,C255,Serviola,1.1,A0033,Playa
CAP-7922,2024-04-16,C255,Serviola,0.99,A0033,Alta Mar
CAP-7923,2025-01-14,C220,Serviola,1.23,A0032,Alta Mar
CAP-7924,2024-02-12,C062,Pargo,1.46,A0030,Alta Mar
CAP-7925,2024-02-25,C062,Cabrilla,1.65,A0030,Alta Mar
CAP-7926,2024-08-03,C139,Cabrilla,1.72,A0030,Espigon
CAP-7927,2024-10-17,C253,Bonito del Norte,11.75,A0028,Ria
CAP-7928,2024-10-26,C253,Melva,1.22,A0028,Playa
CAP-7929,2024-06-27,C209,Jurel,0.74,A0018,Playa
CAP-7930,2024-10-06,C109,Serviola,1.77,A0033,Ria
CAP-7931,2024-01-12,C164,Calamar,1.25,A0001,Espigon
CAP-7932,2024-02-04,C164,Sepia,0.47,A0001,Playa
CAP-7933,2024-11-08,C111,Lubina,1.99,A0011,Alta Mar
CAP-7934,2024-11-09,C111,Anjova,4.22,A0011,Ria
CAP-7935,2024-11-05,C111,Jurel,1.49,A0011,Alta Mar
CAP-7936,2024-12-05,C111,Jurel,1.25,A0011,Alta Mar
CAP-7937,2024-04-29,C159,Palometon,5.61,A0012,Alta Mar
CAP-7938,2024-04-30,C159,Jurel,1.95,A0012,Alta Mar
CAP-7939,2024-05-30,C159,Anjova,5.28,A0012,Playa
CAP-7940,2024-01-29,C255,Mero,11.69,A0033,Playa
CAP-7941,2024-07-14,C287,Bonito del Norte,8.25,A0026,Ria
CAP-7942,2024-09-07,C158,Jurel,1.39,A0015,Playa
CAP-7943,2024-09-26,C158,Baila,1.06,A0015,Playa
CAP-7944,2024-10-13,C089,Lubina,3.47,A0017,Espigon
CAP-7945,2024-11-20,C206,Calamar,0.44,A0004,Alta Mar
CAP-7946,2024-11-24,C206,Calamar,0.83,A0004,Playa
CAP-7947,2024-11-30,C206,Calamar,1.39,A0004,Espigon
CAP-7948,2024-12-19,C206,Calamar,1.3,A0004,Ria
CAP-7949,2024-12-29,C206,Sepia,1.67,A0004,Playa
CAP-7950,2024-12-15,C206,Sepia,1.75,A0004,Espigon
CAP-7951,2025-01-03,C206,Sepia,1.05,A0004,Espigon
CAP-7952,2024-12-25,C206,Sepia,0.49,A0004,Alta Mar
CAP-7953,2025-01-16,C120,Calamar,1.09,A0007,Espigon
CAP-7954,2025-01-25,C120,Calamar,1.21,A0007,Ria
CAP-7955,2025-02-17,C120,Calamar,1.3,A0007,Ria
CAP-7956,2025-02-13,C120,Calamar,0.27,A0007,Playa
CAP-7957,2024-02-21,C210,Pargo,1.01,A0030,Ria
CAP-7958,2024-02-26,C210,Pargo,0.87,A0030,Playa
CAP-7959,2024-08-30,C196,Bonito del Norte,10.05,A0027,Alta Mar
CAP-7960,2024-09-03,C196,Bonito del Norte,6.91,A0027,Alta Mar
CAP-7961,2024-10-11,C196,Bonito del Norte,7.82,A0027,Ria
CAP-7962,2024-04-30,C080,Sama,4.15,A0030,Alta Mar
CAP-7963,2024-02-02,C030,Herrera,0.43,A0021,Alta Mar
CAP-7964,2024-01-15,C030,Herrera,0.7,A0021,Ria
CAP-7965,2024-01-08,C030,Herrera,0.71,A0021,Ria
CAP-7966,2024-02-07,C030,Herrera,0.76,A0021,Playa
CAP-7967,2024-01-15,C030,Herrera,0.27,A0021,Alta Mar
CAP-7968,2024-03-20,C075,Denton,5.97,A0033,Ria
CAP-7969,2024-02-04,C252,Sepia,1.06,A0002,Alta Mar
CAP-7970,2024-02-11,C252,Sepia,0.47,A0002,Alta Mar
CAP-7971,2024-02-12,C252,Sepia,1.78,A0002,Espigon
CAP-7972,2024-02-10,C252,Sepia,1.83,A0002,Ria
CAP-7973,2024-09-30,C081,Llampuga,6.86,A0027,Playa
CAP-7974,2024-10-12,C081,Llampuga,7.04,A0027,Playa
CAP-7975,2024-09-29,C114,San Pedro,1.3,A0031,Playa
CAP-7976,2024-10-27,C114,Pargo,1.1,A0031,Espigon
CAP-7977,2024-10-19,C114,Mero,6.06,A0031,Playa
CAP-7978,2024-11-02,C186,Denton,1.81,A0032,Alta Mar
CAP-7979,2024-07-20,C226,Lubina,3.74,A0018,Alta Mar
CAP-7980,2024-08-11,C226,Anjova,4.07,A0018,Ria
CAP-7981,2024-07-29,C226,Espeton,1.53,A0018,Playa
CAP-7982,2024-01-23,C100,Sepia,1.26,A0005,Alta Mar
CAP-7983,2025-01-12,C014,Sepia,1.06,A0002,Espigon
CAP-7984,2024-07-26,C194,Herrera,0.75,A0022,Alta Mar
CAP-7985,2024-07-26,C194,Herrera,0.32,A0022,Alta Mar
CAP-7986,2024-10-05,C161,San Pedro,1.95,A0030,Playa
CAP-7987,2024-11-01,C161,Pargo,1.15,A0030,Espigon
CAP-7988,2024-11-01,C161,Cabrilla,0.66,A0030,Ria
CAP-7989,2024-12-01,C069,Mero,6.36,A0032,Ria
CAP-7990,2024-12-12,C069,Denton,5.39,A0032,Espigon
CAP-7991,2025-01-23,C187,Calamar,1.33,A0006,Espigon
CAP-7992,2024-11-24,C018,Denton,5.87,A0032,Playa
CAP-7993,2024-07-05,C217,Herrera,0.61,A0021,Ria
CAP-7994,2025-01-16,C293,Denton,2.53,A0031,Alta Mar
CAP-7995,2025-01-15,C293,Pargo,0.69,A0031,Playa
CAP-7996,2025-02-10,C293,Pargo,1.92,A0031,Alta Mar
CAP-7997,2024-10-15,C196,Llampuga,6.16,A0026,Espigon
CAP-7998,2024-10-10,C196,Marlin Blanco,38.75,A0026,Espigon
CAP-7999,2024-10-23,C052,Calamar,1.02,A0001,Playa
CAP-8000,2024-10-29,C052,Calamar,0.39,A0001,Espigon
CAP-8001,2024-10-30,C219,Bonito del Norte,7.08,A0028,Espigon
CAP-8002,2024-11-12,C219,Llampuga,6.13,A0028,Alta Mar
CAP-8003,2024-11-26,C120,Sepia,0.65,A0004,Ria
CAP-8004,2024-12-19,C120,Calamar,0.55,A0004,Playa
CAP-8005,2024-12-09,C120,Calamar,0.59,A0004,Espigon
CAP-8006,2024-07-06,C148,Denton,7.74,A0033,Ria
CAP-8007,2024-07-07,C148,Serviola,1.07,A0033,Ria
CAP-8008,2024-12-06,C187,Calamar,0.6,A0003,Playa
CAP-8009,2024-07-16,C272,Bacoreta,0.51,A0026,Espigon
CAP-8010,2024-07-13,C086,Bonito del Norte,5.41,A0028,Espigon
CAP-8011,2024-07-21,C086,Melva,1.08,A0028,Alta Mar
CAP-8012,2024-07-05,C021,Serviola,1.96,A0032,Alta Mar
CAP-8013,2024-12-18,C047,Calamar,1.03,A0006,Alta Mar
CAP-8014,2024-11-05,C241,Calamar,1.43,A0007,Alta Mar
CAP-8015,2024-11-26,C241,Calamar,0.42,A0007,Playa
CAP-8016,2024-08-21,C239,Bonito del Norte,5.3,A0028,Playa
CAP-8017,2024-08-27,C239,Bonito del Norte,8.73,A0028,Espigon
CAP-8018,2024-09-26,C239,Bonito del Norte,13.75,A0028,Alta Mar
CAP-8019,2024-05-08,C167,Palometon,10.78,A0011,Alta Mar
CAP-8020,2024-12-06,C120,Sepia,1.22,A0007,Playa
CAP-8021,2024-06-15,C239,Bacoreta,1.62,A0027,Playa
CAP-8022,2024-12-06,C268,Serviola,0.94,A0033,Espigon
CAP-8023,2024-11-27,C268,Mero,10.09,A0033,Espigon
CAP-8024,2025-01-02,C268,Serviola,1.76,A0033,Ria
CAP-8025,2024-12-26,C268,Denton,6.71,A0033,Alta Mar
CAP-8026,2024-06-08,C200,Sargo,0.78,A0022,Playa
CAP-8027,2024-06-12,C200,Herrera,0.53,A0022,Espigon
CAP-8028,2024-07-02,C200,Herrera,0.35,A0022,Ria
CAP-8029,2024-06-29,C200,Mabra,1.58,A0022,Alta Mar
CAP-8030,2024-07-29,C239,Llampuga,5.77,A0026,Playa
CAP-8031,2024-04-12,C210,Sama,7.32,A0031,Espigon
CAP-8032,2024-04-05,C210,Cabrilla,1.31,A0031,Espigon
CAP-8033,2024-04-09,C210,Pargo,0.51,A0031,Ria
CAP-8034,2024-08-18,C004,Lubina,1.93,A0017,Alta Mar
CAP-8035,2024-08-20,C004,Espeton,1.78,A0017,Playa
CAP-8036,2024-06-19,C118,Sargo,0.91,A0022,Playa
CAP-8037,2024-09-10,C243,San Pedro,1.36,A0030,Ria
CAP-8038,2024-08-28,C040,Bonito del Norte,5.39,A0028,Ria
CAP-8039,2024-11-13,C028,Calamar,0.75,A0001,Espigon
CAP-8040,2024-10-29,C028,Calamar,0.99,A0001,Alta Mar
CAP-8041,2024-11-10,C028,Sepia,1.73,A0001,Alta Mar
CAP-8042,2024-11-26,C028,Sepia,0.51,A0001,Playa
CAP-8043,2024-11-22,C028,Sepia,0.6,A0001,Ria
CAP-8044,2024-10-02,C271,Calamar,1.16,A0001,Alta Mar
CAP-8045,2024-04-24,C208,Serviola,1.17,A0032,Playa
CAP-8046,2024-05-20,C208,Serviola,1.26,A0032,Ria
CAP-8047,2024-09-30,C065,Bonito del Norte,7.09,A0026,Ria
CAP-8048,2024-07-06,C101,Denton,3.19,A0033,Ria
CAP-8049,2024-07-28,C101,Mero,7.2,A0033,Ria
CAP-8050,2024-02-19,C058,Mero,6.67,A0032,Espigon
CAP-8051,2024-03-12,C058,Denton,2.98,A0032,Espigon
CAP-8052,2024-06-14,C081,Bonito del Norte,5.94,A0027,Ria
CAP-8053,2024-06-30,C081,Melva,1.66,A0027,Playa
CAP-8054,2024-01-22,C053,Denton,6.6,A0032,Ria
CAP-8055,2024-11-10,C049,Calamar,1.42,A0002,Ria
CAP-8056,2024-12-07,C049,Calamar,0.68,A0002,Espigon
CAP-8057,2024-02-29,C177,Calamar,1.36,A0004,Playa
CAP-8058,2024-02-18,C177,Calamar,1.09,A0004,Espigon
CAP-8059,2024-02-17,C177,Calamar,1.08,A0004,Espigon
CAP-8060,2024-03-10,C177,Calamar,0.22,A0004,Playa
CAP-8061,2024-02-25,C177,Calamar,0.8,A0004,Ria
CAP-8062,2024-10-05,C289,Sama,9.25,A0031,Espigon
CAP-8063,2024-06-12,C198,Melva,1.65,A0027,Playa
CAP-8064,2024-06-20,C198,Bacoreta,1.33,A0027,Alta Mar
CAP-8065,2024-07-12,C198,Bonito del Norte,5.51,A0027,Espigon
CAP-8066,2024-11-12,C280,Baila,1.23,A0015,Espigon
CAP-8067,2024-11-03,C280,Lubina,1.51,A0015,Playa
CAP-8068,2024-12-01,C280,Lubina,1.99,A0015,Ria
CAP-8069,2024-03-21,C240,Sama,6.18,A0030,Espigon
CAP-8070,2024-06-22,C019,Bonito del Norte,13.59,A0028,Ria
CAP-8071,2024-07-12,C019,Bonito del Norte,7.19,A0028,Alta Mar
CAP-8072,2024-08-07,C114,Sama,4.62,A0031,Ria
CAP-8073,2024-08-20,C114,San Pedro,1.61,A0031,Ria
CAP-8074,2024-11-26,C122,Cabrilla,0.93,A0030,Alta Mar
CAP-8075,2024-12-05,C122,Denton,7.11,A0030,Playa
CAP-8076,2024-12-16,C122,San Pedro,1.8,A0030,Playa
CAP-8077,2024-09-03,C133,Bacoreta,0.86,A0028,Alta Mar
CAP-8078,2024-10-02,C239,Bacoreta,0.67,A0028,Ria
CAP-8079,2024-03-09,C136,Denton,7.31,A0033,Alta Mar
CAP-8080,2024-02-04,C054,Lubina,2.58,A0017,Playa
CAP-8081,2024-08-08,C022,Llampuga,8.39,A0028,Espigon
CAP-8082,2024-07-27,C022,Bonito del Norte,10.84,A0028,Alta Mar
CAP-8083,2024-02-07,C279,Herrera,0.48,A0022,Alta Mar
CAP-8084,2024-02-18,C279,Herrera,0.59,A0022,Alta Mar
CAP-8085,2024-03-08,C279,Herrera,0.28,A0022,Playa
CAP-8086,2024-01-23,C203,Dorada,2.73,A0021,Playa
CAP-8087,2024-01-28,C203,Sargo,0.86,A0021,Playa
CAP-8088,2024-02-01,C203,Sargo,1.08,A0021,Playa
CAP-8089,2024-02-10,C203,Sargo,0.49,A0021,Espigon
CAP-8090,2024-02-19,C203,Sargo,0.31,A0021,Playa
CAP-8091,2024-08-28,C274,Mero,9.94,A0032,Alta Mar
CAP-8092,2024-09-23,C274,Denton,5.0,A0032,Ria
CAP-8093,2024-09-05,C166,Jurel,0.56,A0017,Playa
CAP-8094,2024-08-27,C166,Jurel,0.57,A0017,Ria
CAP-8095,2024-09-22,C166,Lubina,4.36,A0017,Alta Mar
CAP-8096,2024-08-30,C112,Mero,3.24,A0030,Playa
CAP-8097,2024-08-19,C112,Cabrilla,0.59,A0030,Espigon
CAP-8098,2024-08-24,C112,San Pedro,1.96,A0030,Espigon
CAP-8099,2024-07-22,C012,Serviola,1.44,A0032,Ria
CAP-8100,2024-08-11,C012,Serviola,1.68,A0032,Playa
CAP-8101,2024-08-12,C012,Serviola,0.75,A0032,Espigon
CAP-8102,2024-05-04,C053,Denton,2.0,A0033,Espigon
CAP-8103,2024-05-23,C053,Serviola,1.1,A0033,Espigon
CAP-8104,2024-12-19,C090,Gallineta,1.69,A0031,Playa
CAP-8105,2024-12-24,C090,Gallineta,1.89,A0031,Alta Mar
CAP-8106,2024-06-11,C071,Bacoreta,0.85,A0027,Espigon
CAP-8107,2024-06-18,C071,Melva,1.29,A0027,Playa
CAP-8108,2024-07-20,C071,Bacoreta,1.32,A0027,Alta Mar
CAP-8109,2024-08-11,C033,Sama,5.36,A0030,Espigon
CAP-8110,2024-03-11,C105,Lubina,0.91,A0015,Espigon
CAP-8111,2024-04-08,C105,Lubina,0.79,A0015,Espigon
CAP-8112,2024-01-30,C070,Serviola,1.16,A0033,Playa
CAP-8113,2024-02-10,C070,Mero,7.53,A0033,Alta Mar
CAP-8114,2024-12-21,C176,Mabra,0.95,A0022,Ria
CAP-8115,2024-12-28,C176,Mabra,1.75,A0022,Alta Mar
CAP-8116,2024-12-20,C176,Mabra,0.87,A0022,Playa
CAP-8117,2025-01-02,C176,Herrera,0.74,A0022,Alta Mar
CAP-8118,2024-02-19,C238,Lubina,0.61,A0016,Alta Mar
CAP-8119,2024-03-15,C227,Mero,14.48,A0032,Espigon
CAP-8120,2024-03-16,C227,Serviola,1.55,A0032,Espigon
CAP-8121,2024-03-02,C227,Mero,11.12,A0032,Alta Mar
CAP-8122,2024-03-01,C214,Denton,5.66,A0030,Ria
CAP-8123,2024-03-22,C214,Cabrilla,0.86,A0030,Alta Mar
CAP-8124,2024-03-27,C214,Mero,5.12,A0030,Espigon
CAP-8125,2024-11-11,C147,Cabrilla,1.03,A0030,Alta Mar
CAP-8126,2024-11-22,C147,Cabrilla,0.85,A0030,Ria
CAP-8127,2024-11-24,C147,Cabrilla,1.25,A0030,Ria
CAP-8128,2024-12-14,C147,Sama,3.23,A0030,Espigon
CAP-8129,2024-04-27,C187,Pargo,1.22,A0031,Espigon
CAP-8130,2024-04-24,C187,Cabrilla,1.91,A0031,Ria
CAP-8131,2024-06-05,C278,Sama,7.29,A0031,Espigon
CAP-8132,2024-07-27,C260,Sargo,0.66,A0022,Alta Mar
CAP-8133,2024-12-28,C189,Calamar,1.2,A0006,Ria
CAP-8134,2025-01-12,C189,Pulpo,4.89,A0006,Playa
CAP-8135,2025-01-30,C189,Sepia,1.62,A0006,Alta Mar
CAP-8136,2025-01-31,C189,Calamar,1.42,A0006,Playa
CAP-8137,2025-02-05,C189,Calamar,1.01,A0006,Playa
CAP-8138,2024-01-28,C094,Calamar,0.27,A0004,Espigon
CAP-8139,2024-03-03,C094,Calamar,1.1,A0004,Espigon
CAP-8140,2024-03-11,C094,Calamar,0.48,A0004,Ria
CAP-8141,2024-03-18,C094,Sepia,1.07,A0004,Ria
CAP-8142,2024-03-25,C094,Sepia,0.77,A0004,Espigon
CAP-8143,2024-08-19,C054,Melva,0.87,A0027,Ria
CAP-8144,2024-09-02,C054,Llampuga,5.73,A0027,Alta Mar
CAP-8145,2024-09-02,C293,Mero,4.81,A0031,Playa
CAP-8146,2024-09-09,C293,San Pedro,1.22,A0031,Playa
CAP-8147,2024-01-23,C300,Denton,5.31,A0033,Espigon
CAP-8148,2024-10-14,C275,Marlin Blanco,31.18,A0028,Playa
CAP-8149,2024-05-17,C230,Denton,1.57,A0033,Espigon
CAP-8150,2024-06-07,C230,Serviola,1.96,A0033,Alta Mar
CAP-8151,2024-06-10,C230,Serviola,0.72,A0033,Alta Mar
CAP-8152,2024-07-02,C230,Mero,3.41,A0033,Playa
CAP-8153,2024-10-23,C141,Sama,5.93,A0031,Alta Mar
CAP-8154,2024-10-24,C141,San Pedro,0.87,A0031,Espigon
CAP-8155,2024-11-17,C141,Cabrilla,1.58,A0031,Playa
CAP-8156,2024-11-20,C141,Sama,8.57,A0031,Playa
CAP-8157,2025-01-03,C008,Calamar,0.37,A0006,Espigon
CAP-8158,2025-01-15,C008,Calamar,1.01,A0006,Alta Mar
CAP-8159,2025-01-23,C008,Calamar,1.41,A0006,Ria
CAP-8160,2025-01-29,C008,Calamar,1.24,A0006,Playa
CAP-8161,2024-02-13,C046,Sepia,1.26,A0005,Alta Mar
CAP-8162,2024-02-18,C046,Sepia,1.08,A0005,Ria
CAP-8163,2024-03-01,C046,Calamar,0.86,A0005,Ria
CAP-8164,2024-02-07,C046,Calamar,0.53,A0005,Playa
CAP-8165,2024-02-05,C046,Calamar,1.16,A0005,Ria
CAP-8166,2024-07-21,C267,Llampuga,3.48,A0026,Playa
CAP-8167,2024-11-09,C091,Pulpo,1.36,A0005,Alta Mar
CAP-8168,2024-11-15,C091,Sepia,1.11,A0005,Ria
CAP-8169,2024-11-26,C221,Pulpo,2.98,A0001,Alta Mar
CAP-8170,2024-01-30,C119,Denton,6.89,A0032,Ria
CAP-8171,2024-02-05,C119,Denton,6.68,A0032,Espigon
CAP-8172,2024-01-22,C119,Serviola,0.91,A0032,Espigon
CAP-8173,2024-02-01,C119,Mero,6.48,A0032,Ria
CAP-8174,2024-06-12,C272,Jurel,1.32,A0012,Alta Mar
CAP-8175,2024-06-14,C272,Serviola,1.68,A0012,Playa
CAP-8176,2024-07-15,C272,Palometon,9.63,A0012,Alta Mar
CAP-8177,2024-07-10,C272,Lubina,3.09,A0012,Espigon
CAP-8178,2024-06-05,C005,Mero,11.26,A0033,Espigon
CAP-8179,2024-05-26,C005,Serviola,1.1,A0033,Espigon
CAP-8180,2024-06-23,C005,Denton,4.22,A0033,Ria
CAP-8181,2024-06-19,C130,Lubina,0.51,A0011,Alta Mar
CAP-8182,2024-04-28,C294,Denton,7.61,A0033,Playa
CAP-8183,2024-06-18,C199,Bonito del Norte,5.18,A0027,Ria
CAP-8184,2024-06-30,C199,Bonito del Norte,4.53,A0027,Playa
CAP-8185,2024-06-29,C199,Bonito del Norte,6.88,A0027,Espigon
CAP-8186,2024-05-25,C129,Jurel,1.54,A0015,Playa
CAP-8187,2024-06-19,C129,Anjova,4.29,A0015,Alta Mar
CAP-8188,2024-07-04,C129,Anjova,2.1,A0015,Ria
CAP-8189,2024-05-15,C074,Sama,2.46,A0031,Alta Mar
CAP-8190,2024-06-02,C074,Mero,7.91,A0031,Espigon
CAP-8191,2024-11-28,C091,Serviola,1.19,A0033,Alta Mar
CAP-8192,2024-12-19,C091,Serviola,1.98,A0033,Ria
CAP-8193,2024-10-19,C097,Bonito del Norte,10.02,A0028,Espigon
CAP-8194,2024-10-22,C097,Llampuga,8.01,A0028,Alta Mar
CAP-8195,2024-05-04,C080,San Pedro,2.18,A0031,Playa
CAP-8196,2024-04-28,C080,Pargo,1.45,A0031,Alta Mar
CAP-8197,2024-06-03,C080,Sama,9.0,A0031,Alta Mar
CAP-8198,2024-06-01,C080,San Pedro,2.32,A0031,Espigon
CAP-8199,2024-11-08,C294,Pargo,0.78,A0030,Espigon
CAP-8200,2024-11-17,C294,Denton,5.72,A0030,Playa
CAP-8201,2024-11-20,C294,Sama,3.63,A0030,Espigon
CAP-8202,2024-06-28,C003,Cabrilla,1.6,A0030,Espigon
CAP-8203,2024-10-20,C095,Jurel,1.26,A0010,Playa
CAP-8204,2024-10-11,C095,Baila,1.26,A0010,Alta Mar
CAP-8205,2024-11-10,C095,Lubina,2.64,A0010,Espigon
CAP-8206,2024-06-03,C062,Sama,3.24,A0030,Espigon
CAP-8207,2024-06-15,C062,Sama,5.1,A0030,Ria
CAP-8208,2024-11-10,C084,Herrera,0.53,A0022,Alta Mar
CAP-8209,2024-11-15,C084,Sargo,0.91,A0022,Alta Mar
CAP-8210,2024-11-24,C084,Sargo,0.36,A0022,Playa
CAP-8211,2024-12-14,C084,Sargo,0.76,A0022,Ria
CAP-8212,2024-12-21,C084,Dorada,1.98,A0022,Espigon
CAP-8213,2024-12-19,C084,Dorada,1.44,A0022,Ria
CAP-8214,2024-12-13,C084,Dorada,2.82,A0022,Ria
CAP-8215,2024-12-01,C084,Mabra,1.4,A0022,Ria
CAP-8216,2024-12-16,C169,Denton,5.43,A0032,Alta Mar
CAP-8217,2024-12-29,C169,Serviola,1.43,A0032,Alta Mar
CAP-8218,2024-12-17,C169,Denton,4.72,A0032,Playa
CAP-8219,2024-01-19,C273,Gallineta,1.41,A0031,Alta Mar
CAP-8220,2024-01-31,C273,Denton,5.78,A0031,Espigon
CAP-8221,2024-10-06,C139,San Pedro,1.91,A0031,Playa
CAP-8222,2024-10-26,C139,San Pedro,1.96,A0031,Ria
CAP-8223,2024-02-23,C073,Sargo,0.5,A0022,Ria
CAP-8224,2024-03-04,C073,Sargo,0.99,A0022,Alta Mar
CAP-8225,2024-10-31,C121,Serviola,0.79,A0033,Espigon
CAP-8226,2024-02-28,C130,Lubina,2.91,A0011,Playa
CAP-8227,2024-03-11,C130,Baila,1.57,A0011,Ria
CAP-8228,2024-12-08,C281,Denton,4.9,A0030,Alta Mar
CAP-8229,2024-12-28,C281,Sama,5.97,A0030,Alta Mar
CAP-8230,2024-04-26,C066,Mero,6.12,A0032,Espigon
CAP-8231,2024-05-14,C162,Herrera,0.51,A0021,Espigon
CAP-8232,2024-05-08,C162,Herrera,0.61,A0021,Ria
CAP-8233,2024-11-04,C154,Denton,6.34,A0032,Espigon
CAP-8234,2024-06-12,C262,Serviola,1.57,A0011,Alta Mar
CAP-8235,2024-07-17,C266,Jurel,1.68,A0011,Alta Mar
CAP-8236,2024-08-12,C266,Baila,0.9,A0011,Ria
CAP-8237,2024-11-05,C005,Denton,5.61,A0033,Espigon
CAP-8238,2024-10-29,C238,Sepia,0.94,A0002,Playa
CAP-8239,2024-12-03,C238,Calamar,0.55,A0002,Espigon
CAP-8240,2024-11-12,C238,Sepia,1.68,A0002,Playa
CAP-8241,2024-11-14,C238,Sepia,0.81,A0002,Ria
CAP-8242,2024-11-28,C238,Sepia,0.88,A0002,Ria
CAP-8243,2024-05-11,C005,Mero,13.4,A0033,Espigon
CAP-8244,2024-02-20,C292,Lubina,4.11,A0014,Playa
CAP-8245,2025-01-09,C212,Sepia,1.97,A0002,Alta Mar
CAP-8246,2025-01-17,C212,Sepia,1.85,A0002,Espigon
CAP-8247,2025-01-18,C212,Sepia,0.58,A0002,Playa
CAP-8248,2025-01-03,C212,Sepia,1.5,A0002,Alta Mar
CAP-8249,2025-01-30,C212,Calamar,0.33,A0002,Ria
CAP-8250,2025-01-15,C212,Calamar,0.63,A0002,Alta Mar
CAP-8251,2025-01-21,C212,Calamar,0.87,A0002,Ria
CAP-8252,2025-02-14,C212,Calamar,0.22,A0002,Espigon
CAP-8253,2024-10-14,C123,Bonito del Norte,12.06,A0027,Ria
CAP-8254,2024-10-05,C123,Melva,1.06,A0027,Ria
CAP-8255,2024-03-04,C125,Pulpo,3.03,A0002,Playa
CAP-8256,2024-03-04,C125,Calamar,0.94,A0002,Ria
CAP-8257,2024-03-20,C125,Calamar,1.28,A0002,Alta Mar
CAP-8258,2024-03-20,C125,Calamar,0.42,A0002,Alta Mar
CAP-8259,2024-07-13,C048,Lubina,2.72,A0017,Playa
CAP-8260,2024-12-04,C178,Calamar,1.07,A0004,Alta Mar
CAP-8261,2024-12-26,C178,Calamar,1.41,A0004,Playa
CAP-8262,2024-10-22,C276,Herrera,0.34,A0021,Alta Mar
CAP-8263,2024-02-26,C254,Denton,6.88,A0032,Ria
CAP-8264,2024-03-21,C254,Serviola,0.75,A0032,Playa
CAP-8265,2024-04-16,C254,Denton,1.55,A0032,Ria
CAP-8266,2024-02-15,C221,Calamar,0.37,A0002,Ria
CAP-8267,2024-02-23,C221,Calamar,0.38,A0002,Espigon
CAP-8268,2024-03-02,C221,Calamar,1.31,A0002,Alta Mar
CAP-8269,2024-03-04,C221,Calamar,1.3,A0002,Playa
CAP-8270,2024-02-26,C221,Calamar,1.09,A0002,Playa
CAP-8271,2024-09-15,C247,Jurel,1.22,A0018,Playa
CAP-8272,2024-04-29,C101,Serviola,0.84,A0033,Playa
CAP-8273,2024-05-03,C101,Serviola,1.03,A0033,Ria
CAP-8274,2024-05-05,C101,Mero,6.37,A0033,Alta Mar
CAP-8275,2024-11-28,C068,Mero,13.18,A0033,Alta Mar
CAP-8276,2024-02-29,C141,Sepia,1.38,A0004,Ria
CAP-8277,2024-12-16,C238,Calamar,0.38,A0004,Espigon
CAP-8278,2024-12-03,C238,Calamar,0.68,A0004,Ria
CAP-8279,2024-12-02,C238,Calamar,0.88,A0004,Espigon
CAP-8280,2024-07-30,C270,Cabrilla,1.81,A0031,Alta Mar
CAP-8281,2024-07-23,C270,Cabrilla,0.72,A0031,Playa
CAP-8282,2024-08-19,C270,Mero,13.14,A0031,Ria
CAP-8283,2024-11-18,C063,Herrera,0.24,A0021,Espigon
CAP-8284,2024-12-06,C063,Mabra,0.91,A0021,Espigon
CAP-8285,2024-11-20,C063,Mabra,0.85,A0021,Alta Mar
CAP-8286,2024-12-10,C290,Calamar,1.26,A0006,Alta Mar
CAP-8287,2024-08-19,C258,Denton,3.53,A0033,Espigon
CAP-8288,2024-08-20,C258,Serviola,1.55,A0033,Espigon
CAP-8289,2024-11-28,C149,Serviola,1.92,A0033,Espigon
CAP-8290,2024-03-13,C130,Lubina,3.16,A0012,Alta Mar
CAP-8291,2024-07-15,C061,Serviola,1.39,A0032,Alta Mar
CAP-8292,2024-06-10,C010,Lubina,3.49,A0017,Alta Mar
CAP-8293,2024-10-23,C276,Sargo,0.84,A0021,Ria
CAP-8294,2024-11-30,C037,Calamar,0.7,A0001,Playa
CAP-8295,2024-11-28,C037,Calamar,0.28,A0001,Alta Mar
CAP-8296,2024-12-03,C037,Calamar,1.31,A0001,Alta Mar
CAP-8297,2024-11-30,C037,Pulpo,1.35,A0001,Alta Mar
CAP-8298,2024-08-12,C100,Mabra,0.88,A0022,Alta Mar
CAP-8299,2024-08-02,C100,Sargo,1.01,A0022,Alta Mar
CAP-8300,2024-08-06,C100,Sargo,0.98,A0022,Espigon
CAP-8301,2024-09-01,C100,Mabra,0.8,A0022,Espigon
CAP-8302,2024-08-21,C100,Mabra,0.66,A0022,Espigon
CAP-8303,2024-08-24,C100,Mabra,1.29,A0022,Alta Mar
CAP-8304,2024-07-19,C238,Herrera,0.52,A0022,Espigon
CAP-8305,2024-07-11,C238,Sargo,0.78,A0022,Ria
CAP-8306,2024-02-10,C158,Serviola,1.14,A0033,Alta Mar
CAP-8307,2024-03-10,C158,Serviola,1.78,A0033,Espigon
CAP-8308,2024-03-01,C158,Denton,6.28,A0033,Ria
CAP-8309,2024-05-11,C282,Lubina,1.8,A0013,Ria
CAP-8310,2024-05-08,C282,Anjova,5.18,A0013,Espigon
CAP-8311,2024-05-28,C011,Mero,4.37,A0033,Alta Mar
CAP-8312,2024-03-24,C057,Lubina,3.76,A0015,Alta Mar
CAP-8313,2025-01-03,C297,Calamar,0.29,A0005,Alta Mar
CAP-8314,2025-01-13,C297,Sepia,0.86,A0005,Alta Mar
CAP-8315,2024-06-08,C182,Denton,3.12,A0030,Espigon
CAP-8316,2024-06-04,C182,Cabrilla,1.37,A0030,Playa
CAP-8317,2025-01-01,C161,Cabrilla,1.35,A0031,Playa
CAP-8318,2025-01-14,C161,Pargo,1.64,A0031,Playa
CAP-8319,2025-01-15,C161,Denton,3.49,A0031,Alta Mar
CAP-8320,2025-01-28,C161,Denton,3.17,A0031,Alta Mar
CAP-8321,2024-12-07,C110,Herrera,0.34,A0021,Alta Mar
CAP-8322,2024-12-16,C110,Dorada,2.83,A0021,Ria
CAP-8323,2024-12-16,C110,Mabra,1.74,A0021,Ria
CAP-8324,2024-07-07,C029,Bonito del Norte,7.1,A0026,Alta Mar
CAP-8325,2024-07-19,C029,Bacoreta,1.5,A0026,Alta Mar
CAP-8326,2024-05-01,C102,Cabrilla,1.04,A0031,Playa
CAP-8327,2024-05-23,C102,Gallineta,1.82,A0031,Espigon
CAP-8328,2024-02-27,C153,Sepia,0.75,A0001,Ria
CAP-8329,2024-03-13,C153,Calamar,0.42,A0001,Playa
CAP-8330,2024-01-28,C220,Serviola,1.95,A0032,Ria
CAP-8331,2024-02-11,C220,Denton,7.25,A0032,Ria
CAP-8332,2024-11-16,C076,Baila,0.66,A0010,Espigon
CAP-8333,2024-12-18,C076,Lubina,2.72,A0010,Alta Mar
CAP-8334,2024-03-05,C106,Lubina,0.84,A0018,Espigon
CAP-8335,2024-03-13,C106,Jurel,0.7,A0018,Espigon
CAP-8336,2024-03-30,C106,Jurel,1.13,A0018,Playa
CAP-8337,2024-03-26,C106,Lubina,1.22,A0018,Espigon
CAP-8338,2024-04-26,C106,Lubina,4.11,A0018,Playa
CAP-8339,2024-11-29,C108,San Pedro,1.15,A0030,Ria
CAP-8340,2024-12-25,C108,Sama,6.94,A0030,Ria
CAP-8341,2024-12-09,C108,San Pedro,1.62,A0030,Espigon
CAP-8342,2024-06-09,C062,Cabrilla,1.79,A0030,Ria
CAP-8343,2024-12-18,C227,Calamar,1.24,A0002,Espigon
CAP-8344,2025-01-05,C227,Calamar,1.18,A0002,Ria
CAP-8345,2024-10-21,C165,Lubina,2.49,A0010,Espigon
CAP-8346,2024-08-01,C033,Pargo,1.48,A0031,Alta Mar
CAP-8347,2024-07-28,C033,Cabrilla,0.66,A0031,Ria
CAP-8348,2024-07-21,C033,Cabrilla,1.72,A0031,Espigon
CAP-8349,2024-03-17,C165,Mero,5.3,A0033,Ria
CAP-8350,2024-04-09,C165,Denton,3.53,A0033,Espigon
CAP-8351,2024-05-08,C279,Sargo,0.67,A0022,Alta Mar
CAP-8352,2024-05-07,C279,Sargo,0.73,A0022,Ria
CAP-8353,2024-05-01,C279,Herrera,0.38,A0022,Ria
CAP-8354,2024-11-09,C078,Herrera,0.38,A0021,Playa
CAP-8355,2024-10-29,C078,Herrera,0.21,A0021,Playa
CAP-8356,2024-11-12,C078,Mabra,0.54,A0021,Espigon
CAP-8357,2024-06-19,C175,Mero,14.79,A0030,Playa
CAP-8358,2024-07-16,C175,Sama,2.16,A0030,Alta Mar
CAP-8359,2024-07-05,C001,Lubina,1.33,A0013,Alta Mar
CAP-8360,2024-07-20,C001,Lubina,4.94,A0013,Ria
CAP-8361,2024-08-04,C135,Bonito del Norte,10.96,A0028,Alta Mar
CAP-8362,2024-08-18,C135,Bonito del Norte,8.86,A0028,Ria
CAP-8363,2024-08-29,C135,Bonito del Norte,7.38,A0028,Alta Mar
CAP-8364,2024-06-06,C199,Llampuga,9.52,A0028,Espigon
CAP-8365,2024-06-26,C199,Bacoreta,1.02,A0028,Alta Mar
CAP-8366,2024-06-26,C199,Bonito del Norte,14.89,A0028,Espigon
CAP-8367,2024-07-08,C199,Bonito del Norte,4.03,A0028,Espigon
CAP-8368,2024-10-10,C157,Jurel,1.76,A0010,Playa
CAP-8369,2024-11-02,C157,Lubina,2.82,A0010,Espigon
CAP-8370,2024-12-06,C212,Calamar,1.47,A0005,Espigon
CAP-8371,2024-12-02,C212,Calamar,0.7,A0005,Playa
CAP-8372,2025-01-02,C212,Calamar,0.5,A0005,Playa
CAP-8373,2024-11-09,C020,San Pedro,0.82,A0031,Playa
CAP-8374,2024-08-24,C171,Mero,7.59,A0033,Ria
CAP-8375,2024-06-15,C280,Pargo,0.81,A0030,Alta Mar
CAP-8376,2024-01-19,C266,Lubina,4.39,A0015,Ria
CAP-8377,2024-10-12,C190,Serviola,1.36,A0032,Espigon
CAP-8378,2024-08-25,C001,Anjova,4.4,A0015,Alta Mar
CAP-8379,2024-09-11,C001,Lubina,3.69,A0015,Espigon
CAP-8380,2024-11-18,C226,Lubina,2.79,A0014,Alta Mar
CAP-8381,2024-12-25,C070,Denton,3.77,A0033,Espigon
CAP-8382,2024-11-03,C064,Sepia,0.62,A0006,Ria
CAP-8383,2024-11-29,C064,Calamar,0.48,A0006,Espigon
CAP-8384,2024-12-12,C064,Calamar,0.82,A0006,Alta Mar
CAP-8385,2024-11-16,C064,Calamar,1.34,A0006,Espigon
CAP-8386,2024-12-07,C038,Herrera,0.23,A0022,Ria
CAP-8387,2024-12-12,C038,Herrera,0.8,A0022,Ria
CAP-8388,2024-12-08,C038,Herrera,0.31,A0022,Ria
CAP-8389,2024-08-29,C200,Mabra,1.59,A0022,Alta Mar
CAP-8390,2024-09-08,C200,Mabra,0.65,A0022,Playa
CAP-8391,2024-09-29,C200,Corvina,14.51,A0022,Ria
CAP-8392,2024-02-04,C128,Lubina,4.66,A0011,Alta Mar
CAP-8393,2024-10-28,C020,Serviola,1.99,A0010,Espigon
CAP-8394,2024-10-17,C020,Lubina,4.8,A0010,Alta Mar
CAP-8395,2024-11-03,C020,Jurel,1.85,A0010,Alta Mar
CAP-8396,2024-12-18,C096,Calamar,1.07,A0003,Ria
CAP-8397,2025-01-12,C096,Calamar,0.7,A0003,Playa
CAP-8398,2024-07-28,C115,Bonito del Norte,7.92,A0026,Ria
CAP-8399,2024-03-31,C035,Lubina,3.77,A0017,Ria
CAP-8400,2024-04-14,C035,Anjova,4.52,A0017,Alta Mar
CAP-8401,2024-11-06,C051,Anjova,2.46,A0016,Playa
CAP-8402,2024-10-26,C051,Espeton,1.37,A0016,Alta Mar
CAP-8403,2024-05-03,C080,Cabrilla,1.49,A0030,Ria
CAP-8404,2024-05-09,C080,Denton,2.53,A0030,Ria
CAP-8405,2024-05-28,C080,Sama,3.86,A0030,Espigon
CAP-8406,2024-06-14,C148,Serviola,0.7,A0033,Alta Mar
CAP-8407,2024-06-15,C148,Serviola,1.19,A0033,Espigon
CAP-8408,2024-09-07,C129,Baila,0.64,A0016,Ria
CAP-8409,2024-05-08,C270,Serviola,1.14,A0017,Alta Mar
CAP-8410,2024-05-09,C270,Lubina,1.76,A0017,Espigon
CAP-8411,2024-05-22,C270,Baila,1.28,A0017,Espigon
CAP-8412,2024-09-29,C163,Bacoreta,0.77,A0027,Alta Mar
CAP-8413,2024-10-19,C163,Llampuga,4.18,A0027,Alta Mar
CAP-8414,2024-10-05,C163,Melva,0.88,A0027,Alta Mar
CAP-8415,2024-08-08,C286,Sama,5.16,A0030,Espigon
CAP-8416,2024-08-08,C286,Denton,5.55,A0030,Playa
CAP-8417,2024-08-08,C286,Sama,6.55,A0030,Ria
CAP-8418,2024-09-03,C286,Denton,7.2,A0030,Ria
CAP-8419,2024-01-31,C252,Calamar,0.52,A0007,Espigon
CAP-8420,2024-01-29,C252,Calamar,1.16,A0007,Ria
CAP-8421,2024-02-11,C252,Calamar,0.99,A0007,Ria
CAP-8422,2024-04-19,C217,Sargo,1.18,A0021,Alta Mar
CAP-8423,2024-04-08,C217,Sargo,1.13,A0021,Ria
CAP-8424,2024-04-20,C217,Herrera,0.68,A0021,Ria
CAP-8425,2024-04-26,C217,Herrera,0.69,A0021,Playa
CAP-8426,2024-04-20,C217,Sargo,0.85,A0021,Alta Mar
CAP-8427,2024-05-06,C217,Sargo,0.61,A0021,Espigon
CAP-8428,2024-05-15,C217,Sargo,0.65,A0021,Ria
CAP-8429,2024-05-11,C217,Sargo,0.85,A0021,Espigon
CAP-8430,2024-11-14,C064,Calamar,0.72,A0007,Espigon
CAP-8431,2024-07-12,C181,Marlin Blanco,19.66,A0026,Alta Mar
CAP-8432,2024-07-23,C181,Melva,1.25,A0026,Playa
CAP-8433,2024-07-31,C151,Serviola,0.93,A0032,Espigon
CAP-8434,2024-06-07,C284,Serviola,0.89,A0033,Playa
CAP-8435,2024-09-08,C167,Serviola,1.28,A0015,Ria
CAP-8436,2024-09-05,C167,Baila,0.7,A0015,Playa
CAP-8437,2024-08-02,C182,Cabrilla,1.42,A0031,Ria
CAP-8438,2024-03-09,C229,Lubina,4.09,A0011,Playa
CAP-8439,2024-03-12,C229,Serviola,1.14,A0011,Ria
CAP-8440,2024-03-30,C229,Palometon,11.87,A0011,Ria
CAP-8441,2024-04-14,C229,Espeton,0.74,A0011,Ria
CAP-8442,2024-10-09,C006,Sargo,1.16,A0022,Ria
CAP-8443,2024-10-03,C006,Herrera,0.25,A0022,Playa
CAP-8444,2024-12-14,C180,Serviola,0.95,A0033,Alta Mar
CAP-8445,2024-12-26,C180,Serviola,1.59,A0033,Alta Mar
CAP-8446,2024-12-18,C180,Denton,4.33,A0033,Playa
CAP-8447,2024-04-25,C001,Baila,1.24,A0010,Ria
CAP-8448,2024-04-19,C001,Lubina,4.5,A0010,Playa
CAP-8449,2024-05-04,C001,Jurel,0.89,A0010,Espigon
CAP-8450,2024-07-26,C293,Lubina,1.67,A0018,Alta Mar
CAP-8451,2024-08-13,C293,Lubina,4.8,A0018,Espigon
CAP-8452,2024-07-30,C293,Espeton,1.11,A0018,Espigon
CAP-8453,2024-09-12,C131,Dorada,2.44,A0021,Playa
CAP-8454,2024-08-24,C131,Mabra,1.8,A0021,Ria
CAP-8455,2024-09-29,C131,Herrera,0.53,A0021,Alta Mar
CAP-8456,2024-09-12,C131,Herrera,0.56,A0021,Espigon
CAP-8457,2024-07-31,C002,Marlin Blanco,45.89,A0028,Espigon
CAP-8458,2024-08-24,C002,Bonito del Norte,6.68,A0028,Alta Mar
CAP-8459,2024-02-13,C082,Pargo,0.6,A0031,Ria
CAP-8460,2024-07-24,C280,Cabrilla,1.73,A0030,Espigon
CAP-8461,2024-08-07,C280,Cabrilla,1.19,A0030,Ria
CAP-8462,2024-08-10,C280,Sama,9.56,A0030,Espigon
CAP-8463,2024-12-04,C138,Mabra,1.29,A0022,Playa
CAP-8464,2024-12-14,C138,Herrera,0.27,A0022,Ria
CAP-8465,2024-11-28,C138,Herrera,0.47,A0022,Ria
CAP-8466,2024-12-15,C138,Herrera,0.61,A0022,Playa
CAP-8467,2024-02-07,C102,Sama,9.09,A0030,Ria
CAP-8468,2024-08-30,C146,Lubina,1.94,A0012,Playa
CAP-8469,2024-09-01,C146,Palometon,5.83,A0012,Espigon
CAP-8470,2024-09-05,C096,Marlin Blanco,19.75,A0026,Espigon
CAP-8471,2024-10-16,C069,Llampuga,5.79,A0027,Alta Mar
CAP-8472,2024-10-11,C069,Bonito del Norte,13.9,A0027,Alta Mar
CAP-8473,2024-10-27,C069,Melva,0.75,A0027,Alta Mar
CAP-8474,2024-10-19,C069,Melva,0.77,A0027,Playa
CAP-8475,2024-04-17,C148,Serviola,1.44,A0032,Ria
CAP-8476,2024-06-21,C151,Serviola,0.8,A0033,Playa
CAP-8477,2024-03-28,C234,Calamar,1.29,A0002,Alta Mar
CAP-8478,2024-03-19,C234,Calamar,0.22,A0002,Ria
CAP-8479,2024-03-17,C234,Calamar,1.13,A0002,Alta Mar
CAP-8480,2024-05-26,C269,Mero,5.68,A0033,Alta Mar
CAP-8481,2024-06-02,C269,Denton,3.6,A0033,Alta Mar
CAP-8482,2024-06-30,C005,Denton,6.74,A0033,Ria
CAP-8483,2024-01-27,C295,Baila,1.1,A0014,Ria
CAP-8484,2024-08-24,C090,Cabrilla,0.9,A0031,Espigon
CAP-8485,2024-08-27,C090,San Pedro,0.63,A0031,Playa
CAP-8486,2024-09-13,C090,Sama,6.84,A0031,Ria
CAP-8487,2024-01-30,C072,Anjova,5.6,A0016,Espigon
CAP-8488,2024-08-11,C257,Palometon,12.52,A0010,Alta Mar
CAP-8489,2024-08-12,C257,Lubina,3.33,A0010,Espigon
CAP-8490,2024-02-24,C206,Calamar,0.33,A0003,Alta Mar
CAP-8491,2024-03-01,C206,Calamar,0.93,A0003,Playa
CAP-8492,2024-03-01,C206,Calamar,0.21,A0003,Alta Mar
CAP-8493,2024-03-08,C206,Calamar,1.07,A0003,Ria
CAP-8494,2024-11-30,C290,Denton,1.63,A0032,Ria
CAP-8495,2024-10-04,C104,Serviola,1.78,A0032,Ria
CAP-8496,2024-10-12,C104,Denton,1.65,A0032,Playa
CAP-8497,2024-12-16,C046,Calamar,0.39,A0001,Ria
CAP-8498,2024-11-26,C046,Calamar,0.9,A0001,Playa
CAP-8499,2024-10-16,C128,Lubina,4.88,A0011,Playa
CAP-8500,2024-11-05,C128,Palometon,8.19,A0011,Alta Mar
CAP-8501,2024-04-30,C033,Cabrilla,0.59,A0030,Ria
CAP-8502,2024-05-03,C033,Denton,6.7,A0030,Alta Mar
CAP-8503,2024-12-16,C202,Calamar,1.03,A0002,Playa
CAP-8504,2025-01-05,C202,Sepia,0.4,A0002,Alta Mar
CAP-8505,2024-05-02,C116,Anjova,4.18,A0014,Playa
CAP-8506,2024-04-11,C116,Lubina,3.04,A0014,Alta Mar
CAP-8507,2024-07-26,C093,Mero,6.15,A0032,Alta Mar
CAP-8508,2024-08-29,C093,Serviola,1.43,A0032,Espigon
CAP-8509,2024-04-27,C152,Herrera,0.41,A0022,Espigon
CAP-8510,2024-05-26,C152,Herrera,0.28,A0022,Espigon
CAP-8511,2024-05-09,C152,Herrera,0.79,A0022,Playa
CAP-8512,2024-05-05,C152,Herrera,0.46,A0022,Espigon
CAP-8513,2024-06-02,C152,Herrera,0.62,A0022,Alta Mar
CAP-8514,2024-06-04,C152,Dorada,2.84,A0022,Playa
CAP-8515,2024-06-11,C152,Mabra,1.07,A0022,Ria
CAP-8516,2024-06-17,C152,Herrera,0.65,A0022,Playa
CAP-8517,2024-03-29,C271,Sama,5.96,A0031,Ria
CAP-8518,2024-11-07,C089,Jurel,1.5,A0010,Playa
CAP-8519,2024-02-29,C235,Pulpo,4.79,A0004,Alta Mar
CAP-8520,2024-02-22,C235,Calamar,1.3,A0004,Playa
CAP-8521,2024-03-24,C235,Calamar,0.88,A0004,Alta Mar
CAP-8522,2024-03-03,C235,Pulpo,3.14,A0004,Ria
CAP-8523,2024-03-28,C235,Pulpo,3.62,A0004,Ria
CAP-8524,2024-12-26,C200,Sepia,0.56,A0001,Ria
CAP-8525,2024-12-16,C244,Anjova,4.0,A0013,Alta Mar
CAP-8526,2024-12-28,C244,Espeton,1.49,A0013,Playa
CAP-8527,2024-09-06,C039,Lubina,2.85,A0012,Playa
CAP-8528,2024-07-31,C148,Serviola,1.06,A0033,Ria
CAP-8529,2024-12-22,C223,Serviola,0.99,A0033,Playa
CAP-8530,2024-12-09,C223,Serviola,1.03,A0033,Espigon
CAP-8531,2024-04-17,C195,Sargo,0.79,A0021,Ria
CAP-8532,2024-05-04,C195,Sargo,0.67,A0021,Ria
CAP-8533,2024-01-17,C112,Cabrilla,1.96,A0030,Alta Mar
CAP-8534,2024-06-19,C186,Mero,9.21,A0033,Alta Mar
CAP-8535,2024-06-20,C186,Serviola,1.93,A0033,Ria
CAP-8536,2024-08-03,C078,Corvina,10.47,A0021,Playa
CAP-8537,2024-08-04,C078,Corvina,14.37,A0021,Playa
CAP-8538,2024-08-17,C078,Corvina,4.54,A0021,Playa
CAP-8539,2024-08-17,C078,Mabra,1.21,A0021,Espigon
CAP-8540,2024-09-02,C078,Dorada,1.34,A0021,Playa
CAP-8541,2024-03-22,C023,Serviola,1.73,A0032,Espigon
CAP-8542,2024-11-04,C154,Mero,13.69,A0033,Ria
CAP-8543,2025-01-09,C089,Espeton,1.13,A0014,Espigon
CAP-8544,2024-03-29,C079,Jurel,1.42,A0010,Ria
CAP-8545,2024-06-15,C107,Palometon,10.57,A0013,Espigon
CAP-8546,2024-06-23,C107,Jurel,1.07,A0013,Alta Mar
CAP-8547,2024-12-21,C021,Serviola,1.66,A0033,Espigon
CAP-8548,2025-01-01,C021,Mero,11.15,A0033,Playa
CAP-8549,2024-12-18,C021,Mero,13.86,A0033,Alta Mar
CAP-8550,2024-10-24,C124,Denton,5.49,A0033,Alta Mar
CAP-8551,2024-05-05,C100,Herrera,0.4,A0022,Espigon
CAP-8552,2024-05-15,C100,Sargo,0.96,A0022,Ria
CAP-8553,2024-05-12,C100,Sargo,0.3,A0022,Espigon
CAP-8554,2024-10-21,C056,Calamar,1.41,A0003,Alta Mar
CAP-8555,2024-09-25,C037,Palometon,6.79,A0010,Ria
CAP-8556,2024-01-23,C272,Calamar,0.52,A0004,Playa
CAP-8557,2024-01-31,C272,Sepia,0.95,A0004,Ria
CAP-8558,2024-10-05,C016,Bonito del Norte,5.33,A0026,Alta Mar
CAP-8559,2024-10-14,C016,Bonito del Norte,5.94,A0026,Ria
CAP-8560,2024-10-29,C016,Bonito del Norte,12.43,A0026,Espigon
CAP-8561,2024-10-25,C016,Bonito del Norte,14.59,A0026,Espigon
CAP-8562,2024-07-21,C154,Llampuga,6.93,A0028,Playa
CAP-8563,2024-08-06,C154,Llampuga,8.53,A0028,Espigon
CAP-8564,2024-12-13,C238,Sama,5.63,A0030,Playa
CAP-8565,2024-12-10,C238,Denton,2.79,A0030,Playa
CAP-8566,2024-02-28,C222,Denton,5.05,A0032,Alta Mar
CAP-8567,2024-03-15,C222,Denton,4.49,A0032,Alta Mar
CAP-8568,2024-08-07,C079,Lubina,2.59,A0017,Alta Mar
CAP-8569,2024-08-18,C079,Jurel,0.59,A0017,Espigon
CAP-8570,2024-02-21,C147,Gallineta,1.44,A0030,Playa
CAP-8571,2024-03-03,C147,Denton,6.51,A0030,Alta Mar
CAP-8572,2024-03-01,C269,Serviola,1.0,A0033,Alta Mar
CAP-8573,2024-08-07,C230,Denton,2.6,A0033,Ria
CAP-8574,2024-04-20,C244,Denton,1.67,A0031,Playa
CAP-8575,2024-04-27,C244,Cabrilla,1.77,A0031,Ria
CAP-8576,2024-12-23,C162,Calamar,0.46,A0003,Playa
CAP-8577,2024-12-30,C162,Calamar,0.55,A0003,Ria
CAP-8578,2024-12-14,C162,Calamar,0.5,A0003,Playa
CAP-8579,2024-12-21,C162,Sepia,1.58,A0003,Alta Mar
CAP-8580,2025-01-05,C162,Sepia,0.9,A0003,Ria
CAP-8581,2024-09-08,C222,Bonito del Norte,12.33,A0026,Ria
CAP-8582,2024-07-28,C054,Melva,1.89,A0026,Ria
CAP-8583,2024-08-03,C067,Serviola,1.43,A0018,Alta Mar
CAP-8584,2024-01-31,C048,Lubina,2.17,A0014,Ria
CAP-8585,2024-05-10,C011,Lubina,1.96,A0017,Ria
CAP-8586,2024-06-23,C110,Sargo,0.27,A0021,Espigon
CAP-8587,2024-07-06,C110,Sargo,0.53,A0021,Ria
CAP-8588,2024-06-25,C110,Sargo,1.12,A0021,Playa
CAP-8589,2024-02-02,C085,San Pedro,2.33,A0031,Playa
CAP-8590,2024-04-11,C044,Jurel,1.49,A0013,Alta Mar
CAP-8591,2024-09-25,C282,Jurel,1.98,A0010,Playa
CAP-8592,2024-05-04,C090,Gallineta,0.72,A0031,Alta Mar
CAP-8593,2024-06-06,C090,San Pedro,2.15,A0031,Playa
CAP-8594,2024-06-02,C090,Cabrilla,1.91,A0031,Espigon
CAP-8595,2024-05-26,C090,Cabrilla,0.85,A0031,Ria
CAP-8596,2024-06-02,C090,Cabrilla,0.77,A0031,Ria
CAP-8597,2024-03-16,C145,Pulpo,1.46,A0005,Ria
CAP-8598,2024-03-05,C145,Calamar,1.08,A0005,Ria
CAP-8599,2024-09-13,C139,Pargo,1.94,A0031,Ria
CAP-8600,2024-09-10,C139,Gallineta,1.47,A0031,Alta Mar
CAP-8601,2024-01-17,C125,Calamar,0.53,A0001,Alta Mar
CAP-8602,2024-09-03,C299,Jurel,1.98,A0016,Alta Mar
CAP-8603,2024-09-21,C097,Bacoreta,1.7,A0028,Playa
CAP-8604,2024-10-14,C097,Melva,1.79,A0028,Ria
CAP-8605,2024-09-01,C256,Sama,5.67,A0030,Espigon
CAP-8606,2024-08-30,C256,San Pedro,1.6,A0030,Ria
CAP-8607,2024-08-24,C256,Cabrilla,1.18,A0030,Alta Mar
CAP-8608,2024-02-09,C087,Calamar,1.49,A0003,Playa
CAP-8609,2024-02-03,C087,Calamar,1.39,A0003,Playa
CAP-8610,2024-02-24,C087,Calamar,0.9,A0003,Espigon
CAP-8611,2024-02-13,C087,Calamar,1.18,A0003,Ria
CAP-8612,2024-02-09,C087,Calamar,0.53,A0003,Alta Mar
CAP-8613,2024-03-04,C087,Pulpo,2.79,A0003,Alta Mar
CAP-8614,2024-02-26,C087,Pulpo,4.72,A0003,Espigon
CAP-8615,2024-02-24,C087,Pulpo,2.45,A0003,Playa
CAP-8616,2024-03-09,C087,Pulpo,2.28,A0003,Alta Mar
CAP-8617,2024-11-20,C060,Calamar,1.38,A0004,Playa
CAP-8618,2024-12-04,C060,Calamar,1.4,A0004,Alta Mar
CAP-8619,2025-01-06,C060,Pulpo,3.97,A0004,Playa
CAP-8620,2024-06-10,C125,Lubina,4.95,A0018,Alta Mar
CAP-8621,2024-07-26,C184,Lubina,4.96,A0016,Playa
CAP-8622,2024-07-11,C184,Anjova,2.65,A0016,Alta Mar
CAP-8623,2024-08-10,C184,Espeton,1.37,A0016,Playa
CAP-8624,2024-02-21,C145,Pulpo,4.75,A0004,Alta Mar
CAP-8625,2024-03-14,C145,Sepia,1.26,A0004,Alta Mar
CAP-8626,2024-02-20,C145,Sepia,1.99,A0004,Espigon
CAP-8627,2024-07-26,C029,Melva,1.33,A0027,Alta Mar
CAP-8628,2025-01-14,C218,Calamar,0.27,A0005,Ria
CAP-8629,2024-09-11,C054,Bonito del Norte,10.85,A0026,Playa
CAP-8630,2024-08-31,C287,Bacoreta,1.5,A0027,Alta Mar
CAP-8631,2024-09-01,C287,Llampuga,6.8,A0027,Alta Mar
CAP-8632,2024-09-13,C287,Bonito del Norte,7.59,A0027,Alta Mar
CAP-8633,2024-05-18,C084,Dorada,2.55,A0021,Playa
CAP-8634,2024-05-20,C084,Rodaballo,0.69,A0021,Ria
CAP-8635,2024-06-23,C084,Dorada,2.41,A0021,Playa
CAP-8636,2024-06-12,C084,Dorada,1.64,A0021,Ria
CAP-8637,2024-04-11,C204,Jurel,1.59,A0011,Espigon
CAP-8638,2024-10-22,C231,Calamar,1.09,A0002,Ria
CAP-8639,2024-11-26,C231,Calamar,0.62,A0002,Playa
CAP-8640,2024-11-15,C231,Calamar,1.29,A0002,Espigon
CAP-8641,2024-11-14,C231,Calamar,1.45,A0002,Playa
CAP-8642,2024-09-28,C016,Llampuga,7.13,A0028,Ria
CAP-8643,2024-09-24,C016,Llampuga,3.16,A0028,Espigon
CAP-8644,2024-03-04,C144,Mero,4.29,A0032,Ria
CAP-8645,2024-04-19,C232,Baila,1.19,A0015,Espigon
CAP-8646,2024-09-28,C113,Bacoreta,1.49,A0028,Playa
CAP-8647,2024-08-22,C015,Llampuga,5.66,A0026,Playa
CAP-8648,2024-08-16,C015,Llampuga,8.9,A0026,Ria
CAP-8649,2024-09-03,C146,Llampuga,8.08,A0026,Espigon
CAP-8650,2024-10-06,C146,Bonito del Norte,9.81,A0026,Espigon
CAP-8651,2024-10-14,C146,Bacoreta,1.03,A0026,Playa
CAP-8652,2024-06-17,C147,Sama,4.79,A0030,Playa
CAP-8653,2024-05-02,C263,Sama,2.15,A0030,Alta Mar
CAP-8654,2024-05-28,C263,Denton,5.73,A0030,Espigon
CAP-8655,2024-02-22,C147,Calamar,1.26,A0007,Playa
CAP-8656,2024-03-04,C020,Sama,5.57,A0031,Playa
CAP-8657,2024-03-11,C020,Sama,3.36,A0031,Playa
CAP-8658,2024-03-11,C020,Cabrilla,0.54,A0031,Playa
CAP-8659,2024-03-20,C020,Cabrilla,1.36,A0031,Ria
CAP-8660,2024-12-20,C147,Mero,8.24,A0031,Alta Mar
CAP-8661,2025-01-03,C147,Sama,5.91,A0031,Ria
CAP-8662,2025-01-02,C147,San Pedro,1.79,A0031,Alta Mar
CAP-8663,2024-01-29,C195,Espeton,1.94,A0015,Playa
CAP-8664,2024-02-26,C195,Anjova,3.99,A0015,Playa
CAP-8665,2024-02-29,C195,Jurel,1.97,A0015,Espigon
CAP-8666,2024-05-17,C170,Dorada,1.05,A0021,Espigon
CAP-8667,2024-05-23,C170,Herrera,0.48,A0021,Ria
CAP-8668,2024-05-15,C170,Mabra,1.9,A0021,Alta Mar
CAP-8669,2024-05-21,C170,Mabra,1.5,A0021,Ria
CAP-8670,2024-06-01,C170,Mabra,1.94,A0021,Alta Mar
CAP-8671,2024-05-27,C170,Mabra,1.22,A0021,Alta Mar
CAP-8672,2024-05-19,C170,Mabra,1.99,A0021,Playa
CAP-8673,2024-10-14,C288,Calamar,0.91,A0003,Alta Mar
CAP-8674,2024-10-22,C288,Calamar,0.62,A0003,Ria
CAP-8675,2024-11-12,C288,Calamar,0.54,A0003,Espigon
CAP-8676,2024-11-06,C086,Calamar,1.44,A0002,Espigon
CAP-8677,2024-12-01,C086,Calamar,1.15,A0002,Ria
CAP-8678,2024-09-01,C205,Llampuga,6.77,A0028,Ria
CAP-8679,2024-09-16,C205,Bonito del Norte,7.88,A0028,Ria
CAP-8680,2024-09-13,C205,Melva,1.65,A0028,Espigon
CAP-8681,2024-10-07,C205,Bacoreta,1.19,A0028,Alta Mar
CAP-8682,2024-10-02,C205,Llampuga,8.9,A0028,Ria
CAP-8683,2024-12-02,C046,Calamar,1.22,A0004,Alta Mar
CAP-8684,2024-12-08,C046,Calamar,1.34,A0004,Playa
CAP-8685,2024-12-11,C046,Calamar,0.31,A0004,Playa
CAP-8686,2024-12-12,C046,Calamar,1.36,A0004,Ria
CAP-8687,2024-12-11,C046,Calamar,1.29,A0004,Alta Mar
CAP-8688,2024-02-21,C180,Serviola,0.74,A0033,Ria
CAP-8689,2024-07-24,C151,Anjova,3.24,A0011,Alta Mar
CAP-8690,2024-07-17,C151,Lubina,3.44,A0011,Playa
CAP-8691,2024-08-30,C137,Herrera,0.37,A0022,Playa
CAP-8692,2024-08-30,C137,Herrera,0.21,A0022,Ria
CAP-8693,2024-08-24,C137,Herrera,0.73,A0022,Playa
CAP-8694,2024-08-21,C137,Herrera,0.52,A0022,Alta Mar
CAP-8695,2024-09-12,C137,Mabra,1.08,A0022,Playa
CAP-8696,2024-08-05,C069,Bonito del Norte,6.79,A0027,Alta Mar
CAP-8697,2024-07-20,C069,Bonito del Norte,6.63,A0027,Playa
CAP-8698,2024-07-30,C069,Llampuga,9.16,A0027,Playa
CAP-8699,2024-08-02,C069,Bacoreta,1.68,A0027,Alta Mar
CAP-8700,2024-09-10,C264,Rodaballo,1.47,A0021,Espigon
CAP-8701,2024-09-30,C264,Lubina,1.91,A0021,Playa
CAP-8702,2024-09-09,C264,Lubina,2.47,A0021,Playa
CAP-8703,2024-05-02,C080,Gallineta,0.99,A0030,Ria
CAP-8704,2024-04-26,C080,Pargo,1.33,A0030,Espigon
CAP-8705,2024-08-14,C044,Lubina,4.26,A0015,Espigon
CAP-8706,2024-09-10,C044,Palometon,11.15,A0015,Espigon
CAP-8707,2024-02-09,C003,Cabrilla,1.75,A0030,Espigon
CAP-8708,2024-02-10,C003,Cabrilla,1.36,A0030,Playa
CAP-8709,2024-02-26,C003,Pargo,1.66,A0030,Playa
CAP-8710,2024-03-09,C295,Lubina,3.64,A0018,Ria
CAP-8711,2024-01-16,C261,Sama,7.67,A0030,Playa
CAP-8712,2024-02-08,C261,Cabrilla,1.34,A0030,Playa
CAP-8713,2024-02-18,C014,Sepia,0.48,A0005,Playa
CAP-8714,2024-12-25,C276,Herrera,0.47,A0022,Espigon
CAP-8715,2024-12-10,C276,Dorada,1.77,A0022,Espigon
CAP-8716,2024-12-18,C276,Dorada,1.93,A0022,Ria
CAP-8717,2024-12-25,C276,Lubina,3.86,A0022,Ria
CAP-8718,2024-12-31,C276,Mabra,1.0,A0022,Alta Mar
CAP-8719,2025-01-22,C276,Sargo,0.94,A0022,Espigon
CAP-8720,2024-12-27,C276,Sargo,0.75,A0022,Playa
CAP-8721,2025-01-14,C276,Sargo,0.28,A0022,Ria
CAP-8722,2024-05-09,C286,Denton,3.32,A0032,Alta Mar
CAP-8723,2024-05-11,C286,Mero,14.75,A0032,Espigon
CAP-8724,2024-11-11,C297,Herrera,0.4,A0022,Playa
CAP-8725,2024-12-13,C064,Calamar,1.02,A0003,Playa
CAP-8726,2024-12-07,C064,Calamar,0.41,A0003,Espigon
CAP-8727,2024-12-15,C064,Calamar,0.63,A0003,Alta Mar
CAP-8728,2024-03-23,C091,Denton,2.27,A0033,Alta Mar
CAP-8729,2024-04-08,C091,Mero,6.37,A0033,Playa
CAP-8730,2024-04-20,C091,Denton,7.93,A0033,Alta Mar
CAP-8731,2024-07-21,C275,Llampuga,9.88,A0027,Playa
CAP-8732,2024-08-01,C275,Llampuga,2.05,A0027,Playa
CAP-8733,2024-08-21,C133,Bonito del Norte,11.58,A0028,Ria
CAP-8734,2024-12-13,C238,Pulpo,2.51,A0004,Alta Mar
CAP-8735,2024-12-17,C238,Calamar,0.53,A0004,Playa
CAP-8736,2024-12-13,C238,Calamar,0.92,A0004,Playa
CAP-8737,2025-01-06,C238,Calamar,1.1,A0004,Alta Mar
CAP-8738,2024-12-15,C238,Calamar,1.13,A0004,Espigon
CAP-8739,2025-01-03,C238,Calamar,0.44,A0004,Alta Mar
CAP-8740,2024-12-27,C023,Sargo,0.97,A0022,Playa
CAP-8741,2024-12-17,C023,Sargo,0.4,A0022,Ria
CAP-8742,2024-10-22,C228,Calamar,1.13,A0003,Ria
CAP-8743,2024-11-17,C070,Denton,2.98,A0032,Alta Mar
CAP-8744,2024-05-26,C035,San Pedro,0.78,A0031,Playa
CAP-8745,2024-06-07,C285,Mero,13.96,A0032,Espigon
CAP-8746,2024-06-27,C285,Denton,3.46,A0032,Alta Mar
CAP-8747,2024-11-18,C109,Calamar,0.33,A0002,Ria
CAP-8748,2024-12-16,C109,Calamar,0.6,A0002,Espigon
CAP-8749,2024-03-18,C020,Sama,2.75,A0031,Alta Mar
CAP-8750,2024-03-19,C020,Cabrilla,1.59,A0031,Alta Mar
CAP-8751,2024-08-24,C240,Cabrilla,1.99,A0031,Playa
CAP-8752,2024-10-29,C088,Denton,5.64,A0032,Playa
CAP-8753,2024-10-31,C088,Denton,4.5,A0032,Alta Mar
CAP-8754,2024-09-18,C101,Bacoreta,1.64,A0026,Espigon
CAP-8755,2024-09-30,C101,Bonito del Norte,8.84,A0026,Playa
CAP-8756,2024-11-05,C101,Bacoreta,1.53,A0026,Alta Mar
CAP-8757,2024-11-02,C101,Bonito del Norte,10.33,A0026,Alta Mar
CAP-8758,2024-02-20,C138,Sargo,1.07,A0022,Alta Mar
CAP-8759,2024-02-15,C138,Sargo,1.04,A0022,Alta Mar
CAP-8760,2024-02-14,C138,Sargo,0.21,A0022,Espigon
CAP-8761,2024-08-09,C099,Anjova,3.73,A0016,Ria
CAP-8762,2024-09-09,C099,Lubina,1.05,A0016,Playa
CAP-8763,2024-08-26,C099,Lubina,2.16,A0016,Ria
CAP-8764,2024-09-23,C099,Palometon,13.33,A0016,Alta Mar
CAP-8765,2024-09-13,C099,Lubina,2.11,A0016,Espigon
CAP-8766,2024-07-23,C220,Mero,11.18,A0033,Ria
CAP-8767,2024-03-02,C256,Sama,7.97,A0030,Ria
CAP-8768,2024-06-27,C190,Llampuga,2.6,A0026,Ria
CAP-8769,2024-07-28,C190,Llampuga,2.79,A0026,Playa
CAP-8770,2024-10-25,C008,Calamar,0.64,A0002,Alta Mar
CAP-8771,2024-11-13,C008,Calamar,1.34,A0002,Playa
CAP-8772,2024-05-01,C157,Lubina,4.3,A0018,Playa
CAP-8773,2024-05-17,C157,Espeton,1.88,A0018,Espigon
CAP-8774,2024-05-22,C157,Lubina,4.9,A0018,Alta Mar
CAP-8775,2024-05-04,C157,Anjova,3.54,A0018,Ria
CAP-8776,2024-06-28,C165,Denton,7.08,A0032,Espigon
CAP-8777,2024-01-22,C243,Calamar,1.06,A0004,Espigon
CAP-8778,2024-03-06,C026,Sepia,1.93,A0003,Alta Mar
CAP-8779,2024-10-21,C071,Melva,0.6,A0027,Ria
CAP-8780,2024-10-22,C071,Llampuga,2.1,A0027,Playa
CAP-8781,2024-09-04,C165,Serviola,0.52,A0033,Ria
CAP-8782,2024-09-27,C171,Llampuga,6.2,A0026,Ria
CAP-8783,2024-10-09,C171,Melva,1.08,A0026,Ria
CAP-8784,2024-09-07,C128,Baila,1.44,A0010,Playa
CAP-8785,2024-09-25,C128,Palometon,8.98,A0010,Ria
CAP-8786,2024-11-02,C058,Mero,11.81,A0033,Espigon
CAP-8787,2024-10-21,C247,Calamar,0.81,A0001,Ria
CAP-8788,2024-11-04,C247,Calamar,0.61,A0001,Ria
CAP-8789,2024-11-13,C247,Sepia,0.43,A0001,Alta Mar
CAP-8790,2024-11-20,C247,Calamar,1.47,A0001,Playa
CAP-8791,2024-11-17,C247,Calamar,0.46,A0001,Playa
CAP-8792,2024-11-09,C247,Calamar,0.8,A0001,Ria
CAP-8793,2024-03-15,C088,Denton,6.15,A0032,Espigon
CAP-8794,2024-10-26,C124,Denton,5.27,A0033,Espigon
CAP-8795,2024-07-16,C197,Melva,0.85,A0027,Alta Mar
CAP-8796,2024-10-16,C093,Serviola,1.47,A0032,Playa
CAP-8797,2024-07-26,C208,Serviola,1.53,A0032,Playa
CAP-8798,2024-03-14,C231,Pulpo,1.92,A0006,Alta Mar
CAP-8799,2024-03-20,C231,Sepia,0.38,A0006,Playa
CAP-8800,2024-03-26,C231,Sepia,0.95,A0006,Playa
CAP-8801,2024-10-25,C274,Mero,4.95,A0033,Playa
CAP-8802,2024-10-18,C274,Denton,4.21,A0033,Espigon
CAP-8803,2024-11-02,C274,Serviola,0.54,A0033,Ria
CAP-8804,2025-01-03,C187,Sepia,0.96,A0006,Alta Mar
CAP-8805,2025-01-24,C187,Calamar,1.13,A0006,Ria
CAP-8806,2024-04-07,C284,Serviola,1.33,A0033,Alta Mar
CAP-8807,2024-07-28,C286,Pargo,1.86,A0031,Playa
CAP-8808,2024-08-08,C199,Llampuga,4.91,A0028,Espigon
CAP-8809,2024-09-10,C199,Bacoreta,2.0,A0028,Ria
CAP-8810,2024-09-05,C074,Denton,6.28,A0031,Espigon
CAP-8811,2024-03-19,C021,Baila,0.84,A0012,Alta Mar
CAP-8812,2024-03-22,C021,Jurel,0.59,A0012,Espigon
CAP-8813,2024-03-18,C021,Lubina,0.59,A0012,Playa
CAP-8814,2024-03-17,C021,Anjova,4.9,A0012,Ria
CAP-8815,2024-11-24,C239,Herrera,0.51,A0022,Alta Mar
CAP-8816,2024-11-16,C239,Herrera,0.78,A0022,Ria
CAP-8817,2024-11-06,C239,Herrera,0.59,A0022,Ria
CAP-8818,2024-10-26,C255,Serviola,1.62,A0032,Ria
CAP-8819,2024-10-22,C255,Serviola,0.97,A0032,Espigon
CAP-8820,2024-10-05,C118,Mabra,1.17,A0021,Playa
CAP-8821,2024-10-20,C118,Herrera,0.25,A0021,Ria
CAP-8822,2024-10-10,C118,Herrera,0.45,A0021,Playa
CAP-8823,2024-10-02,C118,Herrera,0.41,A0021,Alta Mar
CAP-8824,2024-10-14,C118,Lubina,2.53,A0021,Playa
CAP-8825,2024-10-24,C118,Lubina,1.06,A0021,Ria
CAP-8826,2024-11-02,C118,Mabra,1.68,A0021,Playa
CAP-8827,2024-06-13,C258,Serviola,0.67,A0033,Espigon
CAP-8828,2024-06-19,C258,Mero,13.99,A0033,Ria
CAP-8829,2024-10-25,C268,Serviola,0.56,A0032,Espigon
CAP-8830,2024-10-15,C268,Serviola,1.15,A0032,Espigon
CAP-8831,2024-10-30,C268,Serviola,1.47,A0032,Alta Mar
CAP-8832,2024-02-27,C240,Lubina,2.8,A0010,Espigon
CAP-8833,2024-03-21,C240,Baila,1.14,A0010,Ria
CAP-8834,2024-09-01,C071,Dorada,1.81,A0021,Ria
CAP-8835,2024-09-18,C071,Dorada,1.74,A0021,Espigon
CAP-8836,2024-09-11,C071,Dorada,0.61,A0021,Ria
CAP-8837,2024-09-05,C071,Dorada,2.36,A0021,Alta Mar
CAP-8838,2024-09-27,C071,Dorada,1.33,A0021,Alta Mar
CAP-8839,2024-10-08,C071,Lubina,2.06,A0021,Espigon
CAP-8840,2024-08-18,C083,Mabra,0.73,A0022,Ria
CAP-8841,2024-04-24,C222,Serviola,1.94,A0032,Playa
CAP-8842,2024-06-06,C053,Denton,5.31,A0033,Espigon
CAP-8843,2024-06-30,C053,Denton,6.02,A0033,Espigon
CAP-8844,2024-02-01,C153,Calamar,0.72,A0001,Alta Mar
CAP-8845,2024-02-11,C153,Calamar,0.28,A0001,Alta Mar
CAP-8846,2024-01-30,C153,Calamar,0.99,A0001,Ria
CAP-8847,2024-12-27,C107,San Pedro,2.07,A0031,Espigon
CAP-8848,2024-12-18,C107,Sama,2.33,A0031,Playa
CAP-8849,2024-06-03,C077,Herrera,0.45,A0022,Alta Mar
CAP-8850,2024-05-13,C077,Herrera,0.6,A0022,Alta Mar
CAP-8851,2024-05-28,C077,Sargo,0.89,A0022,Espigon
CAP-8852,2024-05-24,C077,Sargo,0.32,A0022,Playa
CAP-8853,2024-05-30,C077,Mabra,1.07,A0022,Ria
CAP-8854,2024-05-31,C077,Mabra,1.24,A0022,Alta Mar
CAP-8855,2024-12-03,C299,Lubina,3.54,A0017,Playa
CAP-8856,2024-12-11,C299,Jurel,1.25,A0017,Playa
CAP-8857,2024-11-10,C231,Calamar,0.93,A0006,Ria
CAP-8858,2024-11-06,C247,Sepia,1.81,A0007,Playa
CAP-8859,2024-11-05,C247,Sepia,2.0,A0007,Alta Mar
CAP-8860,2024-02-11,C256,Denton,7.02,A0030,Alta Mar
CAP-8861,2024-03-02,C256,Sama,7.05,A0030,Alta Mar
CAP-8862,2025-01-05,C125,Calamar,1.49,A0007,Playa
CAP-8863,2025-01-08,C125,Calamar,0.31,A0007,Alta Mar
CAP-8864,2025-01-18,C125,Calamar,0.57,A0007,Alta Mar
CAP-8865,2025-01-17,C125,Sepia,0.35,A0007,Alta Mar
CAP-8866,2025-02-01,C125,Sepia,0.32,A0007,Alta Mar
CAP-8867,2024-11-26,C186,Denton,2.77,A0032,Playa
CAP-8868,2024-05-21,C124,Denton,6.64,A0033,Espigon
CAP-8869,2024-06-07,C124,Mero,4.59,A0033,Espigon
CAP-8870,2024-09-08,C069,Llampuga,4.59,A0027,Ria
CAP-8871,2024-12-25,C216,Lubina,2.32,A0021,Espigon
CAP-8872,2025-01-04,C216,Herrera,0.23,A0021,Playa
CAP-8873,2025-01-07,C216,Herrera,0.49,A0021,Espigon
CAP-8874,2024-03-06,C296,Pulpo,1.67,A0006,Alta Mar
CAP-8875,2024-03-02,C296,Pulpo,3.86,A0006,Espigon
CAP-8876,2024-03-02,C296,Pulpo,1.88,A0006,Espigon
CAP-8877,2024-08-29,C044,Jurel,1.53,A0018,Playa
CAP-8878,2024-09-20,C044,Anjova,4.12,A0018,Ria
CAP-8879,2024-10-04,C044,Lubina,3.24,A0018,Alta Mar
CAP-8880,2025-01-02,C130,Jurel,1.58,A0015,Alta Mar
CAP-8881,2025-01-07,C130,Lubina,1.54,A0015,Ria
CAP-8882,2024-07-23,C239,Melva,0.66,A0027,Espigon
CAP-8883,2024-07-17,C239,Llampuga,9.63,A0027,Playa
CAP-8884,2024-08-03,C042,Melva,1.44,A0028,Espigon
CAP-8885,2024-12-01,C298,Calamar,1.01,A0005,Alta Mar
CAP-8886,2024-10-29,C036,Sama,7.19,A0031,Alta Mar
CAP-8887,2024-11-17,C036,Sama,7.84,A0031,Playa
CAP-8888,2024-04-14,C150,Lubina,2.1,A0016,Alta Mar
CAP-8889,2024-04-25,C150,Anjova,5.76,A0016,Alta Mar
CAP-8890,2024-05-03,C150,Baila,1.78,A0016,Alta Mar
CAP-8891,2024-06-14,C197,Llampuga,2.87,A0027,Alta Mar
CAP-8892,2024-10-19,C175,Cabrilla,0.89,A0031,Espigon
CAP-8893,2024-11-12,C175,Cabrilla,1.17,A0031,Ria
CAP-8894,2024-11-02,C175,Cabrilla,0.97,A0031,Alta Mar
CAP-8895,2024-11-09,C175,Cabrilla,1.32,A0031,Ria
CAP-8896,2024-11-12,C175,Pargo,1.28,A0031,Ria
CAP-8897,2024-11-11,C212,Calamar,1.49,A0005,Playa
CAP-8898,2024-01-26,C279,Sargo,1.19,A0022,Ria
CAP-8899,2024-01-30,C279,Sargo,0.29,A0022,Espigon
CAP-8900,2024-01-30,C279,Rodaballo,0.61,A0022,Ria
CAP-8901,2024-05-05,C258,Denton,5.97,A0033,Ria
CAP-8902,2024-06-13,C258,Denton,5.51,A0033,Espigon
CAP-8903,2024-06-05,C258,Mero,13.76,A0033,Playa
CAP-8904,2025-01-10,C145,Sepia,0.4,A0006,Espigon
CAP-8905,2025-01-01,C145,Sepia,0.83,A0006,Espigon
CAP-8906,2025-01-25,C145,Sepia,0.99,A0006,Espigon
CAP-8907,2025-01-16,C145,Sepia,1.48,A0006,Espigon
CAP-8908,2025-01-07,C038,Dorada,2.54,A0022,Playa
CAP-8909,2024-12-25,C038,Dorada,1.61,A0022,Playa
CAP-8910,2025-01-07,C038,Herrera,0.43,A0022,Playa
CAP-8911,2025-01-20,C038,Mabra,0.82,A0022,Espigon
CAP-8912,2025-01-08,C038,Mabra,1.51,A0022,Alta Mar
CAP-8913,2025-01-21,C038,Herrera,0.46,A0022,Ria
CAP-8914,2024-07-09,C045,Mero,3.75,A0032,Ria
CAP-8915,2024-03-14,C048,Anjova,6.76,A0018,Espigon
CAP-8916,2024-03-30,C048,Lubina,1.29,A0018,Alta Mar
CAP-8917,2024-03-28,C048,Baila,0.76,A0018,Ria
CAP-8918,2024-04-15,C048,Lubina,2.25,A0018,Ria
CAP-8919,2024-06-24,C005,Denton,4.29,A0033,Ria
CAP-8920,2024-06-24,C005,Serviola,0.63,A0033,Espigon
CAP-8921,2024-08-17,C224,Sargo,0.9,A0021,Ria
CAP-8922,2024-08-09,C224,Dorada,1.31,A0021,Playa
CAP-8923,2024-08-26,C224,Dorada,2.09,A0021,Espigon
CAP-8924,2024-08-13,C224,Mabra,1.97,A0021,Playa
CAP-8925,2024-09-04,C224,Sargo,1.0,A0021,Espigon
CAP-8926,2024-08-22,C224,Sargo,0.43,A0021,Ria
CAP-8927,2024-09-05,C224,Sargo,0.79,A0021,Espigon
CAP-8928,2024-07-26,C176,Serviola,0.6,A0032,Alta Mar
CAP-8929,2024-07-01,C035,San Pedro,1.01,A0030,Alta Mar
CAP-8930,2024-08-12,C253,Bonito del Norte,13.98,A0027,Ria
CAP-8931,2024-08-17,C253,Llampuga,5.99,A0027,Playa
CAP-8932,2024-09-07,C253,Bacoreta,1.8,A0027,Ria
CAP-8933,2024-03-25,C003,Cabrilla,1.63,A0031,Playa
CAP-8934,2024-03-18,C003,Sama,2.16,A0031,Espigon
CAP-8935,2024-05-09,C093,Mero,5.65,A0033,Espigon
CAP-8936,2024-08-03,C065,Llampuga,5.63,A0027,Alta Mar
CAP-8937,2024-07-30,C065,Melva,0.98,A0027,Playa
CAP-8938,2024-07-17,C126,Anjova,6.55,A0012,Playa
CAP-8939,2024-07-29,C126,Baila,1.83,A0012,Espigon
CAP-8940,2024-02-08,C079,Pulpo,3.22,A0004,Playa
CAP-8941,2024-02-16,C079,Pulpo,2.58,A0004,Ria
CAP-8942,2024-03-07,C079,Calamar,0.98,A0004,Ria
CAP-8943,2024-02-14,C068,Denton,4.55,A0033,Espigon
CAP-8944,2024-03-01,C068,Serviola,1.57,A0033,Espigon
CAP-8945,2024-02-23,C068,Mero,5.08,A0033,Alta Mar
CAP-8946,2024-03-08,C068,Denton,3.25,A0033,Espigon
CAP-8947,2024-07-18,C257,Herrera,0.54,A0021,Espigon
CAP-8948,2024-07-29,C257,Herrera,0.78,A0021,Alta Mar
CAP-8949,2024-08-13,C257,Dorada,2.17,A0021,Playa
CAP-8950,2024-08-11,C257,Dorada,2.96,A0021,Ria
CAP-8951,2024-08-02,C257,Herrera,0.6,A0021,Playa
CAP-8952,2024-08-05,C257,Lubina,3.61,A0021,Espigon
CAP-8953,2024-08-02,C257,Lubina,3.37,A0021,Alta Mar
CAP-8954,2024-12-09,C207,Dorada,1.37,A0021,Alta Mar
CAP-8955,2024-02-12,C145,Calamar,1.07,A0005,Espigon
CAP-8956,2025-01-14,C254,Calamar,1.29,A0001,Playa
CAP-8957,2025-01-26,C254,Calamar,1.45,A0001,Alta Mar
CAP-8958,2025-01-07,C254,Calamar,0.48,A0001,Ria
CAP-8959,2025-01-25,C254,Sepia,0.49,A0001,Alta Mar
CAP-8960,2025-01-31,C254,Sepia,1.87,A0001,Playa
CAP-8961,2024-11-20,C187,Calamar,0.29,A0004,Ria
CAP-8962,2024-11-06,C187,Calamar,0.49,A0004,Ria
CAP-8963,2024-11-16,C187,Calamar,1.42,A0004,Ria
CAP-8964,2024-12-06,C187,Calamar,0.44,A0004,Espigon
CAP-8965,2024-10-19,C055,Dorada,2.7,A0022,Espigon
CAP-8966,2024-04-06,C068,Serviola,1.22,A0033,Ria
CAP-8967,2024-12-17,C264,Sargo,0.27,A0022,Alta Mar
CAP-8968,2024-12-19,C264,Sargo,1.19,A0022,Alta Mar
CAP-8969,2024-02-11,C033,Cabrilla,1.65,A0031,Ria
CAP-8970,2024-01-25,C033,Cabrilla,1.51,A0031,Alta Mar
CAP-8971,2024-02-17,C033,Cabrilla,1.9,A0031,Alta Mar
CAP-8972,2024-03-26,C241,Calamar,1.17,A0006,Alta Mar
CAP-8973,2024-06-17,C171,Denton,1.96,A0033,Ria
CAP-8974,2024-06-25,C171,Denton,2.27,A0033,Espigon
CAP-8975,2024-03-06,C076,Denton,5.26,A0032,Playa
CAP-8976,2024-08-27,C047,Llampuga,9.81,A0028,Playa
CAP-8977,2024-08-26,C047,Llampuga,2.86,A0028,Playa
CAP-8978,2024-03-04,C189,Calamar,1.49,A0004,Alta Mar
CAP-8979,2024-03-07,C245,Anjova,5.21,A0010,Playa
CAP-8980,2024-03-22,C245,Lubina,4.83,A0010,Alta Mar
CAP-8981,2024-03-18,C245,Palometon,10.85,A0010,Espigon
CAP-8982,2024-04-07,C245,Anjova,6.27,A0010,Ria
CAP-8983,2024-11-22,C151,Serviola,0.99,A0033,Alta Mar
CAP-8984,2024-12-07,C151,Denton,6.98,A0033,Espigon
CAP-8985,2025-01-20,C105,Palometon,8.23,A0011,Ria
CAP-8986,2024-08-11,C054,Bacoreta,1.7,A0027,Playa
CAP-8987,2024-09-01,C054,Bonito del Norte,6.44,A0027,Ria
CAP-8988,2024-06-13,C053,Mero,7.83,A0033,Espigon
CAP-8989,2024-02-07,C261,Sama,5.95,A0030,Playa
CAP-8990,2024-02-11,C261,Denton,6.67,A0030,Espigon
CAP-8991,2024-09-18,C262,Dorada,0.74,A0022,Alta Mar
CAP-8992,2024-08-26,C262,Dorada,0.3,A0022,Ria
CAP-8993,2024-09-06,C262,Dorada,2.32,A0022,Ria
CAP-8994,2024-09-16,C262,Sargo,0.61,A0022,Ria
CAP-8995,2024-08-05,C015,Serviola,1.05,A0032,Espigon
CAP-8996,2024-07-04,C071,Bonito del Norte,6.83,A0027,Espigon
CAP-8997,2024-07-24,C071,Melva,0.83,A0027,Ria
CAP-8998,2024-08-08,C071,Bonito del Norte,11.26,A0027,Alta Mar
CAP-8999,2024-08-09,C071,Bacoreta,1.77,A0027,Espigon
CAP-9000,2024-09-24,C017,Herrera,0.36,A0022,Playa
CAP-9001,2024-10-06,C017,Dorada,2.11,A0022,Ria
CAP-9002,2024-10-18,C017,Dorada,2.83,A0022,Alta Mar
CAP-9003,2024-12-05,C058,Serviola,1.71,A0033,Alta Mar
CAP-9004,2024-10-05,C276,Mabra,1.91,A0021,Espigon
CAP-9005,2025-01-12,C106,Herrera,0.34,A0021,Alta Mar
CAP-9006,2025-01-24,C106,Mabra,0.87,A0021,Espigon
CAP-9007,2024-03-10,C108,Denton,1.51,A0031,Alta Mar
CAP-9008,2024-12-09,C282,Lubina,0.7,A0018,Espigon
CAP-9009,2024-12-17,C282,Anjova,4.94,A0018,Espigon
CAP-9010,2025-01-10,C282,Lubina,0.54,A0018,Ria
CAP-9011,2025-01-24,C282,Baila,1.37,A0018,Espigon
CAP-9012,2024-04-10,C294,Sargo,0.76,A0022,Espigon
CAP-9013,2024-03-23,C294,Sargo,1.16,A0022,Playa
CAP-9014,2024-04-09,C294,Sargo,0.67,A0022,Espigon
CAP-9015,2024-08-07,C096,Bonito del Norte,14.09,A0026,Playa
CAP-9016,2024-07-22,C096,Llampuga,6.68,A0026,Ria
CAP-9017,2024-08-05,C096,Bacoreta,0.85,A0026,Espigon
CAP-9018,2024-08-10,C096,Bonito del Norte,5.0,A0026,Playa
CAP-9019,2024-02-06,C296,Calamar,1.49,A0004,Ria
CAP-9020,2024-02-08,C296,Calamar,0.26,A0004,Playa
CAP-9021,2024-11-24,C231,Calamar,0.53,A0007,Alta Mar
CAP-9022,2024-12-05,C061,Mero,6.11,A0033,Playa
CAP-9023,2024-11-14,C229,Lubina,0.8,A0018,Alta Mar
CAP-9024,2024-11-19,C255,Denton,2.92,A0033,Playa
CAP-9025,2024-07-29,C016,Bonito del Norte,9.31,A0027,Alta Mar
CAP-9026,2024-07-15,C016,Bacoreta,1.58,A0027,Ria
CAP-9027,2024-02-27,C197,Calamar,1.36,A0003,Playa
CAP-9028,2024-12-22,C167,Anjova,3.49,A0012,Espigon
CAP-9029,2025-01-06,C156,Calamar,0.91,A0002,Espigon
CAP-9030,2025-01-11,C156,Calamar,1.04,A0002,Espigon
CAP-9031,2024-06-09,C050,Anjova,5.87,A0016,Ria
CAP-9032,2024-05-27,C279,Herrera,0.67,A0021,Playa
CAP-9033,2024-07-09,C092,Bonito del Norte,5.6,A0026,Ria
CAP-9034,2024-12-23,C220,Calamar,1.08,A0007,Espigon
CAP-9035,2024-10-07,C089,Jurel,1.69,A0010,Ria
CAP-9036,2024-10-20,C089,Serviola,1.08,A0010,Espigon
CAP-9037,2024-10-22,C089,Baila,1.25,A0010,Espigon
CAP-9038,2024-11-24,C150,Serviola,1.6,A0032,Ria
CAP-9039,2025-01-02,C150,Denton,5.55,A0032,Alta Mar
CAP-9040,2024-12-28,C064,Calamar,1.13,A0003,Playa
CAP-9041,2024-12-18,C064,Calamar,0.44,A0003,Alta Mar
CAP-9042,2024-04-06,C151,Denton,6.04,A0032,Ria
CAP-9043,2024-09-19,C200,Sargo,1.13,A0021,Alta Mar
CAP-9044,2024-10-15,C200,Mabra,1.83,A0021,Playa
CAP-9045,2024-09-23,C200,Mabra,0.9,A0021,Alta Mar
CAP-9046,2024-10-14,C200,Herrera,0.25,A0021,Playa
CAP-9047,2024-12-22,C273,Sama,8.48,A0030,Espigon
CAP-9048,2024-07-11,C237,Anjova,2.94,A0018,Alta Mar
CAP-9049,2024-08-02,C237,Lubina,1.59,A0018,Alta Mar
CAP-9050,2024-08-04,C272,Llampuga,9.49,A0026,Espigon
CAP-9051,2024-08-10,C272,Bonito del Norte,14.89,A0026,Playa
CAP-9052,2024-07-27,C272,Bonito del Norte,8.45,A0026,Ria
CAP-9053,2024-11-11,C046,Calamar,1.29,A0006,Ria
CAP-9054,2024-11-10,C046,Sepia,0.93,A0006,Ria
CAP-9055,2024-08-24,C124,Mero,11.2,A0033,Alta Mar
CAP-9056,2024-08-21,C243,Lubina,4.84,A0010,Ria
CAP-9057,2024-08-18,C243,Lubina,2.76,A0010,Playa
CAP-9058,2024-08-28,C243,Baila,1.61,A0010,Espigon
CAP-9059,2024-09-24,C243,Lubina,2.43,A0010,Playa
CAP-9060,2024-09-04,C243,Anjova,3.91,A0010,Playa
CAP-9061,2024-02-28,C237,Calamar,1.07,A0004,Espigon
CAP-9062,2024-03-02,C237,Calamar,1.33,A0004,Alta Mar
CAP-9063,2024-08-17,C096,Bacoreta,1.7,A0026,Alta Mar
CAP-9064,2024-02-04,C243,San Pedro,1.85,A0031,Alta Mar
CAP-9065,2024-02-21,C243,Mero,5.04,A0031,Ria
CAP-9066,2024-03-10,C243,Sama,7.67,A0031,Playa
CAP-9067,2024-03-03,C243,Pargo,1.91,A0031,Alta Mar
CAP-9068,2024-08-16,C204,Lubina,3.69,A0012,Ria
CAP-9069,2024-09-02,C204,Lubina,4.34,A0012,Playa
CAP-9070,2024-08-30,C204,Serviola,1.63,A0012,Alta Mar
CAP-9071,2024-07-22,C152,Sargo,1.01,A0021,Espigon
CAP-9072,2024-02-27,C015,Mero,4.9,A0033,Ria
CAP-9073,2024-03-02,C015,Serviola,0.53,A0033,Alta Mar
CAP-9074,2024-06-24,C009,Serviola,0.71,A0033,Playa
CAP-9075,2024-11-25,C174,Mero,14.45,A0032,Ria
CAP-9076,2024-12-08,C174,Serviola,0.58,A0032,Playa
CAP-9077,2024-10-07,C095,Lubina,3.52,A0018,Alta Mar
CAP-9078,2024-09-21,C095,Lubina,3.97,A0018,Alta Mar
CAP-9079,2024-05-03,C079,Lubina,2.45,A0018,Espigon
CAP-9080,2024-12-10,C062,Cabrilla,0.69,A0030,Playa
CAP-9081,2024-11-16,C241,Pulpo,3.86,A0005,Alta Mar
CAP-9082,2024-10-28,C241,Calamar,1.22,A0005,Playa
CAP-9083,2024-04-10,C122,Pargo,1.15,A0031,Playa
CAP-9084,2024-04-13,C122,Denton,4.94,A0031,Alta Mar
CAP-9085,2024-04-27,C122,Mero,7.65,A0031,Espigon
CAP-9086,2024-12-10,C094,Calamar,1.37,A0005,Espigon
CAP-9087,2025-01-05,C236,Dorada,1.52,A0022,Playa
CAP-9088,2025-01-10,C236,Dorada,1.18,A0022,Ria
CAP-9089,2024-12-19,C236,Dorada,2.1,A0022,Espigon
CAP-9090,2025-01-02,C162,Calamar,1.38,A0006,Espigon
CAP-9091,2024-03-23,C255,Serviola,1.71,A0032,Espigon
CAP-9092,2024-04-04,C255,Denton,7.11,A0032,Espigon
CAP-9093,2024-01-18,C177,Sepia,1.16,A0004,Ria
CAP-9094,2024-01-28,C177,Calamar,1.34,A0004,Ria
CAP-9095,2024-02-12,C177,Calamar,1.21,A0004,Ria
CAP-9096,2024-04-27,C033,Denton,3.55,A0031,Alta Mar
CAP-9097,2024-05-12,C033,Pargo,1.01,A0031,Ria
CAP-9098,2024-05-15,C033,Cabrilla,1.15,A0031,Ria
CAP-9099,2024-11-04,C046,Calamar,0.39,A0001,Espigon
CAP-9100,2024-12-07,C046,Sepia,0.76,A0001,Espigon
CAP-9101,2024-12-10,C046,Calamar,0.47,A0001,Espigon
CAP-9102,2024-12-04,C271,Pargo,1.41,A0030,Playa
CAP-9103,2024-12-11,C271,Denton,2.05,A0030,Playa
CAP-9104,2024-07-18,C171,Mero,14.49,A0032,Ria
CAP-9105,2024-08-01,C171,Mero,12.66,A0032,Playa
CAP-9106,2024-08-05,C264,Herrera,0.69,A0022,Alta Mar
CAP-9107,2024-08-05,C264,Mabra,1.64,A0022,Alta Mar
CAP-9108,2024-08-02,C264,Mabra,1.17,A0022,Ria
CAP-9109,2024-08-16,C264,Mabra,1.62,A0022,Alta Mar
CAP-9110,2024-08-25,C264,Sargo,0.56,A0022,Espigon
CAP-9111,2024-08-15,C264,Sargo,0.76,A0022,Playa
CAP-9112,2024-08-30,C264,Dorada,2.02,A0022,Playa
CAP-9113,2024-08-21,C264,Lubina,4.49,A0022,Espigon
CAP-9114,2024-11-08,C290,Calamar,1.18,A0007,Alta Mar
CAP-9115,2024-11-29,C290,Calamar,0.38,A0007,Playa
CAP-9116,2024-04-24,C045,Herrera,0.68,A0021,Ria
CAP-9117,2024-04-30,C045,Mabra,1.16,A0021,Ria
CAP-9118,2024-05-02,C045,Mabra,1.15,A0021,Playa
CAP-9119,2024-04-29,C045,Mabra,0.58,A0021,Alta Mar
CAP-9120,2024-08-13,C228,San Pedro,1.07,A0030,Ria
CAP-9121,2024-08-28,C228,Denton,1.78,A0030,Playa
CAP-9122,2024-09-02,C228,Cabrilla,0.97,A0030,Playa
CAP-9123,2024-05-14,C223,Serviola,1.27,A0033,Ria
CAP-9124,2024-06-23,C133,Bonito del Norte,5.36,A0028,Ria
CAP-9125,2024-07-11,C133,Llampuga,9.61,A0028,Ria
CAP-9126,2024-07-17,C133,Bonito del Norte,12.53,A0028,Alta Mar
CAP-9127,2024-08-16,C133,Bonito del Norte,12.53,A0028,Espigon
CAP-9128,2024-08-17,C288,Bacoreta,0.93,A0026,Alta Mar
CAP-9129,2024-08-14,C288,Bonito del Norte,10.85,A0026,Ria
CAP-9130,2024-08-28,C288,Bonito del Norte,11.53,A0026,Ria
CAP-9131,2024-08-22,C288,Bonito del Norte,14.57,A0026,Ria
CAP-9132,2024-07-12,C293,Pargo,1.22,A0031,Espigon
CAP-9133,2024-08-02,C293,Pargo,0.87,A0031,Playa
CAP-9134,2024-08-10,C293,Pargo,1.46,A0031,Playa
CAP-9135,2024-02-29,C242,Mabra,1.3,A0021,Espigon
CAP-9136,2024-02-15,C242,Mabra,1.47,A0021,Alta Mar
CAP-9137,2024-03-06,C242,Herrera,0.52,A0021,Espigon
CAP-9138,2024-02-22,C242,Herrera,0.55,A0021,Alta Mar
CAP-9139,2024-03-09,C242,Herrera,0.36,A0021,Alta Mar
CAP-9140,2024-09-14,C296,Espeton,1.58,A0018,Espigon
CAP-9141,2024-09-07,C296,Anjova,4.15,A0018,Alta Mar
CAP-9142,2024-08-27,C193,Bacoreta,1.95,A0026,Playa
CAP-9143,2024-11-04,C087,Calamar,0.44,A0003,Ria
CAP-9144,2024-11-26,C087,Calamar,0.97,A0003,Alta Mar
CAP-9145,2024-06-28,C001,Herrera,0.73,A0021,Playa
CAP-9146,2024-07-19,C001,Dorada,0.57,A0021,Playa
CAP-9147,2024-07-17,C001,Dorada,2.35,A0021,Playa
CAP-9148,2024-07-13,C001,Herrera,0.7,A0021,Espigon
CAP-9149,2024-03-20,C277,Lubina,1.46,A0011,Alta Mar
CAP-9150,2024-09-09,C271,Cabrilla,0.76,A0031,Espigon
CAP-9151,2024-03-25,C171,Denton,2.39,A0033,Espigon
CAP-9152,2024-12-25,C296,Sepia,0.88,A0003,Alta Mar
CAP-9153,2024-12-01,C273,San Pedro,1.65,A0030,Ria
CAP-9154,2025-01-20,C182,Pargo,0.8,A0030,Espigon
CAP-9155,2025-01-03,C015,Serviola,0.61,A0032,Alta Mar
CAP-9156,2025-01-15,C015,Denton,3.41,A0032,Espigon
CAP-9157,2024-07-12,C040,Llampuga,3.29,A0026,Ria
CAP-9158,2024-07-18,C040,Llampuga,6.44,A0026,Playa
CAP-9159,2024-07-27,C040,Bacoreta,1.57,A0026,Espigon
CAP-9160,2024-07-24,C040,Bonito del Norte,11.84,A0026,Alta Mar
CAP-9161,2024-12-01,C238,Calamar,1.04,A0005,Alta Mar
CAP-9162,2024-12-03,C238,Calamar,0.31,A0005,Espigon
CAP-9163,2024-11-22,C238,Calamar,0.43,A0005,Espigon
CAP-9164,2024-12-16,C238,Calamar,1.17,A0005,Playa
CAP-9165,2024-02-18,C015,Serviola,0.98,A0032,Espigon
CAP-9166,2024-03-01,C015,Serviola,1.31,A0032,Playa
CAP-9167,2024-04-09,C182,Lubina,3.64,A0013,Playa
CAP-9168,2024-04-26,C246,Anjova,5.69,A0011,Ria
CAP-9169,2024-04-24,C246,Jurel,1.02,A0011,Ria
CAP-9170,2025-01-08,C108,Pargo,0.67,A0030,Ria
CAP-9171,2025-01-11,C108,Cabrilla,1.74,A0030,Playa
CAP-9172,2025-01-12,C108,Sama,3.99,A0030,Playa
CAP-9173,2024-10-12,C126,Mabra,1.13,A0021,Espigon
CAP-9174,2024-10-11,C126,Herrera,0.79,A0021,Ria
CAP-9175,2024-10-27,C126,Sargo,0.73,A0021,Espigon
CAP-9176,2024-10-16,C126,Sargo,0.39,A0021,Ria
CAP-9177,2024-02-08,C211,Anjova,6.22,A0012,Alta Mar
CAP-9178,2024-02-24,C211,Baila,1.24,A0012,Playa
CAP-9179,2024-01-12,C182,Cabrilla,1.07,A0031,Ria
CAP-9180,2024-02-17,C265,Sepia,0.46,A0001,Alta Mar
CAP-9181,2024-06-26,C114,San Pedro,2.24,A0030,Ria
CAP-9182,2024-06-22,C114,San Pedro,1.83,A0030,Playa
CAP-9183,2024-07-28,C180,Serviola,0.94,A0032,Playa
CAP-9184,2024-08-27,C180,Serviola,0.83,A0032,Espigon
CAP-9185,2024-08-10,C299,Anjova,4.28,A0016,Espigon
CAP-9186,2024-10-07,C263,Denton,2.36,A0030,Alta Mar
CAP-9187,2024-10-25,C263,Cabrilla,0.79,A0030,Ria
CAP-9188,2024-10-26,C263,Sama,6.79,A0030,Playa
CAP-9189,2024-11-30,C091,Denton,7.25,A0032,Playa
CAP-9190,2024-04-21,C058,Serviola,0.54,A0032,Alta Mar
CAP-9191,2024-04-18,C055,Herrera,0.67,A0021,Espigon
CAP-9192,2024-04-24,C055,Herrera,0.61,A0021,Espigon
CAP-9193,2024-05-27,C055,Mabra,0.5,A0021,Playa
CAP-9194,2024-05-05,C055,Mabra,0.66,A0021,Espigon
CAP-9195,2024-12-10,C124,Denton,5.63,A0033,Espigon
CAP-9196,2024-10-03,C146,Bonito del Norte,11.43,A0026,Ria
CAP-9197,2024-09-30,C146,Bacoreta,1.05,A0026,Ria
CAP-9198,2024-12-27,C260,Sargo,0.75,A0021,Playa
CAP-9199,2024-12-18,C260,Sargo,1.0,A0021,Alta Mar
CAP-9200,2025-01-12,C260,Sargo,0.85,A0021,Playa
CAP-9201,2024-08-07,C165,Mero,3.91,A0033,Ria
CAP-9202,2024-08-15,C165,Serviola,1.84,A0033,Alta Mar
CAP-9203,2024-08-14,C165,Serviola,0.56,A0033,Ria
CAP-9204,2024-08-18,C165,Serviola,1.33,A0033,Alta Mar
CAP-9205,2024-04-18,C151,Denton,5.05,A0033,Ria
CAP-9206,2024-11-15,C047,Calamar,0.64,A0002,Alta Mar
CAP-9207,2024-11-25,C047,Sepia,1.58,A0002,Alta Mar
CAP-9208,2024-11-29,C047,Sepia,0.69,A0002,Alta Mar
CAP-9209,2024-11-17,C047,Sepia,1.52,A0002,Alta Mar
CAP-9210,2024-11-20,C047,Sepia,0.93,A0002,Espigon
CAP-9211,2024-02-04,C281,Cabrilla,1.95,A0031,Alta Mar
CAP-9212,2024-02-13,C281,Denton,7.73,A0031,Ria
CAP-9213,2025-01-04,C060,Sepia,0.68,A0001,Alta Mar
CAP-9214,2024-08-03,C261,Pargo,1.14,A0030,Playa
CAP-9215,2024-05-25,C108,Cabrilla,1.09,A0031,Ria
CAP-9216,2024-06-10,C108,Sama,7.13,A0031,Ria
CAP-9217,2024-06-23,C108,Denton,2.15,A0031,Playa
CAP-9218,2024-06-27,C108,Cabrilla,1.68,A0031,Alta Mar
CAP-9219,2024-09-15,C086,Bonito del Norte,9.01,A0027,Espigon
CAP-9220,2024-09-10,C086,Bonito del Norte,11.52,A0027,Playa
CAP-9221,2024-12-31,C023,Lubina,1.71,A0010,Playa
CAP-9222,2024-12-01,C189,Calamar,0.23,A0002,Espigon
CAP-9223,2024-12-07,C189,Calamar,1.02,A0002,Alta Mar
CAP-9224,2024-12-27,C189,Calamar,0.86,A0002,Espigon
CAP-9225,2024-12-29,C005,Denton,7.88,A0033,Espigon
CAP-9226,2024-09-06,C121,Serviola,1.0,A0033,Ria
CAP-9227,2024-09-20,C121,Denton,2.04,A0033,Playa
CAP-9228,2024-09-18,C137,Herrera,0.22,A0021,Ria
CAP-9229,2024-09-04,C137,Herrera,0.3,A0021,Espigon
CAP-9230,2024-09-18,C137,Sargo,0.73,A0021,Alta Mar
CAP-9231,2024-10-07,C137,Sargo,0.21,A0021,Alta Mar
CAP-9232,2024-09-13,C137,Sargo,1.1,A0021,Playa
CAP-9233,2024-09-23,C137,Mabra,0.64,A0021,Espigon
CAP-9234,2024-10-10,C137,Sargo,0.74,A0021,Espigon
CAP-9235,2024-05-26,C127,Anjova,5.29,A0017,Playa
CAP-9236,2024-06-05,C127,Anjova,6.91,A0017,Ria
CAP-9237,2024-06-02,C127,Jurel,1.21,A0017,Espigon
CAP-9238,2024-06-25,C074,Cabrilla,0.82,A0030,Alta Mar
CAP-9239,2024-03-18,C262,Mabra,0.82,A0022,Playa
CAP-9240,2024-03-13,C262,Mabra,1.91,A0022,Espigon
CAP-9241,2024-03-26,C262,Sargo,1.13,A0022,Alta Mar
CAP-9242,2024-03-24,C262,Sargo,0.84,A0022,Espigon
CAP-9243,2024-04-29,C262,Dorada,1.63,A0022,Espigon
CAP-9244,2024-04-22,C262,Dorada,2.41,A0022,Alta Mar
CAP-9245,2024-09-26,C216,Sargo,0.86,A0022,Espigon
CAP-9246,2024-10-05,C216,Mabra,1.24,A0022,Alta Mar
CAP-9247,2024-10-26,C216,Sargo,0.28,A0022,Ria
CAP-9248,2024-05-17,C185,Anjova,6.09,A0014,Alta Mar
CAP-9249,2024-09-25,C055,Llampuga,5.47,A0027,Alta Mar
CAP-9250,2024-10-08,C150,Melva,1.4,A0027,Alta Mar
CAP-9251,2024-10-13,C150,Bonito del Norte,4.6,A0027,Ria
CAP-9252,2024-05-25,C157,Herrera,0.5,A0022,Ria
CAP-9253,2024-02-23,C048,Calamar,0.75,A0002,Espigon
CAP-9254,2024-03-10,C048,Sepia,0.76,A0002,Ria
CAP-9255,2024-03-11,C048,Pulpo,2.83,A0002,Espigon
CAP-9256,2024-03-06,C048,Pulpo,4.07,A0002,Alta Mar
CAP-9257,2024-05-14,C003,Sama,9.84,A0030,Ria
CAP-9258,2024-06-01,C003,Cabrilla,0.56,A0030,Alta Mar
CAP-9259,2024-06-08,C003,Denton,4.75,A0030,Espigon
CAP-9260,2024-06-04,C003,Cabrilla,1.89,A0030,Ria
CAP-9261,2024-03-08,C184,Herrera,0.59,A0022,Espigon
CAP-9262,2024-02-21,C184,Dorada,2.24,A0022,Espigon
CAP-9263,2024-07-15,C128,Baila,1.94,A0010,Ria
CAP-9264,2024-07-26,C128,Anjova,4.48,A0010,Alta Mar
CAP-9265,2024-07-23,C128,Lubina,2.95,A0010,Ria
CAP-9266,2024-07-28,C128,Anjova,3.66,A0010,Espigon
CAP-9267,2024-12-07,C117,Calamar,0.27,A0001,Alta Mar
CAP-9268,2024-12-17,C117,Calamar,1.17,A0001,Espigon
CAP-9269,2025-01-04,C117,Sepia,1.49,A0001,Playa
CAP-9270,2024-10-25,C021,Serviola,0.74,A0033,Playa
CAP-9271,2024-11-03,C021,Denton,2.37,A0033,Playa
CAP-9272,2024-11-11,C021,Mero,8.72,A0033,Alta Mar
CAP-9273,2024-10-17,C277,Pulpo,2.24,A0005,Espigon
CAP-9274,2024-11-24,C277,Sepia,0.64,A0005,Ria
CAP-9275,2024-11-19,C215,Sepia,1.08,A0001,Playa
CAP-9276,2024-11-13,C215,Sepia,1.0,A0001,Alta Mar
CAP-9277,2024-11-08,C215,Sepia,1.28,A0001,Ria
CAP-9278,2024-11-18,C215,Calamar,1.4,A0001,Ria
CAP-9279,2024-12-16,C145,Pulpo,4.01,A0003,Playa
CAP-9280,2024-12-25,C145,Pulpo,3.98,A0003,Alta Mar
CAP-9281,2024-12-14,C145,Pulpo,4.1,A0003,Alta Mar
CAP-9282,2024-12-20,C145,Pulpo,1.46,A0003,Espigon
CAP-9283,2025-01-06,C145,Calamar,1.01,A0003,Alta Mar
CAP-9284,2024-04-24,C168,Baila,1.5,A0012,Playa
CAP-9285,2024-10-10,C057,Calamar,1.04,A0002,Ria
CAP-9286,2024-11-05,C057,Calamar,1.09,A0002,Espigon
CAP-9287,2024-06-15,C108,Cabrilla,1.07,A0031,Playa
CAP-9288,2024-06-12,C108,Pargo,0.56,A0031,Espigon
CAP-9289,2024-07-19,C058,Denton,7.41,A0033,Playa
CAP-9290,2024-04-29,C240,Pargo,1.74,A0030,Espigon
CAP-9291,2024-05-19,C240,Mero,5.57,A0030,Ria
CAP-9292,2024-05-28,C240,Sama,6.74,A0030,Ria
CAP-9293,2024-12-23,C038,Sargo,0.65,A0022,Espigon
CAP-9294,2024-08-26,C196,Llampuga,2.14,A0028,Ria
CAP-9295,2024-09-22,C139,Serviola,0.99,A0032,Espigon
CAP-9296,2024-09-24,C139,Serviola,1.45,A0032,Espigon
CAP-9297,2024-10-08,C139,Mero,3.63,A0032,Ria
CAP-9298,2024-09-28,C139,Serviola,1.8,A0032,Alta Mar
CAP-9299,2024-02-21,C103,Cabrilla,1.2,A0031,Ria
CAP-9300,2024-02-21,C103,Denton,5.83,A0031,Alta Mar
CAP-9301,2024-08-20,C249,Sargo,0.28,A0021,Ria
CAP-9302,2024-08-10,C249,Corvina,12.2,A0021,Ria
CAP-9303,2024-08-03,C249,Corvina,12.18,A0021,Ria
CAP-9304,2024-08-05,C249,Corvina,8.49,A0021,Espigon
CAP-9305,2024-08-30,C249,Sargo,1.05,A0021,Alta Mar
CAP-9306,2024-09-01,C249,Sargo,1.09,A0021,Ria
CAP-9307,2024-07-10,C292,Bonito del Norte,14.5,A0027,Playa
CAP-9308,2024-07-23,C042,Bacoreta,1.48,A0027,Espigon
CAP-9309,2024-02-26,C024,Serviola,0.77,A0032,Ria
CAP-9310,2024-10-13,C029,Llampuga,6.86,A0026,Ria
CAP-9311,2024-10-06,C029,Bonito del Norte,14.6,A0026,Alta Mar
CAP-9312,2024-10-05,C029,Llampuga,2.31,A0026,Alta Mar
CAP-9313,2024-12-07,C155,Denton,7.91,A0033,Playa
CAP-9314,2024-12-13,C155,Mero,10.89,A0033,Playa
CAP-9315,2024-02-18,C227,Denton,5.07,A0033,Playa
CAP-9316,2024-02-26,C227,Denton,6.78,A0033,Alta Mar
CAP-9317,2024-12-20,C246,Sepia,1.42,A0003,Playa
CAP-9318,2024-01-20,C111,Dorada,1.99,A0021,Playa
CAP-9319,2024-02-29,C111,Sargo,0.77,A0021,Espigon
CAP-9320,2024-02-26,C111,Herrera,0.49,A0021,Ria
CAP-9321,2024-03-02,C111,Herrera,0.79,A0021,Alta Mar
CAP-9322,2024-02-10,C111,Herrera,0.55,A0021,Playa
CAP-9323,2024-11-14,C114,Pargo,0.59,A0031,Espigon
CAP-9324,2024-11-21,C114,Pargo,1.74,A0031,Playa
CAP-9325,2024-07-08,C280,Cabrilla,0.97,A0030,Playa
CAP-9326,2024-07-21,C193,Melva,1.15,A0027,Alta Mar
CAP-9327,2024-08-27,C279,Lubina,2.71,A0014,Espigon
CAP-9328,2024-07-11,C040,Bonito del Norte,13.16,A0028,Alta Mar
CAP-9329,2024-07-22,C040,Bonito del Norte,13.88,A0028,Ria
CAP-9330,2024-10-08,C188,Bacoreta,1.39,A0027,Ria
CAP-9331,2024-10-02,C188,Melva,0.64,A0027,Ria
CAP-9332,2024-12-04,C189,Calamar,0.58,A0004,Espigon
CAP-9333,2024-12-08,C189,Calamar,1.44,A0004,Alta Mar
CAP-9334,2024-05-29,C082,Sama,8.2,A0030,Espigon
CAP-9335,2024-12-09,C100,Sepia,1.33,A0002,Espigon
CAP-9336,2024-11-29,C100,Pulpo,3.39,A0002,Espigon
